i,j,cmd,value
ABW,NLD,850511,235.0
AFG,AUS,280429,4162.0
AFG,PAK,251110,1913.0
AFG,PAK,270112,164504604.0
AGO,CHN,260200,7524897.0
AGO,COD,250490,7.0
AGO,COD,280470,71.0
AGO,GBR,280429,19600.0
AGO,GEO,260200,9838.0
AGO,IND,260200,923.0
AGO,MRT,251110,118652.0
AGO,MRT,280429,9227.0
AGO,NAM,251110,409755.0
AGO,NLD,740311,4803499.0
AGO,STP,251110,160933.0
AGO,STP,280429,10501.0
AGO,ZAF,251010,122.0
AGO,ZAF,280429,68.0
ALB,BIH,810411,22444.0
ALB,CHE,280429,20967.0
ALB,DEU,750210,494.0
ALB,MAR,850511,27.0
ALB,MKD,270112,2324010.0
ALB,MKD,280429,384.0
ALB,NLD,270112,39.0
ALB,SRB,270112,27677.0
AND,PNG,280429,561.0
AND,SWZ,280469,18.0
ARE,AFG,280429,792292.0
ARE,AFG,850511,2576.0
ARE,AGO,280429,842134.0
ARE,AGO,280469,49838.0
ARE,AGO,850511,5413.0
ARE,ALB,850511,2208.0
ARE,ARM,850511,6415.0
ARE,AUS,280429,739964.0
ARE,AUS,811010,361.0
ARE,AUS,850511,3945.0
ARE,AUT,850511,54.0
ARE,AZE,252910,513.0
ARE,AZE,280429,76702.0
ARE,AZE,720293,55521.0
ARE,AZE,750210,1083047.0
ARE,BDI,251010,354.0
ARE,BDI,280429,52835.0
ARE,BEL,270112,21.0
ARE,BEL,711011,234530.0
ARE,BEL,850511,19.0
ARE,BFA,280429,45885.0
ARE,BGD,251110,137.0
ARE,BGD,280429,840375.0
ARE,BGD,711011,287867.0
ARE,BHR,250490,5174.0
ARE,BHR,252800,545.0
ARE,BHR,252910,152.0
ARE,BHR,280429,56563.0
ARE,BHR,280469,335.0
ARE,BHR,283692,681.0
ARE,BHR,720292,162885.0
ARE,BHR,720293,7165.0
ARE,BHR,740311,7490184.0
ARE,BHR,750210,21840.0
ARE,BHR,810194,274.0
ARE,BHR,810411,61.0
ARE,BHR,850511,23527.0
ARE,BOL,280429,78874.0
ARE,BRA,282200,89819.0
ARE,BRA,720293,91679.0
ARE,BTN,260200,225601.0
ARE,BWA,280429,21133.0
ARE,CAN,720293,607778.0
ARE,CAN,750210,1438.0
ARE,CAN,850511,179718.0
ARE,CHE,711011,14947710.0
ARE,CHL,260600,93.0
ARE,CHL,280429,82060.0
ARE,CHL,850511,5233.0
ARE,CHN,251010,5568.0
ARE,CHN,252922,391.0
ARE,CHN,280429,7834091.0
ARE,CHN,280469,18491.0
ARE,CHN,283692,350576.0
ARE,CHN,720292,73395.0
ARE,CHN,720293,20178.0
ARE,CHN,740311,73932305.0
ARE,CHN,750210,101020147.0
ARE,CHN,810820,398.0
ARE,CHN,811292,21844.0
ARE,CHN,850511,28935.0
ARE,CIV,280429,31651.0
ARE,CIV,850511,38.0
ARE,CMR,280429,16429.0
ARE,CMR,850511,4134.0
ARE,COD,280469,404.0
ARE,COD,850511,1.0
ARE,COG,280429,29967.0
ARE,COG,280469,3723.0
ARE,COG,850511,2324.0
ARE,COL,850511,6703.0
ARE,CZE,850511,624.0
ARE,DEU,250490,16035.0
ARE,DEU,280470,216742.0
ARE,DEU,711011,65034.00000000001
ARE,DEU,850511,3495.0
ARE,DJI,250490,123.0
ARE,DJI,252910,576.0
ARE,DJI,280429,6644.0
ARE,DJI,280469,40.0
ARE,DNK,280429,368206.0
ARE,DZA,280429,14631.0
ARE,DZA,850511,2331.0
ARE,ECU,280429,43743.0
ARE,EGY,251110,1231.0
ARE,EGY,280429,259918.0
ARE,EGY,850511,102309.0
ARE,ESP,280429,986689.0
ARE,ESP,750210,365130.0
ARE,ESP,850511,1086.0
ARE,EST,810411,14.0
ARE,EST,850511,3.0
ARE,ETH,260600,56277.0
ARE,ETH,280429,83673.0
ARE,ETH,280469,63.0
ARE,ETH,711011,189843.0
ARE,ETH,811010,1006.0
ARE,ETH,850511,422.0
ARE,FIN,850511,636.0
ARE,FRA,280429,6317.0
ARE,FRA,280469,7844.0
ARE,FRA,850511,69.0
ARE,GAB,280469,1492.0
ARE,GBR,280429,1986308.0
ARE,GBR,280469,1659.0
ARE,GBR,711011,111.0
ARE,GBR,720292,1.0
ARE,GBR,810820,37140.0
ARE,GBR,850511,23239.0
ARE,GEO,280429,152897.0
ARE,GEO,850511,800.0
ARE,GHA,251010,1018.9999999999999
ARE,GHA,251110,130907.99999999999
ARE,GHA,280429,50886.0
ARE,GHA,280469,42591.0
ARE,GHA,850511,479.0
ARE,GIN,280429,65162.00000000001
ARE,GIN,850511,146.0
ARE,GMB,280469,2731.0
ARE,GNB,850511,41.0
ARE,GNQ,850511,104.0
ARE,GRC,850511,43.0
ARE,HKG,280429,1240167.0
ARE,HKG,711011,3596579.0
ARE,HKG,811010,178.0
ARE,HKG,850511,5616.0
ARE,HUN,251010,50.0
ARE,IDN,850511,1855.0
ARE,IND,251110,219414.0
ARE,IND,252910,51.0
ARE,IND,260200,108986491.0
ARE,IND,260600,11713.0
ARE,IND,270112,26239166.0
ARE,IND,280429,2225566.0
ARE,IND,280469,191508.0
ARE,IND,280470,4557644.0
ARE,IND,282200,61359.0
ARE,IND,283692,1102918.0
ARE,IND,711011,4470592.0
ARE,IND,711021,32423.0
ARE,IND,720292,2973462.0
ARE,IND,720293,650990.0
ARE,IND,740311,24282181.0
ARE,IND,750210,61025560.0
ARE,IND,810194,1642.0
ARE,IND,810820,8928.0
ARE,IND,850511,45739.0
ARE,IRL,280429,356.0
ARE,IRN,252910,619491.0
ARE,IRN,260200,25855009.0
ARE,IRN,260600,8234830.0
ARE,IRN,280429,4968458.0
ARE,IRN,280469,1497722.0
ARE,IRN,280480,5543.0
ARE,IRN,282200,1441566.0
ARE,IRN,283691,215247.0
ARE,IRN,711011,516910.99999999994
ARE,IRN,720292,11495799.0
ARE,IRN,720293,2584739.0
ARE,IRN,750210,10813728.0
ARE,IRN,811010,724882.0
ARE,IRN,850511,411124.0
ARE,IRQ,252800,16880.0
ARE,IRQ,280429,2438625.0
ARE,IRQ,711011,11491401.0
ARE,IRQ,711021,700871.0
ARE,IRQ,810820,1491.0
ARE,IRQ,811292,61.0
ARE,IRQ,850511,107758.0
ARE,ISL,810820,22790.0
ARE,ISR,280429,963248.0
ARE,ISR,850511,1000.0
ARE,ITA,252910,4.0
ARE,ITA,280429,34230.0
ARE,ITA,280469,37442.0
ARE,ITA,711011,15883.0
ARE,ITA,711021,20077.0
ARE,ITA,850511,1014.0
ARE,JOR,250490,2761.0
ARE,JOR,251110,4445.0
ARE,JOR,280429,172851.0
ARE,JOR,280469,1666.0
ARE,JOR,850511,6461.0
ARE,JPN,280429,1944080.0
ARE,JPN,711011,569085.0
ARE,KAZ,280429,2136.0
ARE,KAZ,810320,208784.0
ARE,KAZ,810411,45.0
ARE,KAZ,850511,387.0
ARE,KEN,251110,931.0
ARE,KEN,280429,153590.0
ARE,KEN,280469,1012.9999999999999
ARE,KEN,283691,74.0
ARE,KEN,750210,6019.0
ARE,KEN,850511,2169.0
ARE,KGZ,850511,75.0
ARE,KOR,270112,8669167.0
ARE,KOR,280429,113128.0
ARE,KOR,283692,9.0
ARE,KOR,750210,2336493.0
ARE,KOR,810820,88521.0
ARE,KOR,850511,71.0
ARE,KWT,250490,12139.0
ARE,KWT,260600,123568.0
ARE,KWT,270112,3747.0
ARE,KWT,280429,3306909.0
ARE,KWT,280469,6263.0
ARE,KWT,711011,118158.0
ARE,KWT,850511,3033.0
ARE,LAO,270112,1499074.0
ARE,LBN,280429,129294.00000000001
ARE,LBN,850511,13984.0
ARE,LBY,280429,17590.0
ARE,LBY,850511,1577.0
ARE,LKA,250490,36.0
ARE,LKA,252910,5.0
ARE,LKA,280429,111908.0
ARE,LKA,280469,285.0
ARE,LKA,711011,98612.0
ARE,LKA,810820,6.0
ARE,LKA,850511,302.0
ARE,LTU,850511,2107.0
ARE,LUX,850511,38.0
ARE,LVA,850511,8077.999999999999
ARE,MAR,280429,153352.0
ARE,MDA,850511,248.0
ARE,MDG,280429,143943.0
ARE,MDG,850511,16.0
ARE,MDV,252800,108.0
ARE,MDV,280429,5124.0
ARE,MDV,810194,173.0
ARE,MDV,850511,13.0
ARE,MEX,850511,2635.0
ARE,MMR,280429,56635.0
ARE,MOZ,850511,144.0
ARE,MRT,280429,44749.0
ARE,MRT,850511,1086.0
ARE,MUS,280429,46678.0
ARE,MUS,282200,3757.0
ARE,MUS,850511,121.0
ARE,MWI,280429,114620.0
ARE,MYS,251010,12468.0
ARE,MYS,280429,79425.0
ARE,MYS,720292,968272.0
ARE,MYS,740311,2770937.0
ARE,MYS,850511,16790.0
ARE,NAM,280429,14500.0
ARE,NER,850511,150650.0
ARE,NGA,280429,503207.0
ARE,NGA,810194,40.0
ARE,NGA,850511,18652.0
ARE,NLD,260200,63.0
ARE,NLD,260600,2.0
ARE,NLD,280429,10003.0
ARE,NLD,720293,7918.0
ARE,NLD,750210,19875370.0
ARE,NLD,850511,5122.0
ARE,NOR,850511,12022.0
ARE,NPL,280429,61522.0
ARE,NZL,850511,505.0
ARE,OMN,250490,13830.0
ARE,OMN,251010,34670.0
ARE,OMN,251110,5267019.0
ARE,OMN,252910,26869.0
ARE,OMN,260200,1657.0
ARE,OMN,260600,534026.0
ARE,OMN,270112,77044.0
ARE,OMN,280429,1282785.0
ARE,OMN,280469,10281.0
ARE,OMN,282200,8934.0
ARE,OMN,283691,1277.0
ARE,OMN,711011,1482.0
ARE,OMN,720292,950117.0
ARE,OMN,740311,60248606.0
ARE,OMN,750210,42559.0
ARE,OMN,810194,1391.0
ARE,OMN,810411,255743.0
ARE,OMN,850511,257528.00000000003
ARE,PAK,250490,56.0
ARE,PAK,260200,53.0
ARE,PAK,280429,552336.0
ARE,PAK,280469,2081.0
ARE,PAK,280470,29775.0
ARE,PAK,282200,79944.0
ARE,PAK,711011,30796.0
ARE,PAK,720292,73395.0
ARE,PAK,740311,2029030.0
ARE,PAK,850511,4699.0
ARE,PHL,280429,4899.0
ARE,PHL,283691,958.0
ARE,PNG,280429,39218.0
ARE,PNG,280469,219.0
ARE,PNG,850511,63.0
ARE,POL,280469,65214.0
ARE,POL,810820,73477.0
ARE,POL,850511,1030.0
ARE,QAT,251110,23690.0
ARE,QAT,260600,109.0
ARE,QAT,270112,20000.0
ARE,QAT,280429,54771.0
ARE,QAT,280469,70.0
ARE,QAT,711011,69640.0
ARE,QAT,720292,2140.0
ARE,QAT,810194,7198.0
ARE,QAT,810820,811.0
ARE,QAT,850511,97786.0
ARE,ROU,810194,6167.0
ARE,ROU,850511,1199.0
ARE,RUS,711011,10900878.0
ARE,RUS,711021,862057.0
ARE,RUS,720292,513135.0
ARE,RUS,750210,572177.0
ARE,RUS,810820,242740.0
ARE,RUS,850511,8944.0
ARE,RWA,280429,45050.0
ARE,RWA,850511,163.0
ARE,S19,280429,1455736.0
ARE,SAU,250490,3313.0
ARE,SAU,251110,19316.0
ARE,SAU,252800,16986.0
ARE,SAU,252910,15288.0
ARE,SAU,252922,729.0
ARE,SAU,260600,1361.0
ARE,SAU,270112,4051.9999999999995
ARE,SAU,280429,1409062.0
ARE,SAU,280469,2021.9999999999998
ARE,SAU,282200,5832.0
ARE,SAU,740311,5432974.0
ARE,SAU,750210,3370536.0
ARE,SAU,810194,1412.0
ARE,SAU,810320,2956.0
ARE,SAU,810820,33.0
ARE,SAU,850511,85179.0
ARE,SDN,251110,1838.0
ARE,SDN,280429,402128.0
ARE,SDN,850511,793.0
ARE,SEN,280429,32686.999999999996
ARE,SEN,280469,3356.0
ARE,SEN,850511,5.0
ARE,SGP,280429,162625.0
ARE,SGP,850511,162.0
ARE,SOM,850511,82.0
ARE,SVN,850511,4.0
ARE,SYC,280429,463.0
ARE,SYC,850511,323.0
ARE,SYR,280429,186384.0
ARE,TGO,850511,16.0
ARE,THA,270112,112483.0
ARE,THA,850511,50.0
ARE,TJK,280469,286.0
ARE,TKM,280429,80734.0
ARE,TKM,850511,3115.0
ARE,TTO,280429,70597.0
ARE,TUN,280429,311491.0
ARE,TUN,850511,21.0
ARE,TUR,252800,108824.0
ARE,TUR,280429,264828.0
ARE,TUR,711011,666396.0
ARE,TUR,850511,228.0
ARE,TZA,280429,67614.0
ARE,TZA,280469,123.0
ARE,TZA,740311,45296.0
ARE,TZA,850511,680.0
ARE,UGA,280429,163928.0
ARE,UGA,280469,68.0
ARE,UGA,711021,271.0
ARE,UGA,850511,2479.0
ARE,USA,251110,3.0
ARE,USA,280429,33524.0
ARE,USA,711011,452.0
ARE,USA,810194,6381.0
ARE,USA,850511,2734.0
ARE,UZB,280429,113277.0
ARE,UZB,282200,213183.0
ARE,VNM,280429,172541.0
ARE,VNM,810194,1746.0
ARE,VNM,850511,325.0
ARE,YEM,251110,76625.0
ARE,YEM,252800,57540.0
ARE,YEM,260200,2106.0
ARE,YEM,280429,2095.0
ARE,YEM,280469,365.0
ARE,YEM,850511,694.0
ARE,ZAF,280429,1104287.0
ARE,ZAF,711011,47887982.0
ARE,ZAF,711021,4833764.0
ARE,ZAF,850511,1102.0
ARE,ZMB,280429,88363.0
ARE,ZMB,280469,1950.0
ARE,ZMB,850511,25.0
ARE,ZWE,280429,31796.0
ARG,ARE,260200,688.0
ARG,AUS,252800,348110.0
ARG,AUS,283691,1181864.0
ARG,BOL,251110,84.0
ARG,BRA,252800,19707310.0
ARG,BRA,252910,8119.0
ARG,BRA,270112,199401.0
ARG,BRA,850511,496.0
ARG,CAN,252800,231219.0
ARG,CAN,283691,203598.0
ARG,CAN,720292,58910.0
ARG,CHE,283691,204034.0
ARG,CHE,850511,248.0
ARG,CHL,252910,2477210.0
ARG,CHL,720292,98770.0
ARG,CHL,850511,486.0
ARG,CHN,283691,289492361.0
ARG,CHN,850511,2499.0
ARG,COL,850511,196.0
ARG,DEU,283691,5015373.0
ARG,DEU,711011,419.0
ARG,ECU,252910,149907.0
ARG,EGY,252800,539529.0
ARG,ESP,252800,173058.0
ARG,ESP,283691,4349397.0
ARG,ESP,850511,255.0
ARG,FIN,270112,5.0
ARG,FRA,283691,10572431.0
ARG,FRA,811292,48.0
ARG,GBR,283691,5433605.0
ARG,IDN,252800,443716.0
ARG,IND,252800,47007.0
ARG,IND,283691,531508.0
ARG,JPN,283691,193547285.0
ARG,KOR,283691,97732837.0
ARG,MLT,850511,21.0
ARG,MOZ,850511,357.0
ARG,MYS,252800,77694.0
ARG,NIC,252800,89666.0
ARG,NOR,283691,472.0
ARG,NZL,252800,952357.0
ARG,PER,252800,701790.0
ARG,POL,280469,8615.0
ARG,PRT,283691,242.0
ARG,PRY,251110,222.0
ARG,PRY,252800,277468.0
ARG,PRY,252910,37113.0
ARG,PRY,252922,12248.0
ARG,PRY,850511,1002.9999999999999
ARG,S19,260200,940.0
ARG,S19,283691,739.0
ARG,SAU,252800,340572.0
ARG,SAU,283691,8711.0
ARG,SWE,283691,90269.0
ARG,URY,251110,137.0
ARG,URY,252800,156186.0
ARG,URY,252910,2656.0
ARG,URY,850511,2652.0
ARG,USA,252800,1335181.0
ARG,USA,280429,3010.0
ARG,USA,283691,54568685.0
ARG,USA,711011,3349422.0
ARG,USA,850511,788.0
ARG,VNM,283691,1298.0
ARG,ZAF,283691,678.0
ARM,BLR,810194,75.0
ARM,BLR,850511,26.0
ARM,DEU,280469,29729.0
ARM,DEU,850511,200.0
ARM,DNK,850511,78.0
ARM,FRA,850511,337.0
ARM,IRN,850511,11.0
ARM,KAZ,711011,32554.000000000004
ARM,RUS,711011,79606.0
ARM,RUS,810411,40.0
ARM,RUS,850511,11591.0
ASM,S19,811292,7857.0
ATG,GBR,280429,1310706.0
ATG,SEN,280429,21754.0
AUS,AGO,850511,769.0
AUS,ARE,270112,6569238.0
AUS,ARE,280469,1257769.0
AUS,ARE,711011,214428.0
AUS,ARE,750210,5824996.0
AUS,ARE,811010,302.0
AUS,ARE,850511,1542.0
AUS,ARG,270112,225030703.0
AUS,ARG,740311,12600.0
AUS,ARG,750210,3986900.0
AUS,AUT,270112,135865708.0
AUS,AUT,280469,7271.0
AUS,AUT,711011,769.0
AUS,AUT,750210,3094783.0
AUS,AUT,850511,6079.0
AUS,AZE,850511,302.0
AUS,BEL,270112,402659328.0
AUS,BEL,740311,839438.0
AUS,BEL,850511,2509.0
AUS,BFA,280429,1469.0
AUS,BFA,740311,14775.0
AUS,BGD,270112,62074843.0
AUS,BGD,740311,75488087.0
AUS,BIH,270112,6412088.0
AUS,BRA,270112,2014824160.0
AUS,BRA,280429,48130.0
AUS,BRA,720293,3157.0
AUS,BRA,750210,2474178.0
AUS,BRA,850511,2061.0
AUS,BRN,270112,2202.0
AUS,CAN,270112,14.0
AUS,CAN,280469,6153039.0
AUS,CAN,282200,396675.0
AUS,CAN,720292,66628.0
AUS,CAN,740311,6954.0
AUS,CAN,750210,2811597.0
AUS,CAN,850511,42440.0
AUS,CHE,270112,1035021.0
AUS,CHE,711011,8974402.0
AUS,CHE,711021,7865835.0
AUS,CHE,850511,21719.0
AUS,CHL,270112,469534065.0
AUS,CHL,850511,11010.0
AUS,CHN,250490,8751.0
AUS,CHN,252910,2832.0
AUS,CHN,260200,1036000980.0
AUS,CHN,260600,1050418995.0000001
AUS,CHN,270112,350226393.0
AUS,CHN,280429,11668593.0
AUS,CHN,280469,14586.0
AUS,CHN,740311,1441888850.0
AUS,CHN,750210,1270028668.0
AUS,CHN,850511,59760.0
AUS,COK,850511,194.0
AUS,CRI,850511,1953.0
AUS,CZE,260200,605.0
AUS,CZE,270112,102365167.0
AUS,CZE,280469,769211.0
AUS,CZE,740311,219.0
AUS,CZE,750210,7671462.0
AUS,CZE,850511,2351.0
AUS,DEU,270112,1433542614.0
AUS,DEU,280469,25124288.0
AUS,DEU,280470,4830.0
AUS,DEU,711011,77651.0
AUS,DEU,750210,96223075.0
AUS,DEU,811292,2520.0
AUS,DEU,850511,51155.0
AUS,DNK,270112,26373457.0
AUS,DNK,850511,25798.0
AUS,ECU,850511,698.0
AUS,EGY,270112,18204.0
AUS,EGY,280429,2479.0
AUS,EGY,850511,3398.0
AUS,ESP,250490,360.0
AUS,ESP,251110,72.0
AUS,ESP,270112,472387936.0
AUS,ESP,750210,9689477.0
AUS,ESP,850511,1176.0
AUS,EST,750210,3179.0
AUS,EST,850511,1206.0
AUS,ETH,252910,5194.0
AUS,FIN,270112,227123271.0
AUS,FIN,280469,84964.0
AUS,FIN,810820,179.0
AUS,FIN,850511,11.0
AUS,FJI,251010,230.0
AUS,FJI,280429,8039.0
AUS,FJI,280480,29729.0
AUS,FJI,810194,136.0
AUS,FJI,850511,175.0
AUS,FRA,260200,49.0
AUS,FRA,260600,1143.0
AUS,FRA,270112,802743560.0
AUS,FRA,280469,3327.0
AUS,FRA,850511,677.0
AUS,GBR,252800,2386.0
AUS,GBR,270112,251109554.0
AUS,GBR,280469,2404174.0
AUS,GBR,711011,2845.0
AUS,GBR,750210,52251882.0
AUS,GBR,811292,974681.0
AUS,GBR,850511,512269.0
AUS,GHA,740311,410442.0
AUS,GHA,850511,2222.0
AUS,GRC,850511,1249.0
AUS,GTM,850511,158.0
AUS,HKG,251110,2200.0
AUS,HKG,270112,44963237.0
AUS,HKG,280429,284168.0
AUS,HKG,711011,1111975.0
AUS,HKG,740311,13179.0
AUS,HKG,850511,4179.0
AUS,HUN,270112,143850.0
AUS,HUN,850511,73297.0
AUS,IDN,252910,8552.0
AUS,IDN,260200,34898906.0
AUS,IDN,260600,4935.0
AUS,IDN,270112,1856874105.0
AUS,IDN,283691,5018.0
AUS,IDN,711021,317.0
AUS,IDN,740311,21419015.0
AUS,IDN,750210,3018189.0
AUS,IDN,850511,154710.0
AUS,IND,260200,149970828.0
AUS,IND,270112,3647175830.0
AUS,IND,280469,5630682.0
AUS,IND,282200,151276.0
AUS,IND,711011,6654.0
AUS,IND,740311,2601265.0
AUS,IND,750210,5453495.0
AUS,IND,850511,7806.0
AUS,IRL,270112,51649343.0
AUS,IRL,280469,470294.0
AUS,IRL,282200,502.0
AUS,IRL,850511,3832.0
AUS,ISL,850511,530.0
AUS,ITA,270112,478787797.0
AUS,ITA,280469,1483942.0
AUS,ITA,750210,5710193.0
AUS,JPN,260200,49707667.0
AUS,JPN,270112,34990871777.0
AUS,JPN,280469,54672966.0
AUS,JPN,740311,6596086.0
AUS,JPN,750210,444561829.0
AUS,JPN,850511,1980.0
AUS,KAZ,252922,3361.0
AUS,KAZ,850511,1450.0
AUS,KHM,270112,9027663.0
AUS,KHM,740311,2839.0
AUS,KOR,260200,138594248.0
AUS,KOR,260600,21869291.0
AUS,KOR,270112,10266509437.0
AUS,KOR,280429,1526706.0
AUS,KOR,280469,32.0
AUS,KOR,740311,103947520.0
AUS,KOR,750210,259130229.0
AUS,KOR,850511,273.0
AUS,KWT,850511,2706.0
AUS,LAO,270112,5055732.0
AUS,LAO,282200,177240.0
AUS,LBN,850511,304.0
AUS,LKA,850511,5672.0
AUS,LUX,750210,280120.0
AUS,LUX,850511,851.0
AUS,MAR,850511,62.0
AUS,MDG,252800,2879.0
AUS,MDG,810194,10585.0
AUS,MEX,270112,8050683.0
AUS,MKD,750210,377390.0
AUS,MLT,850511,41.0
AUS,MNG,740311,3795842.0
AUS,MOZ,270112,18948282.0
AUS,MYS,251010,4908723.0
AUS,MYS,251110,6485.0
AUS,MYS,252910,1746.0
AUS,MYS,260200,84756032.0
AUS,MYS,270112,644157849.0
AUS,MYS,280429,293774.0
AUS,MYS,720293,60418.0
AUS,MYS,740311,798641678.0
AUS,MYS,750210,13481451.0
AUS,MYS,850511,2078.0
AUS,NCL,270112,376551630.0
AUS,NCL,850511,4126.0
AUS,NIC,850511,412.0
AUS,NLD,250490,101.0
AUS,NLD,260200,100.0
AUS,NLD,270112,1302837556.0
AUS,NLD,280469,2782156.0
AUS,NLD,711011,245.0
AUS,NLD,750210,423153721.0
AUS,NLD,810411,14976.0
AUS,NLD,850511,4777.0
AUS,NPL,270112,3905131.0
AUS,NRU,280469,3531.0
AUS,NZL,250490,6693.0
AUS,NZL,251010,2981754.0
AUS,NZL,251110,13768.0
AUS,NZL,252800,2152.0
AUS,NZL,252910,10635.0
AUS,NZL,260600,3067.0
AUS,NZL,270112,17187627.0
AUS,NZL,280429,1258863.0
AUS,NZL,280469,2317377.0
AUS,NZL,282200,566.0
AUS,NZL,283691,28618.0
AUS,NZL,283692,2123.0
AUS,NZL,711011,6470.0
AUS,NZL,711021,2011.0000000000002
AUS,NZL,810194,38861.0
AUS,NZL,810411,11659.0
AUS,NZL,811010,6437.0
AUS,NZL,850511,282964.0
AUS,OMN,270112,185488.0
AUS,PAK,270112,19178710.0
AUS,PAN,850511,11511.0
AUS,PER,750210,472366.0
AUS,PER,850511,6983.0
AUS,PHL,252910,3961.0
AUS,PHL,270112,26286491.0
AUS,PHL,280429,610557.0
AUS,PHL,280469,993.0
AUS,PHL,283691,25858.0
AUS,PHL,850511,5650.0
AUS,PNG,250490,128.0
AUS,PNG,251110,8821.0
AUS,PNG,252910,3875.0
AUS,PNG,280429,226519.0
AUS,PNG,280469,3010.0
AUS,PNG,711011,5.0
AUS,PNG,810194,11633.0
AUS,PNG,850511,24619.0
AUS,POL,270112,661180047.0
AUS,POL,280469,3511079.0
AUS,POL,750210,2283611.0
AUS,POL,850511,2989.0
AUS,PRT,850511,273.0
AUS,PYF,280429,2346.0
AUS,PYF,850511,307.0
AUS,QAT,280469,4302017.0
AUS,QAT,811010,16755.0
AUS,S19,252800,12426.0
AUS,S19,270112,9809401569.0
AUS,S19,280429,6207231.0
AUS,S19,740311,421001678.0
AUS,S19,750210,170646806.0
AUS,S19,811292,17621221.0
AUS,S19,850511,6942.0
AUS,SAU,711011,10859.0
AUS,SAU,750210,2771217.0
AUS,SAU,850511,13832.0
AUS,SEN,270112,10758720.0
AUS,SEN,740311,7458.0
AUS,SGP,250490,5492.0
AUS,SGP,252910,143.0
AUS,SGP,260600,912.0
AUS,SGP,270112,188388871.0
AUS,SGP,280429,197998.0
AUS,SGP,283691,1179.0
AUS,SGP,283692,80.0
AUS,SGP,740311,4989511.0
AUS,SGP,750210,44859238.0
AUS,SGP,850511,302287.0
AUS,SLV,850511,69.0
AUS,SRB,750210,584660.0
AUS,SRB,850511,197.0
AUS,SVK,270112,1377.0
AUS,SVK,850511,33.0
AUS,SVN,260600,3621.0
AUS,SVN,270112,87022486.0
AUS,SVN,750210,10426239.0
AUS,SVN,850511,37.0
AUS,SWE,270112,400798754.0
AUS,SWE,750210,15978641.0
AUS,SWE,850511,1415.0
AUS,THA,252910,955158.0
AUS,THA,270112,360476647.0
AUS,THA,280469,78859785.0
AUS,THA,720292,507495.0
AUS,THA,740311,255190480.0
AUS,THA,850511,3718.0
AUS,TLS,251110,76168.0
AUS,TLS,270112,26700873.0
AUS,TLS,280429,1300.0
AUS,TLS,280469,9065.0
AUS,TLS,850511,371.0
AUS,TUN,740311,1638.0
AUS,TUR,252910,2169.0
AUS,TUR,270112,981279542.0
AUS,TUR,280469,40145.0
AUS,TUR,750210,5822041.0
AUS,TUR,850511,46836.0
AUS,TZA,252922,1911.0
AUS,TZA,280429,1694.0
AUS,UKR,270112,146301666.0
AUS,URY,270112,61349737.0
AUS,URY,850511,1049.0
AUS,USA,250490,5902.0
AUS,USA,252800,81219.0
AUS,USA,260600,4220397.0
AUS,USA,280429,19288.0
AUS,USA,280469,7600121.0
AUS,USA,282200,317681.0
AUS,USA,750210,257771139.0
AUS,USA,810320,714980.0
AUS,USA,810820,8779.0
AUS,USA,811292,763497.0
AUS,USA,850511,1648504.0
AUS,VNM,260200,43283969.0
AUS,VNM,270112,3493218470.0
AUS,VNM,280469,975653.0
AUS,VNM,711011,6897.0
AUS,VNM,711021,56675.0
AUS,VNM,720292,61860.0
AUS,VNM,740311,178270690.0
AUS,VNM,750210,6245623.0
AUS,VNM,850511,4226.0
AUS,WSM,850511,16910.0
AUS,ZAF,250490,184.0
AUS,ZAF,260200,39.0
AUS,ZAF,270112,36909897.0
AUS,ZAF,280469,9933.0
AUS,ZAF,283691,167.0
AUS,ZAF,810820,20883.0
AUS,ZAF,850511,2544.0
AUS,ZMB,850511,273.0
AUT,ALB,850511,160.0
AUT,AND,850511,7.0
AUT,ARE,250490,60.0
AUT,ARE,280429,1203.0
AUT,ARE,811010,76.0
AUT,ARE,811292,129.0
AUT,ARE,850511,21776.0
AUT,ARG,270112,27644868.0
AUT,ARG,720292,334212.0
AUT,ARG,850511,9118.0
AUT,ARM,280429,996.0
AUT,ARM,811292,343.0
AUT,AUS,260600,1302.0
AUT,AUS,850511,38446.0
AUT,AZE,850511,1311.0
AUT,BEL,252800,1283689.0
AUT,BEL,280429,332625.0
AUT,BEL,280469,11244.0
AUT,BEL,711021,53817.0
AUT,BEL,720292,60393.0
AUT,BEL,810411,964199.0
AUT,BEL,811292,19681.0
AUT,BEL,850511,20637.0
AUT,BGD,850511,788.0
AUT,BGR,280429,78704.0
AUT,BGR,280480,38238.0
AUT,BGR,283691,1303.0
AUT,BGR,720292,1641340.0
AUT,BGR,810411,109503.0
AUT,BGR,811010,300.0
AUT,BGR,850511,761140.0
AUT,BHR,720292,163636.0
AUT,BIH,283691,24.0
AUT,BIH,810820,12135.0
AUT,BIH,850511,51793.0
AUT,BLR,850511,214.0
AUT,BRA,280429,7488.0
AUT,BRA,720292,739691.0
AUT,BRA,850511,24757.0
AUT,CAN,250490,958.0
AUT,CAN,280469,172.0
AUT,CAN,283691,664439.0
AUT,CAN,720292,4901245.0
AUT,CAN,810320,485.0
AUT,CAN,810411,29.0
AUT,CAN,811292,396.0
AUT,CAN,850511,37043.0
AUT,CHE,251110,860.0
AUT,CHE,252800,611.0
AUT,CHE,260600,1210.0
AUT,CHE,280429,233259.0
AUT,CHE,280469,1146.0
AUT,CHE,283691,40.0
AUT,CHE,711011,133661.0
AUT,CHE,720292,483713.0
AUT,CHE,740311,4532650.0
AUT,CHE,750210,89145.0
AUT,CHE,810194,1717.0
AUT,CHE,810320,1092.0
AUT,CHE,810411,171285.0
AUT,CHE,810820,1571.0
AUT,CHE,850511,258839.99999999997
AUT,CHL,850511,28161.0
AUT,CHN,251110,1359.0
AUT,CHN,280429,9164.0
AUT,CHN,720292,13583692.0
AUT,CHN,811292,3618.0
AUT,CHN,850511,213318.0
AUT,CIV,850511,7750.0
AUT,COL,280429,78554.0
AUT,COL,720292,258688.0
AUT,COL,850511,3354.0
AUT,CRI,850511,704.0
AUT,CYP,283691,60.0
AUT,CYP,850511,7912.0
AUT,CZE,251110,64769.00000000001
AUT,CZE,252800,8522602.0
AUT,CZE,260600,29400.0
AUT,CZE,280429,1662249.0
AUT,CZE,282200,6860.0
AUT,CZE,283691,142047.0
AUT,CZE,711011,3197.0
AUT,CZE,711021,98875.0
AUT,CZE,720292,5653215.0
AUT,CZE,740311,4548935.0
AUT,CZE,810194,30114.0
AUT,CZE,810411,154.0
AUT,CZE,810820,142.0
AUT,CZE,811292,4698.0
AUT,CZE,850511,410406.0
AUT,DEU,251010,194.0
AUT,DEU,251110,158542.0
AUT,DEU,252800,223729.0
AUT,DEU,252910,75080.0
AUT,DEU,260200,163.0
AUT,DEU,260600,5375.0
AUT,DEU,270112,7457.0
AUT,DEU,280429,1272136.0
AUT,DEU,280469,1628098.0
AUT,DEU,280470,2259.0
AUT,DEU,283691,100396.0
AUT,DEU,711011,7467325.0
AUT,DEU,711021,55234757.0
AUT,DEU,720292,51388543.0
AUT,DEU,740311,246995761.0
AUT,DEU,750210,8184254.0
AUT,DEU,810194,303116.0
AUT,DEU,810320,149457.0
AUT,DEU,810411,5084756.0
AUT,DEU,810820,107490.0
AUT,DEU,811010,82565.0
AUT,DEU,811292,219377.0
AUT,DEU,850511,3050244.0
AUT,DNK,280429,31003.0
AUT,DNK,711011,809.0
AUT,DNK,850511,7899.0
AUT,DOM,850511,833.0
AUT,ECU,850511,11052.0
AUT,EGY,720292,2559712.0
AUT,EGY,850511,10194.0
AUT,ESP,251110,10667.0
AUT,ESP,280429,105549.0
AUT,ESP,280469,1304859.0
AUT,ESP,282200,33.0
AUT,ESP,720292,6069579.0
AUT,ESP,740311,633589.0
AUT,ESP,750210,137458.0
AUT,ESP,810411,2174077.0
AUT,ESP,810820,2001.0
AUT,ESP,811010,98059.0
AUT,ESP,850511,59368.0
AUT,EST,280429,308608.0
AUT,EST,850511,1859.0
AUT,FIN,280429,38710.0
AUT,FIN,280469,319523.0
AUT,FIN,810820,3351.0
AUT,FIN,850511,3991.0
AUT,FRA,250490,10604.0
AUT,FRA,252800,566044.0
AUT,FRA,260600,594994.0
AUT,FRA,280429,1276643.0
AUT,FRA,280469,168377.0
AUT,FRA,720292,631315.0
AUT,FRA,740311,4903279.0
AUT,FRA,750210,8387848.0
AUT,FRA,810194,5929.0
AUT,FRA,810320,17114.0
AUT,FRA,810411,31595.0
AUT,FRA,810820,8754.0
AUT,FRA,811010,23912.0
AUT,FRA,850511,77539.0
AUT,GBR,252800,2633.0
AUT,GBR,280469,409.0
AUT,GBR,711011,656174.0
AUT,GBR,720292,277348.0
AUT,GBR,810194,15566.0
AUT,GBR,810411,162661.0
AUT,GBR,810820,236118.0
AUT,GBR,811292,50787.0
AUT,GBR,850511,150344.0
AUT,GEO,850511,778.0
AUT,GNB,850511,4892.0
AUT,GRC,260600,1853.0
AUT,GRC,280469,168071.0
AUT,GRC,280470,75643.0
AUT,GRC,850511,449.0
AUT,GTM,850511,564.0
AUT,HKG,850511,2872.0
AUT,HRV,251110,8054.0
AUT,HRV,252910,937667.0
AUT,HRV,260200,141.0
AUT,HRV,280429,8173.999999999999
AUT,HRV,280480,574.0
AUT,HRV,283691,12.0
AUT,HRV,283692,171.0
AUT,HRV,740311,29401.0
AUT,HRV,750210,35914.0
AUT,HRV,811292,1476.0
AUT,HRV,850511,65769.0
AUT,HUN,251110,72887.0
AUT,HUN,252910,2143.0
AUT,HUN,260600,13597.0
AUT,HUN,280429,1593709.0
AUT,HUN,280469,2379690.0
AUT,HUN,280480,2060.0
AUT,HUN,283691,2235.0
AUT,HUN,711011,15578.0
AUT,HUN,711021,30669.0
AUT,HUN,720292,821308.0
AUT,HUN,740311,3676484.0
AUT,HUN,750210,3846.0
AUT,HUN,811010,20975.0
AUT,HUN,811292,168.0
AUT,HUN,850511,314805.0
AUT,IDN,810320,2227718.0
AUT,IDN,850511,9175.0
AUT,IND,250490,2242.0
AUT,IND,251110,2477.0
AUT,IND,810820,82352.0
AUT,IND,850511,62973.0
AUT,IRL,280429,1025.0
AUT,IRL,810411,55.0
AUT,IRL,850511,4787.0
AUT,IRN,850511,2111.0
AUT,IRQ,850511,631.0
AUT,ISL,850511,1316.0
AUT,ISR,720292,261000.0
AUT,ISR,750210,38674.0
AUT,ISR,810820,36000.0
AUT,ISR,850511,6637.0
AUT,ITA,250490,28028.0
AUT,ITA,251110,717.0
AUT,ITA,270112,4440.0
AUT,ITA,280429,1239059.0
AUT,ITA,280469,2953136.0
AUT,ITA,280470,159332.0
AUT,ITA,282200,47485.0
AUT,ITA,283691,116624.0
AUT,ITA,711011,2017464.0
AUT,ITA,711021,5651636.0
AUT,ITA,720292,10784357.0
AUT,ITA,740311,436615425.0
AUT,ITA,750210,1278438.0
AUT,ITA,810411,1181496.0
AUT,ITA,850511,2660190.0
AUT,JOR,720292,599524.0
AUT,JOR,850511,345.0
AUT,JPN,280429,100349.0
AUT,JPN,720292,9335850.0
AUT,JPN,740311,10505772.0
AUT,JPN,810820,5787.0
AUT,JPN,850511,54161.0
AUT,KAZ,283692,29.0
AUT,KAZ,850511,2353.0
AUT,KEN,850511,436.0
AUT,KOR,280429,1705899.0
AUT,KOR,280470,1436.0
AUT,KOR,282200,11.0
AUT,KOR,720292,5509423.0
AUT,KOR,740311,429167.0
AUT,KOR,810411,2432.0
AUT,KOR,850511,487.0
AUT,KWT,850511,2437.0
AUT,LBN,850511,2243.0
AUT,LBY,850511,676.0
AUT,LKA,850511,681.0
AUT,LTU,280429,38046.0
AUT,LTU,283691,29012.0
AUT,LTU,850511,20877.0
AUT,LUX,810194,1751.0
AUT,LUX,810820,6655.0
AUT,LUX,850511,617.0
AUT,LVA,252800,213994.0
AUT,LVA,260200,27.0
AUT,LVA,260600,96873.0
AUT,LVA,280429,505931.0
AUT,LVA,280469,273292.0
AUT,LVA,283691,33.0
AUT,LVA,720292,53317.0
AUT,LVA,850511,3514.0
AUT,MAR,850511,17744.0
AUT,MDA,850511,171.0
AUT,MDG,282200,413.0
AUT,MDG,850511,286.0
AUT,MEX,850511,50823.0
AUT,MKD,280429,1792.0
AUT,MKD,850511,758.0
AUT,MLI,850511,203.0
AUT,MLT,750210,1682.0
AUT,MLT,850511,76.0
AUT,MNE,850511,1076.0
AUT,MNG,850511,94.0
AUT,MUS,850511,4.0
AUT,MYS,720292,177034.0
AUT,MYS,810820,4455.0
AUT,MYS,850511,80983.0
AUT,NAM,850511,8.0
AUT,NGA,850511,17.0
AUT,NLD,250490,17.0
AUT,NLD,251010,9421.0
AUT,NLD,251110,9993.0
AUT,NLD,252800,44409.0
AUT,NLD,252910,55125.0
AUT,NLD,252922,452.0
AUT,NLD,260200,20959.0
AUT,NLD,260600,4281.0
AUT,NLD,270112,85543.0
AUT,NLD,280429,46636.0
AUT,NLD,280469,82719.0
AUT,NLD,280470,2.0
AUT,NLD,280480,1.0
AUT,NLD,282200,5263.0
AUT,NLD,283691,14103.0
AUT,NLD,283692,103.0
AUT,NLD,711011,10783.0
AUT,NLD,711021,9476.0
AUT,NLD,720292,11725431.0
AUT,NLD,720293,93.0
AUT,NLD,740311,302494.0
AUT,NLD,750210,228616.0
AUT,NLD,810320,2120.0
AUT,NLD,810411,1071733.0
AUT,NLD,810820,36.0
AUT,NLD,811010,41.0
AUT,NLD,811292,140.0
AUT,NLD,850511,41464.0
AUT,NOR,260200,187.0
AUT,NOR,280429,1002.9999999999999
AUT,NOR,280469,7553.0
AUT,NOR,711011,819973.0
AUT,NOR,720292,120895.0
AUT,NOR,810194,1757.0
AUT,NOR,850511,5381.0
AUT,NPL,850511,42.0
AUT,NZL,251110,334.0
AUT,NZL,720292,907839.0
AUT,NZL,850511,328.0
AUT,OMN,250490,91.0
AUT,OMN,850511,502.0
AUT,PAK,850511,47.0
AUT,PAN,850511,6.0
AUT,PER,720292,1255935.0
AUT,PER,850511,51.0
AUT,PHL,850511,2160.0
AUT,POL,251110,8782.0
AUT,POL,252910,47614.0
AUT,POL,280429,3485137.0
AUT,POL,280469,240260.0
AUT,POL,283691,57590.0
AUT,POL,720292,3910148.0
AUT,POL,740311,947960.0
AUT,POL,750210,745.0
AUT,POL,810194,2473.0
AUT,POL,850511,5143623.0
AUT,PRT,280469,64760.99999999999
AUT,PRT,810411,34202.0
AUT,PRT,850511,19983.0
AUT,PRY,850511,455.0
AUT,PSE,850511,36.0
AUT,PYF,850511,16.0
AUT,QAT,850511,2169.0
AUT,ROU,250490,10785.0
AUT,ROU,280429,1697874.0
AUT,ROU,280469,32580.0
AUT,ROU,282200,451.0
AUT,ROU,283691,55.0
AUT,ROU,711021,136385.0
AUT,ROU,720292,63660.0
AUT,ROU,740311,752031.0
AUT,ROU,810194,4881.0
AUT,ROU,810820,200.0
AUT,ROU,811292,394.0
AUT,ROU,850511,181599.0
AUT,RUS,280429,27866.0
AUT,RUS,850511,13368.0
AUT,S19,720292,21942908.0
AUT,S19,810411,2585.0
AUT,S19,810820,27.0
AUT,S19,811010,28.0
AUT,S19,850511,7067.0
AUT,SAU,280429,2464.0
AUT,SAU,850511,3641.0
AUT,SGP,280429,3106.0
AUT,SGP,711021,22318.0
AUT,SGP,850511,811.0
AUT,SMR,850511,93.0
AUT,SRB,250490,29759.0
AUT,SRB,280429,94903.0
AUT,SRB,850511,105269.0
AUT,SVK,252800,3658469.0
AUT,SVK,280429,658073.0
AUT,SVK,280469,38869.0
AUT,SVK,283691,55407.0
AUT,SVK,711011,20453.0
AUT,SVK,711021,3887.0
AUT,SVK,720292,4289863.0
AUT,SVK,740311,7101342.0
AUT,SVK,810194,80891.0
AUT,SVK,850511,155338.0
AUT,SVN,251010,69094.0
AUT,SVN,260600,15581.0
AUT,SVN,280429,470937.0
AUT,SVN,280469,13407.0
AUT,SVN,283691,52288.0
AUT,SVN,711011,13632.0
AUT,SVN,711021,865608.0
AUT,SVN,720292,13426800.0
AUT,SVN,740311,63866.0
AUT,SVN,750210,14995588.0
AUT,SVN,810194,5674.0
AUT,SVN,810411,1017094.0
AUT,SVN,810820,3692.0
AUT,SVN,811292,455.0
AUT,SVN,850511,227732.0
AUT,SWE,280469,548533.0
AUT,SWE,720292,4274266.0
AUT,SWE,810411,14237.0
AUT,SWE,850511,12924.0
AUT,THA,280429,2995.0
AUT,THA,280469,11.0
AUT,THA,720292,2196954.0
AUT,THA,740311,654.0
AUT,THA,810194,2564.0
AUT,THA,850511,1696.0
AUT,TJK,850511,111.0
AUT,TUN,850511,2334.0
AUT,TUR,250490,115.0
AUT,TUR,252910,91.0
AUT,TUR,280429,128.0
AUT,TUR,280469,11.0
AUT,TUR,283691,41504.0
AUT,TUR,720292,6289315.0
AUT,TUR,740311,1561.0
AUT,TUR,750210,87481.0
AUT,TUR,810820,1073.0
AUT,TUR,850511,14209.0
AUT,TZA,850511,274.0
AUT,UGA,850511,34.0
AUT,UKR,280429,447913.0
AUT,UKR,720292,167606.0
AUT,UKR,850511,29339.0
AUT,URY,850511,54.0
AUT,USA,250490,99600.0
AUT,USA,252910,43.0
AUT,USA,260600,8728.0
AUT,USA,280429,4452.0
AUT,USA,280469,117764.0
AUT,USA,283691,39.0
AUT,USA,720292,57447562.0
AUT,USA,810320,69558.0
AUT,USA,810411,4459.0
AUT,USA,810820,205133.0
AUT,USA,811292,11486.0
AUT,USA,850511,976511.0
AUT,UZB,280429,6007.0
AUT,UZB,850511,181.0
AUT,VNM,283691,1199.0
AUT,VNM,740311,2062089.0
AUT,VNM,850511,380.0
AUT,ZAF,280429,5.0
AUT,ZAF,810194,627.0
AUT,ZAF,810411,518.0
AUT,ZAF,850511,9464.0
AZE,CHE,280429,24304.0
AZE,CHN,251110,182.0
AZE,DNK,280429,369.0
AZE,GBR,280469,1454.0
AZE,GBR,850511,4.0
AZE,GEO,251110,101090.0
AZE,GEO,270112,19957.0
AZE,NLD,850511,21.0
AZE,TUR,260600,4.0
AZE,TUR,740311,8786161.0
AZE,UKR,850511,5.0
AZE,USA,280429,320.0
BDI,ZAF,250490,1.0
BEL,AGO,260200,10495.0
BEL,AGO,280429,951.0
BEL,AGO,850511,12938.0
BEL,ARE,280429,3568.0
BEL,ARE,282200,134758.0
BEL,ARE,283691,1718.0
BEL,ARE,720292,448.0
BEL,ARE,740311,38.0
BEL,ARE,850511,7947.0
BEL,ARG,282200,727745.0
BEL,ARG,711011,5955374.0
BEL,ARG,740311,2.0
BEL,ARG,750210,56831.0
BEL,ARG,810820,42122.0
BEL,ARG,811292,1505.0
BEL,ARG,850511,84.0
BEL,ARM,850511,205.0
BEL,ATG,282200,88534.0
BEL,AUS,282200,95041.0
BEL,AUS,283691,32.0
BEL,AUS,283692,144220.0
BEL,AUS,711011,158734.0
BEL,AUS,740311,1.0
BEL,AUS,750210,15068.0
BEL,AUS,811292,105.0
BEL,AUS,850511,15421.0
BEL,AUT,251010,32473.999999999996
BEL,AUT,251110,22840.0
BEL,AUT,252800,437.0
BEL,AUT,252910,123.0
BEL,AUT,260200,30503.0
BEL,AUT,280429,366585.0
BEL,AUT,280469,10572.0
BEL,AUT,282200,50559.0
BEL,AUT,283691,522126.0
BEL,AUT,283692,105.0
BEL,AUT,720292,5912994.0
BEL,AUT,720293,699136.0
BEL,AUT,740311,9563779.0
BEL,AUT,750210,721.0
BEL,AUT,811292,139.0
BEL,AUT,850511,7769.0
BEL,AZE,850511,52.0
BEL,BDI,250490,8.0
BEL,BEN,280429,4546.0
BEL,BFA,251110,5489.0
BEL,BFA,280429,1206.0
BEL,BGD,260200,5541.0
BEL,BGD,282200,1412624.0
BEL,BGD,850511,221.0
BEL,BGR,260200,37178.0
BEL,BGR,282200,85422.0
BEL,BGR,720293,12565.0
BEL,BGR,850511,3095.0
BEL,BHR,280469,2211.0
BEL,BHR,850511,22.0
BEL,BIH,252800,979.0
BEL,BIH,260200,26275.0
BEL,BIH,280469,45.0
BEL,BIH,810411,14158.0
BEL,BIH,811292,133.0
BEL,BIH,850511,608.0
BEL,BLR,283692,52.0
BEL,BLR,850511,49.0
BEL,BOL,283691,51.0
BEL,BOL,850511,757.0
BEL,BRA,251110,14735.0
BEL,BRA,280429,11593.0
BEL,BRA,280469,186755.0
BEL,BRA,282200,2364583.0
BEL,BRA,711011,2673772.0
BEL,BRA,711021,217333003.0
BEL,BRA,740311,18939.0
BEL,BRA,750210,1639322.0
BEL,BRA,810820,109996.0
BEL,BRA,850511,10303.0
BEL,BRB,850511,7.0
BEL,BRN,850511,274.0
BEL,CAN,252910,139.0
BEL,CAN,280429,15.0
BEL,CAN,282200,2213.0
BEL,CAN,283691,1010.9999999999999
BEL,CAN,711011,500103.0
BEL,CAN,711021,12307345.0
BEL,CAN,720292,3487214.0
BEL,CAN,740311,568511.0
BEL,CAN,811292,56786.0
BEL,CAN,850511,55676.0
BEL,CHE,260200,316.0
BEL,CHE,270112,3398.0
BEL,CHE,280429,25056.0
BEL,CHE,280469,42.0
BEL,CHE,280470,35.0
BEL,CHE,282200,93.0
BEL,CHE,283691,28741.0
BEL,CHE,711011,6323034.0
BEL,CHE,711021,7637410.0
BEL,CHE,740311,76.0
BEL,CHE,810411,27.0
BEL,CHE,810820,54298.0
BEL,CHE,811292,14410.0
BEL,CHE,850511,21231.0
BEL,CHL,850511,2771.0
BEL,CHN,252800,88377.0
BEL,CHN,252910,3.0
BEL,CHN,252922,5.0
BEL,CHN,260200,1668.0
BEL,CHN,280429,33176.0
BEL,CHN,280469,135.0
BEL,CHN,282200,1539472.0
BEL,CHN,283691,13514.0
BEL,CHN,711011,1694830.0
BEL,CHN,711021,78185879.0
BEL,CHN,720293,36.0
BEL,CHN,740311,132459730.00000001
BEL,CHN,750210,43801.0
BEL,CHN,810820,95.0
BEL,CHN,811292,1650474.0
BEL,CHN,850511,37028.0
BEL,CIV,280429,69030.0
BEL,CIV,850511,3458.0
BEL,CMR,280429,11136.0
BEL,CMR,850511,443.0
BEL,COD,251010,344.0
BEL,COD,251110,6646.0
BEL,COD,280429,3061.0
BEL,COD,282200,2539.0
BEL,COD,850511,4910.0
BEL,COG,251010,6074.0
BEL,COG,251110,12872.0
BEL,COG,280429,1190.0
BEL,COG,850511,486.0
BEL,COL,260600,4731.0
BEL,COL,282200,23503.0
BEL,COL,850511,3119.0
BEL,CRI,850511,10.0
BEL,CUB,850511,39788.0
BEL,CYP,252800,145.0
BEL,CYP,260200,19386.0
BEL,CYP,850511,418.0
BEL,CZE,251110,20808.0
BEL,CZE,252800,6274.0
BEL,CZE,260200,268551.0
BEL,CZE,280429,89472.0
BEL,CZE,280469,135363.0
BEL,CZE,282200,60671.0
BEL,CZE,283691,152.0
BEL,CZE,750210,29.0
BEL,CZE,810411,21.0
BEL,CZE,811010,31.0
BEL,CZE,850511,5291.0
BEL,DEU,251110,33071.0
BEL,DEU,252800,151277.0
BEL,DEU,252910,120.0
BEL,DEU,252922,811.0
BEL,DEU,260200,1866988.0
BEL,DEU,260600,25105.0
BEL,DEU,270112,13905781.0
BEL,DEU,280429,13453293.0
BEL,DEU,280469,2572950.0
BEL,DEU,280470,141.0
BEL,DEU,280480,412268.0
BEL,DEU,282200,7976815.0
BEL,DEU,283691,9116933.0
BEL,DEU,283692,108.0
BEL,DEU,711011,209846053.0
BEL,DEU,711021,888514471.0
BEL,DEU,720292,3507980.0
BEL,DEU,720293,367259.0
BEL,DEU,740311,887686082.0
BEL,DEU,750210,10686066.0
BEL,DEU,810194,10342.0
BEL,DEU,810411,390285.0
BEL,DEU,810820,836393.0
BEL,DEU,811292,73584.0
BEL,DEU,850511,106798.0
BEL,DJI,850511,3.0
BEL,DNK,260200,56495.0
BEL,DNK,260600,45969.0
BEL,DNK,270112,23155.0
BEL,DNK,280429,247169.0
BEL,DNK,282200,23347.0
BEL,DNK,283691,64.0
BEL,DNK,750210,105910.0
BEL,DNK,810820,60.0
BEL,DNK,850511,13076.0
BEL,DOM,740311,15649.0
BEL,DOM,850511,4.0
BEL,DZA,850511,177.0
BEL,ECU,260200,31222.0
BEL,ECU,850511,987.0
BEL,EGY,251110,4245.0
BEL,EGY,280480,10295.0
BEL,EGY,282200,225677.0
BEL,EGY,283691,103.0
BEL,EGY,750210,65163.0
BEL,EGY,850511,140.0
BEL,ESP,252910,12131.0
BEL,ESP,260200,103727.0
BEL,ESP,260600,433087.0
BEL,ESP,280429,113550.0
BEL,ESP,280469,350479.0
BEL,ESP,282200,36711089.0
BEL,ESP,283691,1661413.0
BEL,ESP,711011,313.0
BEL,ESP,720292,437353.0
BEL,ESP,740311,953896.0
BEL,ESP,750210,339727.0
BEL,ESP,810820,2346.0
BEL,ESP,811292,42594.0
BEL,ESP,850511,74619.0
BEL,EST,280429,90.0
BEL,EST,280469,3057.0
BEL,EST,282200,60253.0
BEL,EST,810820,1012.9999999999999
BEL,EST,850511,3317.0
BEL,FIN,260200,30056.0
BEL,FIN,270112,9062624.0
BEL,FIN,280429,10598.0
BEL,FIN,282200,2979.0
BEL,FIN,283691,219.0
BEL,FIN,740311,69350882.0
BEL,FIN,750210,419489.0
BEL,FIN,811292,88.0
BEL,FIN,850511,691.0
BEL,FRA,250490,1291.0
BEL,FRA,251010,238794.0
BEL,FRA,251110,14786.0
BEL,FRA,252800,206291.0
BEL,FRA,252910,109521.0
BEL,FRA,260200,639991.0
BEL,FRA,260600,5440756.0
BEL,FRA,270112,47754781.0
BEL,FRA,280429,10849672.0
BEL,FRA,280469,666243.0
BEL,FRA,280470,186.0
BEL,FRA,280480,6578.0
BEL,FRA,282200,1384136.0
BEL,FRA,283691,36048148.0
BEL,FRA,283692,15.0
BEL,FRA,711011,1608270.0
BEL,FRA,711021,45739.0
BEL,FRA,720292,408203.0
BEL,FRA,720293,1025133.0
BEL,FRA,740311,270377104.0
BEL,FRA,750210,26098878.0
BEL,FRA,810320,56950.0
BEL,FRA,810411,62.0
BEL,FRA,810820,109117.0
BEL,FRA,811010,1225.0
BEL,FRA,811292,1223312.0
BEL,FRA,850511,1064288.0
BEL,GAB,280429,32747.0
BEL,GAB,850511,391.0
BEL,GBR,250490,2239.0
BEL,GBR,251110,378.0
BEL,GBR,252800,2447.0
BEL,GBR,252910,1228.0
BEL,GBR,252922,787.0
BEL,GBR,260200,14969.0
BEL,GBR,260600,108243.0
BEL,GBR,270112,1730281.0
BEL,GBR,280429,240917.0
BEL,GBR,280469,71892.0
BEL,GBR,280470,5951.0
BEL,GBR,280480,13.0
BEL,GBR,282200,339197.0
BEL,GBR,283691,3646965.0
BEL,GBR,283692,54775.0
BEL,GBR,711011,222288850.0
BEL,GBR,711021,343833079.0
BEL,GBR,740311,130894084.0
BEL,GBR,750210,926423.0
BEL,GBR,810411,171596.0
BEL,GBR,810820,19635.0
BEL,GBR,811292,173939.0
BEL,GBR,850511,206182.0
BEL,GEO,850511,349.0
BEL,GHA,740311,508.0
BEL,GHA,850511,1818.0
BEL,GIN,850511,541.0
BEL,GMB,280469,1149.0
BEL,GNQ,850511,877.0
BEL,GRC,252800,3964.0
BEL,GRC,260200,114893.0
BEL,GRC,280429,2549.0
BEL,GRC,280480,50214.0
BEL,GRC,282200,77624.0
BEL,GRC,283691,124.0
BEL,GRC,740311,4513759.0
BEL,GRC,850511,578.0
BEL,GRD,850511,2.0
BEL,GRL,850511,113.0
BEL,GTM,850511,122.0
BEL,HKG,280429,3191.0
BEL,HKG,282200,62899.0
BEL,HKG,283691,29.0
BEL,HKG,850511,671.0
BEL,HND,850511,1.0
BEL,HRV,282200,12346.0
BEL,HRV,850511,918.0
BEL,HUN,260200,47649.0
BEL,HUN,280429,10495.0
BEL,HUN,280470,325.0
BEL,HUN,282200,3025.0
BEL,HUN,283691,1805252.0
BEL,HUN,283692,98.0
BEL,HUN,720292,3031.0
BEL,HUN,720293,15228.0
BEL,HUN,810194,232.0
BEL,HUN,810411,316541.0
BEL,HUN,811212,23422.0
BEL,HUN,811292,137.0
BEL,HUN,850511,494867.0
BEL,IDN,282200,874775.0
BEL,IDN,850511,3058.0
BEL,IND,250490,1415.0
BEL,IND,251110,11655.0
BEL,IND,252800,19350.0
BEL,IND,252922,649377.0
BEL,IND,260600,934.0
BEL,IND,280469,283198.0
BEL,IND,282200,7431991.0
BEL,IND,283691,4585527.0
BEL,IND,283692,1497531.0
BEL,IND,711021,165034.0
BEL,IND,740311,98610.0
BEL,IND,750210,7129480.0
BEL,IND,811212,247148.0
BEL,IND,811292,169255.0
BEL,IND,850511,6779.0
BEL,IRL,260200,29112.0
BEL,IRL,270112,24885.0
BEL,IRL,280429,390354.0
BEL,IRL,282200,15762.0
BEL,IRL,283691,12435.0
BEL,IRL,711011,176.0
BEL,IRL,720293,1906.0
BEL,IRL,850511,18049.0
BEL,IRN,280429,12959.0
BEL,IRN,282200,55116.0
BEL,IRN,750210,1159841.0
BEL,IRN,850511,725.0
BEL,ISL,280429,19900.0
BEL,ISL,283691,806.0
BEL,ISL,850511,403.0
BEL,ISR,251010,1000.0
BEL,ISR,251110,47000.0
BEL,ISR,252910,954.0
BEL,ISR,280429,392380.0
BEL,ISR,280469,138.0
BEL,ISR,280470,5811.0
BEL,ISR,283691,5807.0
BEL,ISR,740311,2991.0
BEL,ISR,811010,37.0
BEL,ISR,811292,938.0
BEL,ISR,850511,1341.0
BEL,ITA,251010,107.0
BEL,ITA,251110,65621.0
BEL,ITA,252910,13084.0
BEL,ITA,260200,780468.0
BEL,ITA,260600,56500.0
BEL,ITA,270112,10876108.0
BEL,ITA,280429,1110905.0
BEL,ITA,280469,88599.0
BEL,ITA,280470,129032.00000000001
BEL,ITA,282200,12684128.0
BEL,ITA,283691,818060.0
BEL,ITA,711011,950615.0
BEL,ITA,711021,30531228.0
BEL,ITA,720292,645271.0
BEL,ITA,720293,784457.0
BEL,ITA,740311,34838506.0
BEL,ITA,750210,46087770.0
BEL,ITA,810411,19.0
BEL,ITA,810820,18955.0
BEL,ITA,811010,33.0
BEL,ITA,811292,47939.0
BEL,ITA,850511,87607.0
BEL,JOR,260200,42356.0
BEL,JPN,282200,10157167.0
BEL,JPN,711011,56649970.0
BEL,JPN,711021,38758345.0
BEL,JPN,740311,34105.0
BEL,JPN,810820,45513.0
BEL,JPN,811292,133814.0
BEL,JPN,850511,17468.0
BEL,KAZ,282200,82822.0
BEL,KAZ,850511,281.0
BEL,KEN,283691,945.0
BEL,KEN,850511,924.0
BEL,KGZ,850511,94.0
BEL,KOR,280469,118.0
BEL,KOR,280470,25906.0
BEL,KOR,280480,53.0
BEL,KOR,282200,39434740.0
BEL,KOR,283691,7224.0
BEL,KOR,711011,6733258.0
BEL,KOR,711021,104133559.0
BEL,KOR,740311,8100.0
BEL,KOR,750210,11.0
BEL,KOR,810820,144547.0
BEL,KOR,811292,44.0
BEL,KOR,850511,16796.0
BEL,KWT,280429,53.0
BEL,KWT,711021,233.0
BEL,KWT,850511,392.0
BEL,LBN,850511,22.0
BEL,LKA,280469,29.0
BEL,LKA,283691,170.0
BEL,LKA,850511,2104.0
BEL,LTU,252800,57684.0
BEL,LTU,280429,130.0
BEL,LTU,280470,43.0
BEL,LTU,283691,252.0
BEL,LTU,811292,340.0
BEL,LTU,850511,514.0
BEL,LUX,251110,209787.0
BEL,LUX,252800,18892.0
BEL,LUX,252910,13060.0
BEL,LUX,260600,598.0
BEL,LUX,270112,70924.0
BEL,LUX,280429,144464.0
BEL,LUX,280469,8530.0
BEL,LUX,280470,38.0
BEL,LUX,283691,766.0
BEL,LUX,283692,56.0
BEL,LUX,720292,28700.0
BEL,LUX,740311,83706.0
BEL,LUX,810194,79.0
BEL,LUX,850511,24066.0
BEL,LVA,270112,101264.0
BEL,LVA,811292,1175367.0
BEL,LVA,850511,330.0
BEL,MAR,280429,29747.0
BEL,MAR,280469,8904.0
BEL,MAR,282200,3322.0
BEL,MAR,283691,573.0
BEL,MAR,740311,26.0
BEL,MAR,810820,495.0
BEL,MAR,850511,1871.0
BEL,MDA,850511,1091.0
BEL,MDG,850511,48.0
BEL,MDV,850511,327.0
BEL,MEX,260600,16670.0
BEL,MEX,280469,82454.0
BEL,MEX,282200,6674976.0
BEL,MEX,750210,1575296.0
BEL,MEX,850511,33271.0
BEL,MKD,850511,3773.0
BEL,MLT,850511,381.0
BEL,MNE,850511,86.0
BEL,MRT,280429,26794.0
BEL,MRT,850511,651.0
BEL,MYS,280429,152575.0
BEL,MYS,282200,2484479.0
BEL,MYS,283691,136.0
BEL,MYS,750210,95.0
BEL,MYS,811292,93.0
BEL,MYS,850511,24945.0
BEL,NAM,850511,5224.0
BEL,NGA,251110,14978.0
BEL,NGA,260600,399.0
BEL,NGA,280429,9156.0
BEL,NGA,282200,484536.0
BEL,NGA,850511,268.0
BEL,NLD,250490,166.0
BEL,NLD,251010,223620.0
BEL,NLD,251110,29404.0
BEL,NLD,252800,10606.0
BEL,NLD,252910,79306.0
BEL,NLD,252922,4837.0
BEL,NLD,260200,528312.0
BEL,NLD,260600,77383.0
BEL,NLD,270112,2986961.0
BEL,NLD,280429,12673118.0
BEL,NLD,280469,1016917.0
BEL,NLD,280470,27.0
BEL,NLD,280480,15.0
BEL,NLD,282200,272467.0
BEL,NLD,283691,20876860.0
BEL,NLD,283692,1526.0
BEL,NLD,711011,64025.99999999999
BEL,NLD,711021,87561.0
BEL,NLD,720292,94926.0
BEL,NLD,720293,357.0
BEL,NLD,740311,10463411.0
BEL,NLD,750210,9007079.0
BEL,NLD,810194,8.0
BEL,NLD,810320,1285.0
BEL,NLD,810411,58684.0
BEL,NLD,810820,445.0
BEL,NLD,811010,106599.0
BEL,NLD,811292,1838.0
BEL,NLD,850511,443623.0
BEL,NOR,280429,287497.0
BEL,NOR,283691,10822.0
BEL,NOR,711011,2388764.0
BEL,NOR,711021,403514.0
BEL,NOR,810820,3305.0
BEL,NOR,811292,68.0
BEL,NOR,850511,4390.0
BEL,NZL,280480,25.0
BEL,NZL,283691,32.0
BEL,NZL,740311,93.0
BEL,NZL,850511,1243.0
BEL,OMN,850511,2253.0
BEL,PAK,850511,51.0
BEL,PAN,850511,4.0
BEL,PER,750210,142674.0
BEL,PER,810411,3894.0
BEL,PER,850511,412.0
BEL,PHL,260200,40725.0
BEL,PHL,750210,949334.0
BEL,PHL,810320,853.0
BEL,PHL,850511,73.0
BEL,POL,251110,3848.0
BEL,POL,260200,1089239.0
BEL,POL,260600,34454.0
BEL,POL,270112,1736391.0
BEL,POL,280429,253500.0
BEL,POL,280469,288710.0
BEL,POL,280470,254976.0
BEL,POL,280480,107.0
BEL,POL,282200,63494.0
BEL,POL,283691,108449.0
BEL,POL,720292,341268.0
BEL,POL,720293,214928.0
BEL,POL,740311,7253471.0
BEL,POL,750210,285451.0
BEL,POL,811010,28.0
BEL,POL,811292,130.0
BEL,POL,850511,29572.0
BEL,PRT,260200,251.0
BEL,PRT,260600,429626.0
BEL,PRT,280429,2827.0
BEL,PRT,280470,96.0
BEL,PRT,282200,79.0
BEL,PRT,283691,1044.0
BEL,PRT,740311,652134.0
BEL,PRT,850511,7101.0
BEL,PRY,283691,29250.0
BEL,PSE,850511,22.0
BEL,PYF,850511,2.0
BEL,QAT,280429,5863.0
BEL,QAT,850511,4391.0
BEL,ROU,260200,162485.0
BEL,ROU,280429,2133.0
BEL,ROU,280469,434.0
BEL,ROU,282200,2770.0
BEL,ROU,283691,1260.0
BEL,ROU,740311,247427.0
BEL,ROU,810194,5.0
BEL,ROU,810820,742584.0
BEL,ROU,811010,1075650.0
BEL,ROU,850511,9485.0
BEL,RUS,260200,15505.0
BEL,RUS,283691,63063893.0
BEL,RUS,811010,5.0
BEL,RUS,850511,2058.0
BEL,S19,280429,2263.0
BEL,S19,282200,2529683.0
BEL,S19,283691,3396.0
BEL,S19,283692,58.0
BEL,S19,711011,127635.0
BEL,S19,711021,3616.0
BEL,S19,811292,754.0
BEL,S19,850511,4441.0
BEL,SAU,282200,21499.0
BEL,SAU,283691,146.0
BEL,SAU,283692,119.0
BEL,SAU,740311,3.0
BEL,SAU,850511,671.0
BEL,SEN,282200,870.0
BEL,SEN,850511,124.0
BEL,SGP,280429,83636.0
BEL,SGP,282200,26359.0
BEL,SGP,711011,925673.0
BEL,SGP,750210,249913.0
BEL,SGP,810820,533.0
BEL,SGP,811292,4126.0
BEL,SGP,850511,3983.0
BEL,SLV,850511,30.0
BEL,SRB,260200,82260.0
BEL,SRB,850511,1080.0
BEL,SVK,250490,1415.0
BEL,SVK,252910,227.0
BEL,SVK,260200,22.0
BEL,SVK,280429,27728.0
BEL,SVK,280469,44848.0
BEL,SVK,282200,708622.0
BEL,SVK,283691,215.0
BEL,SVK,720292,101136.0
BEL,SVK,720293,60888.0
BEL,SVK,740311,1526.0
BEL,SVK,810820,108032.0
BEL,SVK,850511,1168.0
BEL,SVN,260600,262912.0
BEL,SVN,280469,39.0
BEL,SVN,282200,97684.0
BEL,SVN,283691,328.0
BEL,SVN,720292,444217.0
BEL,SVN,720293,91279.0
BEL,SVN,750210,1103930.0
BEL,SVN,811292,124.0
BEL,SVN,850511,353.0
BEL,SWE,260600,385496.0
BEL,SWE,270112,348299.0
BEL,SWE,280429,132254.0
BEL,SWE,280470,99.0
BEL,SWE,280480,28.0
BEL,SWE,282200,7552.0
BEL,SWE,283691,367651.0
BEL,SWE,750210,3111056.0
BEL,SWE,811292,11675.0
BEL,SWE,850511,52497.0
BEL,SWZ,280469,439.0
BEL,SYC,850511,40.0
BEL,SYR,260200,30408.0
BEL,TCD,280429,191.0
BEL,TGO,280429,590.0
BEL,TGO,850511,3124.0
BEL,THA,270112,4382.0
BEL,THA,280429,137.0
BEL,THA,280469,149.0
BEL,THA,280480,26.0
BEL,THA,282200,537747.0
BEL,THA,711021,1776534.0
BEL,THA,750210,147056.0
BEL,THA,850511,47016.0
BEL,TUN,260200,30176.0
BEL,TUN,280429,5500.0
BEL,TUN,850511,27.0
BEL,TUR,252800,6.0
BEL,TUR,260200,139771.0
BEL,TUR,280469,70218.0
BEL,TUR,280470,137.0
BEL,TUR,282200,1831224.0
BEL,TUR,283691,10310693.0
BEL,TUR,711021,372.0
BEL,TUR,750210,666159.0
BEL,TUR,810820,9.0
BEL,TUR,811010,695.0
BEL,TUR,811292,1252.0
BEL,TUR,850511,6587.0
BEL,UGA,280469,283.0
BEL,UKR,252800,202561.0
BEL,UKR,260200,25950.0
BEL,UKR,280429,730995.0
BEL,UKR,280470,68.0
BEL,UKR,850511,1166.0
BEL,URY,280480,53.0
BEL,URY,850511,16.0
BEL,USA,250490,201.0
BEL,USA,252910,221.0
BEL,USA,260200,5366.0
BEL,USA,280429,44080.0
BEL,USA,280469,763723.0
BEL,USA,280470,329468.0
BEL,USA,280480,27.0
BEL,USA,282200,15520696.0
BEL,USA,283691,10807.0
BEL,USA,711011,217146263.0
BEL,USA,711021,318944210.0
BEL,USA,740311,14563.0
BEL,USA,750210,342224.0
BEL,USA,810411,76.0
BEL,USA,810820,15427.0
BEL,USA,811292,8800359.0
BEL,USA,850511,107989.0
BEL,UZB,850511,48.0
BEL,VEN,850511,3.0
BEL,VNM,280469,30.0
BEL,VNM,280470,655.0
BEL,VNM,280480,185.0
BEL,VNM,282200,387889.0
BEL,VNM,711021,194.0
BEL,VNM,740311,10159.0
BEL,VNM,811010,189692.0
BEL,VNM,850511,110.0
BEL,ZAF,260600,1022.9999999999999
BEL,ZAF,280469,222.0
BEL,ZAF,280470,45.0
BEL,ZAF,282200,6740.0
BEL,ZAF,283691,850.0
BEL,ZAF,711011,176234.0
BEL,ZAF,850511,8425.0
BEL,ZWE,850511,5.0
BEN,TGO,280429,3654.0
BFA,CHN,260200,3709896.0
BFA,CMR,711011,565.0
BFA,GHA,811292,33183.0
BFA,MLI,280429,20340.0
BFA,TGO,260200,801590.0
BFA,TUR,251110,64.0
BFA,ZAF,250490,11.0
BGD,CHN,252910,335.0
BGD,CIV,850511,30.0
BGD,FRA,260200,27.0
BGD,GBR,720292,1485.0
BGD,IND,750210,312253.0
BGD,KOR,252910,5060.0
BGD,MYS,260200,1789.0
BGD,NLD,810820,52.0
BGD,SVN,850511,1.0
BGD,USA,850511,78404.0
BGR,ALB,251110,102495.0
BGR,ALB,850511,304.0
BGR,ARE,850511,22268.0
BGR,ARG,850511,26702.0
BGR,ARM,750210,13661.0
BGR,AUT,850511,15752.0
BGR,AZE,850511,342.0
BGR,BEL,850511,67.0
BGR,BIH,850511,737.0
BGR,CAN,811292,649.0
BGR,CAN,850511,9733.0
BGR,CHE,251110,48381.0
BGR,CHE,283691,307.0
BGR,CHE,810820,738.0
BGR,CHE,850511,2543.0
BGR,CHN,740311,159569536.0
BGR,CHN,850511,151543.0
BGR,CMR,850511,8604.0
BGR,COL,850511,10754.0
BGR,CYP,251110,294147.0
BGR,CYP,282200,316.0
BGR,CYP,850511,24.0
BGR,CZE,251110,11709.0
BGR,CZE,260200,4429009.0
BGR,CZE,280469,51606.0
BGR,DEU,251110,7493508.0
BGR,DEU,280429,338684.0
BGR,DEU,740311,43603894.0
BGR,DEU,850511,157047.0
BGR,DNK,850511,84.0
BGR,DZA,251110,200198.0
BGR,ECU,260200,63.0
BGR,ECU,280470,63.0
BGR,ECU,280480,63.0
BGR,EGY,740311,57409396.0
BGR,ESP,850511,316.0
BGR,EST,711011,78511.0
BGR,FIN,850511,1306.0
BGR,FRA,251110,11753.0
BGR,FRA,720293,2781.0
BGR,FRA,850511,558.0
BGR,GAB,850511,10635.0
BGR,GBR,811010,1565.0
BGR,GBR,850511,94198.0
BGR,GEO,270112,39.0
BGR,GEO,850511,93.0
BGR,GRC,280470,4439.0
BGR,GRC,740311,9735514.0
BGR,GRC,811010,48177.0
BGR,GRC,850511,5761.0
BGR,HRV,740311,109110922.0
BGR,HUN,251110,83273.0
BGR,HUN,810411,122853.0
BGR,HUN,850511,307.0
BGR,IDN,850511,872.0
BGR,IND,811292,5678.0
BGR,IRN,252910,328.0
BGR,IRN,850511,178.0
BGR,ISL,850511,241.0
BGR,ISR,811292,18367.0
BGR,ITA,251110,798274.0
BGR,ITA,270112,1314474.0
BGR,ITA,280469,2799.0
BGR,ITA,711011,6026.0
BGR,ITA,711021,7912.0
BGR,ITA,740311,752031362.0
BGR,ITA,750210,283091.0
BGR,ITA,810411,2422.0
BGR,ITA,850511,647.0
BGR,KOR,850511,3006.0
BGR,KWT,850511,1159.0
BGR,LBN,850511,1762.0
BGR,LTU,280469,73.0
BGR,LVA,850511,15037.0
BGR,MKD,740311,356195.0
BGR,MKD,810820,62.0
BGR,MKD,850511,201.0
BGR,MNE,850511,53.0
BGR,MNG,850511,570.0
BGR,NLD,250490,11.0
BGR,NLD,251010,3197.0
BGR,NLD,251110,7306917.0
BGR,NLD,252800,271.0
BGR,NLD,252910,716.0
BGR,NLD,252922,179.0
BGR,NLD,260200,312.0
BGR,NLD,260600,1012.0
BGR,NLD,270112,37897.0
BGR,NLD,280429,6123.0
BGR,NLD,280469,1527.0
BGR,NLD,280470,1.0
BGR,NLD,282200,1423.0
BGR,NLD,283691,3191.0
BGR,NLD,283692,42.0
BGR,NLD,711011,397.0
BGR,NLD,711021,5057.0
BGR,NLD,720292,3048.0
BGR,NLD,720293,9.0
BGR,NLD,740311,2212.0
BGR,NLD,750210,11716.0
BGR,NLD,810320,62.0
BGR,NLD,810411,1672.0
BGR,NLD,810820,52.0
BGR,NLD,811010,14.0
BGR,NLD,811292,136.0
BGR,NLD,850511,9522.0
BGR,NOR,810820,142.0
BGR,NPL,850511,36.0
BGR,NZL,850511,239.0
BGR,POL,251110,303284.0
BGR,POL,270112,3011831.0
BGR,POL,850511,13862.0
BGR,ROU,251010,52954.0
BGR,ROU,251110,1252588.0
BGR,ROU,252910,2638349.0
BGR,ROU,270112,3379770.0
BGR,ROU,280429,3663.0
BGR,ROU,280469,4117.0
BGR,ROU,280480,10997.0
BGR,ROU,282200,230.0
BGR,ROU,283691,58.0
BGR,ROU,740311,4547108.0
BGR,ROU,810411,52217.0
BGR,ROU,850511,12913.0
BGR,S19,740311,4861205.0
BGR,SAU,850511,1573.0
BGR,SGP,850511,2032.0
BGR,SRB,251110,22738.0
BGR,SRB,270112,6786.0
BGR,SRB,280480,4778.0
BGR,SRB,740311,95144712.0
BGR,SRB,810411,41666.0
BGR,SVK,270112,3614926.0
BGR,SVK,850511,51.0
BGR,SVN,850511,56.0
BGR,SWE,850511,15980.0
BGR,SWZ,280469,24.0
BGR,TUR,250490,15.0
BGR,TUR,251110,993126.0
BGR,TUR,740311,569211569.0
BGR,TUR,810820,59.0
BGR,TUR,850511,3737.0
BGR,TZA,850511,931.0
BGR,UKR,251110,1090886.0
BGR,UKR,850511,5225.0
BGR,USA,280429,2575.0
BGR,USA,280469,5300.0
BGR,USA,850511,220003.0
BGR,ZAF,850511,8521.0
BGR,ZMB,850511,120.0
BHR,ARE,280469,75.0
BHR,ARE,283692,681.0
BHR,ARE,711011,121726.0
BHR,ARE,850511,520.0
BHR,DEU,280469,50.0
BHR,EGY,252800,33061.0
BHR,KWT,280429,3164.0
BHR,NLD,850511,10.0
BHR,OMN,252800,23784.0
BHR,OMN,850511,3378.0
BHR,QAT,810820,133.0
BHR,QAT,850511,113.0
BHR,SAU,251110,188203.0
BHR,SAU,252800,5781.0
BHR,SAU,850511,20461.0
BHR,SEN,280469,118.0
BHR,USA,280469,12425.0
BHR,USA,850511,2710.0
BHR,ZAF,850511,153.0
BHS,USA,280429,1147.0
BHS,USA,811292,15436.0
BIH,ARE,280469,1648150.0
BIH,AUT,260600,197.0
BIH,AUT,280469,1123502.0
BIH,AUT,850511,16490.0
BIH,CAN,280469,3905286.0
BIH,CHN,850511,1604.0
BIH,CZE,260600,73903.0
BIH,CZE,280469,5467821.0
BIH,DEU,280469,6308448.0
BIH,DEU,850511,337.0
BIH,ESP,280469,186516.0
BIH,FRA,280469,2509382.0
BIH,GBR,280469,279513.0
BIH,GRC,280469,6374.0
BIH,HRV,260600,1787505.0
BIH,HRV,280469,3201196.0
BIH,HRV,850511,471.0
BIH,HUN,260600,17646.0
BIH,HUN,280469,3202107.0
BIH,IND,280469,133027.0
BIH,IRL,280469,117899.0
BIH,ISL,280469,2881990.0
BIH,ITA,280469,27717336.0
BIH,MEX,850511,7353.0
BIH,MNE,850511,32.0
BIH,NLD,280469,2935102.0
BIH,NLD,850511,13.0
BIH,NOR,280469,4676481.0
BIH,NOR,850511,620.0
BIH,POL,260600,778322.0
BIH,POL,270112,19069.0
BIH,POL,280469,17218756.0
BIH,POL,850511,280.0
BIH,ROU,280469,776078.0
BIH,SRB,251110,1083.0
BIH,SRB,260600,18666.0
BIH,SRB,270112,2385.0
BIH,SRB,280429,4276.0
BIH,SRB,280469,2732.0
BIH,SRB,810411,2760.0
BIH,SRB,850511,41.0
BIH,SVK,280469,3698078.0
BIH,SVN,260600,292926.0
BIH,SVN,280469,4823010.0
BIH,SVN,850511,127119.0
BIH,TUR,260600,11.0
BIH,USA,850511,2827.0
BLR,DEU,850511,794.0
BLR,GEO,850511,210.0
BLR,KAZ,850511,2979.0
BLR,LTU,270112,23684.0
BLR,LTU,280429,12390.0
BLR,LTU,283692,900.0
BLR,LVA,270112,592820.0
BLR,LVA,850511,405.0
BLR,POL,850511,403.0
BLR,UZB,720292,8492.0
BLZ,PAK,280469,2281.0
BMU,AGO,280429,2191.0
BOL,ARE,283691,417.0
BOL,ARE,711021,154425.0
BOL,ARE,850511,778.0
BOL,ARG,251110,7133182.0
BOL,ARG,252800,601302.0
BOL,ARG,811010,156090.0
BOL,AUS,252800,51359.0
BOL,BRA,252800,44213679.0
BOL,BRA,260200,139147.0
BOL,BRA,811010,2692263.0
BOL,CAN,252800,231969.0
BOL,CHL,252800,670535.0
BOL,CHN,252800,8193252.0
BOL,CHN,283691,3749875.0
BOL,CHN,740311,11032426.0
BOL,CHN,850511,1413.0
BOL,COL,252800,3098214.0
BOL,COL,850511,2123.0
BOL,CRI,252800,321888.0
BOL,DEU,252800,8830.0
BOL,DEU,283691,29234.0
BOL,DOM,252800,30184.0
BOL,ECU,252800,233354.0
BOL,ESP,252800,206644.0
BOL,GBR,252800,13219.0
BOL,GRC,252800,379747.0
BOL,GTM,252800,238812.0
BOL,IDN,252800,4379871.0
BOL,IND,260600,1963205.0
BOL,IRL,252800,84947.0
BOL,KOR,252800,17.0
BOL,MEX,252800,780352.0
BOL,MYS,252800,892709.0
BOL,NIC,252800,156285.0
BOL,NLD,252800,8189.999999999999
BOL,NZL,252800,241728.0
BOL,PAN,252800,40845.0
BOL,PER,252800,11765979.0
BOL,PHL,252800,209886.0
BOL,PRY,252800,108530.0
BOL,PRY,850511,1784.0
BOL,RUS,283691,34085000.0
BOL,SLV,252800,117630.0
BOL,USA,252800,2802355.0
BOL,USA,811010,1308411.0
BOL,ZAF,250490,11.0
BOL,ZAF,252800,307504.0
BRA,AGO,250490,224.0
BRA,AGO,251010,1839.0
BRA,AGO,850511,243.0
BRA,ARE,260200,447530.0
BRA,ARE,280469,4767147.0
BRA,ARE,720293,87378.0
BRA,ARE,810820,9649.0
BRA,ARE,850511,516.0
BRA,ARG,250490,572217.0
BRA,ARG,251110,19089.0
BRA,ARG,252910,148820.0
BRA,ARG,260200,723182.0
BRA,ARG,260600,4086148.0
BRA,ARG,270112,212566.0
BRA,ARG,280429,177714.0
BRA,ARG,280469,8395712.0
BRA,ARG,282200,315788.0
BRA,ARG,283691,366.0
BRA,ARG,720292,4051.0
BRA,ARG,720293,4068166.0
BRA,ARG,740311,52175.0
BRA,ARG,750210,968206.0
BRA,ARG,850511,20039.0
BRA,AUS,251010,2505.0
BRA,AUS,252910,418.0
BRA,AUS,260600,32070.999999999996
BRA,AUS,720293,2997049.0
BRA,AUS,850511,464.0
BRA,AUT,250490,71.0
BRA,AUT,260600,3254876.0
BRA,AUT,280469,260094.0
BRA,AUT,720293,27864800.0
BRA,AUT,750210,801007.0
BRA,AUT,850511,154.0
BRA,BEL,252910,600.0
BRA,BEL,260200,672330.0
BRA,BEL,280469,170974.0
BRA,BEL,282200,43635.0
BRA,BEL,283691,131.0
BRA,BEL,720293,925800.0
BRA,BEL,750210,3596771.0
BRA,BEL,810820,71187.0
BRA,BGR,252910,240.0
BRA,BGR,850511,9.0
BRA,BHR,720293,1131929.0
BRA,BHS,850511,39.0
BRA,BIH,750210,5541.0
BRA,BIH,850511,486.0
BRA,BOL,250490,19857.0
BRA,BOL,251110,51458.0
BRA,BOL,252800,200840.0
BRA,BOL,252910,64827.0
BRA,BOL,260600,13205.0
BRA,BOL,280429,48989.0
BRA,BOL,280480,1590.0
BRA,BOL,720293,26382.0
BRA,BOL,850511,14435.0
BRA,BTN,260200,177087.0
BRA,CAN,252800,818.0
BRA,CAN,252910,60312.0
BRA,CAN,260600,81827549.0
BRA,CAN,280469,46292742.0
BRA,CAN,720292,1164069.0
BRA,CAN,720293,29623206.0
BRA,CAN,750210,101.0
BRA,CAN,850511,6849.0
BRA,CHE,280469,5405.0
BRA,CHE,283691,153.0
BRA,CHE,720292,7171.0
BRA,CHE,720293,6866982.0
BRA,CHE,740311,1935331.0
BRA,CHE,810411,182076.0
BRA,CHE,850511,1006.0
BRA,CHL,250490,927.0
BRA,CHL,252910,230.0
BRA,CHL,280429,102911.0
BRA,CHL,283691,2326.0
BRA,CHL,720293,206139.0
BRA,CHL,740311,118.0
BRA,CHL,850511,23182.0
BRA,CHN,251010,1440.0
BRA,CHN,251110,7698.0
BRA,CHN,252910,2932315.0
BRA,CHN,260200,80724992.0
BRA,CHN,260600,6276224.0
BRA,CHN,280469,74147579.0
BRA,CHN,283691,4016499.0
BRA,CHN,720293,800359154.0
BRA,CHN,740311,4903168.0
BRA,CHN,811292,28878915.0
BRA,CHN,850511,3577.0
BRA,CIV,810820,2964.0
BRA,CMR,850511,165.0
BRA,COD,850511,261.0
BRA,COL,250490,36507.0
BRA,COL,252800,30618.0
BRA,COL,260200,5049627.0
BRA,COL,260600,37968.0
BRA,COL,283691,96379.0
BRA,COL,720293,32921.0
BRA,COL,750210,2945.0
BRA,COL,850511,26116.0
BRA,CRI,252910,90.0
BRA,CRI,850511,56.0
BRA,CUB,250490,3.0
BRA,CUB,850511,1209.0
BRA,CYP,850511,10.0
BRA,CZE,270112,4013824.0
BRA,CZE,280469,294727.0
BRA,CZE,720293,6326764.0
BRA,CZE,810411,180338.0
BRA,CZE,850511,834.0
BRA,DEU,250490,1191.0
BRA,DEU,252910,1651.0
BRA,DEU,260200,289769.0
BRA,DEU,260600,569332.0
BRA,DEU,270112,172679.0
BRA,DEU,280429,42240.0
BRA,DEU,280469,141058524.0
BRA,DEU,283691,38.0
BRA,DEU,711011,44867.0
BRA,DEU,711021,473094.0
BRA,DEU,720293,9639194.0
BRA,DEU,740311,979031.0
BRA,DEU,750210,1576530.0
BRA,DEU,810194,305510.0
BRA,DEU,811292,11438818.0
BRA,DEU,850511,435.0
BRA,DNK,252910,90.0
BRA,DNK,260200,393253.0
BRA,DNK,260600,1223046.0
BRA,DNK,280429,670.0
BRA,DNK,850511,52.0
BRA,DOM,850511,484.0
BRA,DZA,260600,1218297.0
BRA,ECU,250490,37984.0
BRA,ECU,252910,13.0
BRA,ECU,260600,55164.0
BRA,ECU,810320,2671.0
BRA,ECU,850511,14881.0
BRA,EGY,260600,2460956.0
BRA,EGY,720293,2161721.0
BRA,ESP,252910,12236.0
BRA,ESP,260600,35.0
BRA,ESP,270112,88047790.0
BRA,ESP,280469,155378.0
BRA,ESP,283691,83.0
BRA,ESP,720293,955745.0
BRA,ESP,850511,403.0
BRA,EST,720293,8930005.0
BRA,FIN,251010,298.0
BRA,FIN,720293,17467107.0
BRA,FRA,250490,421.0
BRA,FRA,252910,1590.0
BRA,FRA,260200,159123.0
BRA,FRA,260600,6350.0
BRA,FRA,280429,48381.0
BRA,FRA,711011,2276218.0
BRA,FRA,750210,1673050.0
BRA,FRA,810411,263456.0
BRA,FRA,850511,12071.0
BRA,GBR,250490,51049.0
BRA,GBR,252910,20089.0
BRA,GBR,260200,338101.0
BRA,GBR,260600,113484.0
BRA,GBR,280469,112494000.0
BRA,GBR,711021,1457.0
BRA,GBR,720293,2486793.0
BRA,GBR,750210,785099.0
BRA,GBR,810194,21961.0
BRA,GEO,260200,65768.0
BRA,GRC,260600,28067159.0
BRA,GRC,850511,10.0
BRA,GTM,850511,147.0
BRA,GUY,260200,409800.0
BRA,GUY,260600,1800.0
BRA,GUY,850511,93.0
BRA,HKG,252910,15930.0
BRA,HKG,280429,796.0
BRA,HKG,720293,31152622.0
BRA,HKG,850511,61726.0
BRA,HND,850511,3556.0
BRA,HRV,280469,129752.99999999999
BRA,HTI,251110,1722.0
BRA,IDN,260200,17596.0
BRA,IDN,260600,46083.0
BRA,IDN,720293,11010652.0
BRA,IND,260200,19200653.0
BRA,IND,260600,22606.0
BRA,IND,283691,479.0
BRA,IND,720293,29568407.0
BRA,IND,850511,3733.0
BRA,IRL,260200,29324.0
BRA,IRL,260600,33636323.0
BRA,IRL,850511,58.0
BRA,ISL,280469,1778575.0
BRA,ISR,252910,1200.0
BRA,ITA,252910,5039306.0
BRA,ITA,260200,629126.0
BRA,ITA,260600,4971.0
BRA,ITA,280469,3421836.0
BRA,ITA,720293,9349565.0
BRA,JAM,850511,11.0
BRA,JPN,252910,500.0
BRA,JPN,260200,64525.99999999999
BRA,JPN,280469,64727506.0
BRA,JPN,283691,4.0
BRA,JPN,720293,118165511.0
BRA,JPN,811292,6846994.0
BRA,JPN,850511,3731.0
BRA,KAZ,280469,89392.0
BRA,KAZ,720293,1303199.0
BRA,KAZ,850511,201.0
BRA,KOR,270112,2214.0
BRA,KOR,280469,9750141.0
BRA,KOR,282200,32782.0
BRA,KOR,283691,19.0
BRA,KOR,720293,168174259.0
BRA,LBN,810194,3912.0
BRA,LBR,280429,1337.0
BRA,LBR,850511,106.0
BRA,LBY,850511,510.0
BRA,LKA,850511,198.0
BRA,LUX,720293,6635651.0
BRA,LVA,260200,19456213.0
BRA,LVA,850511,95.0
BRA,MAR,850511,25.0
BRA,MEX,250490,234500.0
BRA,MEX,251110,122418.0
BRA,MEX,252910,21447.0
BRA,MEX,260600,2246132.0
BRA,MEX,280469,270731.0
BRA,MEX,720292,2530992.0
BRA,MEX,720293,11205142.0
BRA,MEX,850511,44750.0
BRA,MHL,280429,3280.0
BRA,MHL,850511,108.0
BRA,MKD,260200,1451.0
BRA,MKD,850511,20.0
BRA,MLT,850511,2.0
BRA,MOZ,850511,95.0
BRA,MYS,280469,2803696.0
BRA,MYS,720293,782052.0
BRA,NCL,850511,93.0
BRA,NIC,252800,137.0
BRA,NIC,850511,580.0
BRA,NLD,250490,101.0
BRA,NLD,252910,8127.000000000001
BRA,NLD,252922,106.0
BRA,NLD,260200,96878.0
BRA,NLD,260600,192170.0
BRA,NLD,270112,122392.0
BRA,NLD,280469,38433951.0
BRA,NLD,720292,540434.0
BRA,NLD,720293,477578898.0
BRA,NLD,810194,20300.0
BRA,NLD,810820,216.0
BRA,NLD,811292,2871.0
BRA,NLD,850511,41696.0
BRA,NOR,260200,48507.0
BRA,NOR,280469,23164268.0
BRA,NOR,720293,166661.0
BRA,NZL,252910,954.0
BRA,NZL,260600,3687.0
BRA,NZL,850511,510.0
BRA,OMN,260600,1521443.0
BRA,PAK,260200,365830.0
BRA,PAN,252910,60.0
BRA,PAN,280429,5753.0
BRA,PAN,280469,5.0
BRA,PAN,850511,5247.0
BRA,PER,250490,375.0
BRA,PER,251110,20019.0
BRA,PER,252910,1840.0
BRA,PER,280429,3095.0
BRA,PER,280469,38431.0
BRA,PER,283692,65194.99999999999
BRA,PER,720292,56938.0
BRA,PER,740311,60179.0
BRA,PER,750210,281.0
BRA,PER,850511,10613.0
BRA,PHL,280429,433.0
BRA,PHL,850511,343.0
BRA,POL,250490,439529.0
BRA,POL,260200,28000.0
BRA,POL,260600,92138.0
BRA,POL,280469,5191005.0
BRA,POL,720293,8414345.0
BRA,POL,811292,326841.0
BRA,POL,850511,28.0
BRA,PRT,252910,25291.0
BRA,PRT,260600,307086.0
BRA,PRT,280469,263.0
BRA,PRT,711021,644.0
BRA,PRT,810820,105.0
BRA,PRT,850511,1442.0
BRA,PRY,250490,23312.0
BRA,PRY,251010,74033.0
BRA,PRY,251110,15736.0
BRA,PRY,260600,66105.0
BRA,PRY,270112,4608.0
BRA,PRY,280429,83853.0
BRA,PRY,750210,48166.0
BRA,PRY,850511,13760.0
BRA,QAT,280429,95426.0
BRA,QAT,280469,9621108.0
BRA,ROU,280469,140860.0
BRA,RUS,260600,45195.0
BRA,RUS,720293,1938005.0
BRA,S19,720293,8999037.0
BRA,S19,811292,109488.0
BRA,S19,850511,36.0
BRA,SAU,260600,855403.0
BRA,SAU,850511,1041.0
BRA,SDN,850511,236.0
BRA,SGP,260600,6254.0
BRA,SGP,280429,798.0
BRA,SGP,720293,197751643.0
BRA,SGP,740311,3400447.0
BRA,SGP,850511,62.0
BRA,SRB,260200,2260.0
BRA,SRB,720293,4942899.0
BRA,SRB,850511,64.0
BRA,SUR,850511,97.0
BRA,SVK,260200,196950.0
BRA,SVK,280469,2271983.0
BRA,SVK,720293,20122873.0
BRA,SVK,850511,818.0
BRA,SVN,260200,3892.0
BRA,SVN,260600,4759030.0
BRA,SVN,280469,186402.0
BRA,SVN,720293,886213.0
BRA,SVN,750210,14998.0
BRA,SVN,810411,279317.0
BRA,SWE,250490,198.0
BRA,SWE,260200,51314.0
BRA,SWE,280470,182.0
BRA,SWE,810194,1627.0
BRA,SWE,850511,89.0
BRA,THA,250490,359050.0
BRA,THA,280429,16.0
BRA,THA,280469,54087211.0
BRA,THA,720293,355861.0
BRA,THA,850511,84.0
BRA,TUN,260600,911655.0
BRA,TUR,252910,333.0
BRA,TUR,260200,230637.0
BRA,TUR,260600,33200.0
BRA,TUR,280470,40.0
BRA,TUR,282200,330112.0
BRA,TUR,283691,1810421.0
BRA,TUR,720293,5968684.0
BRA,TUR,850511,10382.0
BRA,UKR,260200,4462.0
BRA,UKR,260600,3553344.0
BRA,UKR,280469,35672.0
BRA,UKR,720293,3435798.0
BRA,UKR,750210,407922.0
BRA,UKR,850511,289.0
BRA,URY,250490,7698.0
BRA,URY,251110,131883.0
BRA,URY,260600,909346.0
BRA,URY,280429,89984.0
BRA,URY,283691,4849.0
BRA,URY,750210,132.0
BRA,URY,850511,4041.0000000000005
BRA,USA,251110,36.0
BRA,USA,252910,548406.0
BRA,USA,260200,169851.0
BRA,USA,260600,6863273.0
BRA,USA,270112,268.0
BRA,USA,280429,572711.0
BRA,USA,280469,326975250.0
BRA,USA,282200,158167.0
BRA,USA,720293,142832373.0
BRA,USA,810194,47436.0
BRA,USA,810411,768121.0
BRA,USA,811292,80179495.0
BRA,USA,850511,51533.0
BRA,VEN,850511,1008.9999999999999
BRA,VNM,260200,9046479.0
BRA,VNM,720293,6853070.0
BRA,VNM,850511,4313.0
BRA,ZAF,252910,1.0
BRA,ZAF,260600,413788.0
BRA,ZAF,280469,12320.0
BRA,ZAF,720293,8065250.0
BRA,ZAF,850511,2447.0
BRB,USA,811292,3491.0
BRB,USA,850511,476.0
BRN,BGD,850511,10.0
BRN,MYS,251110,49825.0
BRN,PHL,850511,25318.0
BRN,SGP,280429,6994.0
BRN,SGP,850511,32400.0
BTN,IND,270112,3258.0
BWA,CHN,260600,86789.0
BWA,ESP,270112,7334984.0
BWA,FIN,270112,7005507.0
BWA,FRA,270112,17021330.0
BWA,MOZ,270112,2324496.0
BWA,NAM,270112,62911.0
BWA,NLD,270112,8973541.0
BWA,ZAF,260600,129037.0
BWA,ZAF,270112,25958349.0
BWA,ZAF,280429,115.0
BWA,ZWE,270112,126905.0
BWA,ZWE,850511,480.0
CAN,ABW,850511,169.0
CAN,ALB,850511,94.0
CAN,ARE,252800,23901.0
CAN,ARE,280469,6048063.0
CAN,ARE,720293,154139.0
CAN,ARE,750210,24101.0
CAN,ARE,810820,33016.0
CAN,ARE,850511,42471.0
CAN,ARG,283691,4716.0
CAN,ARG,720293,406420.0
CAN,ARG,750210,232200.0
CAN,ARG,810820,93293.0
CAN,ARG,850511,23377.0
CAN,ARM,850511,492.0
CAN,AUS,720293,1161533.0
CAN,AUS,750210,25568926.0
CAN,AUS,810320,10422.0
CAN,AUS,810820,362186.0
CAN,AUS,811212,444.0
CAN,AUS,850511,210881.0
CAN,AUT,280469,1463.0
CAN,AUT,720293,892541.0
CAN,AUT,750210,10411.0
CAN,AUT,810820,46318.0
CAN,AUT,850511,265.0
CAN,BEL,250490,1557.0
CAN,BEL,260600,24.0
CAN,BEL,270112,1166928.0
CAN,BEL,750210,168690734.0
CAN,BEL,810820,1453460.0
CAN,BEL,811292,206087.0
CAN,BEL,850511,423.0
CAN,BFA,280429,174.0
CAN,BFA,850511,118.0
CAN,BHR,850511,269.0
CAN,BHS,850511,298.0
CAN,BIH,750210,77500.0
CAN,BLR,850511,64.0
CAN,BLZ,850511,558.0
CAN,BMU,280429,850.0
CAN,BMU,850511,185.0
CAN,BOL,850511,15.0
CAN,BRA,252910,3940.0
CAN,BRA,270112,57169335.0
CAN,BRA,280469,135577.0
CAN,BRA,750210,13856381.0
CAN,BRA,810194,8223.0
CAN,BRA,810820,554211.0
CAN,BRA,811292,4594.0
CAN,BRA,850511,24278.0
CAN,BRB,740311,892.0
CAN,BRB,850511,386.0
CAN,BRN,850511,15.0
CAN,BWA,850511,69.0
CAN,CHE,250490,764.0
CAN,CHE,260200,16.0
CAN,CHE,280429,4170.0
CAN,CHE,711011,4068406.0
CAN,CHE,711021,68040232.0
CAN,CHE,750210,166536.0
CAN,CHE,810820,393191.0
CAN,CHE,811292,9215.0
CAN,CHE,850511,32509.0
CAN,CHL,270112,193655957.0
CAN,CHL,720293,178545.0
CAN,CHL,750210,1797886.0
CAN,CHL,850511,126506.0
CAN,CHN,250490,3102.0
CAN,CHN,260200,12432.0
CAN,CHN,270112,2728340303.0
CAN,CHN,280469,26628.0
CAN,CHN,720293,9248454.0
CAN,CHN,740311,17304.0
CAN,CHN,750210,309921754.0
CAN,CHN,810320,4408.0
CAN,CHN,810411,7379.0
CAN,CHN,810820,891046.0
CAN,CHN,811010,28028.0
CAN,CHN,811292,215.0
CAN,CHN,850511,363594.0
CAN,COL,750210,28025.0
CAN,COL,850511,502.0
CAN,CRI,740311,115.0
CAN,CRI,850511,402.0
CAN,CUB,280429,18346.0
CAN,CUB,850511,19.0
CAN,CUW,850511,154.0
CAN,CZE,270112,105739871.0
CAN,CZE,750210,28984.0
CAN,CZE,810820,26800.0
CAN,CZE,811292,256.0
CAN,CZE,850511,4800.0
CAN,DEU,250490,7172.0
CAN,DEU,252922,1715022.0
CAN,DEU,270112,269209483.0
CAN,DEU,280429,95371.0
CAN,DEU,280469,2841730.0
CAN,DEU,711011,8386209.999999999
CAN,DEU,720293,22946109.0
CAN,DEU,750210,70448494.0
CAN,DEU,810194,3595793.0
CAN,DEU,810820,4900759.0
CAN,DEU,811292,1462950.0
CAN,DEU,850511,1944.0
CAN,DNK,270112,9625411.0
CAN,DNK,850511,226.0
CAN,DOM,810411,291.0
CAN,DOM,850511,1175.0
CAN,DZA,280429,2452.0
CAN,ECU,750210,75430.0
CAN,ECU,850511,826.0
CAN,EGY,720293,579007.0
CAN,EGY,750210,51340.0
CAN,EGY,850511,14861.0
CAN,ESP,270112,11872497.0
CAN,ESP,280429,629.0
CAN,ESP,280469,311.0
CAN,ESP,720293,5979482.0
CAN,ESP,750210,60025594.0
CAN,ESP,810820,103841.0
CAN,ESP,811292,226.0
CAN,ESP,850511,1173.0
CAN,ETH,850511,204.0
CAN,FIN,260200,3.0
CAN,FIN,270112,73543355.0
CAN,FIN,280469,11.0
CAN,FIN,711011,4.0
CAN,FIN,720293,21679365.0
CAN,FIN,810820,15171.0
CAN,FIN,811292,2879.0
CAN,FIN,850511,478.0
CAN,FJI,850511,144.0
CAN,FRA,250490,26831.0
CAN,FRA,251010,46.0
CAN,FRA,260600,134.0
CAN,FRA,280429,678.0
CAN,FRA,280469,17675179.0
CAN,FRA,711011,99.0
CAN,FRA,750210,64013.99999999999
CAN,FRA,810194,15985.0
CAN,FRA,810320,28632.0
CAN,FRA,810411,254987.0
CAN,FRA,810820,4496185.0
CAN,FRA,811292,18390.0
CAN,FRA,850511,470086.0
CAN,GAB,850511,32.0
CAN,GBR,250490,2824.0
CAN,GBR,270112,25771960.0
CAN,GBR,280429,946962.0
CAN,GBR,283691,11104.0
CAN,GBR,711021,2868.0
CAN,GBR,720292,75.0
CAN,GBR,720293,8389786.0
CAN,GBR,750210,14524549.0
CAN,GBR,810194,10606.0
CAN,GBR,810320,264.0
CAN,GBR,810411,276104.0
CAN,GBR,810820,1457485.0
CAN,GBR,811292,457107.0
CAN,GBR,850511,35808.0
CAN,GIN,850511,305.0
CAN,GRC,850511,489.0
CAN,GTM,251110,3363.0
CAN,GTM,750210,11539.0
CAN,GTM,850511,913.0
CAN,GUY,252800,4604.0
CAN,HKG,270112,46400512.0
CAN,HKG,850511,13576.0
CAN,HND,850511,69.0
CAN,HRV,280429,623.0
CAN,HRV,850511,5612.0
CAN,HTI,850511,60.0
CAN,HUN,850511,1749.0
CAN,IDN,252910,15145.0
CAN,IDN,270112,22020698.0
CAN,IDN,280429,198.0
CAN,IDN,720293,28970.0
CAN,IDN,750210,2694433.0
CAN,IDN,850511,4465.0
CAN,IND,250490,29075.0
CAN,IND,252922,1232965.0
CAN,IND,270112,945996485.0
CAN,IND,280429,3387.0
CAN,IND,280469,181488.0
CAN,IND,283692,13504.0
CAN,IND,720293,9178445.0
CAN,IND,750210,34880407.0
CAN,IND,810194,11194.0
CAN,IND,810320,73.0
CAN,IND,810820,244057.0
CAN,IND,811292,5546.0
CAN,IND,850511,34741.0
CAN,IRL,250490,1.0
CAN,IRL,252922,16.0
CAN,IRL,280429,19081.0
CAN,IRL,750210,693213.0
CAN,IRL,810820,8674759.0
CAN,IRL,850511,556.0
CAN,IRQ,850511,197.0
CAN,ISL,280469,93409.0
CAN,ISR,250490,4059.9999999999995
CAN,ISR,810194,5485.0
CAN,ISR,810820,28060.0
CAN,ISR,811292,3228.0
CAN,ISR,850511,3555.0
CAN,ITA,252922,1392736.0
CAN,ITA,270112,47362170.0
CAN,ITA,750210,49479111.0
CAN,ITA,810194,6.0
CAN,ITA,810820,2488100.0
CAN,ITA,850511,8345.0
CAN,JAM,250490,762.0
CAN,JAM,850511,96.0
CAN,JOR,850511,920.0
CAN,JPN,270112,3038587378.0
CAN,JPN,711011,592083.0
CAN,JPN,720293,1349555.0
CAN,JPN,740311,8673.0
CAN,JPN,750210,185456887.0
CAN,JPN,810820,723656.0
CAN,JPN,811292,9080929.0
CAN,JPN,850511,85715.0
CAN,KAZ,250490,371.0
CAN,KAZ,850511,123.0
CAN,KOR,270112,2314606752.0
CAN,KOR,280469,1542.0
CAN,KOR,280470,28459.0
CAN,KOR,282200,139.0
CAN,KOR,711011,304.0
CAN,KOR,720293,1642563.0
CAN,KOR,750210,171431437.0
CAN,KOR,810820,710653.0
CAN,KOR,811010,18025.0
CAN,KOR,811292,13091.0
CAN,KOR,850511,29200.0
CAN,KWT,283691,2386.0
CAN,KWT,850511,247.0
CAN,LBN,810820,11262.0
CAN,LBN,850511,1501.0
CAN,LBY,850511,1027.0
CAN,LUX,850511,132.0
CAN,MAC,850511,3720.0
CAN,MAR,810820,188872.0
CAN,MAR,850511,857.0
CAN,MDV,850511,379.0
CAN,MEX,270112,11985665.0
CAN,MEX,711021,424024.0
CAN,MEX,720293,6461032.0
CAN,MEX,750210,19562204.0
CAN,MEX,850511,57042.0
CAN,MKD,750210,12720.0
CAN,MKD,850511,6148.0
CAN,MLI,850511,45.0
CAN,MLT,850511,334.0
CAN,MMR,740311,276897.0
CAN,MOZ,850511,426.0
CAN,MUS,850511,652.0
CAN,MYS,270112,40121040.0
CAN,MYS,280429,4279.0
CAN,MYS,720293,480763.0
CAN,MYS,750210,8576527.0
CAN,MYS,810194,1153.0
CAN,MYS,811292,3141.0
CAN,MYS,850511,283.0
CAN,NAM,280469,341.0
CAN,NGA,850511,15.0
CAN,NIC,850511,1.0
CAN,NLD,251010,16.0
CAN,NLD,252922,1093221.0
CAN,NLD,260600,54.0
CAN,NLD,270112,202870487.0
CAN,NLD,280469,25825.0
CAN,NLD,282200,188.0
CAN,NLD,283691,1298.0
CAN,NLD,283692,1476.0
CAN,NLD,720293,71603142.0
CAN,NLD,750210,269789624.0
CAN,NLD,810194,371.0
CAN,NLD,810820,74858.0
CAN,NLD,811292,48651.0
CAN,NLD,850511,6270.0
CAN,NOR,720293,136803.0
CAN,NOR,810820,117838.0
CAN,NOR,811292,318.0
CAN,NOR,850511,3231.0
CAN,NZL,280469,490.0
CAN,NZL,810820,229929.0
CAN,NZL,850511,6605.0
CAN,OMN,850511,551.0
CAN,PAK,750210,746361.0
CAN,PAK,850511,28.0
CAN,PAN,711011,1939.0
CAN,PAN,850511,449.0
CAN,PER,250490,1578.0
CAN,PER,280469,8074.0
CAN,PER,740311,161798.0
CAN,PER,811292,2235.0
CAN,PER,850511,6773.0
CAN,PHL,280429,2843.0
CAN,PHL,750210,65953.0
CAN,PHL,850511,1425.0
CAN,POL,270112,64692079.0
CAN,POL,280429,357.0
CAN,POL,280469,493.0
CAN,POL,720293,60968.0
CAN,POL,750210,1314559.0
CAN,POL,810820,6229.0
CAN,POL,811292,5717.0
CAN,POL,850511,562.0
CAN,PRT,810820,10580.0
CAN,PRT,850511,841.0
CAN,QAT,280469,11150.0
CAN,QAT,850511,2065.0
CAN,ROU,850511,25656.0
CAN,RUS,280469,32.0
CAN,RUS,850511,113.0
CAN,RWA,850511,1567.0
CAN,S19,270112,644009969.0
CAN,S19,280469,59.0
CAN,S19,720293,1889187.0
CAN,S19,750210,66251539.00000001
CAN,S19,810820,15514.0
CAN,S19,811292,2348948.0
CAN,S19,850511,11691.0
CAN,SAU,810820,11545.0
CAN,SAU,850511,2366.0
CAN,SEN,850511,10591.0
CAN,SGP,750210,12407398.0
CAN,SGP,810194,7567.0
CAN,SGP,810820,108463.0
CAN,SGP,850511,6872.0
CAN,SLE,850511,416.0
CAN,SLV,252910,184625.0
CAN,SLV,750210,10649.0
CAN,SLV,850511,1835.0
CAN,SPM,280429,370.0
CAN,SPM,850511,46.0
CAN,SRB,850511,2665.0
CAN,SUR,850511,234.0
CAN,SVK,270112,119647700.0
CAN,SVK,720293,5273353.0
CAN,SVK,750210,309651.0
CAN,SVK,850511,417.0
CAN,SVN,720293,119695.0
CAN,SVN,750210,20587142.0
CAN,SVN,810820,1677.0
CAN,SWE,270112,47304246.0
CAN,SWE,280469,4234.0
CAN,SWE,283691,2768.0
CAN,SWE,720293,99.0
CAN,SWE,750210,72317032.0
CAN,SWE,810820,175421.0
CAN,SWE,811292,77901.0
CAN,SWE,850511,15127.0
CAN,SXM,850511,2363.0
CAN,THA,720293,59909.0
CAN,THA,750210,12965928.0
CAN,THA,810820,10338.0
CAN,THA,811292,13794.0
CAN,THA,850511,1996.0
CAN,TTO,850511,1119.0
CAN,TUN,750210,9048.0
CAN,TUR,250490,10.0
CAN,TUR,252922,295167.0
CAN,TUR,270112,153127894.0
CAN,TUR,720293,3622093.0
CAN,TUR,750210,157424.0
CAN,TUR,810820,145752.0
CAN,TUR,811010,296.0
CAN,TUR,811292,2500.0
CAN,TUR,850511,11483.0
CAN,UKR,720293,31373.0
CAN,UKR,750210,1128981.0
CAN,UKR,810820,30040.0
CAN,URY,280429,2815.0
CAN,URY,850511,680.0
CAN,USA,250490,84532.0
CAN,USA,251010,234660.0
CAN,USA,251110,82083.0
CAN,USA,252800,119773.0
CAN,USA,252910,11182.0
CAN,USA,252922,6440.0
CAN,USA,260200,3639.0
CAN,USA,260600,1720289.0
CAN,USA,270112,254596930.0
CAN,USA,280429,37870325.0
CAN,USA,280469,192040388.0
CAN,USA,283691,18910.0
CAN,USA,283692,31943.0
CAN,USA,711011,10939786.0
CAN,USA,711021,1715448.0
CAN,USA,720292,56104945.0
CAN,USA,720293,128527852.0
CAN,USA,740311,1062759402.0
CAN,USA,750210,1040108914.0
CAN,USA,810194,37732.0
CAN,USA,810320,355641.0
CAN,USA,810411,16031722.0
CAN,USA,810820,16882877.0
CAN,USA,811010,261813.0
CAN,USA,811212,199043.0
CAN,USA,811292,10966279.0
CAN,USA,850511,7102237.0
CAN,VCT,850511,38.0
CAN,VNM,270112,22519566.0
CAN,VNM,280429,1896.0
CAN,VNM,720293,638.0
CAN,VNM,750210,2204947.0
CAN,VNM,811292,5777.0
CAN,VNM,850511,154.0
CAN,ZAF,250490,15.0
CAN,ZAF,280429,4383.0
CAN,ZAF,283691,358.0
CAN,ZAF,720293,7526758.0
CAN,ZAF,810320,5098.0
CAN,ZAF,810820,1966.0
CAN,ZAF,811292,2687.0
CAN,ZAF,850511,231.0
CHE,ABW,850511,115.0
CHE,AGO,850511,113.0
CHE,ALB,850511,957.0
CHE,ARE,252800,1121.0
CHE,ARE,260200,46.0
CHE,ARE,280429,2895.0
CHE,ARE,280469,6192.0
CHE,ARE,711011,38700567.0
CHE,ARE,711021,361935.0
CHE,ARE,810820,283.0
CHE,ARE,850511,36562.0
CHE,ARG,280429,1503.0
CHE,ARG,810194,6189.0
CHE,ARG,850511,3923.0
CHE,ARM,810411,46.0
CHE,ARM,850511,353.0
CHE,AUS,280429,11837.0
CHE,AUS,280469,520.0
CHE,AUS,711011,3564921.0
CHE,AUS,711021,2585852.0
CHE,AUS,810320,5128.0
CHE,AUS,850511,57730.0
CHE,AUT,280429,7002.0
CHE,AUT,280469,12110.0
CHE,AUT,283691,16244.0
CHE,AUT,711011,29580948.0
CHE,AUT,711021,1919.0
CHE,AUT,740311,6415.0
CHE,AUT,750210,144987.0
CHE,AUT,810411,416615.0
CHE,AUT,810820,83.0
CHE,AUT,850511,1506714.0
CHE,BEL,280429,45042.0
CHE,BEL,711011,97955.0
CHE,BEL,810194,94240.0
CHE,BEL,810820,698.0
CHE,BEL,850511,140566.0
CHE,BGD,850511,198.0
CHE,BGR,811292,2170.0
CHE,BGR,850511,109662.0
CHE,BHR,850511,93.0
CHE,BIH,810411,620703.0
CHE,BIH,850511,75807.0
CHE,BLZ,850511,46.0
CHE,BOL,850511,4552.0
CHE,BRA,283691,1313.0
CHE,BRA,750210,500469.0
CHE,BRA,810194,22633.0
CHE,BRA,850511,146683.0
CHE,CAN,251110,187.0
CHE,CAN,283691,992.0
CHE,CAN,711011,5039799.0
CHE,CAN,711021,5500996.0
CHE,CAN,750210,57.0
CHE,CAN,811292,583.0
CHE,CAN,850511,132151.0
CHE,CHL,711021,937117.0
CHE,CHL,850511,6100.0
CHE,CHN,251010,166.0
CHE,CHN,280429,14399.0
CHE,CHN,280469,2580.0
CHE,CHN,282200,9086.0
CHE,CHN,711011,32677855.0
CHE,CHN,711021,5207189.0
CHE,CHN,740311,527.0
CHE,CHN,750210,278.0
CHE,CHN,810820,188994.0
CHE,CHN,850511,1092630.0
CHE,CIV,850511,1628.0
CHE,CMR,850511,19.0
CHE,COL,850511,5326.0
CHE,CRI,850511,1306.0
CHE,CUB,850511,594.0
CHE,CYP,850511,389.0
CHE,CZE,280429,1070.0
CHE,CZE,282200,14822.0
CHE,CZE,711011,80351.0
CHE,CZE,850511,2161244.0
CHE,DEU,251010,4133.0
CHE,DEU,251110,7514.0
CHE,DEU,252800,229.0
CHE,DEU,252910,5.0
CHE,DEU,252922,275.0
CHE,DEU,260600,720.0
CHE,DEU,280429,1846995.0
CHE,DEU,280469,718.0
CHE,DEU,283691,5617.0
CHE,DEU,283692,1812.0
CHE,DEU,711011,52309524.0
CHE,DEU,711021,93990138.0
CHE,DEU,720293,5575.0
CHE,DEU,740311,721906.0
CHE,DEU,750210,499214.0
CHE,DEU,810194,910220.0
CHE,DEU,810320,9105.0
CHE,DEU,810411,45098.0
CHE,DEU,810820,2252.0
CHE,DEU,811292,208991.0
CHE,DEU,850511,16258757.0
CHE,DNK,280429,206758.0
CHE,DNK,711011,37052.0
CHE,DNK,711021,9278.0
CHE,DNK,850511,22756.0
CHE,DOM,850511,1295.0
CHE,DZA,850511,1982.0
CHE,ECU,850511,1220.0
CHE,EGY,251110,1321.0
CHE,EGY,850511,670.0
CHE,ESP,251110,850.0
CHE,ESP,260600,3616.0
CHE,ESP,280429,277880.0
CHE,ESP,280470,10377.0
CHE,ESP,282200,597992.0
CHE,ESP,283691,286.0
CHE,ESP,711011,33635.0
CHE,ESP,711021,362313.0
CHE,ESP,810194,1156.0
CHE,ESP,810820,57.0
CHE,ESP,850511,93804.0
CHE,EST,850511,1350.0
CHE,ETH,850511,50.0
CHE,FIN,280429,551.0
CHE,FIN,711011,119194.0
CHE,FIN,711021,99648.0
CHE,FIN,810820,755.0
CHE,FIN,811292,112.0
CHE,FIN,850511,31901.0
CHE,FRA,250490,242.0
CHE,FRA,251010,1.0
CHE,FRA,260600,1376.0
CHE,FRA,280429,1750171.0
CHE,FRA,280469,607250.0
CHE,FRA,280470,93.0
CHE,FRA,282200,6641.0
CHE,FRA,283691,51.0
CHE,FRA,711011,3173905.0
CHE,FRA,711021,18481281.0
CHE,FRA,740311,2406.0
CHE,FRA,810194,4111.0
CHE,FRA,810320,410.0
CHE,FRA,810411,1637824.0
CHE,FRA,810820,97226.0
CHE,FRA,811292,6568.0
CHE,FRA,850511,2789126.0
CHE,GBR,280429,15781.0
CHE,GBR,283691,177407.0
CHE,GBR,711011,16555345.000000002
CHE,GBR,711021,333422324.0
CHE,GBR,810194,80634.0
CHE,GBR,810320,22513.0
CHE,GBR,810820,98369.0
CHE,GBR,811292,855107.0
CHE,GBR,850511,2018919.0
CHE,GEO,720293,1162932.0
CHE,GEO,850511,675.0
CHE,GHA,850511,4385.0
CHE,GRC,850511,1840.0
CHE,GTM,850511,190.0
CHE,HKG,280429,7419.0
CHE,HKG,711011,71842892.0
CHE,HKG,711021,112270209.0
CHE,HKG,850511,443092.0
CHE,HND,850511,30.0
CHE,HRV,280429,462.0
CHE,HRV,850511,10400.0
CHE,HUN,280429,866.0
CHE,HUN,810194,1212.0
CHE,HUN,810820,18021.0
CHE,HUN,850511,1272829.0
CHE,IDN,280429,422.0
CHE,IDN,850511,7047.0
CHE,IND,260200,3334415.0
CHE,IND,280429,1077.0
CHE,IND,711011,225922.0
CHE,IND,711021,323806.0
CHE,IND,720293,978386.0
CHE,IND,750210,19102922.0
CHE,IND,810820,205952.0
CHE,IND,811292,2083.0
CHE,IND,850511,134728.0
CHE,IRL,280429,1505.0
CHE,IRL,711021,27485156.0
CHE,IRL,850511,69228.0
CHE,IRN,260600,344781.0
CHE,IRN,280429,61445.0
CHE,IRN,750210,105948.0
CHE,IRN,810194,18231.0
CHE,IRN,850511,3734.0
CHE,ISL,850511,3134.0
CHE,ISR,280429,28314.0
CHE,ISR,711011,35737.0
CHE,ISR,720292,677000.0
CHE,ISR,850511,100782.0
CHE,ITA,252910,20.0
CHE,ITA,280429,45218.0
CHE,ITA,280469,807.0
CHE,ITA,711011,43044374.0
CHE,ITA,711021,74958888.0
CHE,ITA,740311,2461.0
CHE,ITA,810194,83221.0
CHE,ITA,810820,429837.0
CHE,ITA,850511,1536797.0
CHE,JOR,850511,851.0
CHE,JPN,280429,23825.0
CHE,JPN,711011,3068277.0
CHE,JPN,711021,18767995.0
CHE,JPN,740311,6780.0
CHE,JPN,850511,1022112.0
CHE,KAZ,850511,352.0
CHE,KEN,280429,304.0
CHE,KEN,850511,2835.0
CHE,KOR,270112,20547635.0
CHE,KOR,280429,9623.0
CHE,KOR,280469,3285.0
CHE,KOR,283691,1408.0
CHE,KOR,711011,711036.0
CHE,KOR,711021,4496181.0
CHE,KOR,750210,182.0
CHE,KOR,850511,128850.0
CHE,KWT,280429,6566.0
CHE,KWT,850511,533.0
CHE,LBN,711011,102669.0
CHE,LBN,711021,94567.0
CHE,LBN,850511,535.0
CHE,LBY,850511,30.0
CHE,LKA,850511,3654.0
CHE,LTU,711021,9548.0
CHE,LTU,850511,2135.0
CHE,LUX,280429,453.0
CHE,LUX,711011,282.0
CHE,LUX,810820,2960.0
CHE,LUX,850511,5831.0
CHE,LVA,280429,1248.0
CHE,LVA,850511,10494.0
CHE,MAR,850511,3374.0
CHE,MDA,850511,498.0
CHE,MDV,850511,119.0
CHE,MEX,850511,131679.0
CHE,MKD,280429,13211.0
CHE,MKD,850511,152054.0
CHE,MLI,850511,1852.0
CHE,MLT,850511,1508.0
CHE,MUS,251110,15909.0
CHE,MUS,750210,2090.0
CHE,MYS,270112,14662913.0
CHE,MYS,280429,2844.0
CHE,MYS,750210,722006.0
CHE,MYS,850511,567377.0
CHE,NCL,850511,5678.0
CHE,NGA,850511,5150.0
CHE,NLD,250490,1508.0
CHE,NLD,251010,3106.0
CHE,NLD,251110,5524.0
CHE,NLD,270112,15.0
CHE,NLD,280429,44588.0
CHE,NLD,283691,165.0
CHE,NLD,711011,4622.0
CHE,NLD,750210,18749332.0
CHE,NLD,810194,8307.0
CHE,NLD,810411,84804.0
CHE,NLD,810820,185.0
CHE,NLD,811292,3649.0
CHE,NLD,850511,1129382.0
CHE,NOR,280429,1055.0
CHE,NOR,280469,2262.0
CHE,NOR,283691,496499.0
CHE,NOR,711011,281738.0
CHE,NOR,711021,705171.0
CHE,NOR,850511,56447.0
CHE,NZL,280429,4492.0
CHE,NZL,282200,665.0
CHE,NZL,850511,10741.0
CHE,OMN,260600,11329.0
CHE,OMN,850511,1010.9999999999999
CHE,PAK,740311,1265331.0
CHE,PAK,850511,168.0
CHE,PAN,850511,272.0
CHE,PER,280429,21.0
CHE,PER,850511,1852.0
CHE,PHL,280429,4170.0
CHE,PHL,850511,771711.0
CHE,POL,251110,39220.0
CHE,POL,280429,6210.0
CHE,POL,810194,462.0
CHE,POL,810411,265497.0
CHE,POL,810820,33073.0
CHE,POL,811292,1124.0
CHE,POL,850511,179685.0
CHE,PRT,250490,96.0
CHE,PRT,260200,1.0
CHE,PRT,280429,8223.0
CHE,PRT,740311,2525.0
CHE,PRT,810820,130233.0
CHE,PRT,850511,37072.0
CHE,PRY,280480,84.0
CHE,PRY,850511,5.0
CHE,QAT,280429,1243.0
CHE,QAT,711011,34821.0
CHE,QAT,850511,283.0
CHE,ROU,280429,527.0
CHE,ROU,810820,4173.0
CHE,ROU,811292,3317.0
CHE,ROU,850511,76695.0
CHE,RUS,850511,4654.0
CHE,RWA,850511,8272.0
CHE,S19,280429,13861.0
CHE,S19,280469,78715.0
CHE,S19,283691,67.0
CHE,S19,740311,6590222.0
CHE,S19,810320,4835.0
CHE,S19,811292,10.0
CHE,S19,850511,350715.0
CHE,SAU,280429,2490.0
CHE,SAU,711011,7498.0
CHE,SAU,711021,8570.0
CHE,SAU,740311,205364.0
CHE,SAU,850511,41990.0
CHE,SDN,850511,15.0
CHE,SEN,260600,773023.0
CHE,SGP,250490,72612.0
CHE,SGP,280429,9567.0
CHE,SGP,283691,1000.0
CHE,SGP,711011,57250.0
CHE,SGP,850511,323034.0
CHE,SRB,280429,244.0
CHE,SRB,280470,14.0
CHE,SRB,850511,5674.0
CHE,SVK,850511,421372.0
CHE,SVN,810820,107.0
CHE,SVN,811292,259.0
CHE,SVN,850511,2847494.0
CHE,SWE,280429,44465.0
CHE,SWE,282200,1764.0
CHE,SWE,711011,25509.0
CHE,SWE,711021,584163.0
CHE,SWE,750210,6445558.0
CHE,SWE,850511,83709.0
CHE,TGO,850511,1780.0
CHE,THA,711021,3246.0
CHE,THA,740311,10361.0
CHE,THA,810194,31197.0
CHE,THA,810820,191.0
CHE,THA,850511,272358.0
CHE,TUN,850511,1524.0
CHE,TUR,250490,11.0
CHE,TUR,251110,65.0
CHE,TUR,282200,972.0
CHE,TUR,711011,2535941.0
CHE,TUR,711021,1934752.0
CHE,TUR,850511,65691.0
CHE,UGA,850511,2491.0
CHE,UKR,850511,830.0
CHE,URY,850511,18.0
CHE,USA,250490,12898.0
CHE,USA,251010,58.0
CHE,USA,251110,3712.0
CHE,USA,280429,1817901.0
CHE,USA,282200,1829.0
CHE,USA,283691,6493.0
CHE,USA,711011,60306910.0
CHE,USA,711021,256823827.0
CHE,USA,810194,118.0
CHE,USA,810320,5.0
CHE,USA,810820,58762.0
CHE,USA,811010,107169.0
CHE,USA,811292,98955.0
CHE,USA,850511,11079994.0
CHE,UZB,850511,39.0
CHE,VEN,850511,7806.0
CHE,VNM,711021,11758.0
CHE,VNM,850511,14038.0
CHE,YEM,850511,59.0
CHE,ZAF,280429,5971.0
CHE,ZAF,282200,878.0
CHE,ZAF,283691,21632.0
CHE,ZAF,711011,1815894.0
CHE,ZAF,850511,7783.0
CHE,ZMB,850511,37.0
CHL,ARE,283691,619616.0
CHL,ARE,740311,11662766.0
CHL,ARG,260200,18960.0
CHL,ARG,280429,61835.0
CHL,ARG,283691,1293430.0
CHL,ARG,720292,827441.0
CHL,ARG,740311,6249769.0
CHL,AUS,283691,96610.0
CHL,AUT,283691,5953066.0
CHL,AZE,283691,8220.0
CHL,BEL,283691,327089330.0
CHL,BEL,740311,699031.0
CHL,BEL,850511,135.0
CHL,BLZ,850511,33.0
CHL,BOL,252910,10355.0
CHL,BOL,260600,5468.0
CHL,BOL,720292,11028.0
CHL,BOL,740311,59705.0
CHL,BOL,750210,17062.0
CHL,BOL,850511,150671.0
CHL,BRA,252800,5913251.0
CHL,BRA,252910,6278.0
CHL,BRA,740311,1571247289.0
CHL,CAN,252800,126407.0
CHL,CAN,283691,8495718.0
CHL,CAN,740311,51815136.0
CHL,CAN,750210,191.0
CHL,CAN,850511,42.0
CHL,CHE,283691,200606.0
CHL,CHE,711011,529130.0
CHL,CHE,711021,6298351.0
CHL,CHE,850511,8.0
CHL,CHN,252800,55998.0
CHL,CHN,283691,5995868008.0
CHL,CHN,740311,7776320545.0
CHL,CHN,810820,40.0
CHL,COL,252800,47329.0
CHL,COL,280429,350.0
CHL,COL,283691,24436.0
CHL,COL,810194,13678.0
CHL,CRI,280429,5490.0
CHL,CRI,850511,1440.0
CHL,CYP,850511,156.0
CHL,CZE,283691,22050.0
CHL,DEU,252800,47713.0
CHL,DEU,283691,37935626.0
CHL,DEU,740311,120345470.0
CHL,DEU,811292,150361.0
CHL,ECU,252800,44829.0
CHL,ECU,280429,75607.0
CHL,ECU,850511,4138.0
CHL,ESP,283691,14680809.0
CHL,ESP,740311,257900007.0
CHL,EST,283691,3403.0
CHL,FRA,283691,97292.0
CHL,FRA,740311,730346874.0
CHL,GBR,283691,117908768.0
CHL,GRC,740311,15618781.0
CHL,IDN,283691,24777.0
CHL,IDN,740311,97313463.0
CHL,IND,811292,9646.0
CHL,IND,850511,132.0
CHL,IRL,283691,295.0
CHL,IRL,850511,7.0
CHL,ITA,740311,258696334.0
CHL,JPN,283691,522345187.0
CHL,JPN,740311,8659791.0
CHL,KAZ,283691,19073.0
CHL,KOR,283691,1226489806.0
CHL,KOR,740311,1849095823.0
CHL,KOR,811292,54502.0
CHL,KOR,850511,17.0
CHL,MEX,252800,863601.0
CHL,MEX,283691,7172689.0
CHL,MEX,740311,106779991.0
CHL,MUS,252800,1869.0
CHL,MYS,252800,321212.0
CHL,MYS,283691,36143.0
CHL,MYS,740311,144041845.0
CHL,NLD,283691,56397637.0
CHL,NLD,740311,271099483.0
CHL,NLD,850511,114.0
CHL,NOR,283691,411418.0
CHL,NZL,252800,564253.0
CHL,PAN,740311,2677045.0
CHL,PER,251110,1683.0
CHL,PER,252910,2722.0
CHL,PER,260600,866.0
CHL,PER,280429,330211.0
CHL,PER,850511,201915.0
CHL,PHL,283691,30588.0
CHL,POL,283691,2504592.0
CHL,POL,850511,8.0
CHL,PRT,850511,2898.0
CHL,PRY,252800,37164.0
CHL,PRY,260600,114.0
CHL,PRY,850511,39963.0
CHL,QAT,283691,21755.0
CHL,RUS,283691,5825535.0
CHL,S19,283691,962517.0
CHL,S19,740311,955702153.0
CHL,S19,811292,39652.0
CHL,SGP,740311,13799437.0
CHL,SVK,283691,3049.0
CHL,SVN,283691,962905.0
CHL,SWE,740311,29068.0
CHL,THA,252800,17160.0
CHL,THA,283691,2196166.0
CHL,THA,740311,401593078.0
CHL,TUR,740311,36344082.0
CHL,URY,260600,5749.0
CHL,URY,850511,2281.0
CHL,USA,280429,597.0
CHL,USA,280480,148127.0
CHL,USA,283691,135226467.0
CHL,USA,740311,3706932661.0
CHL,USA,811292,1717357.0
CHL,USA,850511,111.0
CHL,VNM,283691,5302110.0
CHL,VNM,740311,137723760.0
CHL,ZAF,850511,6.0
CHN,ABW,850511,2705.0
CHN,AGO,252800,230.0
CHN,AGO,260200,416499.0
CHN,AGO,280429,34098.0
CHN,AGO,280469,154321.0
CHN,AGO,282200,9512.0
CHN,AGO,810820,1186.0
CHN,AGO,850511,29315.0
CHN,ALB,280469,1419600.0
CHN,ALB,810411,89267.0
CHN,ALB,850511,19838.0
CHN,AND,850511,1330.0
CHN,ARE,250490,80.0
CHN,ARE,251010,5990.0
CHN,ARE,251110,1983604.0
CHN,ARE,252910,131207.0
CHN,ARE,260200,21919.0
CHN,ARE,260600,141196.0
CHN,ARE,280429,50028.0
CHN,ARE,280469,225144314.0
CHN,ARE,280470,104565.0
CHN,ARE,280480,62650.0
CHN,ARE,282200,3985821.0
CHN,ARE,283691,92269.0
CHN,ARE,711021,1350.0
CHN,ARE,720292,358585.0
CHN,ARE,720293,22209.0
CHN,ARE,740311,10499578.0
CHN,ARE,750210,88426.0
CHN,ARE,810320,77841.0
CHN,ARE,810411,87021537.0
CHN,ARE,810820,6453794.0
CHN,ARE,811010,27644.0
CHN,ARE,811292,13743.0
CHN,ARE,850511,6839020.0
CHN,ARG,250490,19095.0
CHN,ARG,251110,6455169.0
CHN,ARG,260600,17265727.0
CHN,ARG,280429,160534.0
CHN,ARG,280469,3169862.0
CHN,ARG,282200,123430.0
CHN,ARG,720292,3082219.0
CHN,ARG,750210,120340.0
CHN,ARG,810411,9851157.0
CHN,ARG,810820,53866.0
CHN,ARG,811010,104940.0
CHN,ARG,850511,1606209.0
CHN,ARM,250490,1078.0
CHN,ARM,740311,344.0
CHN,ARM,810820,2273.0
CHN,ARM,850511,55460.0
CHN,ATG,850511,310.0
CHN,AUS,250490,2352.0
CHN,AUS,251110,2450787.0
CHN,AUS,252800,19099.0
CHN,AUS,252910,100.0
CHN,AUS,252922,28923.0
CHN,AUS,260200,969.0
CHN,AUS,260600,2310181.0
CHN,AUS,280429,574796.0
CHN,AUS,280469,11040464.0
CHN,AUS,280470,95334.0
CHN,AUS,280480,19391.0
CHN,AUS,282200,489130.0
CHN,AUS,283691,4289759.0
CHN,AUS,283692,61455.0
CHN,AUS,720292,24402.0
CHN,AUS,720293,75935.0
CHN,AUS,740311,1809.0
CHN,AUS,750210,1737958.0
CHN,AUS,810194,94109.0
CHN,AUS,810320,10333.0
CHN,AUS,810411,10578169.0
CHN,AUS,810820,798907.0
CHN,AUS,811010,374172.0
CHN,AUS,811292,2039.0000000000002
CHN,AUS,850511,16173577.0
CHN,AUT,250490,136630.0
CHN,AUT,251010,25.0
CHN,AUT,251110,61050.0
CHN,AUT,252910,462.0
CHN,AUT,252922,71067.0
CHN,AUT,260600,101846.0
CHN,AUT,280429,1867001.0
CHN,AUT,280469,5.0
CHN,AUT,280480,5272.0
CHN,AUT,283691,436510.0
CHN,AUT,720292,1231423.0
CHN,AUT,750210,987759.0
CHN,AUT,810320,2376987.0
CHN,AUT,810411,1048490.0
CHN,AUT,810820,74439.0
CHN,AUT,811010,3410893.0
CHN,AUT,811292,1318.0
CHN,AUT,850511,19338892.0
CHN,AZE,252910,171.0
CHN,AZE,280429,1380.0
CHN,AZE,280469,1248201.0
CHN,AZE,750210,9211.0
CHN,AZE,810411,1142901.0
CHN,AZE,811292,11158.0
CHN,AZE,850511,20830.0
CHN,BDI,850511,2593.0
CHN,BEL,251010,13036.0
CHN,BEL,251110,50979.0
CHN,BEL,252800,60162.0
CHN,BEL,260200,4794.0
CHN,BEL,260600,1302931.0
CHN,BEL,280429,211.0
CHN,BEL,280469,434747.0
CHN,BEL,280470,24448.0
CHN,BEL,280480,26316.0
CHN,BEL,282200,4929416.0
CHN,BEL,283691,10448.0
CHN,BEL,711011,1.0
CHN,BEL,720292,368147.0
CHN,BEL,720293,6915.0
CHN,BEL,740311,563.0
CHN,BEL,750210,4846920.0
CHN,BEL,810411,2933192.0
CHN,BEL,810820,367079.0
CHN,BEL,811010,8196222.0
CHN,BEL,811292,9063849.0
CHN,BEL,850511,9358508.0
CHN,BEN,850511,6508.0
CHN,BFA,250490,8307.0
CHN,BFA,280429,3052.0
CHN,BFA,850511,1035.0
CHN,BGD,251110,1129276.0
CHN,BGD,252910,151457.0
CHN,BGD,260200,132818.0
CHN,BGD,280469,1083850.0
CHN,BGD,280470,125400.0
CHN,BGD,280480,46610.0
CHN,BGD,283691,49396.0
CHN,BGD,740311,4724329.0
CHN,BGD,810411,758111.0
CHN,BGD,811010,600408.0
CHN,BGD,850511,1289618.0
CHN,BGR,260200,186414.0
CHN,BGR,260600,18271.0
CHN,BGR,280469,261260.0
CHN,BGR,810194,98193.0
CHN,BGR,810411,974087.0
CHN,BGR,810820,2767.0
CHN,BGR,811292,16574.0
CHN,BGR,850511,2262567.0
CHN,BHR,250490,11813.0
CHN,BHR,280429,90941.0
CHN,BHR,280469,107520382.0
CHN,BHR,720292,1603587.0
CHN,BHR,810411,62246151.0
CHN,BHR,850511,32625.0
CHN,BHS,850511,13946.0
CHN,BIH,280429,10121.0
CHN,BIH,280469,6173667.0
CHN,BIH,283691,23.0
CHN,BIH,810411,3969972.0
CHN,BIH,811010,241269.0
CHN,BIH,850511,675533.0
CHN,BLR,720293,85560.0
CHN,BLR,850511,1546174.0
CHN,BLZ,850511,21754.0
CHN,BMU,810820,498.0
CHN,BMU,850511,36.0
CHN,BOL,250490,41.0
CHN,BOL,251110,17171.0
CHN,BOL,252800,2077.0
CHN,BOL,260200,472.0
CHN,BOL,280429,247.0
CHN,BOL,280480,2188.0
CHN,BOL,720292,189889.0
CHN,BOL,750210,7724.0
CHN,BOL,810820,3293.0
CHN,BOL,850511,73489.0
CHN,BRA,250490,43826.0
CHN,BRA,251110,1225626.0
CHN,BRA,260200,401657.0
CHN,BRA,260600,1130460.0
CHN,BRA,280429,75469.0
CHN,BRA,280469,20081487.0
CHN,BRA,280470,596035.0
CHN,BRA,280480,57484.0
CHN,BRA,282200,7739203.0
CHN,BRA,283691,1610.0
CHN,BRA,283692,168129.0
CHN,BRA,720292,5270899.0
CHN,BRA,720293,699400.0
CHN,BRA,750210,1625.0
CHN,BRA,810194,673543.0
CHN,BRA,810320,5360.0
CHN,BRA,810411,34497841.0
CHN,BRA,810820,58202.0
CHN,BRA,811010,1926314.0
CHN,BRA,811292,26467.0
CHN,BRA,850511,32610880.0
CHN,BRB,850511,5444.0
CHN,BRN,251110,81802.0
CHN,BRN,280429,30422.0
CHN,BRN,850511,10264.0
CHN,BTN,810411,896325.0
CHN,BTN,850511,3553.0
CHN,BWA,280469,4341.0
CHN,BWA,810820,13.0
CHN,BWA,850511,296.0
CHN,CAF,850511,158.0
CHN,CAN,250490,122961.0
CHN,CAN,251010,176.0
CHN,CAN,251110,543688.0
CHN,CAN,252800,781.0
CHN,CAN,252910,1.0
CHN,CAN,252922,8180815.0
CHN,CAN,260600,5156916.0
CHN,CAN,280429,1070806.0
CHN,CAN,280469,376038.0
CHN,CAN,280470,197801.0
CHN,CAN,280480,162007.0
CHN,CAN,282200,36204.0
CHN,CAN,283691,1711248.0
CHN,CAN,283692,6.0
CHN,CAN,711011,1745.0
CHN,CAN,711021,15465.0
CHN,CAN,720292,6846806.0
CHN,CAN,740311,355.0
CHN,CAN,810194,1287360.0
CHN,CAN,810320,153642.0
CHN,CAN,810411,155160941.0
CHN,CAN,810820,961305.0
CHN,CAN,811010,534512.0
CHN,CAN,811292,1217860.0
CHN,CAN,850511,23646747.0
CHN,CHE,250490,3538.0
CHN,CHE,251110,2827.0
CHN,CHE,252922,1120.0
CHN,CHE,260600,9052.0
CHN,CHE,280429,256361.0
CHN,CHE,280469,629355.0
CHN,CHE,280470,2713.0
CHN,CHE,282200,141.0
CHN,CHE,283691,29081.0
CHN,CHE,283692,8336.0
CHN,CHE,711011,2935075.0
CHN,CHE,720292,828103.0
CHN,CHE,740311,294.0
CHN,CHE,810194,29961.0
CHN,CHE,810320,45685.0
CHN,CHE,810411,13444327.0
CHN,CHE,810820,124709.0
CHN,CHE,811010,198894.0
CHN,CHE,811292,606698.0
CHN,CHE,850511,102950685.0
CHN,CHL,251110,375127.0
CHN,CHL,252910,23203.0
CHN,CHL,260600,60540.0
CHN,CHL,270112,24978.0
CHN,CHL,280429,296728.0
CHN,CHL,280469,362535.0
CHN,CHL,280470,319793.0
CHN,CHL,283691,4035.0
CHN,CHL,283692,30248.0
CHN,CHL,720292,271523.0
CHN,CHL,720293,6900.0
CHN,CHL,810194,3529.0
CHN,CHL,810820,13369.0
CHN,CHL,811292,1320.0
CHN,CHL,850511,2453486.0
CHN,CIV,251110,5291.0
CHN,CIV,252800,7100.0
CHN,CIV,252910,15624.0
CHN,CIV,850511,27380.0
CHN,CMR,280469,119891.0
CHN,CMR,720293,6540.0
CHN,CMR,810411,621265.0
CHN,CMR,850511,11870.0
CHN,COD,252910,16800.0
CHN,COD,283692,112200.0
CHN,COD,850511,121685.0
CHN,COG,251110,1038.0
CHN,COG,252910,255332.0
CHN,COG,283692,184465.0
CHN,COG,850511,121.0
CHN,COL,250490,84889.0
CHN,COL,251110,2697.0
CHN,COL,252910,4920.0
CHN,COL,260600,1927856.0
CHN,COL,280469,2006854.0
CHN,COL,280480,52341.0
CHN,COL,283691,44955.0
CHN,COL,720292,1439940.0
CHN,COL,810194,149379.0
CHN,COL,810411,1573820.0
CHN,COL,810820,38582.0
CHN,COL,811010,85.0
CHN,COL,850511,1297583.0
CHN,COM,850511,349.0
CHN,CPV,850511,100.0
CHN,CRI,251110,257.0
CHN,CRI,260200,388914.0
CHN,CRI,280469,4875.0
CHN,CRI,283691,59580.0
CHN,CRI,810820,935.0
CHN,CRI,850511,448614.0
CHN,CUB,260200,5515.0
CHN,CUB,260600,281274.0
CHN,CUB,280470,54620.0
CHN,CUB,283691,348.0
CHN,CUB,850511,18388.0
CHN,CUW,850511,5064.0
CHN,CYM,740311,397.0
CHN,CYM,850511,58.0
CHN,CYP,810820,2856.0
CHN,CYP,850511,43326.0
CHN,CZE,250490,1206.0
CHN,CZE,251110,83529.0
CHN,CZE,260600,1789629.0
CHN,CZE,280429,95167.0
CHN,CZE,280469,1919482.0
CHN,CZE,280480,18564.0
CHN,CZE,282200,67.0
CHN,CZE,283691,91.0
CHN,CZE,283692,444.0
CHN,CZE,720292,453589.0
CHN,CZE,740311,2545.0
CHN,CZE,810194,891.0
CHN,CZE,810320,18567710.0
CHN,CZE,810411,29175781.0
CHN,CZE,810820,298162.0
CHN,CZE,811010,15078.0
CHN,CZE,811292,8026.999999999999
CHN,CZE,850511,37418949.0
CHN,DEU,250490,702754.0
CHN,DEU,251110,2692852.0
CHN,DEU,252800,5793.0
CHN,DEU,252922,2136201.0
CHN,DEU,260600,22080742.0
CHN,DEU,270112,1335.0
CHN,DEU,280429,4490451.0
CHN,DEU,280469,53190424.0
CHN,DEU,280470,2984223.0
CHN,DEU,280480,431172.0
CHN,DEU,282200,600527.0
CHN,DEU,283691,9008254.0
CHN,DEU,283692,1163.0
CHN,DEU,711011,1619.0
CHN,DEU,711021,2882.0
CHN,DEU,720292,17191001.0
CHN,DEU,740311,2307477.0
CHN,DEU,750210,3517334.0
CHN,DEU,810194,2474117.0
CHN,DEU,810320,5228345.0
CHN,DEU,810411,82378786.0
CHN,DEU,810820,8797434.0
CHN,DEU,811010,2682696.0
CHN,DEU,811292,12104660.0
CHN,DEU,850511,748867153.0
CHN,DJI,252910,49860.0
CHN,DJI,850511,280.0
CHN,DNK,260600,36901.0
CHN,DNK,280429,83882.0
CHN,DNK,283692,65.0
CHN,DNK,810194,167.0
CHN,DNK,810411,390.0
CHN,DNK,810820,5888.0
CHN,DNK,811292,54.0
CHN,DNK,850511,51793325.0
CHN,DOM,250490,1985.0
CHN,DOM,252910,636.0
CHN,DOM,270112,12656329.0
CHN,DOM,280469,64797.0
CHN,DOM,280470,65.0
CHN,DOM,283691,70042.0
CHN,DOM,810194,646.0
CHN,DOM,810411,208990.0
CHN,DOM,810820,29341.0
CHN,DOM,850511,365462.0
CHN,DZA,250490,3714.0
CHN,DZA,251110,5160.0
CHN,DZA,252800,1079.0
CHN,DZA,252910,2388.0
CHN,DZA,280469,78560.0
CHN,DZA,280480,6000.0
CHN,DZA,810411,70395.0
CHN,DZA,850511,128258.99999999999
CHN,ECU,250490,29308.0
CHN,ECU,251110,2870.0
CHN,ECU,252922,761.0
CHN,ECU,280429,66565.0
CHN,ECU,280469,285348.0
CHN,ECU,282200,349.0
CHN,ECU,810411,888769.0
CHN,ECU,810820,557.0
CHN,ECU,850511,280592.0
CHN,EGY,250490,7597.0
CHN,EGY,251110,196800.0
CHN,EGY,260600,2277125.0
CHN,EGY,280429,4317.0
CHN,EGY,280469,12455602.0
CHN,EGY,280470,832.0
CHN,EGY,280480,35009.0
CHN,EGY,282200,72657.0
CHN,EGY,283691,151653.0
CHN,EGY,283692,3103.0
CHN,EGY,720292,307245.0
CHN,EGY,810194,9459.0
CHN,EGY,810411,27273652.0
CHN,EGY,810820,563736.0
CHN,EGY,811010,16105.0
CHN,EGY,850511,833009.0
CHN,ESP,250490,1465.0
CHN,ESP,251010,7276.0
CHN,ESP,251110,3545917.0
CHN,ESP,252800,639.0
CHN,ESP,260200,73209.0
CHN,ESP,260600,9102088.0
CHN,ESP,280429,254123.0
CHN,ESP,280469,27397578.0
CHN,ESP,280480,259704.99999999997
CHN,ESP,282200,28789039.0
CHN,ESP,283691,138418.0
CHN,ESP,283692,439334.0
CHN,ESP,711011,258.0
CHN,ESP,720292,842684.0
CHN,ESP,740311,202.0
CHN,ESP,810194,1268.0
CHN,ESP,810320,2081.0
CHN,ESP,810411,13446312.0
CHN,ESP,810820,2021757.0
CHN,ESP,811010,3676695.0
CHN,ESP,811292,1175335.0
CHN,ESP,850511,28010801.0
CHN,EST,251110,50.0
CHN,EST,280429,2278.0
CHN,EST,282200,82440.0
CHN,EST,740311,130.0
CHN,EST,810320,33977.0
CHN,EST,810820,206368.0
CHN,EST,850511,1673287.0
CHN,ETH,251110,7051.0
CHN,ETH,260200,19197.0
CHN,ETH,280429,3438.0
CHN,ETH,280469,98662.0
CHN,ETH,280470,5.0
CHN,ETH,810411,133373.0
CHN,ETH,850511,26654.0
CHN,FIN,250490,3397.0
CHN,FIN,251110,265024.0
CHN,FIN,270112,7.0
CHN,FIN,280429,950.0
CHN,FIN,280469,23122.0
CHN,FIN,283691,734487.0
CHN,FIN,720292,106994.0
CHN,FIN,810194,386.0
CHN,FIN,810320,136561.0
CHN,FIN,810411,187059.0
CHN,FIN,810820,7103.0
CHN,FIN,811010,4138.0
CHN,FIN,811292,4074.0
CHN,FIN,850511,24658135.0
CHN,FJI,720292,21091.0
CHN,FJI,850511,2064.0
CHN,FRA,250490,4595.0
CHN,FRA,251010,22.0
CHN,FRA,251110,74367.0
CHN,FRA,252800,2675.0
CHN,FRA,252910,1.0
CHN,FRA,260200,8419.0
CHN,FRA,260600,21266850.0
CHN,FRA,280429,1414915.0
CHN,FRA,280469,823603.0
CHN,FRA,280470,42999.0
CHN,FRA,280480,89681.0
CHN,FRA,282200,457222.0
CHN,FRA,283691,397470.0
CHN,FRA,711011,128.0
CHN,FRA,720292,1549.0
CHN,FRA,740311,5089.0
CHN,FRA,750210,3874.0
CHN,FRA,810194,933522.0
CHN,FRA,810320,33211.0
CHN,FRA,810411,2024850.0
CHN,FRA,810820,240344.0
CHN,FRA,811010,10875930.0
CHN,FRA,811292,405035.0
CHN,FRA,850511,71141012.0
CHN,GAB,720292,10.0
CHN,GAB,850511,11482.0
CHN,GBR,250490,551011.0
CHN,GBR,251110,449781.0
CHN,GBR,252800,11780.0
CHN,GBR,252922,202658.0
CHN,GBR,260200,1884972.0
CHN,GBR,260600,2684992.0
CHN,GBR,270112,17196.0
CHN,GBR,280429,273705.0
CHN,GBR,280469,5665532.0
CHN,GBR,280470,1739565.0
CHN,GBR,280480,45159.0
CHN,GBR,282200,618449.0
CHN,GBR,283691,7161.0
CHN,GBR,720292,1896169.0
CHN,GBR,720293,626520.0
CHN,GBR,740311,1.0
CHN,GBR,750210,1655.0
CHN,GBR,810194,4807065.0
CHN,GBR,810320,5384412.0
CHN,GBR,810411,5986117.0
CHN,GBR,810820,1407569.0
CHN,GBR,811010,1391409.0
CHN,GBR,811292,14602314.0
CHN,GBR,850511,55857229.0
CHN,GEO,270112,730.0
CHN,GEO,280469,75000.0
CHN,GEO,810411,640000.0
CHN,GEO,850511,57856.0
CHN,GHA,251110,3.0
CHN,GHA,252800,51932.0
CHN,GHA,252910,408118.0
CHN,GHA,260600,701178.0
CHN,GHA,280429,15503.0
CHN,GHA,280469,537758.0
CHN,GHA,283692,9920.0
CHN,GHA,810411,94923.0
CHN,GHA,810820,627.0
CHN,GHA,811292,932.0
CHN,GHA,850511,101447.0
CHN,GIN,251110,5360.0
CHN,GIN,252800,102023.0
CHN,GIN,280469,353150.0
CHN,GIN,850511,2933.0
CHN,GMB,251010,14229.0
CHN,GMB,251110,8.0
CHN,GMB,280469,17975.0
CHN,GRC,260600,689492.0
CHN,GRC,280469,1509723.0
CHN,GRC,280480,49073.0
CHN,GRC,282200,117575.0
CHN,GRC,810411,32266806.0
CHN,GRC,810820,171879.0
CHN,GRC,850511,779692.0
CHN,GTM,260200,61719.0
CHN,GTM,280429,7638.0
CHN,GTM,280469,492.0
CHN,GTM,283691,8175.000000000001
CHN,GTM,283692,19385.0
CHN,GTM,720292,149373.0
CHN,GTM,810820,778.0
CHN,GTM,850511,59952.0
CHN,GUY,252800,13.0
CHN,GUY,850511,2069.0
CHN,HKG,250490,909.0
CHN,HKG,252800,401.0
CHN,HKG,252910,596700.0
CHN,HKG,252922,3211772.0
CHN,HKG,260200,11061.0
CHN,HKG,260600,61398.0
CHN,HKG,280429,4988192.0
CHN,HKG,280469,6985215.0
CHN,HKG,280480,842160.0
CHN,HKG,282200,3385097.0
CHN,HKG,283692,5.0
CHN,HKG,711011,787155.0
CHN,HKG,711021,692163.0
CHN,HKG,750210,495504.0
CHN,HKG,810194,1070059.0
CHN,HKG,810320,4622393.0
CHN,HKG,810411,502338.0
CHN,HKG,810820,1354.0
CHN,HKG,811010,700239.0
CHN,HKG,811292,41767862.0
CHN,HKG,850511,21962711.0
CHN,HND,810820,2651.0
CHN,HND,850511,687425.0
CHN,HRV,251110,45000.0
CHN,HRV,260600,10607580.0
CHN,HRV,280469,2943396.0
CHN,HRV,740311,1287.0
CHN,HRV,810411,4982450.0
CHN,HRV,810820,7844.0
CHN,HRV,850511,1490981.0
CHN,HTI,850511,337.0
CHN,HUN,250490,70.0
CHN,HUN,280469,403103.0
CHN,HUN,810194,99.0
CHN,HUN,810320,774.0
CHN,HUN,810411,3280948.0
CHN,HUN,810820,3823.0
CHN,HUN,850511,51305637.0
CHN,IDN,250490,391649.0
CHN,IDN,251110,7678851.0
CHN,IDN,252800,37.0
CHN,IDN,252910,740789.0
CHN,IDN,252922,100918.0
CHN,IDN,260200,5478977.0
CHN,IDN,260600,117121.0
CHN,IDN,270112,181571511.0
CHN,IDN,280429,45218.0
CHN,IDN,280469,48108021.0
CHN,IDN,280470,60034.0
CHN,IDN,280480,254421.0
CHN,IDN,282200,1763486.0
CHN,IDN,283691,516176.00000000006
CHN,IDN,283692,186359.0
CHN,IDN,711011,1809.0
CHN,IDN,720292,2938995.0
CHN,IDN,720293,697.0
CHN,IDN,740311,75567246.0
CHN,IDN,750210,218166.0
CHN,IDN,810194,79140.0
CHN,IDN,810320,7312080.0
CHN,IDN,810411,8507015.0
CHN,IDN,810820,62882.0
CHN,IDN,811010,2730438.0
CHN,IDN,811292,84229.0
CHN,IDN,850511,17333104.0
CHN,IND,250490,121685.0
CHN,IND,251110,4266386.0
CHN,IND,252910,20145.0
CHN,IND,252922,11053703.0
CHN,IND,260200,191630.0
CHN,IND,260600,34052892.0
CHN,IND,270112,30134000.0
CHN,IND,280429,29654.0
CHN,IND,280469,157048641.0
CHN,IND,280470,353.0
CHN,IND,280480,1231052.0
CHN,IND,282200,1427026.0
CHN,IND,283691,37256.0
CHN,IND,283692,542301.0
CHN,IND,711011,10222.0
CHN,IND,720292,1711305.0
CHN,IND,740311,1086.0
CHN,IND,750210,59406893.0
CHN,IND,810194,1981766.0
CHN,IND,810320,160548.0
CHN,IND,810411,107091574.0
CHN,IND,810820,975323.0
CHN,IND,811010,4798482.0
CHN,IND,811292,132368.0
CHN,IND,850511,126166015.0
CHN,IRL,250490,21.0
CHN,IRL,251010,21.0
CHN,IRL,251110,291873.0
CHN,IRL,252800,4216.0
CHN,IRL,260600,20836.0
CHN,IRL,270112,37.0
CHN,IRL,280429,26000.0
CHN,IRL,280469,78.0
CHN,IRL,280470,266.0
CHN,IRL,280480,178.0
CHN,IRL,283691,188.0
CHN,IRL,711011,881.0
CHN,IRL,740311,18.0
CHN,IRL,810820,5235341.0
CHN,IRL,811010,44.0
CHN,IRL,811292,164.0
CHN,IRL,850511,1691050.0
CHN,IRN,250490,258221.0
CHN,IRN,251110,29197.0
CHN,IRN,252910,1518976.0
CHN,IRN,260200,1444493.0
CHN,IRN,260600,2629702.0
CHN,IRN,280429,101066.0
CHN,IRN,280469,10812651.0
CHN,IRN,280480,25808.0
CHN,IRN,282200,1011443.0
CHN,IRN,720292,43269.0
CHN,IRN,750210,3045943.0
CHN,IRN,810194,1800.0
CHN,IRN,810411,3867303.0
CHN,IRN,810820,221810.0
CHN,IRN,811010,1183795.0
CHN,IRN,850511,4670845.0
CHN,IRQ,252800,187605.0
CHN,IRQ,280469,692544.0
CHN,IRQ,850511,413424.0
CHN,ISL,260200,168146.0
CHN,ISL,280469,27701252.0
CHN,ISL,283691,122.0
CHN,ISL,720292,49.0
CHN,ISL,810411,8824340.0
CHN,ISL,810820,792507.0
CHN,ISL,850511,95451.0
CHN,ISR,250490,20.0
CHN,ISR,251110,7.0
CHN,ISR,252922,23000.0
CHN,ISR,270112,293000.0
CHN,ISR,280429,81109.0
CHN,ISR,280469,155045.0
CHN,ISR,280470,142184.0
CHN,ISR,280480,33000.0
CHN,ISR,283691,5931.0
CHN,ISR,711021,1000.0
CHN,ISR,720292,406720.0
CHN,ISR,740311,6000.0
CHN,ISR,810194,68000.0
CHN,ISR,810320,8487519.0
CHN,ISR,810820,41224.0
CHN,ISR,811292,27973.0
CHN,ISR,850511,5159735.0
CHN,ITA,250490,6621.0
CHN,ITA,251110,10199279.0
CHN,ITA,252800,39068.0
CHN,ITA,252922,25783930.0
CHN,ITA,260200,24986.0
CHN,ITA,260600,2554391.0
CHN,ITA,280429,128452.0
CHN,ITA,280469,30978669.0
CHN,ITA,280480,28432.0
CHN,ITA,282200,22080.0
CHN,ITA,283691,297239.0
CHN,ITA,711021,9911069.0
CHN,ITA,750210,137285.0
CHN,ITA,810194,304633.0
CHN,ITA,810411,21800112.0
CHN,ITA,810820,3447170.0
CHN,ITA,811010,433342.0
CHN,ITA,811292,87790.0
CHN,ITA,850511,153219064.0
CHN,JAM,850511,18397.0
CHN,JOR,251110,36266.0
CHN,JOR,280429,32582.0
CHN,JOR,280469,260762.99999999997
CHN,JOR,283692,12.0
CHN,JOR,720292,3450.0
CHN,JOR,720293,5875.0
CHN,JOR,750210,2259.0
CHN,JOR,810411,26650.0
CHN,JOR,850511,232265.0
CHN,JPN,250490,8099908.0
CHN,JPN,251010,4968687.0
CHN,JPN,251110,10472174.0
CHN,JPN,252800,43281.0
CHN,JPN,252910,434023.0
CHN,JPN,252922,13076792.0
CHN,JPN,260200,12175.0
CHN,JPN,260600,10760448.0
CHN,JPN,270112,51269876.0
CHN,JPN,280429,75400384.0
CHN,JPN,280469,530841393.00000006
CHN,JPN,280470,159557.0
CHN,JPN,280480,32368.000000000004
CHN,JPN,282200,7874671.0
CHN,JPN,283691,328126595.0
CHN,JPN,283692,3831867.0
CHN,JPN,711021,12499.0
CHN,JPN,720292,47469022.0
CHN,JPN,720293,255647.0
CHN,JPN,740311,13505953.0
CHN,JPN,750210,22443039.0
CHN,JPN,810194,34283099.0
CHN,JPN,810320,920554.0
CHN,JPN,810411,88873531.0
CHN,JPN,810820,769530.0
CHN,JPN,811010,31717493.0
CHN,JPN,811292,24553618.0
CHN,JPN,850511,229683019.0
CHN,KAZ,250490,5.0
CHN,KAZ,251110,233.0
CHN,KAZ,252910,23800.0
CHN,KAZ,260200,9776.0
CHN,KAZ,260600,88053.0
CHN,KAZ,280469,306098.0
CHN,KAZ,282200,746.0
CHN,KAZ,283691,99.0
CHN,KAZ,283692,165379.0
CHN,KAZ,810411,2282402.0
CHN,KAZ,850511,1044713.0
CHN,KEN,251110,52114.0
CHN,KEN,252910,5391.0
CHN,KEN,260200,89325.0
CHN,KEN,280429,835.0
CHN,KEN,280469,47706.0
CHN,KEN,810411,17321.0
CHN,KEN,810820,32.0
CHN,KEN,850511,409885.0
CHN,KGZ,250490,39200.0
CHN,KGZ,252800,300.0
CHN,KGZ,252910,28123.0
CHN,KGZ,280469,355139.0
CHN,KGZ,850511,525358.0
CHN,KHM,251110,20585.0
CHN,KHM,252910,230881.0
CHN,KHM,270112,10934785.0
CHN,KHM,280429,65763.0
CHN,KHM,280469,372583.0
CHN,KHM,740311,4263.0
CHN,KHM,850511,10375030.0
CHN,KOR,250490,103722.0
CHN,KOR,251010,84892095.0
CHN,KOR,251110,10129958.0
CHN,KOR,252800,478770.0
CHN,KOR,252910,201319.0
CHN,KOR,252922,6680161.0
CHN,KOR,260200,3708.0
CHN,KOR,260600,9107878.0
CHN,KOR,270112,98278039.0
CHN,KOR,280429,493032746.0
CHN,KOR,280469,274631880.0
CHN,KOR,280470,3620129.0
CHN,KOR,280480,175076.0
CHN,KOR,282200,178835526.0
CHN,KOR,283691,257280115.0
CHN,KOR,283692,2531377.0
CHN,KOR,711011,8588.0
CHN,KOR,711021,29634.0
CHN,KOR,720292,58025139.0
CHN,KOR,720293,104032.0
CHN,KOR,740311,72816093.0
CHN,KOR,750210,19526355.0
CHN,KOR,810194,7632985.0
CHN,KOR,810320,36411.0
CHN,KOR,810411,69439960.0
CHN,KOR,810820,6380441.0
CHN,KOR,811010,17639728.0
CHN,KOR,811212,3003.0
CHN,KOR,811292,66337829.0
CHN,KOR,850511,490868537.0
CHN,KWT,250490,238.0
CHN,KWT,251110,97953.0
CHN,KWT,260600,127946.0
CHN,KWT,270112,6976.0
CHN,KWT,280469,152050.0
CHN,KWT,720292,1097.0
CHN,KWT,810194,12160.0
CHN,KWT,810411,40365.0
CHN,KWT,810820,2239.0
CHN,KWT,850511,170417.0
CHN,LAO,252910,1168.0
CHN,LAO,270112,239113.0
CHN,LAO,280469,3082886.0
CHN,LAO,280470,21675.0
CHN,LAO,283691,2515.0
CHN,LAO,740311,3006.0
CHN,LAO,850511,154405.0
CHN,LBN,250490,3680.0
CHN,LBN,251110,25702.0
CHN,LBN,260200,120.0
CHN,LBN,810411,32685.000000000004
CHN,LBN,810820,727.0
CHN,LBN,850511,77296.0
CHN,LBR,850511,6163.0
CHN,LBY,850511,63140.0
CHN,LKA,251110,2905.0
CHN,LKA,260200,1807.0
CHN,LKA,270112,10.0
CHN,LKA,280429,192.0
CHN,LKA,280469,20883.0
CHN,LKA,283691,132.0
CHN,LKA,810411,14328.0
CHN,LKA,850511,185922.0
CHN,LSO,810820,392.0
CHN,LTU,280469,71875.0
CHN,LTU,282200,205.0
CHN,LTU,810320,4941.0
CHN,LTU,810820,698.0
CHN,LTU,850511,920310.0
CHN,LUX,250490,13510.0
CHN,LUX,251110,5.0
CHN,LUX,252800,10.0
CHN,LUX,280429,4981.0
CHN,LUX,850511,26104.0
CHN,LVA,280469,2580.0
CHN,LVA,283691,12.0
CHN,LVA,850511,208875.0
CHN,MAC,252800,600.0
CHN,MAC,280429,58112.0
CHN,MAC,850511,217746.0
CHN,MAR,250490,15487.0
CHN,MAR,251110,691063.0
CHN,MAR,280429,735.0
CHN,MAR,280469,400484.0
CHN,MAR,810411,213150.0
CHN,MAR,810820,1459.0
CHN,MAR,811010,63093.0
CHN,MAR,850511,1046290.9999999999
CHN,MDA,251110,74.0
CHN,MDA,810820,2848.0
CHN,MDA,811292,186.0
CHN,MDA,850511,89843.0
CHN,MDG,252800,3.0
CHN,MDG,850511,50294.0
CHN,MDV,252800,1698.0
CHN,MDV,280429,10006.0
CHN,MDV,810820,2219.0
CHN,MDV,850511,8512.0
CHN,MEX,250490,85514.0
CHN,MEX,251110,148021.0
CHN,MEX,252922,49680.0
CHN,MEX,260600,4032963.0
CHN,MEX,280429,296166.0
CHN,MEX,280469,83706987.0
CHN,MEX,280470,232550.0
CHN,MEX,280480,57344.0
CHN,MEX,282200,1628100.0
CHN,MEX,283691,5.0
CHN,MEX,720292,2143888.0
CHN,MEX,740311,1500.0
CHN,MEX,810194,651979.0
CHN,MEX,810320,627969.0
CHN,MEX,810411,2629602.0
CHN,MEX,810820,73836.0
CHN,MEX,811292,516.0
CHN,MEX,850511,170244475.0
CHN,MHL,850511,4131.0
CHN,MKD,260600,196995.0
CHN,MKD,280480,13076.0
CHN,MKD,283691,33.0
CHN,MKD,720292,414084.0
CHN,MKD,810194,2800.0
CHN,MKD,811010,213867.0
CHN,MKD,850511,528185.0
CHN,MLI,250490,4822.0
CHN,MLI,850511,4506.0
CHN,MLT,280429,124.0
CHN,MLT,810820,10206.0
CHN,MLT,850511,123417.0
CHN,MMR,250490,10587.0
CHN,MMR,251110,5776.0
CHN,MMR,252800,8261.0
CHN,MMR,252910,29968.0
CHN,MMR,260200,8550.0
CHN,MMR,270112,295229.0
CHN,MMR,280469,532527.0
CHN,MMR,283692,421905.0
CHN,MMR,720292,107355.0
CHN,MMR,740311,171921.0
CHN,MMR,810194,139.0
CHN,MMR,850511,499426.0
CHN,MNE,280429,452.0
CHN,MNE,280469,843127.0
CHN,MNE,280470,44151.0
CHN,MNE,810411,819967.0
CHN,MNE,850511,43802.0
CHN,MNG,251110,300842.0
CHN,MNG,270112,1652401.0
CHN,MNG,711011,148.0
CHN,MNG,850511,7215.0
CHN,MOZ,250490,2297.0
CHN,MOZ,251110,36175.0
CHN,MOZ,252800,2891.0
CHN,MOZ,252910,402850.0
CHN,MOZ,260200,8994.0
CHN,MOZ,280469,380704.0
CHN,MOZ,810411,141209.0
CHN,MOZ,850511,5833.0
CHN,MRT,280429,166416.0
CHN,MRT,850511,2882.0
CHN,MSR,850511,3600.0
CHN,MUS,251110,702.0
CHN,MUS,280429,5718.0
CHN,MUS,280469,3630.0
CHN,MUS,850511,25134.0
CHN,MWI,280429,4196.0
CHN,MWI,850511,46.0
CHN,MYS,250490,7782.0
CHN,MYS,251010,6871772.0
CHN,MYS,251110,3468561.0
CHN,MYS,252800,79257.0
CHN,MYS,252910,201399.0
CHN,MYS,260200,705147.0
CHN,MYS,260600,4377370.0
CHN,MYS,270112,15551157.0
CHN,MYS,280429,1110598.0
CHN,MYS,280469,118936164.0
CHN,MYS,280470,21853.0
CHN,MYS,280480,29592.0
CHN,MYS,282200,581295.0
CHN,MYS,283691,19228.0
CHN,MYS,283692,30990.0
CHN,MYS,720292,98712.0
CHN,MYS,720293,9141.0
CHN,MYS,740311,35133697.0
CHN,MYS,750210,8447428.0
CHN,MYS,810194,1244932.0
CHN,MYS,810320,1351845.0
CHN,MYS,810411,12295584.0
CHN,MYS,810820,26687.0
CHN,MYS,811292,299017.0
CHN,MYS,850511,46631255.0
CHN,NAM,280429,3070.0
CHN,NAM,280469,440.0
CHN,NAM,850511,6586.0
CHN,NCL,850511,8098.000000000001
CHN,NER,250490,8830.0
CHN,NER,251110,1214509.0
CHN,NER,260200,7499.0
CHN,NER,280429,63797.0
CHN,NER,280469,1697.0
CHN,NER,850511,49036.0
CHN,NGA,250490,25920.0
CHN,NGA,251010,66772.0
CHN,NGA,251110,329178.0
CHN,NGA,252800,3800.0
CHN,NGA,252910,368150.0
CHN,NGA,260200,5000.0
CHN,NGA,260600,50817.0
CHN,NGA,270112,41646.0
CHN,NGA,280469,5536181.0
CHN,NGA,280470,43000.0
CHN,NGA,282200,887683.0
CHN,NGA,810411,1988366.0
CHN,NGA,810820,6803.0
CHN,NGA,850511,331860.0
CHN,NIC,280469,4.0
CHN,NIC,810194,43.0
CHN,NIC,850511,39083.0
CHN,NLD,250490,93329.0
CHN,NLD,251010,294458.0
CHN,NLD,251110,21146965.0
CHN,NLD,252910,45.0
CHN,NLD,252922,2199907.0
CHN,NLD,260600,14483127.0
CHN,NLD,270112,3308330.0
CHN,NLD,280469,27795169.0
CHN,NLD,280470,1600.0
CHN,NLD,280480,440681.0
CHN,NLD,282200,9515987.0
CHN,NLD,283691,17005.0
CHN,NLD,283692,44326.0
CHN,NLD,720292,13997720.0
CHN,NLD,720293,284110.0
CHN,NLD,750210,3260989.0
CHN,NLD,810194,5290986.0
CHN,NLD,810320,2371.0
CHN,NLD,810411,50870483.0
CHN,NLD,810820,6919189.0
CHN,NLD,811010,2479466.0
CHN,NLD,811292,2884264.0
CHN,NLD,850511,87547260.0
CHN,NOR,251110,15260.0
CHN,NOR,280429,317840.0
CHN,NOR,280469,87703469.0
CHN,NOR,283691,19594.0
CHN,NOR,720292,606.0
CHN,NOR,740311,568.0
CHN,NOR,810194,569.0
CHN,NOR,810320,3441.0
CHN,NOR,810411,83323246.0
CHN,NOR,810820,552935.0
CHN,NOR,811292,20397.0
CHN,NOR,850511,2914575.0
CHN,NPL,260200,2372.0
CHN,NPL,270112,4509.0
CHN,NPL,280429,78681.0
CHN,NPL,280469,18402.0
CHN,NPL,850511,32768.0
CHN,NRU,850511,5.0
CHN,NZL,250490,650.0
CHN,NZL,251010,27200293.0
CHN,NZL,251110,432972.0
CHN,NZL,252800,65.0
CHN,NZL,252910,51.0
CHN,NZL,260600,257672.00000000003
CHN,NZL,280429,790803.0
CHN,NZL,280469,248888.0
CHN,NZL,282200,93.0
CHN,NZL,283691,11665.0
CHN,NZL,720292,2034286.0
CHN,NZL,810194,439.0
CHN,NZL,810320,580.0
CHN,NZL,810411,6158724.0
CHN,NZL,811010,15259.0
CHN,NZL,850511,1438692.0
CHN,OMN,251110,91564.0
CHN,OMN,260600,21909.0
CHN,OMN,280469,3579389.0
CHN,OMN,282200,12616.0
CHN,OMN,720292,584000.0
CHN,OMN,810411,3053951.0
CHN,OMN,850511,25851.0
CHN,PAK,250490,22440.0
CHN,PAK,251110,111835.0
CHN,PAK,252800,3000.0
CHN,PAK,252910,3965159.0
CHN,PAK,252922,17799.0
CHN,PAK,260200,3000.0
CHN,PAK,260600,3213.0
CHN,PAK,270112,6597316.0
CHN,PAK,280469,1170434.0
CHN,PAK,280470,1777442.0
CHN,PAK,280480,126666.0
CHN,PAK,282200,1317515.0
CHN,PAK,283691,57947.0
CHN,PAK,283692,130513.0
CHN,PAK,720292,18918.0
CHN,PAK,740311,12497325.0
CHN,PAK,750210,645612.0
CHN,PAK,810411,1123499.0
CHN,PAK,811010,6563160.0
CHN,PAK,811292,37012.0
CHN,PAK,850511,2712105.0
CHN,PAN,280480,15584.0
CHN,PAN,283691,73889.0
CHN,PAN,283692,3167.0
CHN,PAN,810194,153.0
CHN,PAN,810820,1678.0
CHN,PAN,811010,34448.0
CHN,PAN,850511,407176.0
CHN,PER,260200,15823.0
CHN,PER,260600,239630.0
CHN,PER,280429,54075.0
CHN,PER,280469,172734.0
CHN,PER,280480,9207.0
CHN,PER,282200,4444.0
CHN,PER,283691,165620.0
CHN,PER,283692,52056.0
CHN,PER,720292,1373293.0
CHN,PER,740311,124818.0
CHN,PER,810194,22021.0
CHN,PER,810411,24348.0
CHN,PER,810820,160076.0
CHN,PER,811010,124896.0
CHN,PER,850511,670806.0
CHN,PHL,250490,134780.0
CHN,PHL,251010,3831.0
CHN,PHL,251110,654383.0
CHN,PHL,252910,260860.0
CHN,PHL,252922,174551.0
CHN,PHL,260200,35006.0
CHN,PHL,280429,10350268.0
CHN,PHL,280469,1640493.0
CHN,PHL,280470,38689.0
CHN,PHL,282200,197679.0
CHN,PHL,283691,51449.0
CHN,PHL,283692,2820.0
CHN,PHL,740311,23212.0
CHN,PHL,810194,3216.0
CHN,PHL,810320,3437103.0
CHN,PHL,810411,4196.0
CHN,PHL,810820,17942.0
CHN,PHL,811010,132656.0
CHN,PHL,811292,5812.0
CHN,PHL,850511,36126109.0
CHN,PNG,260600,357.0
CHN,PNG,280429,313.0
CHN,PNG,280469,1781.0
CHN,PNG,850511,15994.0
CHN,POL,250490,16327.000000000002
CHN,POL,251110,284889.0
CHN,POL,260600,3600026.0
CHN,POL,280429,103074.0
CHN,POL,280469,139829.0
CHN,POL,280470,77000.0
CHN,POL,280480,85826.0
CHN,POL,282200,58520.0
CHN,POL,283691,207194.0
CHN,POL,711011,1420.0
CHN,POL,720292,571737.0
CHN,POL,750210,48221.0
CHN,POL,810194,110770.0
CHN,POL,810320,5871.0
CHN,POL,810411,5559849.0
CHN,POL,810820,385179.0
CHN,POL,811010,180272.0
CHN,POL,811292,10479.0
CHN,POL,850511,146479028.0
CHN,PRT,251110,147.0
CHN,PRT,260600,804447.0
CHN,PRT,280429,6825.0
CHN,PRT,280469,5.0
CHN,PRT,283692,85349.0
CHN,PRT,810194,40858.0
CHN,PRT,810411,380.0
CHN,PRT,810820,17775.0
CHN,PRT,811292,1364.0
CHN,PRT,850511,5686369.0
CHN,PRY,251010,210.0
CHN,PRY,252800,1600.0
CHN,PRY,280469,27064.0
CHN,PRY,283691,99624.0
CHN,PRY,720292,2500.0
CHN,PRY,810194,3776.0
CHN,PRY,810411,2217810.0
CHN,PRY,810820,171.0
CHN,PRY,850511,49218.0
CHN,PSE,850511,13851.0
CHN,PYF,280429,3309.0
CHN,PYF,720292,42.0
CHN,PYF,810320,30.0
CHN,PYF,810820,76.0
CHN,PYF,850511,30475.0
CHN,QAT,251110,26223.0
CHN,QAT,260600,19256.0
CHN,QAT,280469,66016594.0
CHN,QAT,720293,29882.0
CHN,QAT,810411,15645679.0
CHN,QAT,810820,652573.0
CHN,QAT,850511,206852.0
CHN,ROU,250490,150.0
CHN,ROU,251110,9840.0
CHN,ROU,280429,1880.0
CHN,ROU,280469,261091.0
CHN,ROU,810194,96715.0
CHN,ROU,810320,10526.0
CHN,ROU,810411,15405623.0
CHN,ROU,810820,19738.0
CHN,ROU,811292,23831.0
CHN,ROU,850511,2284644.0
CHN,RUS,250490,25103.0
CHN,RUS,251110,848701.0
CHN,RUS,252800,39674.0
CHN,RUS,252910,24006.0
CHN,RUS,260200,252.0
CHN,RUS,260600,1339936.0
CHN,RUS,280429,3247361.0
CHN,RUS,280469,18775697.0
CHN,RUS,280470,1868711.0
CHN,RUS,282200,2937937.0
CHN,RUS,283691,19139082.0
CHN,RUS,283692,826881.0
CHN,RUS,720293,36559251.0
CHN,RUS,810194,775909.0
CHN,RUS,810320,2744310.0
CHN,RUS,810411,35392181.0
CHN,RUS,810820,1045988.0
CHN,RUS,811010,215950.0
CHN,RUS,811292,543228.0
CHN,RUS,850511,63458495.0
CHN,RWA,850511,5330.0
CHN,S19,250490,344306.0
CHN,S19,251110,3436147.0
CHN,S19,252800,16435.0
CHN,S19,252910,22544766.0
CHN,S19,252922,3338641.0
CHN,S19,260600,8305942.999999999
CHN,S19,280429,43428589.0
CHN,S19,280469,31858346.0
CHN,S19,280470,95890.0
CHN,S19,280480,67.0
CHN,S19,282200,3257658.0
CHN,S19,283691,14891451.0
CHN,S19,283692,601319.0
CHN,S19,711021,7454.0
CHN,S19,720292,13665129.0
CHN,S19,720293,25853.0
CHN,S19,740311,528258064.99999994
CHN,S19,750210,7926175.0
CHN,S19,810194,65572.0
CHN,S19,810320,2090016.9999999998
CHN,S19,810411,21937737.0
CHN,S19,810820,6871514.0
CHN,S19,811010,581319.0
CHN,S19,811292,475323.0
CHN,S19,850511,124416450.0
CHN,SAU,250490,1256.0
CHN,SAU,251110,754177.0
CHN,SAU,252800,1903.0
CHN,SAU,252910,3963112.0
CHN,SAU,252922,31268.0
CHN,SAU,260200,6945.0
CHN,SAU,260600,7864760.0
CHN,SAU,270112,190358.0
CHN,SAU,280429,115983.0
CHN,SAU,280469,5528960.0
CHN,SAU,711011,701170.0
CHN,SAU,740311,2781172.0
CHN,SAU,750210,45062.0
CHN,SAU,810194,30615.0
CHN,SAU,810320,3402.0
CHN,SAU,810411,26854781.0
CHN,SAU,810820,28090.0
CHN,SAU,811292,758.0
CHN,SAU,850511,1232055.0
CHN,SDN,251110,32503.0
CHN,SDN,252910,1764.0
CHN,SDN,280429,1130.0
CHN,SDN,850511,9057.0
CHN,SEN,250490,253.0
CHN,SEN,251110,365980.0
CHN,SEN,252800,193982.0
CHN,SEN,252910,1056881.0
CHN,SEN,260600,449235.0
CHN,SEN,280429,39679.0
CHN,SEN,280469,151589.0
CHN,SEN,850511,20960.0
CHN,SGP,250490,7257.0
CHN,SGP,251010,48499.0
CHN,SGP,251110,97520.0
CHN,SGP,252910,23815.0
CHN,SGP,252922,24140.0
CHN,SGP,260200,10145.0
CHN,SGP,260600,1927854.0
CHN,SGP,280429,40239975.0
CHN,SGP,280469,45663.0
CHN,SGP,280470,2174.0
CHN,SGP,280480,348.0
CHN,SGP,282200,494220.0
CHN,SGP,283691,1782.0
CHN,SGP,283692,305.0
CHN,SGP,720292,116.0
CHN,SGP,740311,15169079.0
CHN,SGP,750210,23499435.0
CHN,SGP,810194,153715.0
CHN,SGP,810320,124.0
CHN,SGP,810411,3164516.0
CHN,SGP,810820,532.0
CHN,SGP,811010,487.0
CHN,SGP,811292,13430313.0
CHN,SGP,850511,15112310.0
CHN,SLE,850511,404.0
CHN,SLV,280469,42.0
CHN,SLV,720292,87304.0
CHN,SLV,810194,247.0
CHN,SLV,810320,22280919.0
CHN,SLV,810820,1049.0
CHN,SLV,850511,1134653.0
CHN,SMR,850511,2990.0
CHN,SOM,850511,5989.0
CHN,SRB,250490,186.0
CHN,SRB,251110,15799.0
CHN,SRB,260600,104709.0
CHN,SRB,280469,553869.0
CHN,SRB,280470,52625.0
CHN,SRB,720292,3044.0
CHN,SRB,740311,2129.0
CHN,SRB,810194,7913.0
CHN,SRB,810411,5987792.0
CHN,SRB,810820,12328.0
CHN,SRB,811292,2793.0
CHN,SRB,850511,11949277.0
CHN,SSD,850511,21155.0
CHN,SUR,850511,1102.0
CHN,SVK,250490,18655.0
CHN,SVK,251110,134416.0
CHN,SVK,252922,182.0
CHN,SVK,260600,46763.0
CHN,SVK,270112,81.0
CHN,SVK,280429,93805.0
CHN,SVK,280469,200.0
CHN,SVK,282200,331.0
CHN,SVK,283691,66.0
CHN,SVK,711021,740.0
CHN,SVK,720292,240568.0
CHN,SVK,810320,5174.0
CHN,SVK,810411,122924.0
CHN,SVK,810820,1853.0
CHN,SVK,811292,227997.0
CHN,SVK,850511,10206837.0
CHN,SVN,250490,85200.0
CHN,SVN,251110,12005.0
CHN,SVN,260600,2020332.0
CHN,SVN,280429,63803.0
CHN,SVN,280469,960882.0
CHN,SVN,283691,7674.0
CHN,SVN,740311,537.0
CHN,SVN,750210,1417068.0
CHN,SVN,810194,1712.0
CHN,SVN,810411,9399992.0
CHN,SVN,810820,85839.0
CHN,SVN,811010,230679.0
CHN,SVN,850511,32065444.0
CHN,SWE,250490,554.0
CHN,SWE,251110,521835.00000000006
CHN,SWE,252800,3460.0
CHN,SWE,270112,9267517.0
CHN,SWE,280429,73900.0
CHN,SWE,280469,142578.0
CHN,SWE,711021,222557.0
CHN,SWE,720292,198.0
CHN,SWE,750210,10678.0
CHN,SWE,810194,12458.0
CHN,SWE,810320,9393.0
CHN,SWE,810411,52928.0
CHN,SWE,810820,1009282.0
CHN,SWE,811292,34209.0
CHN,SWE,850511,14358317.0
CHN,SWZ,850511,350.0
CHN,SYC,282200,2383.0
CHN,SYC,850511,20100.0
CHN,SYR,250490,6650.0
CHN,SYR,251110,39000.0
CHN,SYR,810411,52500.0
CHN,SYR,850511,24656.0
CHN,TCD,251110,111871.0
CHN,TCD,260200,450.0
CHN,TCD,850511,348.0
CHN,TGO,252800,1813.0
CHN,TGO,280469,181041.0
CHN,TGO,850511,8721.0
CHN,THA,250490,57560.0
CHN,THA,251010,1194.0
CHN,THA,251110,2044960.0
CHN,THA,252910,129559.0
CHN,THA,252922,312379.0
CHN,THA,260200,61021.0
CHN,THA,260600,9342115.0
CHN,THA,270112,1670286.0
CHN,THA,280429,938909.0
CHN,THA,280469,174201218.0
CHN,THA,280470,289942.0
CHN,THA,280480,133405.0
CHN,THA,282200,6999273.0
CHN,THA,283691,480739.0
CHN,THA,283692,188760.0
CHN,THA,711011,87120.0
CHN,THA,720292,309009.0
CHN,THA,720293,218966.0
CHN,THA,740311,105801291.0
CHN,THA,750210,3800036.0
CHN,THA,810194,70968.0
CHN,THA,810320,20976.0
CHN,THA,810411,27722038.0
CHN,THA,810820,40805.0
CHN,THA,811010,4498241.0
CHN,THA,811292,201688.0
CHN,THA,850511,154529837.0
CHN,TJK,250490,1884.0
CHN,TJK,850511,730.0
CHN,TKM,260200,74850.0
CHN,TKM,850511,25988.0
CHN,TLS,850511,4209.0
CHN,TTO,810820,8951.0
CHN,TTO,850511,14731.0
CHN,TUN,251110,14080.0
CHN,TUN,280469,107295.0
CHN,TUN,280480,4747.0
CHN,TUN,740311,437249.0
CHN,TUN,810411,187528.0
CHN,TUN,810820,2228.0
CHN,TUN,811010,40739.0
CHN,TUN,811292,123876.0
CHN,TUN,850511,6032139.0
CHN,TUR,250490,505.0
CHN,TUR,251110,62064.0
CHN,TUR,252910,1060.0
CHN,TUR,252922,782.0
CHN,TUR,260600,27988422.0
CHN,TUR,270112,2310055.0
CHN,TUR,280429,47253.0
CHN,TUR,280469,37515588.0
CHN,TUR,280470,167200.0
CHN,TUR,280480,421953.0
CHN,TUR,282200,360741.0
CHN,TUR,283691,11.0
CHN,TUR,283692,267150.0
CHN,TUR,720292,5971373.0
CHN,TUR,720293,304671.0
CHN,TUR,740311,3205.0
CHN,TUR,750210,2186400.0
CHN,TUR,810194,240284.0
CHN,TUR,810320,10517.0
CHN,TUR,810411,76436962.0
CHN,TUR,810820,41699.0
CHN,TUR,811010,2563282.0
CHN,TUR,811292,137856.0
CHN,TUR,850511,36557062.0
CHN,TZA,250490,16940.0
CHN,TZA,251110,351770.0
CHN,TZA,252910,246194.0
CHN,TZA,260600,843.0
CHN,TZA,280429,1864.0
CHN,TZA,280469,88607.0
CHN,TZA,280480,3560.0
CHN,TZA,283691,90.0
CHN,TZA,740311,1943.0
CHN,TZA,810411,95141.0
CHN,TZA,850511,20953.0
CHN,UGA,251110,32427.999999999996
CHN,UGA,252910,85329.0
CHN,UGA,280429,9463.0
CHN,UGA,280469,62471.0
CHN,UGA,810194,9.0
CHN,UGA,850511,2225.0
CHN,UKR,251110,48006.0
CHN,UKR,260600,592284.0
CHN,UKR,280429,200734.0
CHN,UKR,280469,1503673.0
CHN,UKR,280470,140723.0
CHN,UKR,280480,15052.0
CHN,UKR,282200,25268.0
CHN,UKR,283691,1.0
CHN,UKR,720292,399325.0
CHN,UKR,740311,155.0
CHN,UKR,750210,390741.0
CHN,UKR,810320,6121.0
CHN,UKR,810411,268197.0
CHN,UKR,811010,73471.0
CHN,UKR,811292,15484.0
CHN,UKR,850511,2862424.0
CHN,URY,280429,4787.0
CHN,URY,810820,455.0
CHN,URY,850511,57498.0
CHN,USA,250490,6087649.0
CHN,USA,251110,58125083.0
CHN,USA,252800,13286.0
CHN,USA,252910,119253.0
CHN,USA,252922,52282428.0
CHN,USA,260600,31889157.0
CHN,USA,280429,29847549.0
CHN,USA,280469,440241.0
CHN,USA,280470,1020488.0
CHN,USA,280480,1421162.0
CHN,USA,282200,1450049.0
CHN,USA,283691,276030.0
CHN,USA,283692,197496.0
CHN,USA,711021,3950.0
CHN,USA,720292,2011627.0
CHN,USA,720293,18700.0
CHN,USA,740311,5083818.0
CHN,USA,750210,389435.0
CHN,USA,810194,11528408.0
CHN,USA,810320,78330106.0
CHN,USA,810411,24076113.0
CHN,USA,810820,3816936.0
CHN,USA,811010,30517974.0
CHN,USA,811292,25020474.0
CHN,USA,850511,532637988.0
CHN,UZB,250490,90.0
CHN,UZB,251110,13079.0
CHN,UZB,252800,874.0
CHN,UZB,252910,298983.0
CHN,UZB,280469,147471.0
CHN,UZB,280470,279912.0
CHN,UZB,282200,373862.0
CHN,UZB,810411,183899.0
CHN,UZB,810820,29.0
CHN,UZB,811292,16.0
CHN,UZB,850511,655102.0
CHN,VCT,850511,690.0
CHN,VEN,280469,305550.0
CHN,VEN,850511,40382.0
CHN,VNM,250490,22934.0
CHN,VNM,251110,2827094.0
CHN,VNM,252800,11070.0
CHN,VNM,252910,2025658.0
CHN,VNM,260200,1489634.0
CHN,VNM,260600,2287625.0
CHN,VNM,280429,71083.0
CHN,VNM,280469,27022824.0
CHN,VNM,280470,44261.0
CHN,VNM,282200,1194502.0
CHN,VNM,283691,53540.0
CHN,VNM,283692,238929.0
CHN,VNM,720292,449392.0
CHN,VNM,720293,33968.0
CHN,VNM,740311,385560482.0
CHN,VNM,750210,160362.0
CHN,VNM,810194,572220.0
CHN,VNM,810411,13819742.0
CHN,VNM,810820,313895.0
CHN,VNM,811010,5487.0
CHN,VNM,811292,660.0
CHN,VNM,850511,338742323.0
CHN,YEM,251110,3.0
CHN,YEM,850511,37386.0
CHN,ZAF,250490,17603.0
CHN,ZAF,251110,659427.0
CHN,ZAF,252922,53600.0
CHN,ZAF,260200,4372.0
CHN,ZAF,260600,3923420.0
CHN,ZAF,280469,7644794.0
CHN,ZAF,280470,886731.0
CHN,ZAF,280480,56583.0
CHN,ZAF,720292,3.0
CHN,ZAF,720293,232000.0
CHN,ZAF,740311,1629424.0
CHN,ZAF,810194,2247.0
CHN,ZAF,810320,2991.0
CHN,ZAF,810411,29139318.0
CHN,ZAF,810820,121381.0
CHN,ZAF,811010,1041847.0
CHN,ZAF,811292,3349.0
CHN,ZAF,850511,2627348.0
CHN,ZMB,251110,686716.0
CHN,ZMB,252910,81005.0
CHN,ZMB,280469,11963.0
CHN,ZMB,740311,78.0
CHN,ZMB,850511,9704.0
CHN,ZWE,250490,12084.0
CHN,ZWE,251110,54157.0
CHN,ZWE,252800,6000.0
CHN,ZWE,252910,2446.0
CHN,ZWE,280469,221.0
CHN,ZWE,280480,177.0
CHN,ZWE,740311,163.0
CHN,ZWE,810194,13.0
CHN,ZWE,810820,67.0
CHN,ZWE,850511,1091.0
CIV,AGO,850511,10926.0
CIV,BFA,280429,1102.0
CIV,CHE,850511,21.0
CIV,CHN,260200,69656326.0
CIV,CHN,260600,525.0
CIV,DEU,260200,5591.0
CIV,EST,260200,3864234.0
CIV,FRA,260600,47.0
CIV,FRA,740311,55314.0
CIV,IND,260200,10793900.0
CIV,LVA,260200,3620876.0
CIV,MLI,280429,346.0
CIV,ZAF,250490,17.0
CMR,CHN,260600,1845.0
CMR,CIV,280429,199.0
CMR,COG,280429,2179.0
CMR,COG,850511,481.0
CMR,IND,280469,821548.0
CMR,NGA,280469,1791.0
CMR,THA,850511,1784.0
COD,ARE,740311,1037169256.0
COD,BHR,740311,34118545.0
COD,BRA,282200,9469922.0
COD,CAN,740311,71307858.0
COD,CHN,282200,4122.0
COD,CHN,740311,6844509149.0
COD,DEU,740311,138309214.0
COD,EGY,740311,525262731.99999994
COD,ESP,740311,722012574.0
COD,FRA,740311,40003612.0
COD,IDN,740311,6199141.0
COD,IND,740311,3445172.0
COD,ITA,740311,546431909.0
COD,JPN,740311,23823758.0
COD,KOR,282200,8013555.0
COD,KOR,740311,840730867.0
COD,MYS,740311,17392074.0
COD,NAM,282200,115645665.0
COD,NLD,282200,629.0
COD,NLD,740311,31225050.0
COD,PAK,740311,1788229.0
COD,S19,740311,54662518.0
COD,SAU,740311,810969712.0
COD,THA,740311,302440958.0
COD,TUR,260200,350.0
COD,TUR,740311,6856008.0
COD,USA,740311,89566273.0
COD,ZAF,250490,55.0
COD,ZAF,282200,19.0
COD,ZAF,740311,101199240.0
COD,ZMB,260200,1380.0
COD,ZMB,282200,250972931.0
COD,ZMB,740311,49895.0
COG,AGO,251110,96174.0
COG,AGO,280429,4665.0
COG,ARE,740311,1876752492.0
COG,BGR,740311,545851.0
COG,CHN,740311,132653666.0
COG,CMR,280429,3423.0
COG,COD,251110,49813.0
COG,DEU,740311,12374488.0
COG,EGY,740311,16754466.0
COG,GAB,280429,3888.0
COG,GNQ,280429,121998.0
COG,GRC,740311,312570981.0
COG,IND,740311,1654698.0
COG,ITA,740311,407070967.0
COG,MYS,740311,4249880.0
COG,NAM,251110,144983.0
COG,NLD,740311,2804975.0
COG,NLD,850511,39.0
COG,PAK,740311,1716270.0
COG,S19,740311,1624599.0
COG,SAU,740311,25096930.0
COG,THA,740311,52086246.0
COG,VNM,740311,470676213.0
COG,ZAF,740311,1547750.0
COL,ARE,711021,198303.0
COL,ARG,270112,113993262.0
COL,ARG,850511,136.0
COL,AUS,850511,792.0
COL,AUT,850511,198.0
COL,BEL,270112,7775124.0
COL,BEL,850511,2.0
COL,BIH,270112,135342.0
COL,BOL,850511,1285.0
COL,BRA,252910,93.0
COL,BRA,270112,611459629.0
COL,CAN,260600,5.0
COL,CAN,270112,230669692.0
COL,CHE,711011,2380266.0
COL,CHE,850511,1183.0
COL,CHL,260600,30060.0
COL,CHL,270112,957672437.0
COL,CHL,280429,20334.0
COL,CHL,850511,191.0
COL,CHN,270112,59467655.0
COL,CRI,251010,23256.0
COL,CRI,850511,326.0
COL,CUB,270112,74746.0
COL,DEU,270112,250893910.0
COL,DEU,740311,214421.0
COL,DNK,270112,88431031.0
COL,DOM,270112,499906180.0
COL,DOM,850511,3767.0
COL,ECU,250490,35699.0
COL,ECU,251110,108405.0
COL,ECU,260600,1111.0
COL,ECU,270112,29809.0
COL,ECU,280429,12447.0
COL,ECU,280469,4459.0
COL,ECU,850511,1819.0
COL,ESP,252910,41.0
COL,ESP,270112,320382153.0
COL,FIN,270112,123130328.0
COL,FRA,250490,72.0
COL,FRA,270112,86280784.0
COL,FRA,711011,254462.0
COL,GAB,270112,836000.0
COL,GBR,270112,88458556.0
COL,GTM,251010,25574.0
COL,GTM,270112,181851481.0
COL,GTM,850511,585.0
COL,HRV,270112,3214.0
COL,IDN,270112,29340721.0
COL,IND,270112,4098000.0
COL,IRL,270112,232254858.0
COL,ISR,270112,1030843913.0
COL,ITA,252910,24.0
COL,ITA,270112,153580513.0
COL,ITA,711011,2774097.0
COL,JPN,270112,150343543.0
COL,KOR,270112,267184648.0
COL,KOR,850511,182.0
COL,LBY,850511,4527.0
COL,MAR,270112,95991269.0
COL,MEX,252910,1502.0
COL,MEX,270112,326781119.0
COL,MEX,850511,1225.0
COL,MOZ,251010,340.0
COL,MYS,270112,13377636.0
COL,NLD,270112,1765730659.0
COL,NOR,270112,192139412.0
COL,PAN,252800,26369.0
COL,PAN,270112,69957125.0
COL,PAN,280429,1120.0
COL,PAN,850511,858.0
COL,PER,252910,850.0
COL,PER,270112,58486505.0
COL,POL,270112,389699662.0
COL,ROU,270112,20628427.0
COL,S19,270112,84331386.0
COL,SEN,270112,5817144.0
COL,SGP,270112,4748466.0
COL,SLV,850511,245.0
COL,SVK,270112,45919635.0
COL,TUR,270112,1951981972.0
COL,UKR,270112,29356228.0
COL,USA,270112,355253051.0
COL,USA,280429,280095.0
COL,USA,711011,15696601.0
COL,USA,750210,823176.0
COL,USA,850511,10937.0
COL,VEN,251110,6416.0
COL,VEN,280469,1157.0
COL,ZAF,270112,4751837.0
CPV,PAN,250490,101.0
CRI,CHN,850511,300.0
CRI,CYP,850511,3.0
CRI,CZE,850511,389.0
CRI,DOM,280469,1590.0
CRI,ECU,280469,39040.0
CRI,FRA,850511,108.0
CRI,GTM,280469,16519.0
CRI,HUN,850511,1.0
CRI,ISR,850511,2.0
CRI,JAM,280429,85386.0
CRI,JAM,280469,9900.0
CRI,MYS,850511,6971.0
CRI,NIC,280469,39999.0
CRI,NIC,850511,522.0
CRI,NZL,850511,43.0
CRI,PAN,251010,7560.0
CRI,PAN,252910,2615.0
CRI,PAN,280469,1820.0
CRI,PAN,850511,21.0
CRI,SGP,280469,42.0
CRI,SVN,260600,33065.0
CRI,USA,280429,2.0
CRI,USA,850511,37518.0
CUB,SVN,750210,10111322.0
CUW,ARM,280429,52111.0
CUW,ARM,850511,833.0
CUW,GUY,251010,1160365.0
CXR,AUS,251010,1549598.0
CXR,NZL,251010,4665286.0
CYP,AUT,251010,3599.0
CYP,BEL,280429,8504.0
CYP,CPV,280429,19721.0
CYP,DEU,280429,30603.0
CYP,EST,850511,25.0
CYP,FRA,850511,387.0
CYP,GRC,280429,33166.0
CYP,GRC,850511,5078.0
CYP,HRV,850511,253.0
CYP,ISR,251110,1022753.0
CYP,ISR,280429,6000.0
CYP,MLT,850511,55896.0
CYP,MNE,280469,93675.0
CYP,MNE,810411,891585.0
CYP,NLD,251010,2627.0
CYP,NLD,251110,377.0
CYP,NLD,252800,1.0
CYP,NLD,252910,23.0
CYP,NLD,260200,12.0
CYP,NLD,260600,9.0
CYP,NLD,270112,1.0
CYP,NLD,280429,431.0
CYP,NLD,280469,16.0
CYP,NLD,282200,7.0
CYP,NLD,283691,135.0
CYP,NLD,283692,5.0
CYP,NLD,711021,34.0
CYP,NLD,720292,23.0
CYP,NLD,720293,2.0
CYP,NLD,740311,44.0
CYP,NLD,750210,113.0
CYP,NLD,810320,1.0
CYP,NLD,810411,31.0
CYP,NLD,811292,1.0
CYP,NLD,850511,180.0
CYP,ROU,850511,478.0
CYP,SGP,850511,1258.0
CZE,AGO,850511,4.0
CZE,ALB,850511,1584.0
CZE,AND,850511,13.0
CZE,ARE,251110,46714.0
CZE,ARE,283691,585.0
CZE,ARE,750210,71736.0
CZE,ARE,850511,5733.0
CZE,ARG,720292,770589.0
CZE,ARG,850511,5359.0
CZE,ARM,850511,101.0
CZE,AUS,280429,2749.0
CZE,AUS,810820,874.0
CZE,AUS,850511,151307.0
CZE,AUT,252800,91427.0
CZE,AUT,252910,6896.0
CZE,AUT,252922,249850.0
CZE,AUT,270112,1636456.0
CZE,AUT,280429,28970.0
CZE,AUT,711011,24702.0
CZE,AUT,720292,360487.0
CZE,AUT,720293,88439.0
CZE,AUT,740311,461.0
CZE,AUT,810411,5766.0
CZE,AUT,850511,793474.0
CZE,AZE,850511,57.0
CZE,BEL,252910,47983.0
CZE,BEL,252922,5730.0
CZE,BEL,280429,165.0
CZE,BEL,283691,125276.0
CZE,BEL,711011,262358.0
CZE,BEL,711021,363318.0
CZE,BEL,720292,215917.0
CZE,BEL,720293,136050.0
CZE,BEL,750210,189341.0
CZE,BEL,810820,31960.0
CZE,BEL,811292,837.0
CZE,BEL,850511,138267.0
CZE,BGR,260200,629.0
CZE,BGR,280429,200365.0
CZE,BGR,280469,129723.00000000001
CZE,BGR,811010,9224.0
CZE,BGR,850511,29996.0
CZE,BHR,720292,2898212.0
CZE,BHR,850511,786.0
CZE,BIH,283691,54.0
CZE,BIH,850511,896.0
CZE,BLR,850511,1076.0
CZE,BRA,252922,45095.0
CZE,BRA,720292,2366190.0
CZE,BRA,850511,5349.0
CZE,CAN,282200,5301.0
CZE,CAN,720292,11997547.0
CZE,CAN,850511,7035.0
CZE,CHE,252910,295982.0
CZE,CHE,280429,1815.0
CZE,CHE,283691,15571.0
CZE,CHE,711011,966830.0
CZE,CHE,711021,1782686.0
CZE,CHE,720292,17938.0
CZE,CHE,810411,163466.0
CZE,CHE,850511,2171449.0
CZE,CHL,850511,12690.0
CZE,CHN,252910,2.0
CZE,CHN,280469,415.0
CZE,CHN,720292,13673748.0
CZE,CHN,811292,246.0
CZE,CHN,850511,81447.0
CZE,COL,280429,2669.0
CZE,COL,720292,1677797.0
CZE,COL,850511,4902.0
CZE,CYP,850511,246.0
CZE,DEU,250490,147.0
CZE,DEU,251110,9315.0
CZE,DEU,252910,1936035.0
CZE,DEU,252922,792118.0
CZE,DEU,260200,28.0
CZE,DEU,260600,15101.0
CZE,DEU,280429,388781.0
CZE,DEU,280469,1005191.0
CZE,DEU,711011,1300491.0
CZE,DEU,711021,935444.0
CZE,DEU,720292,9653953.0
CZE,DEU,720293,74103.0
CZE,DEU,740311,1165144.0
CZE,DEU,750210,262634.0
CZE,DEU,810194,109066.0
CZE,DEU,810820,8824.0
CZE,DEU,811010,2194.0
CZE,DEU,850511,2987509.0
CZE,DNK,280429,9198.0
CZE,DNK,750210,1273.0
CZE,DNK,850511,38521.0
CZE,DOM,850511,901.0
CZE,ECU,720292,557592.0
CZE,ECU,850511,12089.0
CZE,EGY,850511,202.0
CZE,ESP,280469,182167.0
CZE,ESP,283692,21760.0
CZE,ESP,711011,13739.0
CZE,ESP,711021,1894.0
CZE,ESP,720292,2464282.0
CZE,ESP,740311,9153.0
CZE,ESP,850511,15376.0
CZE,EST,850511,26012.0
CZE,ETH,850511,162.0
CZE,FIN,252910,1428.0
CZE,FIN,720292,723468.0
CZE,FIN,750210,4505.0
CZE,FIN,850511,848925.0
CZE,FRA,260600,28899.0
CZE,FRA,280469,21082.0
CZE,FRA,711021,37432.0
CZE,FRA,720292,927330.0
CZE,FRA,720293,138784.0
CZE,FRA,740311,22214.0
CZE,FRA,750210,402020.0
CZE,FRA,810820,19434.0
CZE,FRA,811292,31153.0
CZE,FRA,850511,211255.0
CZE,GBR,250490,1537.0
CZE,GBR,251110,344.0
CZE,GBR,252910,12149.0
CZE,GBR,252922,299.0
CZE,GBR,280429,865.0
CZE,GBR,283691,67371.0
CZE,GBR,720292,77157.0
CZE,GBR,810820,3138.0
CZE,GBR,811292,2962.0
CZE,GBR,850511,309714.0
CZE,GEO,850511,1666.0
CZE,GHA,850511,5709.0
CZE,GRC,280429,337.0
CZE,GRC,810194,368.0
CZE,GRC,850511,3063.0
CZE,HKG,810820,7531.0
CZE,HKG,850511,4967.0
CZE,HRV,252922,30458.0
CZE,HRV,283691,84.0
CZE,HRV,740311,10041.0
CZE,HRV,850511,20906.0
CZE,HUN,250490,135.0
CZE,HUN,252910,273369.0
CZE,HUN,252922,487606.0
CZE,HUN,260600,8334.0
CZE,HUN,270112,40587456.0
CZE,HUN,280429,616622.0
CZE,HUN,280469,137451.0
CZE,HUN,720292,144036.0
CZE,HUN,740311,63.0
CZE,HUN,810411,1274511.0
CZE,HUN,850511,412144.0
CZE,IDN,252922,94102.0
CZE,IDN,850511,25363.0
CZE,IND,250490,137.0
CZE,IND,251110,318.0
CZE,IND,711011,126966.0
CZE,IND,720292,1039332.0000000001
CZE,IND,750210,355318.0
CZE,IND,850511,36796.0
CZE,IRL,270112,2218.0
CZE,IRL,280429,1089.0
CZE,IRL,850511,18371.0
CZE,IRN,850511,42.0
CZE,ISL,850511,1553.0
CZE,ISR,252922,325402.0
CZE,ISR,280429,2937.0
CZE,ISR,850511,2175.0
CZE,ITA,251110,28406.0
CZE,ITA,252910,51973.0
CZE,ITA,252922,6538.0
CZE,ITA,280429,1014.0
CZE,ITA,280469,116289.0
CZE,ITA,282200,18609.0
CZE,ITA,711011,40988.0
CZE,ITA,711021,229914.0
CZE,ITA,720292,773507.0
CZE,ITA,740311,440855.0
CZE,ITA,810820,21423479.0
CZE,ITA,850511,27380.0
CZE,JOR,720292,167207.0
CZE,JOR,850511,162.0
CZE,JPN,280429,18559.0
CZE,JPN,720292,33210559.0
CZE,JPN,810320,116579.0
CZE,JPN,850511,209578.0
CZE,KAZ,850511,2875.0
CZE,KEN,850511,181.0
CZE,KOR,280429,2867003.0
CZE,KOR,850511,226155.0
CZE,KWT,850511,1338.0
CZE,LBN,850511,1126.0
CZE,LTU,250490,1141.0
CZE,LTU,280429,18074.0
CZE,LTU,850511,23844.0
CZE,LUX,850511,1352.0
CZE,LVA,252922,460507.0
CZE,LVA,850511,5384.0
CZE,MAR,810820,21.0
CZE,MAR,850511,298.0
CZE,MDA,810194,2165.0
CZE,MDA,850511,789.0
CZE,MEX,720292,2024540.0
CZE,MEX,850511,28581.0
CZE,MKD,251110,1159.0
CZE,MKD,850511,435.0
CZE,MLT,850511,130.0
CZE,MNE,280429,45506.0
CZE,MNE,850511,349.0
CZE,MYS,280429,2851.0
CZE,MYS,720292,101670.0
CZE,MYS,850511,3801.0
CZE,NGA,850511,985.0
CZE,NLD,250490,25.0
CZE,NLD,251010,12869.0
CZE,NLD,251110,13816.0
CZE,NLD,252800,2081.0
CZE,NLD,252910,3704.0
CZE,NLD,252922,572.0
CZE,NLD,260200,1834.0
CZE,NLD,260600,8255.0
CZE,NLD,270112,66072.0
CZE,NLD,280429,17672.0
CZE,NLD,280469,43733.0
CZE,NLD,280470,2.0
CZE,NLD,280480,2.0
CZE,NLD,282200,5933.0
CZE,NLD,283691,25398.0
CZE,NLD,283692,235.0
CZE,NLD,711011,2221.0
CZE,NLD,711021,13262.0
CZE,NLD,720292,7298638.0
CZE,NLD,720293,68003.0
CZE,NLD,750210,94683.0
CZE,NLD,810194,1.0
CZE,NLD,810320,421.0
CZE,NLD,810411,8530.0
CZE,NLD,810820,100534.0
CZE,NLD,811010,59.0
CZE,NLD,811292,302.0
CZE,NLD,850511,218788.0
CZE,NOR,251110,186.0
CZE,NOR,252910,5.0
CZE,NOR,280469,656.0
CZE,NOR,282200,112.0
CZE,NOR,283691,1540.0
CZE,NOR,850511,76015.0
CZE,NPL,850511,109.0
CZE,NZL,280429,346.0
CZE,NZL,850511,578.0
CZE,PAK,850511,217.0
CZE,PER,850511,2103.0
CZE,PHL,740311,981.0
CZE,PHL,850511,236.0
CZE,POL,250490,241612.0
CZE,POL,252910,8055063.0
CZE,POL,252922,85869.0
CZE,POL,260200,20.0
CZE,POL,260600,10965.0
CZE,POL,270112,85758888.0
CZE,POL,280429,123391.0
CZE,POL,280469,245113.0
CZE,POL,283691,2631.0
CZE,POL,711011,530189.0
CZE,POL,720292,4613560.0
CZE,POL,740311,19669.0
CZE,POL,750210,131661.0
CZE,POL,810820,29917.0
CZE,POL,850511,613305.0
CZE,PRT,252922,44381.0
CZE,PRT,850511,113810.0
CZE,PRY,850511,9.0
CZE,QAT,850511,159.0
CZE,ROU,252910,194610.0
CZE,ROU,260600,158192.0
CZE,ROU,280429,226877.0
CZE,ROU,280469,104851.0
CZE,ROU,283691,796.0
CZE,ROU,810194,246.0
CZE,ROU,810820,18383.0
CZE,ROU,811010,5.0
CZE,ROU,850511,64659.00000000001
CZE,RUS,252800,146.0
CZE,RUS,252922,6584.0
CZE,RUS,711021,1576.0
CZE,RUS,850511,22981.0
CZE,S19,280429,4593.0
CZE,S19,720292,7747315.0
CZE,S19,810320,6.0
CZE,S19,850511,23997.0
CZE,SAU,850511,12759.0
CZE,SGP,280429,2862.0
CZE,SGP,850511,939.0
CZE,SLV,810320,25757314.0
CZE,SRB,251110,297.0
CZE,SRB,282200,3450.0
CZE,SRB,720292,1890.0
CZE,SRB,720293,62619.0
CZE,SRB,850511,3497.0
CZE,SVK,250490,5524.0
CZE,SVK,251010,7150.0
CZE,SVK,251110,162577.0
CZE,SVK,252800,189.0
CZE,SVK,252910,357108.0
CZE,SVK,252922,229857.0
CZE,SVK,260200,2782.0
CZE,SVK,260600,14612.0
CZE,SVK,270112,79067678.0
CZE,SVK,280429,1818508.0
CZE,SVK,280469,92934.0
CZE,SVK,283691,38136.0
CZE,SVK,711011,4304.0
CZE,SVK,720292,612639.0
CZE,SVK,720293,488104.0
CZE,SVK,740311,42795.0
CZE,SVK,750210,353590.0
CZE,SVK,810411,9662.0
CZE,SVK,810820,206.0
CZE,SVK,811292,86.0
CZE,SVK,850511,1313632.0
CZE,SVN,252910,92537.0
CZE,SVN,252922,36702.0
CZE,SVN,260200,18724.0
CZE,SVN,280469,36526.0
CZE,SVN,282200,1733.0
CZE,SVN,720292,1174692.0
CZE,SVN,720293,216251.0
CZE,SVN,750210,157102.0
CZE,SVN,850511,5185.0
CZE,SWE,252910,12548.0
CZE,SWE,252922,345232.0
CZE,SWE,720292,255130.0
CZE,SWE,810820,244790.0
CZE,SWE,850511,26094.0
CZE,THA,810320,262033.00000000003
CZE,THA,850511,2487.0
CZE,TUN,850511,29936.0
CZE,TUR,252800,14350.0
CZE,TUR,720292,10820657.0
CZE,TUR,740311,94214.0
CZE,TUR,810820,142051.0
CZE,TUR,811292,414.0
CZE,TUR,850511,19961.0
CZE,UKR,251110,8747.0
CZE,UKR,252910,508786.0
CZE,UKR,252922,33442.0
CZE,UKR,260600,4078.9999999999995
CZE,UKR,270112,13170121.0
CZE,UKR,720292,2916682.0
CZE,UKR,850511,20541.0
CZE,URY,810320,25.0
CZE,URY,850511,593.0
CZE,USA,280429,30053.0
CZE,USA,283691,3010.0
CZE,USA,720292,47228627.0
CZE,USA,740311,20548.0
CZE,USA,750210,6303.0
CZE,USA,810320,144111.0
CZE,USA,810820,5670.0
CZE,USA,850511,694269.0
CZE,UZB,252910,343.0
CZE,UZB,850511,27284.0
CZE,VNM,280429,2477.0
CZE,VNM,850511,177531.0
CZE,YEM,850511,13314.0
CZE,ZAF,850511,14860.0
CZE,ZWE,850511,699.0
DEU,ABW,850511,3177.0
DEU,AGO,280429,2711.0
DEU,AGO,850511,53.0
DEU,ALB,850511,12136.0
DEU,AND,850511,6.0
DEU,ARE,250490,460435.0
DEU,ARE,260600,3823.0
DEU,ARE,280429,7758.0
DEU,ARE,280469,293839.0
DEU,ARE,280470,27.0
DEU,ARE,282200,4331.0
DEU,ARE,283691,26882.0
DEU,ARE,711011,841284.0
DEU,ARE,711021,85.0
DEU,ARE,720293,54711.0
DEU,ARE,750210,8895.0
DEU,ARE,810820,405.0
DEU,ARE,811292,155603.0
DEU,ARE,850511,583068.0
DEU,ARG,252910,3051.0
DEU,ARG,280429,162088.0
DEU,ARG,283691,308935.0
DEU,ARG,283692,337.0
DEU,ARG,711011,2671517.0
DEU,ARG,711021,13568.0
DEU,ARG,720293,43732.0
DEU,ARG,810820,235671.0
DEU,ARG,811010,22.0
DEU,ARG,850511,111224.0
DEU,ARM,280429,1059.0
DEU,ARM,810194,1527.0
DEU,ARM,850511,13413.0
DEU,AUS,250490,14003.0
DEU,AUS,251110,2651.0
DEU,AUS,260600,14000.0
DEU,AUS,280429,30504.0
DEU,AUS,283692,732833.0
DEU,AUS,711011,335747.0
DEU,AUS,711021,6620.0
DEU,AUS,720292,22147.0
DEU,AUS,810320,89548.0
DEU,AUS,810820,137038.0
DEU,AUS,811292,2128364.0
DEU,AUS,850511,696120.0
DEU,AUT,250490,20010.0
DEU,AUT,251010,34295.0
DEU,AUT,251110,1240991.0
DEU,AUT,252800,43317.0
DEU,AUT,252910,559289.0
DEU,AUT,252922,1064947.0
DEU,AUT,260200,194126.0
DEU,AUT,260600,945276.0
DEU,AUT,270112,741828.0
DEU,AUT,280429,9581669.0
DEU,AUT,280469,10889696.0
DEU,AUT,280470,607.0
DEU,AUT,282200,126633.0
DEU,AUT,283691,2234748.0
DEU,AUT,283692,2125164.0
DEU,AUT,711011,21177869.0
DEU,AUT,711021,19461253.0
DEU,AUT,720292,624200.0
DEU,AUT,720293,342558.0
DEU,AUT,740311,232802718.0
DEU,AUT,750210,19038108.0
DEU,AUT,810411,312531.0
DEU,AUT,810820,994165.0
DEU,AUT,811010,1554.0
DEU,AUT,811292,478658.0
DEU,AUT,850511,17382880.0
DEU,AZE,280429,224636.0
DEU,AZE,810320,127.0
DEU,AZE,850511,2255.0
DEU,BDI,850511,35.0
DEU,BEL,250490,96824.0
DEU,BEL,251010,15088.0
DEU,BEL,251110,42019.0
DEU,BEL,252800,149263.0
DEU,BEL,252910,1336244.0
DEU,BEL,252922,1085242.0
DEU,BEL,260200,107823.0
DEU,BEL,260600,82577.0
DEU,BEL,270112,5076480.0
DEU,BEL,280429,3911683.0
DEU,BEL,280469,7170022.0
DEU,BEL,280470,176280.0
DEU,BEL,280480,4741.0
DEU,BEL,282200,3467.0
DEU,BEL,283691,4022229.0
DEU,BEL,283692,345005.0
DEU,BEL,711011,141675528.0
DEU,BEL,711021,125351469.0
DEU,BEL,720292,130655.0
DEU,BEL,720293,436478.0
DEU,BEL,740311,117446716.0
DEU,BEL,750210,9808451.0
DEU,BEL,810194,2429.0
DEU,BEL,810320,1081.0
DEU,BEL,810411,539496.0
DEU,BEL,810820,1898103.0
DEU,BEL,811010,380.0
DEU,BEL,811212,1816.0
DEU,BEL,811292,397840.0
DEU,BEL,850511,2294067.0
DEU,BEN,850511,3276.0
DEU,BFA,260600,2246.0
DEU,BFA,850511,1834.0
DEU,BGD,850511,25623.0
DEU,BGR,251110,442580.0
DEU,BGR,260600,19351.0
DEU,BGR,270112,74920.0
DEU,BGR,280429,11020.0
DEU,BGR,280470,428872.0
DEU,BGR,282200,199.0
DEU,BGR,283691,1243.0
DEU,BGR,283692,68428.0
DEU,BGR,711011,18956.0
DEU,BGR,720293,849256.0
DEU,BGR,740311,9388039.0
DEU,BGR,750210,1026846.0
DEU,BGR,810194,5290.0
DEU,BGR,810320,532.0
DEU,BGR,810411,33121.0
DEU,BGR,810820,3111.0
DEU,BGR,811010,581.0
DEU,BGR,811292,2322.0
DEU,BGR,850511,1595038.0
DEU,BHR,850511,11708.0
DEU,BIH,250490,335.0
DEU,BIH,750210,165963.0
DEU,BIH,850511,34450.0
DEU,BLR,252800,16673.0
DEU,BLR,850511,9778.0
DEU,BMU,850511,288.0
DEU,BOL,280469,101.0
DEU,BOL,280470,1537.0
DEU,BOL,850511,3198.0
DEU,BRA,250490,7153.0
DEU,BRA,251110,269391.0
DEU,BRA,252910,74495.0
DEU,BRA,252922,87298.0
DEU,BRA,260600,259.0
DEU,BRA,280429,234273.0
DEU,BRA,280469,61276.0
DEU,BRA,282200,173247.0
DEU,BRA,283691,1196.0
DEU,BRA,283692,555087.0
DEU,BRA,711011,20520402.0
DEU,BRA,711021,170186740.0
DEU,BRA,740311,5358.0
DEU,BRA,750210,34630.0
DEU,BRA,810194,65748.0
DEU,BRA,810820,4180.0
DEU,BRA,811010,11936.0
DEU,BRA,811292,19347.0
DEU,BRA,850511,908288.0
DEU,BRB,850511,63.0
DEU,BRN,850511,2216.0
DEU,BWA,280469,3822.0
DEU,BWA,282200,150.0
DEU,BWA,850511,15.0
DEU,CAN,250490,1196.0
DEU,CAN,251110,171469.0
DEU,CAN,252910,138.0
DEU,CAN,260200,2.0
DEU,CAN,280429,10345.0
DEU,CAN,280469,595.0
DEU,CAN,280480,1524.0
DEU,CAN,282200,360.0
DEU,CAN,283691,166598.0
DEU,CAN,283692,425692.0
DEU,CAN,711011,5754046.0
DEU,CAN,711021,13325502.0
DEU,CAN,720292,152334.0
DEU,CAN,720293,194754.0
DEU,CAN,740311,1814357.0
DEU,CAN,750210,1485407.0
DEU,CAN,810194,17023.0
DEU,CAN,810411,85.0
DEU,CAN,810820,1383380.0
DEU,CAN,811292,846189.0
DEU,CAN,850511,403184.0
DEU,CHE,250490,10481.0
DEU,CHE,251010,31768.0
DEU,CHE,251110,381113.0
DEU,CHE,252800,487.0
DEU,CHE,252910,14430.0
DEU,CHE,252922,40366.0
DEU,CHE,260200,14074.0
DEU,CHE,260600,37672.0
DEU,CHE,270112,199971.0
DEU,CHE,280429,5953005.0
DEU,CHE,280469,346807.0
DEU,CHE,280470,2563.0
DEU,CHE,282200,293869.0
DEU,CHE,283691,337521.0
DEU,CHE,283692,27555.0
DEU,CHE,711011,34776289.0
DEU,CHE,711021,27703691.0
DEU,CHE,720292,106254.0
DEU,CHE,720293,57391.0
DEU,CHE,740311,787819.0
DEU,CHE,750210,1886230.0
DEU,CHE,810194,89987.0
DEU,CHE,810320,17140.0
DEU,CHE,810411,1941.0
DEU,CHE,810820,1652256.0
DEU,CHE,811010,126711.0
DEU,CHE,811212,1565.0
DEU,CHE,811292,806921.0
DEU,CHE,850511,13622697.0
DEU,CHL,280429,23622.0
DEU,CHL,280480,1912.0
DEU,CHL,283691,143956.0
DEU,CHL,711011,36456.0
DEU,CHL,740311,2043.0000000000002
DEU,CHL,850511,79835.0
DEU,CHN,250490,37729.0
DEU,CHN,251010,1225.0
DEU,CHN,251110,46442.0
DEU,CHN,252910,427647.0
DEU,CHN,252922,71336.0
DEU,CHN,280429,244098.0
DEU,CHN,280469,6237.0
DEU,CHN,280470,3664.0
DEU,CHN,280480,1974375.0
DEU,CHN,282200,772.0
DEU,CHN,283691,120946.0
DEU,CHN,283692,6681041.0
DEU,CHN,711011,22231932.0
DEU,CHN,711021,101892363.0
DEU,CHN,720292,685709.0
DEU,CHN,720293,201246.0
DEU,CHN,740311,100681399.0
DEU,CHN,750210,31978.0
DEU,CHN,810194,63005.0
DEU,CHN,810320,2425894.0
DEU,CHN,810820,590083.0
DEU,CHN,811010,63.0
DEU,CHN,811292,13088055.0
DEU,CHN,850511,15811529.0
DEU,CIV,811292,874.0
DEU,CIV,850511,6062.0
DEU,CMR,282200,6.0
DEU,CMR,810411,20.0
DEU,CMR,850511,7913.0
DEU,COD,850511,12042.0
DEU,COL,251110,9023.0
DEU,COL,252800,13187.0
DEU,COL,252910,9299.0
DEU,COL,280429,5578.0
DEU,COL,283691,426.0
DEU,COL,283692,8233.0
DEU,COL,750210,39976.0
DEU,COL,850511,48526.0
DEU,CPV,280429,1987.0
DEU,CRI,282200,13365.0
DEU,CRI,850511,16996.0
DEU,CUB,850511,1634.0
DEU,CYP,252800,65.0
DEU,CYP,280429,2475.0
DEU,CYP,280469,1080.0
DEU,CYP,711011,344.0
DEU,CYP,811292,955.0
DEU,CYP,850511,35843.0
DEU,CZE,250490,45490.0
DEU,CZE,251110,612823.0
DEU,CZE,252800,28042.0
DEU,CZE,252910,700379.0
DEU,CZE,252922,1465746.0
DEU,CZE,260200,24607.0
DEU,CZE,260600,1388626.0
DEU,CZE,270112,4562805.0
DEU,CZE,280429,4528302.0
DEU,CZE,280469,2762407.0
DEU,CZE,280470,2054.0
DEU,CZE,280480,12380.0
DEU,CZE,282200,3403.0
DEU,CZE,283691,305929.0
DEU,CZE,283692,878702.0
DEU,CZE,711011,14525734.0
DEU,CZE,711021,3397953.0
DEU,CZE,720293,30889.0
DEU,CZE,740311,43943999.0
DEU,CZE,750210,3489314.0
DEU,CZE,810194,3004.0
DEU,CZE,810320,1475.0
DEU,CZE,810411,700807.0
DEU,CZE,810820,160105.0
DEU,CZE,811010,14886.0
DEU,CZE,811292,26873.0
DEU,CZE,850511,13527312.0
DEU,DNK,250490,1048.0
DEU,DNK,251110,349793.0
DEU,DNK,252800,21.0
DEU,DNK,252910,2290.0
DEU,DNK,252922,1828.0
DEU,DNK,260200,126747.0
DEU,DNK,260600,479289.0
DEU,DNK,270112,94766.0
DEU,DNK,280429,5063473.0
DEU,DNK,280469,30241.0
DEU,DNK,280480,24.0
DEU,DNK,282200,4816.0
DEU,DNK,283691,588958.0
DEU,DNK,283692,604.0
DEU,DNK,711011,6018.0
DEU,DNK,711021,159375.0
DEU,DNK,740311,152186.0
DEU,DNK,750210,4254731.0
DEU,DNK,810411,53379.0
DEU,DNK,810820,279104.0
DEU,DNK,811010,41.0
DEU,DNK,811292,10185.0
DEU,DNK,850511,2408604.0
DEU,DOM,250490,72.0
DEU,DOM,850511,3851.0
DEU,DZA,252922,35261.0
DEU,DZA,811010,95877.0
DEU,DZA,850511,13330.0
DEU,ECU,260600,437.0
DEU,ECU,280429,1853.0
DEU,ECU,283691,256.0
DEU,ECU,850511,13271.0
DEU,EGY,251110,14434.0
DEU,EGY,280429,418258.0
DEU,EGY,280469,661.0
DEU,EGY,711011,2432.0
DEU,EGY,740311,4557775.0
DEU,EGY,750210,170443.0
DEU,EGY,810194,2079.0
DEU,EGY,810320,3477.0
DEU,EGY,810820,27312.0
DEU,EGY,850511,61848.0
DEU,ESP,250490,61396.0
DEU,ESP,251110,230856.0
DEU,ESP,252800,2119.0
DEU,ESP,252910,1140679.0
DEU,ESP,252922,2308.0
DEU,ESP,260200,92536.0
DEU,ESP,260600,70348.0
DEU,ESP,270112,1627.0
DEU,ESP,280429,2506015.0
DEU,ESP,280469,2073406.0
DEU,ESP,280470,538.0
DEU,ESP,282200,154823.0
DEU,ESP,283691,2695101.0
DEU,ESP,283692,3680356.0
DEU,ESP,711011,306382.0
DEU,ESP,711021,374902.0
DEU,ESP,740311,19751987.0
DEU,ESP,750210,23360387.0
DEU,ESP,810194,15226.0
DEU,ESP,810320,13505.0
DEU,ESP,810411,2929473.0
DEU,ESP,810820,297360.0
DEU,ESP,811010,1747.0
DEU,ESP,811212,78.0
DEU,ESP,811292,31297.0
DEU,ESP,850511,4926562.0
DEU,EST,251110,2510.0
DEU,EST,252910,1191.0
DEU,EST,260600,606386.0
DEU,EST,280429,6478.0
DEU,EST,280469,9845.0
DEU,EST,282200,4262.0
DEU,EST,740311,2027767.0
DEU,EST,750210,1502961.0
DEU,EST,810194,688.0
DEU,EST,810820,10273.0
DEU,EST,811292,29735.0
DEU,EST,850511,150316.0
DEU,ETH,280429,4167.0
DEU,ETH,850511,3571.0
DEU,FIN,250490,210.0
DEU,FIN,251110,269712.0
DEU,FIN,252910,5432.0
DEU,FIN,260200,112.0
DEU,FIN,260600,115908.0
DEU,FIN,270112,252027.0
DEU,FIN,280429,2176643.0
DEU,FIN,280469,143933.0
DEU,FIN,280480,69937.0
DEU,FIN,282200,3519.0
DEU,FIN,283691,2014387.0
DEU,FIN,283692,319757.0
DEU,FIN,711011,24509.0
DEU,FIN,711021,424380.0
DEU,FIN,720292,264270.0
DEU,FIN,720293,3957815.0
DEU,FIN,740311,30750968.0
DEU,FIN,750210,758792.0
DEU,FIN,810194,28.0
DEU,FIN,810411,38256.0
DEU,FIN,810820,4903350.0
DEU,FIN,811010,318.0
DEU,FIN,811292,4164.0
DEU,FIN,850511,808857.0
DEU,FRA,250490,45197.0
DEU,FRA,251010,432020.0
DEU,FRA,251110,513337.0
DEU,FRA,252800,93818.0
DEU,FRA,252910,2177183.0
DEU,FRA,252922,1683921.0
DEU,FRA,260200,22203.0
DEU,FRA,260600,1681585.0
DEU,FRA,270112,1279121.0
DEU,FRA,280429,14110953.0
DEU,FRA,280469,4849481.0
DEU,FRA,280470,4864.0
DEU,FRA,280480,154855.0
DEU,FRA,282200,11561.0
DEU,FRA,283691,6349033.0
DEU,FRA,283692,2069786.0
DEU,FRA,711011,1167405.0
DEU,FRA,711021,2049975.0
DEU,FRA,720292,364113.0
DEU,FRA,720293,901997.0
DEU,FRA,740311,145994747.0
DEU,FRA,750210,31523076.0
DEU,FRA,810194,277473.0
DEU,FRA,810320,559538.0
DEU,FRA,810411,2989709.0
DEU,FRA,810820,5644956.0
DEU,FRA,811010,85550.0
DEU,FRA,811212,124090.0
DEU,FRA,811292,2362077.0
DEU,FRA,850511,24287424.0
DEU,GAB,283691,444.0
DEU,GAB,850511,416.0
DEU,GBR,250490,1366376.0
DEU,GBR,251010,33166.0
DEU,GBR,251110,303785.0
DEU,GBR,252800,9062.0
DEU,GBR,252910,555339.0
DEU,GBR,252922,4428.0
DEU,GBR,260600,313595.0
DEU,GBR,270112,2012615.0
DEU,GBR,280429,35687772.0
DEU,GBR,280469,185388.0
DEU,GBR,280470,1397.0
DEU,GBR,280480,11246.0
DEU,GBR,283691,1349647.0
DEU,GBR,283692,1010898.0
DEU,GBR,711011,65140145.0
DEU,GBR,711021,104071961.0
DEU,GBR,720292,30231.0
DEU,GBR,720293,166034.0
DEU,GBR,740311,160825.0
DEU,GBR,750210,1134163.0
DEU,GBR,810194,4409.0
DEU,GBR,810320,790299.0
DEU,GBR,810411,261274.99999999997
DEU,GBR,810820,286984.0
DEU,GBR,811010,1324.0
DEU,GBR,811212,5344.0
DEU,GBR,811292,19944302.0
DEU,GBR,850511,2862173.0
DEU,GEO,280429,14413.0
DEU,GEO,283691,49.0
DEU,GEO,850511,3354.0
DEU,GHA,252800,8704.0
DEU,GHA,750210,3042.0
DEU,GHA,850511,912.0
DEU,GRC,250490,15082.0
DEU,GRC,251110,20078.0
DEU,GRC,252800,5897.0
DEU,GRC,252910,325768.0
DEU,GRC,252922,15311.0
DEU,GRC,260200,42.0
DEU,GRC,260600,50898.0
DEU,GRC,280429,2217678.0
DEU,GRC,280469,283270.0
DEU,GRC,280470,639.0
DEU,GRC,282200,2893.0
DEU,GRC,283691,136391.0
DEU,GRC,711011,62.0
DEU,GRC,711021,2063.0
DEU,GRC,720292,23649.0
DEU,GRC,720293,209861.0
DEU,GRC,740311,8282.0
DEU,GRC,750210,42495.0
DEU,GRC,810320,2595.0
DEU,GRC,810820,684.0
DEU,GRC,811010,69.0
DEU,GRC,811292,4590.0
DEU,GRC,850511,265928.0
DEU,GTM,283691,3823.0
DEU,GTM,283692,791.0
DEU,GTM,850511,20308.0
DEU,HKG,280429,6232980.0
DEU,HKG,280480,15836.0
DEU,HKG,711011,12968732.0
DEU,HKG,711021,266590.0
DEU,HKG,750210,31318.0
DEU,HKG,810320,10235.0
DEU,HKG,811292,2014213.0
DEU,HKG,850511,282951.0
DEU,HND,850511,13858.0
DEU,HRV,251110,63459.0
DEU,HRV,252910,12898.0
DEU,HRV,252922,1472.0
DEU,HRV,260200,48486.0
DEU,HRV,260600,10264.0
DEU,HRV,280429,235439.0
DEU,HRV,280469,117930.0
DEU,HRV,282200,1182.0
DEU,HRV,283691,58334.0
DEU,HRV,711011,27989.0
DEU,HRV,720293,1874.0
DEU,HRV,740311,3235.0
DEU,HRV,750210,8579.0
DEU,HRV,810194,434.0
DEU,HRV,810820,6830.0
DEU,HRV,811292,334.0
DEU,HRV,850511,342309.0
DEU,HTI,850511,13796.0
DEU,HUN,250490,41275.0
DEU,HUN,251010,58.0
DEU,HUN,251110,65141.00000000001
DEU,HUN,252800,161.0
DEU,HUN,252910,59290.0
DEU,HUN,252922,17.0
DEU,HUN,260200,51344.0
DEU,HUN,260600,224067.0
DEU,HUN,280429,4798187.0
DEU,HUN,280469,2495936.0
DEU,HUN,282200,1495.0
DEU,HUN,283691,198506.0
DEU,HUN,283692,144.0
DEU,HUN,711011,180783.0
DEU,HUN,711021,541872.0
DEU,HUN,740311,12432769.0
DEU,HUN,750210,1728704.0
DEU,HUN,810411,2959591.0
DEU,HUN,810820,159310.0
DEU,HUN,811010,61887.0
DEU,HUN,811292,156219.0
DEU,HUN,850511,14609933.0
DEU,IDN,250490,28483.0
DEU,IDN,251110,15268.0
DEU,IDN,252922,78484.0
DEU,IDN,260200,974.0
DEU,IDN,260600,28631.0
DEU,IDN,280429,4255.0
DEU,IDN,280469,50619.0
DEU,IDN,280470,239.0
DEU,IDN,282200,408.0
DEU,IDN,283691,1010.0
DEU,IDN,283692,1129715.0
DEU,IDN,711011,207.0
DEU,IDN,711021,8413.0
DEU,IDN,740311,96.0
DEU,IDN,810194,34817.0
DEU,IDN,810320,131.0
DEU,IDN,810820,340.0
DEU,IDN,850511,71268.0
DEU,IND,250490,97307.0
DEU,IND,251110,200170.0
DEU,IND,252910,1481.0
DEU,IND,252922,201139.0
DEU,IND,260200,257.0
DEU,IND,280429,1523713.0
DEU,IND,280469,151547.0
DEU,IND,280470,128.0
DEU,IND,282200,3023.0
DEU,IND,283691,890020.0
DEU,IND,283692,27180.0
DEU,IND,711011,7071229.0
DEU,IND,711021,4220049.0
DEU,IND,720292,1985176.0
DEU,IND,740311,7110.0
DEU,IND,750210,132677.0
DEU,IND,810194,82946.0
DEU,IND,810820,94206.0
DEU,IND,811292,55676.0
DEU,IND,850511,6583232.0
DEU,IRL,252800,2777.0
DEU,IRL,252910,5061.0
DEU,IRL,252922,7465.0
DEU,IRL,270112,82086.0
DEU,IRL,280429,261353.99999999997
DEU,IRL,280470,28.0
DEU,IRL,282200,2243.0
DEU,IRL,283691,9842.0
DEU,IRL,283692,2685.0
DEU,IRL,711011,52576102.0
DEU,IRL,711021,36902413.0
DEU,IRL,720293,393212.0
DEU,IRL,740311,21.0
DEU,IRL,750210,85.0
DEU,IRL,810820,2488567.0
DEU,IRL,811292,108.0
DEU,IRL,850511,2433270.0
DEU,IRN,280469,91591.0
DEU,IRN,750210,69886.0
DEU,IRN,811010,45779.0
DEU,IRN,850511,6398.0
DEU,IRQ,850511,3421.0
DEU,ISL,252910,3039.0
DEU,ISL,280429,5848.0
DEU,ISL,280469,740119.0
DEU,ISL,283691,112.0
DEU,ISL,283692,24.0
DEU,ISL,711011,187.0
DEU,ISL,711021,36798.0
DEU,ISL,810820,221146.0
DEU,ISL,850511,25059.0
DEU,ISR,251010,2000.0
DEU,ISR,251110,13000.0
DEU,ISR,252800,1000.0
DEU,ISR,252910,16391.0
DEU,ISR,260200,493.0
DEU,ISR,280429,1248761.0
DEU,ISR,280469,8000.0
DEU,ISR,280470,2931.0
DEU,ISR,282200,2994.0
DEU,ISR,283691,4388.0
DEU,ISR,283692,12000.0
DEU,ISR,711011,40029.0
DEU,ISR,720293,115415.0
DEU,ISR,740311,4000.0
DEU,ISR,750210,1000.0
DEU,ISR,810320,32000.0
DEU,ISR,810820,53556.0
DEU,ISR,811010,46.0
DEU,ISR,811292,23440.0
DEU,ISR,850511,308107.0
DEU,ITA,250490,36425.0
DEU,ITA,251110,11379104.0
DEU,ITA,252800,846.0
DEU,ITA,252910,3049876.0
DEU,ITA,252922,1043067.0
DEU,ITA,260200,592.0
DEU,ITA,260600,4250590.0
DEU,ITA,270112,3760437.0
DEU,ITA,280429,3246883.0
DEU,ITA,280469,13684617.0
DEU,ITA,280470,5779.0
DEU,ITA,280480,193462.0
DEU,ITA,282200,9896.0
DEU,ITA,283691,8570559.0
DEU,ITA,283692,5123660.0
DEU,ITA,711011,50896464.0
DEU,ITA,711021,146224370.0
DEU,ITA,720292,7690046.0
DEU,ITA,720293,872875.0
DEU,ITA,740311,276007453.0
DEU,ITA,750210,16430829.000000002
DEU,ITA,810194,49820.0
DEU,ITA,810320,78750.0
DEU,ITA,810411,1213351.0
DEU,ITA,810820,1960273.0
DEU,ITA,811010,7382.0
DEU,ITA,811212,512.0
DEU,ITA,811292,2563831.0
DEU,ITA,850511,9686140.0
DEU,JAM,850511,42.0
DEU,JOR,280429,851.0
DEU,JOR,811292,1020.9999999999999
DEU,JOR,850511,2693.0
DEU,JPN,251010,3681.0
DEU,JPN,252922,609142.0
DEU,JPN,280429,5664436.0
DEU,JPN,280469,163500.0
DEU,JPN,280470,1602.0
DEU,JPN,280480,498838.0
DEU,JPN,282200,104.0
DEU,JPN,283691,2875430.0
DEU,JPN,283692,11376449.0
DEU,JPN,711011,25793307.0
DEU,JPN,711021,63061963.0
DEU,JPN,810320,4502626.0
DEU,JPN,810820,155753.0
DEU,JPN,811292,7048071.0
DEU,JPN,850511,1479755.0
DEU,KAZ,280429,22773.0
DEU,KAZ,283691,10091.0
DEU,KAZ,720293,1565026.0
DEU,KAZ,810820,51568.0
DEU,KAZ,811010,41.0
DEU,KAZ,811292,4548805.0
DEU,KAZ,850511,103448.0
DEU,KEN,280429,6720.0
DEU,KEN,850511,6716.0
DEU,KOR,250490,698.0
DEU,KOR,251110,3998.0
DEU,KOR,252800,215.0
DEU,KOR,252910,1436.0
DEU,KOR,280429,5836468.0
DEU,KOR,280469,26048.0
DEU,KOR,280470,940.0
DEU,KOR,280480,199206.0
DEU,KOR,283691,302087.0
DEU,KOR,283692,16652268.0
DEU,KOR,711011,754602.0
DEU,KOR,711021,48783184.0
DEU,KOR,750210,665.0
DEU,KOR,810820,171465.0
DEU,KOR,811010,1277.0
DEU,KOR,811292,113766.0
DEU,KOR,850511,308255.0
DEU,KWT,280429,522.0
DEU,KWT,850511,9612.0
DEU,LAO,282200,360.0
DEU,LAO,850511,3193.0
DEU,LBN,850511,5379.0
DEU,LBR,850511,13541.0
DEU,LBY,250490,3051.0
DEU,LBY,850511,810.0
DEU,LKA,280429,6437.0
DEU,LKA,283692,235.0
DEU,LKA,740311,578822.0
DEU,LKA,850511,78781.0
DEU,LSO,850511,1284.0
DEU,LTU,251110,2573.0
DEU,LTU,252800,24.0
DEU,LTU,252910,12214.0
DEU,LTU,260200,39.0
DEU,LTU,270112,1.0
DEU,LTU,280429,41462.0
DEU,LTU,282200,182.0
DEU,LTU,283692,48.0
DEU,LTU,711011,1971.0
DEU,LTU,720293,742826.0
DEU,LTU,740311,1209.0
DEU,LTU,750210,3840.0
DEU,LTU,810320,413.0
DEU,LTU,810820,2412.0
DEU,LTU,811010,37911.0
DEU,LTU,811292,567.0
DEU,LTU,850511,614681.0
DEU,LUX,250490,37.0
DEU,LUX,251010,1592.0
DEU,LUX,251110,987917.0
DEU,LUX,252910,1582.0
DEU,LUX,260600,35053.0
DEU,LUX,270112,135.0
DEU,LUX,280429,29540.0
DEU,LUX,280469,77031.0
DEU,LUX,280470,28236.0
DEU,LUX,283691,58.0
DEU,LUX,711011,273732.0
DEU,LUX,711021,11431.0
DEU,LUX,740311,3652006.0
DEU,LUX,750210,1039642.0
DEU,LUX,810411,2323.0
DEU,LUX,810820,44736.0
DEU,LUX,811010,865.0
DEU,LUX,811292,112579.0
DEU,LUX,850511,220204.0
DEU,LVA,252800,168.0
DEU,LVA,260600,525320.0
DEU,LVA,280429,21556.0
DEU,LVA,282200,196.0
DEU,LVA,720292,20043.0
DEU,LVA,740311,2200600.0
DEU,LVA,750210,101.0
DEU,LVA,810411,60.0
DEU,LVA,810820,64872.0
DEU,LVA,811292,614.0
DEU,LVA,850511,158410.0
DEU,MAR,251010,6079.0
DEU,MAR,251110,594.0
DEU,MAR,252910,4621.0
DEU,MAR,280429,6359.0
DEU,MAR,280469,2356.0
DEU,MAR,280470,1534.0
DEU,MAR,282200,49.0
DEU,MAR,283691,11065.0
DEU,MAR,283692,116.0
DEU,MAR,740311,1121.0
DEU,MAR,750210,5927.0
DEU,MAR,850511,101276.0
DEU,MDA,811010,140.0
DEU,MDA,850511,7547.0
DEU,MDG,850511,2641.0
DEU,MDV,252800,218.0
DEU,MDV,850511,1481.0
DEU,MEX,252910,39337.0
DEU,MEX,280429,117898.0
DEU,MEX,720293,59508.0
DEU,MEX,740311,10154.0
DEU,MEX,850511,3852470.0
DEU,MKD,260600,962.0
DEU,MKD,750210,53442.0
DEU,MKD,850511,99434.0
DEU,MLI,850511,896.0
DEU,MLT,252910,18.0
DEU,MLT,750210,58.0
DEU,MLT,850511,33511.0
DEU,MMR,280469,7680.0
DEU,MNE,250490,2447.0
DEU,MNE,280429,49.0
DEU,MNE,850511,592.0
DEU,MNG,850511,1905.0
DEU,MOZ,850511,2142.0
DEU,MUS,280429,4435.0
DEU,MUS,711021,4500.0
DEU,MUS,850511,6227.0
DEU,MWI,251010,23.0
DEU,MYS,251110,45025.0
DEU,MYS,252910,100368.0
DEU,MYS,252922,16302.0
DEU,MYS,260200,1312.0
DEU,MYS,260600,49180.0
DEU,MYS,280429,1146992.0
DEU,MYS,280469,12250750.0
DEU,MYS,283691,20130.0
DEU,MYS,711021,3409063.0
DEU,MYS,720292,115579.0
DEU,MYS,750210,3245868.0
DEU,MYS,810194,6428.0
DEU,MYS,810320,4946.0
DEU,MYS,810820,11858.0
DEU,MYS,811292,1940.0
DEU,MYS,850511,137426.0
DEU,NAM,850511,3356.0
DEU,NCL,850511,1467.0
DEU,NER,280429,87746.0
DEU,NGA,252800,122.0
DEU,NGA,280429,657.0
DEU,NGA,280469,3120.0
DEU,NGA,811292,4441.0
DEU,NGA,850511,49215.0
DEU,NIC,850511,573.0
DEU,NLD,250490,161.0
DEU,NLD,251010,41165.0
DEU,NLD,251110,1515720.0
DEU,NLD,252800,6030.0
DEU,NLD,252910,634810.0
DEU,NLD,252922,144922.0
DEU,NLD,260200,81010.0
DEU,NLD,260600,4819130.0
DEU,NLD,270112,8214361.000000001
DEU,NLD,280429,7311211.0
DEU,NLD,280469,4434978.0
DEU,NLD,280470,1652.0
DEU,NLD,280480,469670.0
DEU,NLD,282200,33157.0
DEU,NLD,283691,766567.0
DEU,NLD,283692,364319.0
DEU,NLD,711011,1390774.0
DEU,NLD,711021,11059583.0
DEU,NLD,720292,3493764.0
DEU,NLD,720293,1652225.0
DEU,NLD,740311,28806907.0
DEU,NLD,750210,9195071.0
DEU,NLD,810194,910.0
DEU,NLD,810320,61456.0
DEU,NLD,810411,1903718.0
DEU,NLD,810820,49362.0
DEU,NLD,811010,51547.0
DEU,NLD,811292,5780659.0
DEU,NLD,850511,8495422.0
DEU,NOR,250490,6944.0
DEU,NOR,251110,378.0
DEU,NOR,252910,76233.0
DEU,NOR,280429,6190.0
DEU,NOR,280469,346605.0
DEU,NOR,280470,512.0
DEU,NOR,283691,158461.0
DEU,NOR,283692,308931.0
DEU,NOR,711011,595692.0
DEU,NOR,711021,597141.0
DEU,NOR,810411,465323.0
DEU,NOR,810820,112045.0
DEU,NOR,811212,185.0
DEU,NOR,811292,11737.0
DEU,NOR,850511,603033.0
DEU,NPL,850511,263.0
DEU,NZL,252910,250694.0
DEU,NZL,280429,67.0
DEU,NZL,850511,44011.0
DEU,OMN,250490,1678.0
DEU,OMN,280429,480.0
DEU,OMN,280469,82941.0
DEU,OMN,850511,10546.0
DEU,PAK,250490,104178.0
DEU,PAK,252910,4468.0
DEU,PAK,252922,5125.0
DEU,PAK,280429,115.0
DEU,PAK,280469,14530.0
DEU,PAK,720293,10783.0
DEU,PAK,810194,1168.0
DEU,PAK,811292,46.0
DEU,PAK,850511,7887.0
DEU,PAN,280429,10436.0
DEU,PAN,850511,10947.0
DEU,PER,280429,7746.0
DEU,PER,280469,64096.99999999999
DEU,PER,283692,499423.0
DEU,PER,810411,6.0
DEU,PER,810820,41764.0
DEU,PER,850511,22222.0
DEU,PHL,280429,1850713.0
DEU,PHL,810320,1680663.0
DEU,PHL,850511,144200.0
DEU,POL,250490,58092.0
DEU,POL,251010,160542.0
DEU,POL,251110,747005.0
DEU,POL,252800,103760.0
DEU,POL,252910,1362110.0
DEU,POL,252922,1272454.0
DEU,POL,260200,563556.0
DEU,POL,260600,6998676.0
DEU,POL,270112,366450.0
DEU,POL,280429,2251467.0
DEU,POL,280469,13328729.0
DEU,POL,280480,15.0
DEU,POL,282200,10652.0
DEU,POL,283691,866391.0
DEU,POL,283692,535070.0
DEU,POL,711011,990362.0
DEU,POL,711021,589176.0
DEU,POL,720293,174528.0
DEU,POL,740311,123930047.0
DEU,POL,750210,4312064.0
DEU,POL,810194,25701.0
DEU,POL,810411,49299.0
DEU,POL,810820,252117.0
DEU,POL,811010,5709.0
DEU,POL,811292,43100.0
DEU,POL,850511,23164368.0
DEU,PRT,250490,5173.0
DEU,PRT,251110,34673.0
DEU,PRT,252800,101.0
DEU,PRT,252910,83692.0
DEU,PRT,252922,3283.0
DEU,PRT,260200,25112.0
DEU,PRT,260600,31956.0
DEU,PRT,270112,94.0
DEU,PRT,280429,298150.0
DEU,PRT,280469,5126.0
DEU,PRT,282200,286.0
DEU,PRT,283691,96119.0
DEU,PRT,283692,168582.0
DEU,PRT,711011,140004.0
DEU,PRT,711021,959782.0
DEU,PRT,720292,9916.0
DEU,PRT,720293,61873.0
DEU,PRT,740311,1262013.0
DEU,PRT,750210,2438212.0
DEU,PRT,810194,13107.0
DEU,PRT,810320,20.0
DEU,PRT,810411,276475.0
DEU,PRT,810820,805107.0
DEU,PRT,811010,40.0
DEU,PRT,811292,6752.0
DEU,PRT,850511,4688796.0
DEU,PRY,711011,608.0
DEU,PRY,850511,2531.0
DEU,PSE,850511,2493.0
DEU,PYF,850511,574.0
DEU,QAT,260600,10120.0
DEU,QAT,282200,14290.0
DEU,QAT,283691,141.0
DEU,QAT,810820,6264.0
DEU,QAT,850511,21386.0
DEU,ROU,250490,26007.0
DEU,ROU,251010,11829.0
DEU,ROU,251110,1300.0
DEU,ROU,252800,4518.0
DEU,ROU,252910,761428.0
DEU,ROU,252922,234440.0
DEU,ROU,260200,32.0
DEU,ROU,260600,420838.0
DEU,ROU,280429,431103.0
DEU,ROU,280469,303666.0
DEU,ROU,280470,8966.0
DEU,ROU,282200,162.0
DEU,ROU,283691,54545.0
DEU,ROU,283692,2268.0
DEU,ROU,711011,1218087.0
DEU,ROU,720293,32661.0
DEU,ROU,740311,1116869.0
DEU,ROU,750210,23918.0
DEU,ROU,810194,8048.0
DEU,ROU,810320,1108.0
DEU,ROU,810411,3066970.0
DEU,ROU,810820,645776.0
DEU,ROU,811010,439194.0
DEU,ROU,811292,465221.0
DEU,ROU,850511,20381817.0
DEU,RUS,252910,56637.0
DEU,RUS,252922,22872.0
DEU,RUS,260600,117573.0
DEU,RUS,280429,1533026.0
DEU,RUS,280469,1882.0
DEU,RUS,282200,942.0
DEU,RUS,283691,506040.0
DEU,RUS,720293,883560.0
DEU,RUS,740311,2943478.0
DEU,RUS,810411,1096408.0
DEU,RUS,850511,207318.0
DEU,S19,250490,60036.0
DEU,S19,251110,168.0
DEU,S19,260600,71895.0
DEU,S19,280429,954286.0
DEU,S19,280469,1400921.0
DEU,S19,280470,2250.0
DEU,S19,280480,418337.0
DEU,S19,283691,112421.0
DEU,S19,283692,8654789.0
DEU,S19,711011,1023391.0
DEU,S19,711021,602835.0
DEU,S19,720292,302.0
DEU,S19,720293,32634.999999999996
DEU,S19,750210,25383.0
DEU,S19,810194,695878.0
DEU,S19,810820,97063.0
DEU,S19,811292,134.0
DEU,S19,850511,307754.0
DEU,SAU,250490,134906.0
DEU,SAU,251110,106070.0
DEU,SAU,252910,8121.0
DEU,SAU,280429,30760.0
DEU,SAU,280469,1266.0
DEU,SAU,282200,87358.0
DEU,SAU,720292,336933.0
DEU,SAU,740311,48128.0
DEU,SAU,810194,2050.0
DEU,SAU,810320,286.0
DEU,SAU,811292,1114.0
DEU,SAU,850511,230780.0
DEU,SDN,850511,2919.0
DEU,SEN,850511,750.0
DEU,SGP,250490,61694.0
DEU,SGP,280429,2467498.0
DEU,SGP,280469,1309.0
DEU,SGP,280470,847.0
DEU,SGP,283691,30076.0
DEU,SGP,711011,9913701.0
DEU,SGP,711021,462165.0
DEU,SGP,720293,181.0
DEU,SGP,810320,1657.0
DEU,SGP,810820,24575.0
DEU,SGP,811010,23590.0
DEU,SGP,811292,89043.0
DEU,SGP,850511,351115.0
DEU,SLV,810320,5035522.0
DEU,SLV,811292,525123.0
DEU,SLV,850511,1457.0
DEU,SRB,251110,15247.0
DEU,SRB,260600,53878.0
DEU,SRB,280429,137053.0
DEU,SRB,280469,8523.0
DEU,SRB,280480,171.0
DEU,SRB,283692,5377.0
DEU,SRB,711011,819.0
DEU,SRB,740311,1198.0
DEU,SRB,750210,245374.0
DEU,SRB,810194,1216.0
DEU,SRB,810820,13236.0
DEU,SRB,850511,13501332.0
DEU,SUR,850511,5185.0
DEU,SVK,250490,198620.0
DEU,SVK,251010,2748.0
DEU,SVK,251110,85259.0
DEU,SVK,252910,132845.0
DEU,SVK,252922,515135.99999999994
DEU,SVK,260600,2071733.0000000002
DEU,SVK,280429,1189277.0
DEU,SVK,280469,379271.0
DEU,SVK,280480,285415.0
DEU,SVK,282200,233057.0
DEU,SVK,283691,1356756.0
DEU,SVK,711011,2941639.0
DEU,SVK,740311,22006779.0
DEU,SVK,750210,1214968.0
DEU,SVK,810194,3071.0
DEU,SVK,810820,167344.0
DEU,SVK,811292,376189.0
DEU,SVK,850511,16678848.999999998
DEU,SVN,250490,90390.0
DEU,SVN,251110,613177.0
DEU,SVN,252910,1058291.0
DEU,SVN,260200,7251.0
DEU,SVN,260600,386466.0
DEU,SVN,280429,386242.0
DEU,SVN,280469,227648.0
DEU,SVN,282200,416.0
DEU,SVN,283691,21463.0
DEU,SVN,283692,44319.0
DEU,SVN,711021,6319.0
DEU,SVN,720293,137530.0
DEU,SVN,740311,2809546.0
DEU,SVN,750210,1249868.0
DEU,SVN,810194,25149.0
DEU,SVN,810411,85399.0
DEU,SVN,810820,499179.0
DEU,SVN,811010,152807.0
DEU,SVN,811292,137060.0
DEU,SVN,850511,2594414.0
DEU,SWE,250490,1384.0
DEU,SWE,251110,80777.0
DEU,SWE,252800,24529.0
DEU,SWE,252910,47447.0
DEU,SWE,252922,14006.0
DEU,SWE,260600,3761524.0
DEU,SWE,270112,1353924.0
DEU,SWE,280429,2518858.0
DEU,SWE,280469,132132.0
DEU,SWE,280470,297.0
DEU,SWE,282200,8235.0
DEU,SWE,283691,647599.0
DEU,SWE,283692,78701.0
DEU,SWE,711011,140791.0
DEU,SWE,711021,771973.0
DEU,SWE,720292,17105.0
DEU,SWE,740311,8653649.0
DEU,SWE,750210,5381452.0
DEU,SWE,810320,494.0
DEU,SWE,810411,915342.0
DEU,SWE,810820,156050.0
DEU,SWE,811292,535170.0
DEU,SWE,850511,1906853.0
DEU,SWZ,250490,96.0
DEU,SYC,282200,94.0
DEU,SYC,850511,1591.0
DEU,THA,250490,872.0
DEU,THA,252910,298644.0
DEU,THA,260200,13889.0
DEU,THA,280429,349225.0
DEU,THA,280469,1059.0
DEU,THA,282200,50.0
DEU,THA,283691,303.0
DEU,THA,283692,179.0
DEU,THA,711011,108891.0
DEU,THA,711021,6209381.0
DEU,THA,740311,24431.0
DEU,THA,750210,357861.0
DEU,THA,810194,3315.0
DEU,THA,810320,208364.0
DEU,THA,810411,99.0
DEU,THA,810820,22243.0
DEU,THA,811292,74.0
DEU,THA,850511,173957.0
DEU,TTO,850511,8886.0
DEU,TUN,252910,182233.0
DEU,TUN,280429,26029.0
DEU,TUN,283691,169.0
DEU,TUN,811292,74.0
DEU,TUN,850511,520451.0
DEU,TUR,250490,3479148.0
DEU,TUR,251010,13.0
DEU,TUR,251110,45963.0
DEU,TUR,252800,50.0
DEU,TUR,252910,24649.0
DEU,TUR,252922,587646.0
DEU,TUR,260200,16881.0
DEU,TUR,260600,45596.0
DEU,TUR,270112,4266.0
DEU,TUR,280429,3693920.0
DEU,TUR,280469,20127.0
DEU,TUR,280470,987.0
DEU,TUR,282200,454806.0
DEU,TUR,283691,5895487.0
DEU,TUR,283692,699198.0
DEU,TUR,711011,14812.0
DEU,TUR,711021,5474.0
DEU,TUR,720292,139525.0
DEU,TUR,720293,95349.0
DEU,TUR,740311,82716661.0
DEU,TUR,810194,302.0
DEU,TUR,810411,883.0
DEU,TUR,810820,75706.0
DEU,TUR,811010,396.0
DEU,TUR,811292,63163.0
DEU,TUR,850511,1513117.0
DEU,TZA,280429,3249.0
DEU,TZA,850511,10526.0
DEU,UGA,280469,168.0
DEU,UGA,850511,618.0
DEU,UKR,252910,84757.0
DEU,UKR,252922,5198.0
DEU,UKR,260600,19044.0
DEU,UKR,280429,455944.0
DEU,UKR,280470,2576.0
DEU,UKR,282200,215.0
DEU,UKR,283691,45.0
DEU,UKR,283692,38377.0
DEU,UKR,711011,29925.0
DEU,UKR,711021,679.0
DEU,UKR,810411,19.0
DEU,UKR,850511,118731.0
DEU,URY,282200,1453.0
DEU,URY,850511,16818.0
DEU,USA,250490,68829.0
DEU,USA,251110,3406450.0
DEU,USA,252910,277925.0
DEU,USA,252922,78894.0
DEU,USA,280429,16827790.0
DEU,USA,280469,3594337.0
DEU,USA,280470,163515.0
DEU,USA,280480,576393.0
DEU,USA,282200,74895.0
DEU,USA,283691,5128.0
DEU,USA,283692,8781315.0
DEU,USA,711011,108439789.0
DEU,USA,711021,118785096.0
DEU,USA,720292,186591.0
DEU,USA,740311,2353158.0
DEU,USA,750210,1198858.0
DEU,USA,810194,109726.0
DEU,USA,810320,105663703.0
DEU,USA,810411,158636.0
DEU,USA,810820,7553030.0
DEU,USA,811010,26858.0
DEU,USA,811292,32713017.0
DEU,USA,850511,21473533.0
DEU,UZB,280429,13629.0
DEU,UZB,720293,13367790.0
DEU,UZB,810411,1239719.0
DEU,UZB,810820,1367.0
DEU,UZB,850511,25085.0
DEU,VEN,850511,2201.0
DEU,VNM,251110,6694.0
DEU,VNM,280429,123465.0
DEU,VNM,740311,2117.0
DEU,VNM,750210,45794.0
DEU,VNM,810194,4391.0
DEU,VNM,810820,89478.0
DEU,VNM,850511,98509.0
DEU,WSM,282200,214.0
DEU,ZAF,250490,972.0
DEU,ZAF,252910,27129.0
DEU,ZAF,252922,4633.0
DEU,ZAF,260200,71.0
DEU,ZAF,260600,951.0
DEU,ZAF,280429,348140.0
DEU,ZAF,280469,118801.0
DEU,ZAF,280470,22.0
DEU,ZAF,280480,2404.0
DEU,ZAF,282200,2944.0
DEU,ZAF,711011,5569191.0
DEU,ZAF,711021,8023164.0
DEU,ZAF,720293,2230085.0
DEU,ZAF,750210,1895.0
DEU,ZAF,810820,57967.0
DEU,ZAF,811292,6183.0
DEU,ZAF,850511,124542.0
DEU,ZMB,850511,3167.0
DJI,AUT,850511,523.0
DMA,FRA,850511,384.0
DMA,SAU,850511,538.0
DNK,AGO,850511,176.0
DNK,ARE,260200,678.0
DNK,ARE,280429,1115.0
DNK,ARE,850511,3604.0
DNK,ARG,850511,3609.0
DNK,ARM,850511,579.0
DNK,AUS,251010,246.0
DNK,AUS,850511,51812.0
DNK,AUT,260200,29729.0
DNK,AUT,280429,44861.0
DNK,AUT,282200,128.0
DNK,AUT,850511,34814.0
DNK,BEL,270112,8677386.0
DNK,BEL,280429,6369.0
DNK,BEL,810194,3091.0
DNK,BEL,850511,109513.0
DNK,BEN,280429,5826.0
DNK,BFA,850511,2471.0
DNK,BGR,850511,1319.0
DNK,BHR,850511,18.0
DNK,BIH,850511,139.0
DNK,BLM,850511,73.0
DNK,BRA,850511,273732.0
DNK,BRN,280429,3947.0
DNK,CAN,280469,10634.0
DNK,CAN,282200,554.0
DNK,CAN,850511,65498.99999999999
DNK,CHE,260600,39185.0
DNK,CHE,810820,944.0
DNK,CHE,850511,16459.0
DNK,CHL,850511,20487.0
DNK,CHN,810320,8804.0
DNK,CHN,850511,111671.0
DNK,CIV,850511,10.0
DNK,CMR,280429,12284.0
DNK,COG,280429,974.0
DNK,COL,850511,4298.0
DNK,CPV,850511,3195.0
DNK,CRI,850511,778.0
DNK,CUB,850511,533.0
DNK,CYP,850511,834.0
DNK,CZE,850511,6656.0
DNK,DEU,251110,6116.0
DNK,DEU,252910,29.0
DNK,DEU,252922,694.0
DNK,DEU,270112,6629561.0
DNK,DEU,280429,72153.0
DNK,DEU,280469,3255831.0
DNK,DEU,282200,186913.0
DNK,DEU,711011,44780.0
DNK,DEU,711021,175154.0
DNK,DEU,740311,1212585.0
DNK,DEU,810820,1498.0
DNK,DEU,811292,113509.0
DNK,DEU,850511,631703.0
DNK,DOM,850511,132.0
DNK,ECU,850511,22907.0
DNK,EGY,280429,4390.0
DNK,EGY,850511,1246.0
DNK,ESP,280469,195636.0
DNK,ESP,850511,193318.0
DNK,EST,850511,11830.0
DNK,ETH,280429,1715.0
DNK,FIN,252922,2258.0
DNK,FIN,280429,135757.0
DNK,FIN,850511,36552.0
DNK,FRA,280429,196.0
DNK,FRA,280469,795960.0
DNK,FRA,720293,3161.0
DNK,FRA,750210,38463.0
DNK,FRA,850511,124117.0
DNK,GAB,280429,200.0
DNK,GBR,280429,13768.0
DNK,GBR,810194,124.0
DNK,GBR,811292,15512.0
DNK,GBR,850511,384134.0
DNK,GEO,850511,16.0
DNK,GRC,850511,12951.0
DNK,GRL,260200,4353.0
DNK,GRL,280429,34249.0
DNK,GRL,280470,10353.0
DNK,GRL,850511,16726.0
DNK,GTM,850511,135.0
DNK,HKG,850511,7762.0
DNK,HRV,251010,1470.0
DNK,HRV,251110,1509.0
DNK,HRV,850511,22030.0
DNK,HUN,280469,89431.0
DNK,HUN,850511,15164.0
DNK,IDN,250490,4094.0000000000005
DNK,IDN,850511,4363.0
DNK,IND,810320,8371.0
DNK,IND,850511,163243.0
DNK,IRL,270112,2023.0000000000002
DNK,IRL,850511,64333.0
DNK,ISL,252910,303.0
DNK,ISL,280429,4515.0
DNK,ISL,280469,282.0
DNK,ISL,282200,169.0
DNK,ISL,850511,4510.0
DNK,ISR,850511,3484.0
DNK,ITA,280429,341620.0
DNK,ITA,280469,626629.0
DNK,ITA,720292,200937.0
DNK,ITA,850511,58896.0
DNK,JAM,280469,2810.0
DNK,JAM,850511,32.0
DNK,JOR,850511,24.0
DNK,JPN,280469,1393.0
DNK,JPN,850511,26196.0
DNK,KAZ,850511,1184.0
DNK,KEN,280429,3917.0
DNK,KOR,850511,1775.0
DNK,KWT,850511,215.0
DNK,LBN,850511,97.0
DNK,LBY,280429,2131.0
DNK,LTU,850511,6678.0
DNK,LUX,850511,440.0
DNK,LVA,260200,115122.0
DNK,LVA,850511,9363.0
DNK,MAR,850511,23125.0
DNK,MDA,850511,2766.0
DNK,MEX,850511,58049.0
DNK,MKD,850511,50.0
DNK,MLT,850511,419.0
DNK,MNE,850511,1592.0
DNK,MUS,711011,9.0
DNK,MWI,280429,7623.0
DNK,NGA,850511,6138.0
DNK,NIC,850511,349.0
DNK,NLD,250490,22.0
DNK,NLD,251010,28254.0
DNK,NLD,251110,6875.0
DNK,NLD,252800,5146.0
DNK,NLD,252910,22714.0
DNK,NLD,252922,544.0
DNK,NLD,260200,8269.0
DNK,NLD,260600,13426.0
DNK,NLD,270112,117286.0
DNK,NLD,280429,23333.0
DNK,NLD,280469,36010.0
DNK,NLD,280470,3.0
DNK,NLD,280480,1.0
DNK,NLD,282200,7003.0
DNK,NLD,283691,87906.0
DNK,NLD,283692,145.0
DNK,NLD,711011,1781.0
DNK,NLD,711021,10955.0
DNK,NLD,720292,14491.0
DNK,NLD,720293,166.0
DNK,NLD,740311,4318.0
DNK,NLD,750210,75563.0
DNK,NLD,810194,1.0
DNK,NLD,810320,72.0
DNK,NLD,810411,6296.0
DNK,NLD,810820,159.0
DNK,NLD,811010,49.0
DNK,NLD,811292,450.0
DNK,NLD,850511,112936.0
DNK,NOR,250490,1918.0
DNK,NOR,251010,9.0
DNK,NOR,252800,16.0
DNK,NOR,252910,566.0
DNK,NOR,260200,8765.0
DNK,NOR,280429,391499.0
DNK,NOR,282200,509.0
DNK,NOR,283691,1735.0
DNK,NOR,720292,362.0
DNK,NOR,750210,130.0
DNK,NOR,810820,1200973.0
DNK,NOR,811010,682.0
DNK,NOR,811292,13491.0
DNK,NOR,850511,268256.0
DNK,NZL,850511,4690.0
DNK,PAK,280429,3729.0
DNK,PAK,280469,5453.0
DNK,PAK,850511,66.0
DNK,PAN,850511,916.0
DNK,PER,850511,2541.0
DNK,PHL,810820,22.0
DNK,PHL,850511,73.0
DNK,POL,280429,4952.0
DNK,POL,282200,14306.0
DNK,POL,740311,1.0
DNK,POL,850511,151523.0
DNK,PRT,251110,1652.0
DNK,PRT,850511,6221.0
DNK,PRY,850511,67.0
DNK,PYF,850511,32.0
DNK,QAT,850511,17873.0
DNK,ROU,282200,7775.0
DNK,ROU,811010,95.0
DNK,ROU,850511,1191.0
DNK,RUS,850511,6727.0
DNK,S19,810320,5175.0
DNK,S19,850511,70392.0
DNK,SAU,810411,11028.0
DNK,SAU,850511,896.0
DNK,SGP,280429,39.0
DNK,SGP,850511,1045.0
DNK,SRB,850511,1713.0
DNK,SVK,260600,62564.0
DNK,SVK,280469,304.0
DNK,SVK,810820,199.0
DNK,SVK,850511,34996.0
DNK,SVN,280429,530.0
DNK,SVN,850511,163536.0
DNK,SWE,251110,198.0
DNK,SWE,252910,3411.0
DNK,SWE,260200,41742.0
DNK,SWE,260600,1384.0
DNK,SWE,280429,2418682.0
DNK,SWE,282200,47541.0
DNK,SWE,283691,696348.0
DNK,SWE,283692,358.0
DNK,SWE,711011,5537.0
DNK,SWE,711021,92444.0
DNK,SWE,750210,30228.0
DNK,SWE,810820,2889.0
DNK,SWE,811010,26003.0
DNK,SWE,850511,334847.0
DNK,SYC,850511,23.0
DNK,THA,810411,119276.0
DNK,THA,850511,746.0
DNK,TTO,280429,383.0
DNK,TUR,850511,19524.0
DNK,TZA,850511,2464.0
DNK,UKR,850511,3715.0
DNK,URY,850511,45.0
DNK,USA,280469,2082.0
DNK,USA,280470,18889.0
DNK,USA,283692,7901.0
DNK,USA,740311,24739.0
DNK,USA,810320,1363.0
DNK,USA,850511,618052.0
DNK,UZB,850511,671.0
DNK,VNM,850511,10573.0
DNK,ZAF,720292,7154.0
DNK,ZAF,850511,15916.0
DOM,BRA,850511,257.0
DOM,BRB,282200,2033.9999999999998
DOM,CHE,811010,3876.0
DOM,CHN,850511,33.0
DOM,DEU,750210,4494122.0
DOM,ESP,252910,4347.0
DOM,ESP,811010,495.0
DOM,IND,750210,24072.0
DOM,JAM,282200,2024.0
DOM,JAM,850511,600.0
DOM,KOR,750210,1.0
DOM,KOR,850511,7.0
DOM,NLD,251010,240.0
DOM,NLD,740311,3977379.0
DOM,NLD,811010,39747.0
DOM,NZL,850511,13.0
DOM,PER,850511,3.0
DOM,S19,850511,34.0
DOM,SGP,850511,23.0
DOM,TCA,280470,1245.0
DOM,TCA,750210,224.0
DOM,USA,260600,4578141.0
DOM,USA,270112,12.0
DOM,USA,280470,20.0
DOM,USA,811010,1243114.0
DOM,USA,850511,68556.0
DOM,ZAF,280429,318908.0
DOM,ZAF,750210,3160759.0
DZA,ARE,280429,4825927.0
DZA,ARG,251010,7073511.0
DZA,ARM,280429,108959.0
DZA,AUT,251010,8509691.0
DZA,AUT,280429,6821399.0
DZA,AZE,280429,164705.0
DZA,BEL,251010,3585416.0
DZA,BEL,280429,1979102.0
DZA,BFA,280429,117854.0
DZA,BIH,280429,166189.0
DZA,BRA,251010,10051849.0
DZA,CHE,280429,7597198.0
DZA,CHN,280429,650233.0
DZA,CIV,280429,26885.0
DZA,COL,280429,197322.0
DZA,CYP,280429,61407.0
DZA,DEU,251010,342223.0
DZA,DEU,280429,25781459.0
DZA,EGY,280429,790104.0
DZA,ESP,251010,2301988.0
DZA,ESP,252910,918.0
DZA,ESP,280429,14080680.0
DZA,ETH,280429,91023.0
DZA,FIN,280429,6494.0
DZA,FRA,251010,9302155.0
DZA,FRA,260200,154.0
DZA,FRA,280429,84051275.0
DZA,GBR,280429,8024100.0
DZA,GRC,251010,9248988.0
DZA,HRV,280429,543476.0
DZA,IRL,280429,11247001.0
DZA,ITA,251010,1926119.0
DZA,ITA,280429,11904648.0
DZA,JOR,280429,168878.0
DZA,KEN,280429,7729.0
DZA,KWT,280429,589527.0
DZA,LBN,280429,49498.0
DZA,LKA,280429,21766.0
DZA,LUX,280429,10909.0
DZA,MAR,280429,810828.0
DZA,MKD,280429,342282.0
DZA,MLT,280429,617319.0
DZA,MRT,270112,94092.0
DZA,NGA,280429,22598.0
DZA,NLD,251010,544392.0
DZA,NOR,280429,891574.0
DZA,PAK,280429,65077.0
DZA,POL,251010,7660919.0
DZA,POL,280429,571929.0
DZA,PYF,280429,2902.0
DZA,SAU,280429,1064738.0
DZA,SGP,280429,595679.0
DZA,SRB,280429,2209741.0
DZA,SVK,280429,580191.0
DZA,SVN,280429,432027.0
DZA,TUN,251010,2479039.0
DZA,TUN,280429,222681.0
DZA,TUR,251010,5567854.0
DZA,TUR,252910,1164.0
DZA,TUR,280429,1851044.0
DZA,UKR,280429,653355.0
DZA,URY,251010,11601807.0
DZA,USA,280429,742376.0
DZA,ZAF,280429,605236.0
ECU,AUT,850511,1.0
ECU,CAN,850511,1613.0
ECU,CHL,280429,69.0
ECU,COL,260600,24153.0
ECU,ESP,252910,1008.0
ECU,GBR,740311,2177.0
ECU,IRL,850511,4.0
ECU,MEX,850511,7000.0
ECU,NLD,850511,26.0
ECU,PAN,280470,1.0
ECU,PER,280429,16361.999999999998
ECU,USA,280429,400.0
ECU,USA,280469,117050.0
ECU,USA,711011,14999.0
EGY,ARE,251010,21151.0
EGY,ARE,252910,8839.0
EGY,AUS,251010,2501787.0
EGY,AUS,251110,21722.0
EGY,AUT,251010,7012583.0
EGY,BEL,251010,85538.0
EGY,BEL,270112,1.0
EGY,BRA,251010,12301140.0
EGY,CHN,260200,181611.0
EGY,CHN,740311,378000.0
EGY,CMR,280429,6200.0
EGY,DEU,251010,28422.0
EGY,DEU,711011,3960.0
EGY,DEU,711021,134700.0
EGY,DZA,251010,18630.0
EGY,DZA,252910,109484.0
EGY,ESP,251010,5630043.0
EGY,ESP,850511,999.0
EGY,FIN,283691,1.0
EGY,FRA,251010,1634526.0
EGY,FRA,252910,396.0
EGY,FRA,260600,164.0
EGY,FRA,850511,425.0
EGY,IDN,251010,2071693.0000000002
EGY,IND,251010,105819223.0
EGY,IRN,260200,2449363.0
EGY,ITA,251010,4321221.0
EGY,ITA,711011,243131.0
EGY,KEN,251010,40250.0
EGY,KOR,251010,278.0
EGY,LBN,740311,1021302.0
EGY,LBY,251010,4250.0
EGY,LBY,280429,236503.0
EGY,MLT,850511,238.0
EGY,MYS,251010,8588441.0
EGY,NGA,251110,171857.0
EGY,NLD,251010,2442923.0
EGY,NLD,251110,49.0
EGY,NLD,270112,663.0
EGY,NLD,280469,124398.0
EGY,NZL,251010,1054797.0
EGY,NZL,251110,171011.0
EGY,NZL,850511,30.0
EGY,OMN,252910,22007.0
EGY,OMN,850511,1646.0
EGY,PAK,251010,4374068.0
EGY,POL,251010,1961050.0
EGY,PRY,251010,914740.0
EGY,ROU,251010,1147652.0
EGY,RWA,280429,1000.0
EGY,SAU,280470,164728.0
EGY,SAU,850511,7937.0
EGY,SRB,251010,10421448.0
EGY,SVN,740311,143040.0
EGY,SYR,252910,2334.0
EGY,SYR,850511,24300.0
EGY,THA,251010,149820.0
EGY,TUN,280429,60087.0
EGY,TUR,251010,2861563.0
EGY,TUR,252910,2116443.0
EGY,TZA,280429,24052.0
EGY,TZA,280469,1799.0
EGY,UGA,280469,311.0
EGY,URY,251010,5449673.0
EGY,VNM,251010,4504500.0
EGY,ZAF,251010,30169.0
ESP,AGO,280429,2383.0
ESP,AGO,280470,5904.0
ESP,AGO,850511,225.0
ESP,ALB,251110,11540.0
ESP,ALB,850511,56.0
ESP,AND,280429,237752.0
ESP,AND,280469,10218.0
ESP,AND,850511,14312.0
ESP,ARE,251110,1483.0
ESP,ARE,252800,14.0
ESP,ARE,252910,56329.0
ESP,ARE,280429,549680.0
ESP,ARE,280469,1649.0
ESP,ARE,282200,23367.0
ESP,ARE,850511,1224.0
ESP,ARG,250490,6163.0
ESP,ARG,251110,54831.0
ESP,ARG,260200,2886.0
ESP,ARG,280429,30332.0
ESP,ARG,720293,648907.0
ESP,ARG,810820,14981.0
ESP,ARG,811010,81534.0
ESP,ARG,850511,18438.0
ESP,ARM,850511,63.0
ESP,AUS,250490,551.0
ESP,AUS,850511,1907.0
ESP,AUT,251110,79189.0
ESP,AUT,280469,318452.0
ESP,AUT,280480,58988.0
ESP,AUT,740311,57479.0
ESP,AUT,810411,5354.0
ESP,AUT,810820,81360.0
ESP,AUT,811010,40682.0
ESP,AUT,811292,147.0
ESP,AUT,850511,535072.0
ESP,AZE,850511,3621.0
ESP,BEL,251110,179022.0
ESP,BEL,252910,27081.0
ESP,BEL,260600,986228.0
ESP,BEL,270112,17299074.0
ESP,BEL,280429,157443.0
ESP,BEL,280469,819771.0
ESP,BEL,280470,93503.0
ESP,BEL,282200,963295.0
ESP,BEL,711011,47026171.0
ESP,BEL,740311,117553.0
ESP,BEL,750210,732643.0
ESP,BEL,810820,55472.0
ESP,BEL,811292,2714.0
ESP,BEL,850511,26484.0
ESP,BFA,251110,27399.0
ESP,BGD,252910,21440.0
ESP,BGR,252910,48285.0
ESP,BGR,750210,8733.0
ESP,BGR,850511,19924.0
ESP,BHR,810411,1804.0
ESP,BIH,850511,13.0
ESP,BLR,252910,19941.0
ESP,BOL,252910,6867.0
ESP,BOL,280469,31508.0
ESP,BOL,811010,19652.0
ESP,BOL,850511,1027.0
ESP,BRA,251110,1365876.0
ESP,BRA,252910,99988.0
ESP,BRA,260600,573440.0
ESP,BRA,270112,103316.0
ESP,BRA,280469,8761.0
ESP,BRA,750210,3974.0
ESP,BRA,810411,121747.0
ESP,BRA,810820,1217831.0
ESP,BRA,811010,274237.0
ESP,BRA,850511,25938.0
ESP,BRB,850511,142.0
ESP,BRN,850511,335.0
ESP,CAN,252910,1960.0
ESP,CAN,252922,72148.0
ESP,CAN,280469,167.0
ESP,CAN,810820,190659.0
ESP,CAN,850511,5160.0
ESP,CHE,250490,397.0
ESP,CHE,251110,219378.0
ESP,CHE,280469,661.0
ESP,CHE,283692,26.0
ESP,CHE,711011,30538.0
ESP,CHE,711021,18796.0
ESP,CHE,720293,138235.0
ESP,CHE,740311,42247.0
ESP,CHE,810411,55.0
ESP,CHE,810820,18293.0
ESP,CHE,811292,448.0
ESP,CHE,850511,87215.0
ESP,CHL,251110,10614.0
ESP,CHL,252910,31218.0
ESP,CHL,260200,70685.0
ESP,CHL,280469,1931.0
ESP,CHL,282200,18336.0
ESP,CHL,283691,124.0
ESP,CHL,750210,16988.0
ESP,CHL,850511,19183.0
ESP,CHN,250490,7687.0
ESP,CHN,251110,455150.0
ESP,CHN,252910,4905.0
ESP,CHN,260600,102908.0
ESP,CHN,280469,928.0
ESP,CHN,283691,258923.99999999997
ESP,CHN,283692,410528.0
ESP,CHN,850511,8554.0
ESP,CIV,251110,11481.0
ESP,CIV,280429,11741.0
ESP,CIV,850511,61.0
ESP,CMR,850511,241.0
ESP,COL,251110,71908.0
ESP,COL,252910,844419.0
ESP,COL,260200,7528.0
ESP,COL,260600,14902.0
ESP,COL,270112,856.0
ESP,COL,280429,7392.0
ESP,COL,280480,28.0
ESP,COL,283691,2796.0
ESP,COL,810411,63.0
ESP,COL,850511,17823.0
ESP,CPV,280429,873.0
ESP,CPV,850511,1268.0
ESP,CRI,251110,202978.0
ESP,CRI,850511,17117.0
ESP,CUB,250490,1065.0
ESP,CUB,251110,9094.0
ESP,CUB,252800,77.0
ESP,CUB,252910,6241.0
ESP,CUB,260600,52559.0
ESP,CUB,280429,10663.0
ESP,CUB,282200,1443.0
ESP,CUB,283691,41300.0
ESP,CUB,740311,1111.0
ESP,CUB,750210,39395.0
ESP,CUB,850511,9043.0
ESP,CYP,850511,3009.0
ESP,CZE,250490,84262.0
ESP,CZE,251110,1297604.0
ESP,CZE,252922,18154.0
ESP,CZE,260600,446.0
ESP,CZE,282200,220232.0
ESP,CZE,283692,44.0
ESP,CZE,740311,73.0
ESP,CZE,750210,69330.0
ESP,CZE,810411,5781.0
ESP,CZE,811292,2125.0
ESP,CZE,850511,4758.0
ESP,DEU,250490,18184.0
ESP,DEU,251110,4561888.0
ESP,DEU,252910,98652.0
ESP,DEU,252922,9554487.0
ESP,DEU,260200,314739.0
ESP,DEU,260600,1198097.0
ESP,DEU,270112,25107292.0
ESP,DEU,280429,794778.0
ESP,DEU,280469,3676460.0
ESP,DEU,280470,425.0
ESP,DEU,282200,386995.0
ESP,DEU,283692,27912.0
ESP,DEU,711011,1406979.0
ESP,DEU,711021,642673.0
ESP,DEU,720292,111721.0
ESP,DEU,720293,307351.0
ESP,DEU,740311,47325461.0
ESP,DEU,750210,286429.0
ESP,DEU,810411,373499.0
ESP,DEU,810820,521330.00000000006
ESP,DEU,811292,180998.0
ESP,DEU,850511,933063.0
ESP,DNK,251110,41942.0
ESP,DNK,252910,535.0
ESP,DNK,270112,2716.0
ESP,DNK,280429,10637.0
ESP,DNK,280469,71.0
ESP,DNK,811292,92.0
ESP,DNK,850511,23773.0
ESP,DOM,252922,12254.0
ESP,DOM,850511,12162.0
ESP,DZA,251110,9633.0
ESP,DZA,252800,54434.0
ESP,DZA,252910,2017262.0
ESP,DZA,260600,106726.0
ESP,DZA,850511,173.0
ESP,ECU,251110,56935.0
ESP,ECU,260600,1212.0
ESP,ECU,280469,4083.9999999999995
ESP,ECU,282200,62315.0
ESP,ECU,810820,32200.000000000004
ESP,ECU,850511,3997.0
ESP,EGY,251110,114828.0
ESP,EGY,252910,1416829.0
ESP,EGY,252922,52640.0
ESP,EGY,260600,104374.0
ESP,EGY,282200,80514.0
ESP,EGY,740311,148587944.0
ESP,EGY,750210,93961.0
ESP,EST,850511,494.0
ESP,FIN,251110,88179.0
ESP,FIN,252922,864.0
ESP,FIN,270112,1292038.0
ESP,FIN,280429,88.0
ESP,FIN,283692,69701.0
ESP,FIN,740311,67128.0
ESP,FIN,810820,284.0
ESP,FIN,850511,7267.0
ESP,FRA,250490,477624.0
ESP,FRA,251010,736109.0
ESP,FRA,251110,2253067.0
ESP,FRA,252800,687.0
ESP,FRA,252910,744837.0
ESP,FRA,252922,1376846.0
ESP,FRA,260200,359881.0
ESP,FRA,260600,3187506.0
ESP,FRA,270112,3751050.0
ESP,FRA,280429,731148.0
ESP,FRA,280469,6076462.0
ESP,FRA,280470,213.0
ESP,FRA,282200,897481.0
ESP,FRA,283691,148989.0
ESP,FRA,283692,87155.0
ESP,FRA,711011,1437736.0
ESP,FRA,711021,32988167.0
ESP,FRA,740311,4253799.0
ESP,FRA,750210,591078.0
ESP,FRA,810411,328008.0
ESP,FRA,810820,1204790.0
ESP,FRA,811292,122683.0
ESP,FRA,850511,1281060.0
ESP,GBR,250490,7706.0
ESP,GBR,251110,330899.0
ESP,GBR,252800,6605.0
ESP,GBR,252910,74384.0
ESP,GBR,252922,1830.0
ESP,GBR,260200,220050.0
ESP,GBR,260600,34411.0
ESP,GBR,270112,10059026.0
ESP,GBR,280429,1807.0
ESP,GBR,280469,70488195.0
ESP,GBR,282200,643906.0
ESP,GBR,283692,16175.999999999998
ESP,GBR,711011,4346765.0
ESP,GBR,711021,219699.0
ESP,GBR,720292,29264.0
ESP,GBR,750210,22826.0
ESP,GBR,810194,27018.0
ESP,GBR,810320,794009.0
ESP,GBR,810820,20735.0
ESP,GBR,811010,68674.0
ESP,GBR,811292,1225.0
ESP,GBR,850511,189572.0
ESP,GEO,850511,92.0
ESP,GHA,252910,177911.0
ESP,GHA,850511,76.0
ESP,GIB,280429,38657.0
ESP,GIB,283691,74.0
ESP,GIB,810320,493.0
ESP,GIB,850511,34088.0
ESP,GNQ,251110,34060.0
ESP,GNQ,280429,16074.000000000002
ESP,GNQ,850511,103.0
ESP,GRC,252910,2660.0
ESP,GRC,282200,1148.0
ESP,GRC,283691,626.0
ESP,GRC,283692,223.0
ESP,GRC,720292,2924.0
ESP,GRC,740311,95484982.0
ESP,GRC,750210,43194.0
ESP,GRC,810820,134615.0
ESP,GRC,811292,1192.0
ESP,GRC,850511,817.0
ESP,GTM,252910,964.0
ESP,GTM,850511,42308.0
ESP,HKG,850511,279.0
ESP,HND,850511,1717.0
ESP,HRV,251110,46143.0
ESP,HRV,252910,243434.0
ESP,HRV,270112,2076155.0000000002
ESP,HRV,850511,92743.0
ESP,HUN,251110,74162.0
ESP,HUN,252910,1348.0
ESP,HUN,740311,7843838.0
ESP,HUN,811292,156.0
ESP,HUN,850511,8867.0
ESP,IDN,251110,19663.0
ESP,IDN,252800,22965.0
ESP,IDN,252910,5579.0
ESP,IDN,282200,5017.0
ESP,IDN,850511,253.0
ESP,IND,250490,280.0
ESP,IND,251110,877024.0
ESP,IND,252800,2665277.0
ESP,IND,252922,47864.0
ESP,IND,280429,647.0
ESP,IND,280469,11.0
ESP,IND,283692,24344.0
ESP,IND,711021,78778.0
ESP,IND,811292,65083.0
ESP,IND,850511,74621.0
ESP,IRL,270112,3192428.0
ESP,IRL,280469,844.0
ESP,IRL,711011,2886.0
ESP,IRL,711021,1851.0
ESP,IRL,720293,5775.0
ESP,IRL,810194,64.0
ESP,IRL,811292,731.0
ESP,IRL,850511,23538.0
ESP,IRN,252910,1445.0
ESP,ISL,810820,286028.0
ESP,ISL,850511,2278.0
ESP,ISR,251110,28066.0
ESP,ISR,252910,59.0
ESP,ISR,280429,92000.0
ESP,ISR,280469,13679.0
ESP,ISR,282200,870.0
ESP,ISR,283691,1833.0
ESP,ISR,740311,11729.0
ESP,ISR,850511,27000.0
ESP,ITA,250490,156950.0
ESP,ITA,251010,66.0
ESP,ITA,251110,5343476.0
ESP,ITA,252800,3090.0
ESP,ITA,252910,1098073.0
ESP,ITA,252922,7405663.0
ESP,ITA,260200,94108.0
ESP,ITA,260600,1936627.0
ESP,ITA,270112,9698552.0
ESP,ITA,280429,120275.0
ESP,ITA,280469,9477328.0
ESP,ITA,280470,542.0
ESP,ITA,280480,38739.0
ESP,ITA,282200,2601905.0
ESP,ITA,283691,983326.0
ESP,ITA,283692,1200.0
ESP,ITA,711011,5163542.0
ESP,ITA,711021,4223994.0
ESP,ITA,720292,182132.0
ESP,ITA,720293,168821.0
ESP,ITA,740311,302380242.0
ESP,ITA,750210,148167.0
ESP,ITA,810411,160679.0
ESP,ITA,810820,36282.0
ESP,ITA,811292,66926.0
ESP,ITA,850511,258343.00000000003
ESP,JAM,850511,1159.0
ESP,JPN,260600,34491.0
ESP,JPN,280469,1660.0
ESP,JPN,283692,436590.0
ESP,KAZ,252910,14172.0
ESP,KEN,811010,118800.0
ESP,KOR,250490,1016.0
ESP,KOR,251010,21721.0
ESP,KOR,251110,47353.0
ESP,KOR,280469,951.0
ESP,KOR,282200,28.0
ESP,KOR,283692,7956829.0
ESP,KOR,811010,47152.0
ESP,KOR,850511,23211.0
ESP,KWT,280429,1265.0
ESP,KWT,850511,801.0
ESP,LBN,251110,75092.0
ESP,LBN,740311,884057.0
ESP,LBN,850511,736.0
ESP,LKA,850511,28.0
ESP,LTU,252910,3950.0
ESP,LTU,850511,2868.0
ESP,LUX,252910,3983.0
ESP,LUX,720292,621027.0
ESP,LUX,850511,1113.0
ESP,LVA,251110,1173.0
ESP,LVA,270112,29413.0
ESP,LVA,282200,96.0
ESP,LVA,850511,76.0
ESP,MAR,250490,12742.0
ESP,MAR,251110,331242.0
ESP,MAR,252800,418.0
ESP,MAR,252910,222723.0
ESP,MAR,260200,146.0
ESP,MAR,260600,547480.0
ESP,MAR,270112,5505647.0
ESP,MAR,280429,800047.0
ESP,MAR,280469,5476.0
ESP,MAR,740311,119295.0
ESP,MAR,750210,53050.0
ESP,MAR,811292,3350.0
ESP,MAR,850511,346493.0
ESP,MDA,850511,35.0
ESP,MDG,810194,6036.0
ESP,MEX,250490,56213.0
ESP,MEX,251110,363948.0
ESP,MEX,252800,4739.0
ESP,MEX,252910,739626.0
ESP,MEX,260600,348849.0
ESP,MEX,270112,135367.0
ESP,MEX,282200,357374.0
ESP,MEX,810820,101353.0
ESP,MEX,850511,63193.0
ESP,MKD,260600,38378.0
ESP,MKD,850511,4046.9999999999995
ESP,MLI,251110,10301.0
ESP,MLI,280469,592.0
ESP,MLT,251110,1250.0
ESP,MLT,280469,450.0
ESP,MLT,283692,1757.0
ESP,MLT,810820,6438.0
ESP,MLT,850511,1580.0
ESP,MNE,850511,29.0
ESP,MUS,850511,130.0
ESP,MYS,252910,9906.0
ESP,MYS,260600,4574.0
ESP,MYS,270112,12033518.0
ESP,MYS,850511,524.0
ESP,NIC,850511,72.0
ESP,NLD,250490,43.0
ESP,NLD,251010,4531.0
ESP,NLD,251110,565619.0
ESP,NLD,252800,3139.0
ESP,NLD,252910,10477.0
ESP,NLD,252922,263247.0
ESP,NLD,260200,4284.0
ESP,NLD,260600,168735.0
ESP,NLD,270112,5619784.0
ESP,NLD,280429,50225.0
ESP,NLD,280469,8199.0
ESP,NLD,280470,35.0
ESP,NLD,280480,6.0
ESP,NLD,282200,51155.0
ESP,NLD,283691,95008.0
ESP,NLD,283692,348.0
ESP,NLD,711011,5100.0
ESP,NLD,711021,26095.0
ESP,NLD,720292,33099.0
ESP,NLD,720293,891592.0
ESP,NLD,740311,10414847.0
ESP,NLD,750210,1138019.0
ESP,NLD,810194,2.0
ESP,NLD,810320,641.0
ESP,NLD,810411,16967.0
ESP,NLD,810820,7714.0
ESP,NLD,811010,284812.0
ESP,NLD,811292,2325.0
ESP,NLD,850511,171828.0
ESP,NOR,251110,14885.0
ESP,NOR,260600,372.0
ESP,NOR,270112,5442101.0
ESP,NOR,280469,88058.0
ESP,NOR,810411,1645301.0
ESP,NOR,850511,11914.0
ESP,NZL,850511,3007.0
ESP,OMN,252910,21337.0
ESP,OMN,850511,91.0
ESP,PAK,252910,62235.0
ESP,PAN,850511,1522.0
ESP,PER,252910,374920.0
ESP,PER,280469,53170.0
ESP,PER,280480,7944.0
ESP,PER,283692,36180.0
ESP,PER,810411,51.0
ESP,PER,810820,69060.0
ESP,PER,850511,32433.999999999996
ESP,PHL,850511,209.0
ESP,POL,250490,162157.0
ESP,POL,251110,605853.0
ESP,POL,252910,13186.0
ESP,POL,260600,6821.0
ESP,POL,270112,159228656.0
ESP,POL,280469,77477.0
ESP,POL,280470,462.0
ESP,POL,280480,62614.0
ESP,POL,283692,74.0
ESP,POL,720292,282121.0
ESP,POL,740311,6567.0
ESP,POL,750210,76035.0
ESP,POL,810411,1560787.0
ESP,POL,810820,365465.0
ESP,POL,811010,166987.0
ESP,POL,811292,131.0
ESP,POL,850511,143981.0
ESP,PRT,250490,2087.0
ESP,PRT,251010,124.0
ESP,PRT,251110,1228923.0
ESP,PRT,252800,749.0
ESP,PRT,252910,4082195.0
ESP,PRT,260200,27743.0
ESP,PRT,260600,197761.0
ESP,PRT,270112,741545.0
ESP,PRT,280429,5680570.0
ESP,PRT,280469,1062749.0
ESP,PRT,280470,545.0
ESP,PRT,280480,2671.0
ESP,PRT,282200,323991.0
ESP,PRT,283691,116106.0
ESP,PRT,283692,11095.0
ESP,PRT,711021,1401558.0
ESP,PRT,720292,1999092.0
ESP,PRT,720293,10511.0
ESP,PRT,740311,448488.0
ESP,PRT,750210,3102681.0
ESP,PRT,810411,184760.0
ESP,PRT,810820,65730.0
ESP,PRT,811010,72694.0
ESP,PRT,811292,128229.00000000001
ESP,PRT,850511,390920.0
ESP,PRY,850511,618.0
ESP,PYF,850511,192.0
ESP,QAT,252910,46996.0
ESP,QAT,280429,62085.0
ESP,QAT,280469,575.0
ESP,QAT,850511,1008.0
ESP,ROU,251010,19431.0
ESP,ROU,251110,27396.0
ESP,ROU,252800,26612.0
ESP,ROU,252910,7993.0
ESP,ROU,252922,13459.0
ESP,ROU,260600,2167.0
ESP,ROU,270112,2136294.0
ESP,ROU,282200,13.0
ESP,ROU,283691,56.0
ESP,ROU,810194,796.0
ESP,ROU,810411,109.0
ESP,ROU,811292,1324.0
ESP,ROU,850511,8566.0
ESP,RUS,251110,4976.0
ESP,RUS,252910,39462.0
ESP,RUS,260600,498150.0
ESP,RUS,850511,50755.0
ESP,S19,250490,61926.0
ESP,S19,850511,235.0
ESP,SAU,251010,6483.0
ESP,SAU,251110,36518.0
ESP,SAU,252910,203554.0
ESP,SAU,260600,36879.0
ESP,SAU,283692,41605.0
ESP,SAU,711011,164.0
ESP,SAU,850511,378.0
ESP,SDN,252910,14866.0
ESP,SEN,251010,5117.0
ESP,SEN,251110,9889.0
ESP,SEN,280429,1035.0
ESP,SGP,850511,688.0
ESP,SLV,850511,246.0
ESP,SMR,252910,577.0
ESP,SRB,251110,6.0
ESP,SRB,252910,780.0
ESP,SRB,280469,1.0
ESP,SRB,810820,13667.0
ESP,SRB,811010,1412.0
ESP,SRB,850511,649.0
ESP,SVK,260600,77398.0
ESP,SVK,280469,357051.0
ESP,SVK,740311,4433192.0
ESP,SVK,810820,181142.0
ESP,SVK,850511,4535.0
ESP,SVN,251110,19186.0
ESP,SVN,280469,1382122.0
ESP,SVN,283692,191.0
ESP,SVN,720293,138488.0
ESP,SVN,740311,2504217.0
ESP,SVN,810820,94078.0
ESP,SVN,850511,2265.0
ESP,SWE,251110,98216.0
ESP,SWE,260600,118459.0
ESP,SWE,270112,8467808.0
ESP,SWE,280469,409655.0
ESP,SWE,740311,1819605.0
ESP,SWE,810820,167502.0
ESP,SWE,811010,92441.0
ESP,SWE,850511,6943.0
ESP,SYC,850511,15689.0
ESP,SYR,252910,3267.0
ESP,THA,250490,560.0
ESP,THA,252910,31948.0
ESP,THA,282200,4.0
ESP,TUN,251110,57962.0
ESP,TUN,252910,160215.0
ESP,TUN,252922,6927766.0
ESP,TUN,260600,36618.0
ESP,TUN,282200,432.0
ESP,TUN,740311,4220726.0
ESP,TUN,811292,242.0
ESP,TUN,850511,290.0
ESP,TUR,250490,1004.9999999999999
ESP,TUR,251010,42.0
ESP,TUR,251110,2360144.0
ESP,TUR,252910,4451230.0
ESP,TUR,252922,536132.0
ESP,TUR,260600,3139861.0
ESP,TUR,270112,6734271.0
ESP,TUR,280469,1474.0
ESP,TUR,280470,893.0
ESP,TUR,280480,51962.0
ESP,TUR,283692,9231.0
ESP,TUR,720292,126946.0
ESP,TUR,740311,37575798.0
ESP,TUR,850511,6915.0
ESP,TZA,252922,512.0
ESP,UGA,810411,207.0
ESP,UKR,252910,53.0
ESP,UKR,270112,7784316.0
ESP,UKR,750210,92510.0
ESP,UKR,850511,504.0
ESP,URY,850511,12740.0
ESP,USA,251110,28512.0
ESP,USA,252910,207009.0
ESP,USA,252922,42140.0
ESP,USA,260600,158.0
ESP,USA,280429,82227.0
ESP,USA,280469,157445.0
ESP,USA,282200,324000.0
ESP,USA,283692,6100.0
ESP,USA,810411,135792.0
ESP,USA,810820,15223.0
ESP,USA,811010,10583.0
ESP,USA,850511,31683.0
ESP,UZB,252910,10856.0
ESP,VNM,252910,673.0
ESP,VNM,260600,51961.0
ESP,VNM,282200,326.0
ESP,VNM,850511,2664.0
ESP,YEM,252910,455.0
ESP,ZAF,250490,6.0
ESP,ZAF,251110,10903.0
ESP,ZAF,252910,348088.0
ESP,ZAF,260600,41357.0
ESP,ZAF,282200,3143.0
ESP,ZAF,811292,589093.0
ESP,ZAF,850511,4247.0
EST,ARM,280429,994.0
EST,ARM,850511,187.0
EST,AUS,850511,47982.0
EST,AUT,720292,625053.0
EST,AUT,750210,6443456.0
EST,AUT,810320,7338344.0
EST,AUT,811292,2434131.0
EST,BEL,750210,2082525.9999999998
EST,BEL,850511,2120.0
EST,BGR,850511,32.0
EST,BRN,850511,299.0
EST,CHE,850511,6800.0
EST,CHN,810320,44340.0
EST,CHN,811292,8569103.0
EST,CHN,850511,10185.0
EST,CZE,720292,242210.0
EST,DEU,750210,13804151.0
EST,DEU,810320,1515735.0
EST,DEU,810820,18530.0
EST,DEU,811292,507370.0
EST,DEU,850511,1016.0
EST,DNK,280429,3263.0
EST,DNK,750210,38.0
EST,ESP,270112,1060308.0
EST,ESP,750210,602284.0
EST,ESP,850511,263.0
EST,FIN,250490,11.0
EST,FIN,280429,194.0
EST,FIN,280469,324.0
EST,FIN,850511,36929.0
EST,FRA,810820,37.0
EST,GBR,720292,197679.0
EST,GBR,750210,827272.0
EST,GBR,810320,1143118.0
EST,GBR,811292,584742.0
EST,GBR,850511,1.0
EST,HUN,850511,21.0
EST,IND,850511,197.0
EST,IRL,850511,3142.0
EST,ITA,750210,676508.0
EST,ITA,811292,240192.0
EST,JPN,811292,3081861.0
EST,KAZ,850511,12102.0
EST,KGZ,850511,323.0
EST,KOR,270112,152.0
EST,KOR,810320,159558.0
EST,KOR,850511,1838.0
EST,LTU,260200,51748.0
EST,LTU,270112,2564216.0
EST,LTU,282200,2768.0
EST,LTU,850511,19874.0
EST,LUX,850511,129.0
EST,LVA,250490,1574.0
EST,LVA,270112,112024.0
EST,LVA,280429,11978.0
EST,LVA,282200,26.0
EST,LVA,283691,1952.0
EST,LVA,720292,146192.0
EST,LVA,750210,3706.0
EST,LVA,850511,44505.0
EST,MDA,850511,835.0
EST,MKD,850511,29.0
EST,NLD,251010,512.0
EST,NLD,251110,678.0
EST,NLD,252800,854.0
EST,NLD,252910,2892.0
EST,NLD,252922,82.0
EST,NLD,260200,1592.0
EST,NLD,260600,2923.0
EST,NLD,270112,1576.0
EST,NLD,280429,1565.0
EST,NLD,280469,777.0
EST,NLD,282200,636.0
EST,NLD,283691,1642.0
EST,NLD,283692,17.0
EST,NLD,711011,139.0
EST,NLD,711021,1321.0
EST,NLD,720292,684005.0
EST,NLD,720293,5.0
EST,NLD,740311,964.0
EST,NLD,750210,4438855.0
EST,NLD,810320,19.0
EST,NLD,810411,840.0
EST,NLD,810820,2.0
EST,NLD,811010,8.0
EST,NLD,811292,25.0
EST,NLD,850511,5788.0
EST,NOR,280429,24.0
EST,NOR,850511,843.0
EST,POL,750210,1129597.0
EST,POL,850511,71.0
EST,PRT,850511,415.0
EST,ROU,720292,369102.0
EST,ROU,850511,128.0
EST,RUS,280429,15591.0
EST,RUS,282200,755056.0
EST,RUS,720293,1401404.0
EST,RUS,810820,45047.0
EST,RUS,850511,29455.0
EST,SGP,850511,41.0
EST,SVN,850511,19823.0
EST,SWE,750210,904466.0
EST,SWE,850511,22805.0
EST,THA,810820,514070.00000000006
EST,TUR,850511,122.0
EST,UKR,280429,33019.0
EST,UKR,720292,429591.0
EST,UKR,810820,259702.0
EST,USA,810320,5441637.0
EST,USA,811292,2457353.0
EST,USA,850511,63.0
ETH,ARE,280429,10.0
ETH,ARE,810320,5164.0
ETH,CAN,250490,4728.0
ETH,CHN,250490,34610.0
ETH,CHN,260200,110628.0
ETH,CHN,810320,88145.0
ETH,GBR,811292,812513.0
ETH,HKG,260200,60438.0
ETH,HKG,810320,96422.0
ETH,IRL,270112,85.0
ETH,POL,850511,37.0
ETH,RWA,250490,158.0
ETH,THA,250490,8283.0
ETH,USA,250490,40778.0
ETH,ZAF,250490,99.0
FIN,ARE,282200,779752.0
FIN,ARE,850511,1374.0
FIN,ARG,282200,581966.0
FIN,ARG,750210,1349528.0
FIN,ARG,850511,16359.000000000002
FIN,AUS,260600,32.0
FIN,AUS,280429,2933.0
FIN,AUS,810820,40465.0
FIN,AUS,850511,17655.0
FIN,AUT,740311,52183.0
FIN,AUT,750210,1258493.0
FIN,AUT,810820,104462.0
FIN,BEL,251010,1953036.0
FIN,BEL,280429,14823.0
FIN,BEL,282200,117589769.0
FIN,BEL,711011,5866947.0
FIN,BEL,711021,10002792.0
FIN,BEL,740311,1131175.0
FIN,BEL,750210,3671638.0
FIN,BEL,850511,21263.0
FIN,BGR,750210,337.0
FIN,BGR,850511,166048.0
FIN,BHS,280429,343.0
FIN,BIH,750210,180585.0
FIN,BOL,750210,12878.0
FIN,BRA,282200,2083181.9999999998
FIN,BRA,750210,23697560.0
FIN,BRA,850511,4754.0
FIN,BWA,850511,1488.0
FIN,CAN,251010,38.0
FIN,CAN,252910,11.0
FIN,CAN,280429,20.0
FIN,CAN,282200,147521.0
FIN,CAN,750210,884766.0
FIN,CAN,850511,42800.0
FIN,CHE,252910,52880.0
FIN,CHE,280469,11.0
FIN,CHE,711021,64120944.0
FIN,CHE,750210,351141.0
FIN,CHE,850511,3263.0
FIN,CHL,750210,1003600.0
FIN,CHL,850511,7896.0
FIN,CHN,250490,86406.0
FIN,CHN,282200,1765583.0
FIN,CHN,740311,53089393.0
FIN,CHN,750210,52811744.0
FIN,CHN,850511,692886.0
FIN,COL,750210,851028.0
FIN,COL,850511,637.0
FIN,CYP,850511,11.0
FIN,CZE,252910,36293.0
FIN,CZE,282200,810458.0
FIN,CZE,740311,4653448.0
FIN,CZE,750210,12109553.0
FIN,CZE,850511,2332.0
FIN,DEU,250490,11045.0
FIN,DEU,252800,5838.0
FIN,DEU,252910,33947.0
FIN,DEU,280429,633396.0
FIN,DEU,280469,2045.0
FIN,DEU,282200,33831003.0
FIN,DEU,711011,112776.0
FIN,DEU,711021,6908213.0
FIN,DEU,720293,62776.0
FIN,DEU,740311,410523637.0
FIN,DEU,750210,19784052.0
FIN,DEU,810820,1704656.0
FIN,DEU,850511,377716.0
FIN,DNK,280429,926864.0
FIN,DNK,740311,5144.0
FIN,DNK,750210,48513.0
FIN,DNK,810820,467.0
FIN,DNK,811010,22620.0
FIN,DNK,850511,59415.0
FIN,ECU,750210,104164.0
FIN,ECU,850511,340.0
FIN,EGY,750210,225237.0
FIN,ESP,282200,8323405.000000001
FIN,ESP,740311,172454.0
FIN,ESP,750210,28521894.0
FIN,ESP,850511,33351.0
FIN,EST,252910,485386.0
FIN,EST,711021,10181.0
FIN,EST,750210,27586.0
FIN,EST,850511,416985.0
FIN,FRA,252910,115458.0
FIN,FRA,282200,5899686.0
FIN,FRA,720292,132318.0
FIN,FRA,750210,4662936.0
FIN,FRA,850511,152054.0
FIN,GBR,252910,346509.0
FIN,GBR,260600,21.0
FIN,GBR,270112,1314685.0
FIN,GBR,280429,1.0
FIN,GBR,280469,44.0
FIN,GBR,282200,4051220.0
FIN,GBR,283692,106830.0
FIN,GBR,711021,502153.0
FIN,GBR,750210,41661124.0
FIN,GBR,810194,11.0
FIN,GBR,850511,65586.0
FIN,GEO,252800,360.0
FIN,GRC,850511,3234.0
FIN,HKG,750210,2133009.0
FIN,HKG,850511,610271.0
FIN,HUN,850511,16344.999999999998
FIN,IDN,282200,49489.0
FIN,IDN,750210,62725.0
FIN,IDN,850511,322.0
FIN,IND,282200,1131139.0
FIN,IND,850511,1626428.0
FIN,IRL,270112,4492.0
FIN,IRL,850511,71.0
FIN,ISL,282200,425.0
FIN,ISL,711011,4899.0
FIN,ISL,850511,61176.0
FIN,ISR,850511,45425.0
FIN,ITA,252910,87258.0
FIN,ITA,282200,4193059.0
FIN,ITA,711011,996256.0
FIN,ITA,711021,2253609.0
FIN,ITA,740311,166737515.0
FIN,ITA,750210,35364851.0
FIN,ITA,850511,8036.0
FIN,JPN,250490,2.0
FIN,JPN,270112,1.0
FIN,JPN,280469,1711.0
FIN,JPN,282200,18984184.0
FIN,JPN,750210,30809558.0
FIN,JPN,850511,5222.0
FIN,KAZ,252800,474.0
FIN,KAZ,740311,186732.0
FIN,KAZ,850511,23665.0
FIN,KGZ,850511,7921.0
FIN,KOR,280429,44154.0
FIN,KOR,282200,19129167.0
FIN,KOR,750210,165948101.0
FIN,KOR,810820,14.0
FIN,KOR,850511,11999.0
FIN,KWT,282200,11540.0
FIN,LAO,850511,19.0
FIN,LTU,252910,4247.0
FIN,LTU,850511,7820.0
FIN,LVA,252910,2546374.0
FIN,LVA,270112,96.0
FIN,LVA,280429,432215.0
FIN,LVA,850511,12251.0
FIN,MAR,750210,28950.0
FIN,MEX,750210,835793.0
FIN,MEX,850511,11885.0
FIN,MKD,750210,33437.0
FIN,MLI,850511,1837.0
FIN,MYS,750210,16139638.0
FIN,MYS,850511,9447.0
FIN,NAM,280469,28.0
FIN,NLD,250490,12.0
FIN,NLD,251010,11393.0
FIN,NLD,251110,1113.0
FIN,NLD,252800,371.0
FIN,NLD,252910,1705743.0
FIN,NLD,252922,411.0
FIN,NLD,260200,1044.0
FIN,NLD,260600,3054.0
FIN,NLD,270112,20393.0
FIN,NLD,280429,8711.0
FIN,NLD,280469,4299.0
FIN,NLD,280470,1.0
FIN,NLD,282200,5691907.0
FIN,NLD,283691,21575.0
FIN,NLD,283692,171.0
FIN,NLD,711011,690.0
FIN,NLD,711021,6569.0
FIN,NLD,720292,5230.0
FIN,NLD,720293,83.0
FIN,NLD,740311,13455588.0
FIN,NLD,750210,46182069.0
FIN,NLD,810320,23.0
FIN,NLD,810411,4617.0
FIN,NLD,810820,59.0
FIN,NLD,811010,14.0
FIN,NLD,811292,36.0
FIN,NLD,850511,1716755.0
FIN,NOR,252800,9666.0
FIN,NOR,252910,4300168.0
FIN,NOR,260600,26.0
FIN,NOR,280429,168810.0
FIN,NOR,283691,2.0
FIN,NOR,720292,11.0
FIN,NOR,750210,145665.0
FIN,NOR,810820,384.0
FIN,NOR,850511,83164.0
FIN,NZL,282200,153793.0
FIN,NZL,740311,16039.000000000002
FIN,NZL,750210,83344.0
FIN,NZL,850511,1536.0
FIN,PAK,750210,797493.0
FIN,PER,750210,708081.0
FIN,PER,850511,16619.0
FIN,PHL,750210,48028.0
FIN,PHL,850511,202.0
FIN,PNG,850511,113.0
FIN,POL,251110,11963.0
FIN,POL,252800,58855.0
FIN,POL,252910,159833.0
FIN,POL,280429,108160.0
FIN,POL,280469,187329.0
FIN,POL,282200,240214.0
FIN,POL,750210,1775309.0
FIN,POL,810820,871.0
FIN,POL,850511,477619.0
FIN,PRT,280429,226107.0
FIN,ROU,850511,5628.0
FIN,RUS,250490,11266.0
FIN,RUS,850511,71603.0
FIN,S19,282200,39316.0
FIN,S19,750210,18364984.0
FIN,S19,850511,984.0
FIN,SAU,282200,97965.0
FIN,SAU,750210,12160.0
FIN,SAU,850511,6002.0
FIN,SGP,280429,870.0
FIN,SGP,282200,831760.0
FIN,SGP,750210,14766575.0
FIN,SGP,850511,4447.0
FIN,SLV,850511,380.0
FIN,SRB,282200,1873.0
FIN,SRB,750210,207680.0
FIN,SRB,850511,90.0
FIN,SVN,282200,302795.0
FIN,SVN,750210,236367.0
FIN,SVN,850511,2616.0
FIN,SWE,252800,1130781.0
FIN,SWE,252910,3228.0
FIN,SWE,270112,338038.0
FIN,SWE,280429,27881.0
FIN,SWE,282200,310552.0
FIN,SWE,711011,75732.0
FIN,SWE,711021,98992.0
FIN,SWE,720292,21699.0
FIN,SWE,750210,89969450.0
FIN,SWE,850511,2426069.0
FIN,THA,252910,288449.0
FIN,THA,282200,483059.0
FIN,THA,750210,1575428.0
FIN,THA,850511,13415.0
FIN,TUN,282200,3086.0
FIN,TUN,750210,25659.0
FIN,TUR,282200,3456343.0
FIN,TUR,740311,3699551.0
FIN,TUR,750210,1517123.0
FIN,TUR,850511,35419.0
FIN,UKR,252910,5111.0
FIN,UKR,282200,158970.0
FIN,URY,850511,1045.0
FIN,USA,250490,20.0
FIN,USA,252910,105.0
FIN,USA,280429,1.0
FIN,USA,280469,1.0
FIN,USA,280480,1.0
FIN,USA,282200,42986856.0
FIN,USA,750210,203667686.0
FIN,USA,810194,8203.0
FIN,USA,810820,16461.0
FIN,USA,811292,98301.0
FIN,USA,850511,7005031.0
FIN,UZB,850511,750.0
FIN,VNM,282200,321885.0
FIN,VNM,750210,4064358.0
FIN,VNM,850511,1567.0
FIN,ZAF,850511,4755.0
FJI,KIR,280429,2334.0
FJI,TON,280429,31006.0
FJI,VUT,280429,6275.0
FJI,WSM,280429,28641.0
FRA,ABW,850511,468.0
FRA,AGO,280429,113240.0
FRA,AGO,720292,440.0
FRA,AGO,810194,769.0
FRA,AGO,850511,79.0
FRA,ALB,270112,1622047.0
FRA,ALB,283691,91.0
FRA,AND,280429,14092.0
FRA,AND,850511,3.0
FRA,ARE,252910,197.0
FRA,ARE,270112,238.0
FRA,ARE,280469,665.0
FRA,ARE,282200,6814.0
FRA,ARE,283691,24694.0
FRA,ARE,711011,392.0
FRA,ARE,750210,229030.0
FRA,ARE,850511,29931.0
FRA,ARG,252800,270.0
FRA,ARG,260600,6357.0
FRA,ARG,280429,42589.0
FRA,ARG,283691,141.0
FRA,ARG,750210,463287.0
FRA,ARG,850511,9889.0
FRA,ARM,252910,724.0
FRA,ARM,850511,1073.0
FRA,AUS,252910,17518.0
FRA,AUS,260200,208204.0
FRA,AUS,280429,169813.0
FRA,AUS,280469,1249.0
FRA,AUS,750210,15531.0
FRA,AUS,811292,745.0
FRA,AUS,850511,46681.0
FRA,AUT,251010,180.0
FRA,AUT,252910,5556.0
FRA,AUT,260600,19518.0
FRA,AUT,280429,1234466.0
FRA,AUT,280469,226490.0
FRA,AUT,280480,13014.0
FRA,AUT,283691,192916.0
FRA,AUT,711021,492670.0
FRA,AUT,720292,31970.0
FRA,AUT,740311,1720668.0
FRA,AUT,750210,22987695.0
FRA,AUT,810411,69068.0
FRA,AUT,810820,419804.0
FRA,AUT,811292,124838.0
FRA,AUT,850511,110067.0
FRA,AZE,280429,8355.0
FRA,AZE,850511,3879.0
FRA,BDI,270112,10.0
FRA,BEL,250490,1246.0
FRA,BEL,251010,12383800.0
FRA,BEL,251110,1146.0
FRA,BEL,252800,84269.0
FRA,BEL,252910,4692.0
FRA,BEL,260200,2167443.0
FRA,BEL,260600,188020.0
FRA,BEL,270112,1743775.0
FRA,BEL,280429,6507979.0
FRA,BEL,280469,1301505.0
FRA,BEL,280470,1389.0
FRA,BEL,282200,17392.0
FRA,BEL,283691,464801.0
FRA,BEL,711011,4636470.0
FRA,BEL,711021,2358866.0
FRA,BEL,720292,13297.0
FRA,BEL,740311,4975362.0
FRA,BEL,750210,8184698.0
FRA,BEL,810194,25643.0
FRA,BEL,810320,8695.0
FRA,BEL,810411,268538.0
FRA,BEL,810820,98032.0
FRA,BEL,811010,450.0
FRA,BEL,811292,1104082.0
FRA,BEL,850511,607576.0
FRA,BEN,251110,2612.0
FRA,BEN,280429,4022.9999999999995
FRA,BEN,850511,2909.0
FRA,BFA,250490,86.0
FRA,BFA,280429,36975.0
FRA,BFA,280469,10998.0
FRA,BFA,711021,2563.0
FRA,BFA,810820,187.0
FRA,BFA,811292,2007.0000000000002
FRA,BFA,850511,535.0
FRA,BGD,850511,56.0
FRA,BGR,252800,7.0
FRA,BGR,720292,7317.0
FRA,BGR,720293,33709.0
FRA,BGR,750210,1179165.0
FRA,BGR,810194,11277.0
FRA,BGR,850511,5146.0
FRA,BHR,850511,180.0
FRA,BIH,260600,772730.0
FRA,BIH,280429,26353.0
FRA,BIH,850511,2378.0
FRA,BLR,850511,280.0
FRA,BOL,750210,19178.0
FRA,BOL,850511,5.0
FRA,BRA,250490,173362.0
FRA,BRA,251110,595.0
FRA,BRA,260200,55745.0
FRA,BRA,280429,36507.0
FRA,BRA,280469,747674.0
FRA,BRA,282200,16673.0
FRA,BRA,740311,11919.0
FRA,BRA,750210,7537903.0
FRA,BRA,810820,784511.0
FRA,BRA,850511,134918.0
FRA,BTN,251010,31.0
FRA,CAN,251010,1.0
FRA,CAN,252910,1487.0
FRA,CAN,280429,11443.0
FRA,CAN,280469,1842.0
FRA,CAN,283691,9794.0
FRA,CAN,720292,4528.0
FRA,CAN,740311,11773.0
FRA,CAN,750210,4349.0
FRA,CAN,810820,10314.0
FRA,CAN,850511,176192.0
FRA,CHE,250490,11750.0
FRA,CHE,251010,1263.0
FRA,CHE,251110,330914.0
FRA,CHE,260200,193680.0
FRA,CHE,260600,755163.0
FRA,CHE,270112,18052.0
FRA,CHE,280429,445913.0
FRA,CHE,280469,3330662.0
FRA,CHE,280470,1166.0
FRA,CHE,282200,4113.0
FRA,CHE,283691,202141.0
FRA,CHE,711011,3294765.0
FRA,CHE,711021,150921293.0
FRA,CHE,720292,24825.0
FRA,CHE,720293,16161.000000000002
FRA,CHE,740311,1521352.0
FRA,CHE,750210,1160416.0
FRA,CHE,810320,3735.0
FRA,CHE,810820,31934.0
FRA,CHE,811010,126.0
FRA,CHE,811212,161.0
FRA,CHE,811292,4984.0
FRA,CHE,850511,560012.0
FRA,CHL,850511,23621.0
FRA,CHN,251110,26159.0
FRA,CHN,280429,61936.0
FRA,CHN,280469,862.0
FRA,CHN,282200,24.0
FRA,CHN,283691,13607774.0
FRA,CHN,720292,34540.0
FRA,CHN,720293,527.0
FRA,CHN,750210,592866.0
FRA,CHN,810320,656.0
FRA,CHN,810411,4374.0
FRA,CHN,810820,303042.0
FRA,CHN,811292,93928.0
FRA,CHN,850511,2219943.0
FRA,CIV,250490,8273.0
FRA,CIV,251110,1382.0
FRA,CIV,280429,33240.0
FRA,CIV,740311,4091.9999999999995
FRA,CIV,850511,31770.0
FRA,CMR,280429,28091.0
FRA,CMR,280469,6627.0
FRA,CMR,850511,10005.0
FRA,COD,850511,298.0
FRA,COG,850511,1930.0
FRA,COL,280429,122401.0
FRA,COL,750210,76100.0
FRA,COL,850511,5445.0
FRA,CPV,850511,77.0
FRA,CRI,850511,105.0
FRA,CUB,280429,1914.0
FRA,CUB,850511,4013.0
FRA,CYP,280429,595534.0
FRA,CYP,850511,1504.0
FRA,CZE,250490,297.0
FRA,CZE,251110,1559.0
FRA,CZE,252910,2189.0
FRA,CZE,280469,6589891.0
FRA,CZE,282200,10142.0
FRA,CZE,283691,29466.0
FRA,CZE,740311,2638354.0
FRA,CZE,750210,25057.0
FRA,CZE,810820,21749.0
FRA,CZE,850511,416727.0
FRA,DEU,250490,47.0
FRA,DEU,251010,1405.0
FRA,DEU,251110,47897.0
FRA,DEU,252800,4217.0
FRA,DEU,252910,106673.0
FRA,DEU,252922,140917.0
FRA,DEU,260200,1681020.0
FRA,DEU,260600,499345.0
FRA,DEU,280429,14961232.0
FRA,DEU,280469,222337059.0
FRA,DEU,280470,497495.0
FRA,DEU,280480,153227.0
FRA,DEU,282200,20699.0
FRA,DEU,283691,6807260.0
FRA,DEU,283692,24579.0
FRA,DEU,711011,7054471.0
FRA,DEU,711021,66953565.0
FRA,DEU,720292,868764.0
FRA,DEU,720293,41638.0
FRA,DEU,740311,52875801.0
FRA,DEU,750210,14717047.0
FRA,DEU,810320,10383.0
FRA,DEU,810411,750235.0
FRA,DEU,810820,2512714.0
FRA,DEU,811010,74787.0
FRA,DEU,811212,148868.0
FRA,DEU,811292,7260561.0
FRA,DEU,850511,1680841.0
FRA,DJI,850511,3896.0
FRA,DMA,280429,187.0
FRA,DMA,280469,84.0
FRA,DNK,251110,36.0
FRA,DNK,252910,1143.0
FRA,DNK,260200,26964.0
FRA,DNK,280429,234004.0
FRA,DNK,280480,30341.0
FRA,DNK,283691,78679.0
FRA,DNK,720292,6090.0
FRA,DNK,720293,3965.0
FRA,DNK,750210,52383.0
FRA,DNK,810820,2450.0
FRA,DNK,811292,7877.0
FRA,DNK,850511,319807.0
FRA,DOM,850511,977.0
FRA,DZA,280429,127722.0
FRA,DZA,740311,414346.0
FRA,DZA,750210,123465.0
FRA,DZA,811010,58228.0
FRA,DZA,850511,47907.0
FRA,ECU,750210,89766.0
FRA,ECU,850511,186.0
FRA,EGY,260200,1497027.0
FRA,EGY,280429,46234.0
FRA,EGY,282200,40.0
FRA,EGY,750210,1983234.0
FRA,EGY,811010,14692.0
FRA,EGY,850511,5303.0
FRA,ESP,250490,876.0
FRA,ESP,251010,1168826.0
FRA,ESP,251110,4811.0
FRA,ESP,252910,185989.0
FRA,ESP,260200,8738288.0
FRA,ESP,260600,52762.0
FRA,ESP,270112,3761329.0
FRA,ESP,280429,5415688.0
FRA,ESP,280469,2047092.0
FRA,ESP,280470,158.0
FRA,ESP,282200,122569.0
FRA,ESP,283691,796702.0
FRA,ESP,283692,1560.0
FRA,ESP,711011,963052.0
FRA,ESP,711021,47457479.0
FRA,ESP,720292,33364.0
FRA,ESP,720293,1012.9999999999999
FRA,ESP,740311,46551654.0
FRA,ESP,750210,5177983.0
FRA,ESP,810194,271.0
FRA,ESP,810320,1254.0
FRA,ESP,810411,156825.0
FRA,ESP,810820,429728.0
FRA,ESP,811010,9157.0
FRA,ESP,811212,4860.0
FRA,ESP,811292,59240.0
FRA,ESP,850511,388500.0
FRA,EST,252910,424998.0
FRA,EST,850511,2575.0
FRA,ETH,850511,298.0
FRA,FIN,251110,6072.0
FRA,FIN,280470,4059.9999999999995
FRA,FIN,720293,140600.0
FRA,FIN,750210,513479.00000000006
FRA,FIN,810320,8285.0
FRA,FIN,810820,805.0
FRA,FIN,811292,29589.0
FRA,FIN,850511,82850.0
FRA,GAB,280429,71176.0
FRA,GAB,280469,269.0
FRA,GAB,283691,44.0
FRA,GAB,740311,4570.0
FRA,GAB,810411,2363.0
FRA,GAB,850511,5207.0
FRA,GBR,250490,18800.0
FRA,GBR,251010,9450.0
FRA,GBR,251110,702.0
FRA,GBR,252800,11331.0
FRA,GBR,260200,192936.0
FRA,GBR,260600,3373.0
FRA,GBR,270112,79053.0
FRA,GBR,280429,52790.0
FRA,GBR,280469,15514080.0
FRA,GBR,280470,25491.0
FRA,GBR,280480,96353.0
FRA,GBR,283691,1717645.0
FRA,GBR,283692,22749.0
FRA,GBR,711011,370113.0
FRA,GBR,711021,43797.0
FRA,GBR,740311,100647.0
FRA,GBR,750210,2879872.0
FRA,GBR,810320,135920.0
FRA,GBR,810411,52126.0
FRA,GBR,810820,1552064.0
FRA,GBR,811212,4945.0
FRA,GBR,811292,525930.0
FRA,GBR,850511,355394.0
FRA,GEO,260200,2131413.0
FRA,GEO,850511,861.0
FRA,GHA,280429,12745.0
FRA,GHA,280469,1777.0
FRA,GHA,850511,5934.0
FRA,GIN,850511,1808.0
FRA,GRC,280429,862366.0
FRA,GRC,283691,18546.0
FRA,GRC,740311,18960.0
FRA,GRC,750210,368706.0
FRA,GRC,810411,72924.0
FRA,GRC,811292,360.0
FRA,GRC,850511,50279.0
FRA,HKG,280429,51089.0
FRA,HKG,850511,18229.0
FRA,HRV,280429,22068.0
FRA,HRV,282200,51.0
FRA,HRV,810411,19628.0
FRA,HRV,811010,4128.0
FRA,HRV,850511,3867.0
FRA,HUN,252910,41457.0
FRA,HUN,260200,1543.0
FRA,HUN,280429,1079437.0
FRA,HUN,280469,6360860.0
FRA,HUN,283691,217768.0
FRA,HUN,720292,5047.0
FRA,HUN,720293,7870.0
FRA,HUN,750210,71489.0
FRA,HUN,810194,31114.0
FRA,HUN,811212,38743.0
FRA,HUN,850511,3111800.0
FRA,IDN,260200,1622.0
FRA,IDN,280429,4199.0
FRA,IDN,750210,872312.0
FRA,IDN,850511,4777.0
FRA,IND,250490,180.0
FRA,IND,251110,461.0
FRA,IND,260200,44046570.0
FRA,IND,260600,61.0
FRA,IND,280429,23582.0
FRA,IND,280469,1145883.0
FRA,IND,282200,207767.0
FRA,IND,283691,84070.0
FRA,IND,720292,3601.0
FRA,IND,750210,4958194.0
FRA,IND,810194,475.0
FRA,IND,810320,371.0
FRA,IND,810820,73681.0
FRA,IND,850511,349487.0
FRA,IRL,270112,145.0
FRA,IRL,280429,4483423.0
FRA,IRL,280469,544172.0
FRA,IRL,282200,607.0
FRA,IRL,283692,2159.0
FRA,IRL,750210,26614.0
FRA,IRL,850511,44392.0
FRA,IRN,252910,627.0
FRA,ISL,280469,1481271.0
FRA,ISL,711011,12234.0
FRA,ISL,850511,963.0
FRA,ISR,280429,17674642.0
FRA,ISR,280469,5273.0
FRA,ISR,740311,10000.0
FRA,ISR,750210,212123.0
FRA,ISR,810820,10830.0
FRA,ISR,850511,21692.0
FRA,ITA,250490,31174.0
FRA,ITA,251010,3615.0
FRA,ITA,251110,51101.0
FRA,ITA,252800,291.0
FRA,ITA,252910,12049104.0
FRA,ITA,252922,181691.0
FRA,ITA,260200,705414.0
FRA,ITA,260600,2425828.0
FRA,ITA,280429,14428650.0
FRA,ITA,280469,55935652.0
FRA,ITA,280470,13.0
FRA,ITA,282200,12334.0
FRA,ITA,283691,2106660.0
FRA,ITA,283692,102.0
FRA,ITA,711011,9681445.0
FRA,ITA,711021,32805441.0
FRA,ITA,720292,1761086.0
FRA,ITA,720293,78728.0
FRA,ITA,740311,79733614.0
FRA,ITA,750210,2753251.0
FRA,ITA,810194,15619.0
FRA,ITA,810320,4741.0
FRA,ITA,810411,435071.0
FRA,ITA,810820,992002.0
FRA,ITA,811010,214797.0
FRA,ITA,811292,1149746.0
FRA,ITA,850511,2194419.0
FRA,JOR,850511,25.0
FRA,JPN,251110,11.0
FRA,JPN,252922,56.0
FRA,JPN,260600,5597.0
FRA,JPN,280429,8218565.000000001
FRA,JPN,280469,1364860.0
FRA,JPN,282200,165.0
FRA,JPN,740311,84665.0
FRA,JPN,810820,15209.0
FRA,JPN,811292,18325.0
FRA,JPN,850511,31100.0
FRA,KAZ,850511,4.0
FRA,KEN,280429,3264.0
FRA,KEN,850511,1103.0
FRA,KHM,251110,980.0
FRA,KHM,850511,760.0
FRA,KOR,280429,16894843.0
FRA,KOR,280469,1136247.0
FRA,KOR,750210,305085.0
FRA,KOR,810820,5570.0
FRA,KOR,811292,28567.0
FRA,KOR,850511,51806.0
FRA,KWT,280429,4669.0
FRA,KWT,850511,2365.0
FRA,LBN,280429,3144.0
FRA,LBN,750210,121878.0
FRA,LBN,850511,191.0
FRA,LKA,850511,382.0
FRA,LTU,280480,19807.0
FRA,LTU,283691,162815.0
FRA,LTU,811010,39632.0
FRA,LTU,811292,16247.0
FRA,LTU,850511,7722.0
FRA,LUX,251110,2253.0
FRA,LUX,252800,4619.0
FRA,LUX,260600,129190.0
FRA,LUX,270112,1144.0
FRA,LUX,280429,261430.99999999997
FRA,LUX,280469,152792.0
FRA,LUX,740311,378320.0
FRA,LUX,750210,644772.0
FRA,LUX,811292,6238.0
FRA,LUX,850511,25109.0
FRA,LVA,280429,157.0
FRA,LVA,850511,1296.0
FRA,MAR,250490,146.0
FRA,MAR,280429,331029.0
FRA,MAR,280469,16210.999999999998
FRA,MAR,282200,5765.0
FRA,MAR,283691,10406.0
FRA,MAR,283692,40.0
FRA,MAR,711011,13795.0
FRA,MAR,740311,338874.0
FRA,MAR,750210,277762.0
FRA,MAR,810820,104650.0
FRA,MAR,811010,39677.0
FRA,MAR,811292,604.0
FRA,MAR,850511,215394.0
FRA,MDA,850511,972.0
FRA,MDG,251110,28377.0
FRA,MDG,280429,54327.0
FRA,MDG,280469,21451.0
FRA,MDG,283691,238.0
FRA,MDG,850511,10696.0
FRA,MDV,810820,31.0
FRA,MDV,850511,57.0
FRA,MEX,251110,570303.0
FRA,MEX,280429,23251.0
FRA,MEX,720292,10407.0
FRA,MEX,750210,260387.0
FRA,MEX,850511,278359.0
FRA,MKD,850511,1735.0
FRA,MLI,251110,14511.0
FRA,MLI,280429,4260.0
FRA,MLI,850511,988.0
FRA,MLT,252800,72.0
FRA,MLT,750210,156147.0
FRA,MLT,850511,14950.0
FRA,MNE,850511,145.0
FRA,MNG,850511,75.0
FRA,MOZ,280429,19409.0
FRA,MOZ,850511,3407.0
FRA,MRT,260200,550.0
FRA,MRT,810820,626.0
FRA,MRT,850511,80114.0
FRA,MUS,280429,6355.0
FRA,MUS,850511,1296.0
FRA,MYS,252910,11999.0
FRA,MYS,280429,64808.00000000001
FRA,MYS,280469,47336702.0
FRA,MYS,810820,105204.0
FRA,MYS,850511,55548.0
FRA,NCL,270112,245.0
FRA,NCL,280429,13629.0
FRA,NCL,850511,12876.0
FRA,NER,260600,180.0
FRA,NER,280469,2167.0
FRA,NER,850511,643.0
FRA,NGA,280429,1421.0
FRA,NGA,750210,41750.0
FRA,NGA,850511,3195.0
FRA,NLD,250490,81.0
FRA,NLD,251010,45006.0
FRA,NLD,251110,15442.0
FRA,NLD,252800,2918.0
FRA,NLD,252910,9174.0
FRA,NLD,252922,2534.0
FRA,NLD,260200,2069601.9999999998
FRA,NLD,260600,251788.0
FRA,NLD,270112,476809.0
FRA,NLD,280429,238812.0
FRA,NLD,280469,2621893.0
FRA,NLD,280470,1018.0
FRA,NLD,280480,726.0
FRA,NLD,282200,20561.0
FRA,NLD,283691,62955.0
FRA,NLD,283692,731.0
FRA,NLD,711011,9441.0
FRA,NLD,711021,336856.0
FRA,NLD,720292,38531.0
FRA,NLD,720293,499717.0
FRA,NLD,740311,2378409.0
FRA,NLD,750210,2366560.0
FRA,NLD,810194,4.0
FRA,NLD,810320,40629.0
FRA,NLD,810411,1442944.0
FRA,NLD,810820,44266.0
FRA,NLD,811010,765.0
FRA,NLD,811292,719169.0
FRA,NLD,850511,443660.0
FRA,NOR,250490,1434.0
FRA,NOR,252910,115.0
FRA,NOR,260200,6775842.0
FRA,NOR,270112,7417.0
FRA,NOR,280429,16819.0
FRA,NOR,280469,5771730.0
FRA,NOR,280470,411.0
FRA,NOR,282200,1880.0
FRA,NOR,283691,90.0
FRA,NOR,740311,18182.0
FRA,NOR,750210,469879.0
FRA,NOR,810820,87609.0
FRA,NOR,850511,29363.0
FRA,NZL,280429,14925.0
FRA,NZL,850511,7155.0
FRA,OMN,280429,5438.0
FRA,PAK,711011,64459.0
FRA,PAK,750210,3648849.0
FRA,PAK,850511,2218.0
FRA,PAN,280429,10713.0
FRA,PAN,740311,4051.9999999999995
FRA,PAN,811010,33051.0
FRA,PAN,850511,20.0
FRA,PER,280429,3052.0
FRA,PER,750210,480192.0
FRA,PER,810411,29216.0
FRA,PER,850511,7711.0
FRA,PHL,280429,1929961.0
FRA,PHL,750210,317045.0
FRA,PHL,850511,439.0
FRA,PNG,850511,35.0
FRA,POL,250490,10151.0
FRA,POL,251010,180.0
FRA,POL,251110,31493.0
FRA,POL,252800,8124.000000000001
FRA,POL,252910,20962.0
FRA,POL,260200,1056327.0
FRA,POL,260600,249663.0
FRA,POL,270112,28618557.0
FRA,POL,280429,6324261.0
FRA,POL,280469,10663056.0
FRA,POL,280480,24919.0
FRA,POL,283691,158801.0
FRA,POL,740311,41831.0
FRA,POL,750210,918099.0
FRA,POL,810820,3043.0
FRA,POL,811010,17847.0
FRA,POL,811292,1012230.0
FRA,POL,850511,1483504.0
FRA,PRT,250490,4720.0
FRA,PRT,251110,2021.9999999999998
FRA,PRT,252910,417395.0
FRA,PRT,260200,8847.0
FRA,PRT,260600,263167.0
FRA,PRT,270112,189664.0
FRA,PRT,280429,887.0
FRA,PRT,280469,158740.0
FRA,PRT,280470,173.0
FRA,PRT,282200,62.0
FRA,PRT,283691,11862.0
FRA,PRT,283692,241.0
FRA,PRT,711021,140116.0
FRA,PRT,740311,25133.0
FRA,PRT,750210,232347.0
FRA,PRT,810411,1211.0
FRA,PRT,810820,194917.0
FRA,PRT,811010,28.0
FRA,PRT,811292,73.0
FRA,PRT,850511,641409.0
FRA,PRY,283691,489.0
FRA,PRY,850511,59.0
FRA,PYF,250490,416.0
FRA,PYF,280429,23995.0
FRA,PYF,280469,2351.0
FRA,PYF,810820,142.0
FRA,PYF,850511,8711.0
FRA,QAT,280429,1167.0
FRA,QAT,282200,12197.0
FRA,QAT,850511,1239.0
FRA,ROU,260200,38623.0
FRA,ROU,280429,19.0
FRA,ROU,280469,3534.0
FRA,ROU,283691,109.0
FRA,ROU,711021,2733617.0
FRA,ROU,740311,3265.0
FRA,ROU,750210,27876.0
FRA,ROU,810194,487.0
FRA,ROU,810820,7303.0
FRA,ROU,811010,31619.0
FRA,ROU,850511,93092.0
FRA,RUS,260200,228238.0
FRA,RUS,720292,92688.0
FRA,RUS,750210,9667.0
FRA,RUS,850511,4057.0000000000005
FRA,S19,270112,172148.0
FRA,S19,280429,31307.0
FRA,S19,811292,101.0
FRA,S19,850511,2920.0
FRA,SAU,270112,65697.0
FRA,SAU,280429,13853.0
FRA,SAU,280469,42357.0
FRA,SAU,750210,56968.0
FRA,SAU,810820,1221.0
FRA,SAU,850511,7763.0
FRA,SEN,251010,920.0
FRA,SEN,280429,26738.0
FRA,SEN,850511,7524.0
FRA,SGP,250490,12615.0
FRA,SGP,280429,2098329.0
FRA,SGP,280469,5097.0
FRA,SGP,711011,1190.0
FRA,SGP,750210,28868.0
FRA,SGP,810820,28380.0
FRA,SGP,850511,88967.0
FRA,SLE,850511,28.0
FRA,SLV,850511,39.0
FRA,SRB,260200,26.0
FRA,SRB,280469,145116.0
FRA,SRB,282200,915.0
FRA,SRB,720293,10538.0
FRA,SRB,740311,44707.0
FRA,SRB,750210,1708274.0
FRA,SRB,810411,10109.0
FRA,SRB,850511,1603.0
FRA,SUR,280429,46503.0
FRA,SVK,260600,81769.0
FRA,SVK,280469,1913673.0
FRA,SVK,283691,20145.0
FRA,SVK,720292,1734.0
FRA,SVK,740311,8615.0
FRA,SVK,810194,1988.0
FRA,SVK,850511,39868.0
FRA,SVN,252910,1129.0
FRA,SVN,260200,13354.0
FRA,SVN,260600,18204.0
FRA,SVN,280429,818.0
FRA,SVN,280469,256435.99999999997
FRA,SVN,283691,471503.0
FRA,SVN,711021,4871.0
FRA,SVN,720292,48676.0
FRA,SVN,720293,63845.0
FRA,SVN,740311,482.0
FRA,SVN,750210,1067182.0
FRA,SVN,810411,7380.0
FRA,SVN,811010,30106.0
FRA,SVN,850511,204943.0
FRA,SWE,251110,26385.0
FRA,SWE,252800,10085.0
FRA,SWE,260200,6921.0
FRA,SWE,270112,366611.0
FRA,SWE,280429,1044020.0
FRA,SWE,283691,296272.0
FRA,SWE,750210,367535.0
FRA,SWE,810411,395.0
FRA,SWE,811292,8689.0
FRA,SWE,850511,79457.0
FRA,SYC,850511,965.0
FRA,TGO,850511,446.0
FRA,THA,252910,119.0
FRA,THA,270112,4302565.0
FRA,THA,280429,24316.0
FRA,THA,280469,403603.0
FRA,THA,282200,69.0
FRA,THA,740311,58082.0
FRA,THA,810820,2057.0
FRA,THA,850511,5772.0
FRA,TTO,251110,166.0
FRA,TTO,280429,798.0
FRA,TUN,250490,2808.0
FRA,TUN,251110,5447.0
FRA,TUN,252910,7486.0
FRA,TUN,280429,101649.0
FRA,TUN,280469,508.0
FRA,TUN,280480,4074.0
FRA,TUN,283691,139.0
FRA,TUN,740311,18481.0
FRA,TUN,750210,90020.0
FRA,TUN,810194,96237.0
FRA,TUN,810411,80791.0
FRA,TUN,810820,44784.0
FRA,TUN,811010,17283.0
FRA,TUN,850511,448481.0
FRA,TUR,251010,20.0
FRA,TUR,251110,906.0
FRA,TUR,252910,6477.0
FRA,TUR,252922,45007.0
FRA,TUR,260200,5.0
FRA,TUR,270112,1831301.0
FRA,TUR,280429,1005796.0
FRA,TUR,280469,76346.0
FRA,TUR,280480,47066.0
FRA,TUR,283691,738381.0
FRA,TUR,720292,1026260.0
FRA,TUR,720293,1578192.0
FRA,TUR,740311,802.0
FRA,TUR,750210,5707896.0
FRA,TUR,810820,1240.0
FRA,TUR,811010,66356.0
FRA,TUR,811292,43702.0
FRA,TUR,850511,78125.0
FRA,TZA,280429,22834.0
FRA,TZA,850511,1.0
FRA,UGA,850511,298.0
FRA,UKR,750210,1591629.0
FRA,UKR,850511,138024.0
FRA,URY,850511,6179.0
FRA,USA,250490,372624.0
FRA,USA,251110,2388.0
FRA,USA,252922,609.0
FRA,USA,260200,28160.0
FRA,USA,270112,47.0
FRA,USA,280429,1370735.0
FRA,USA,280469,435385.0
FRA,USA,280470,175.0
FRA,USA,282200,60636.0
FRA,USA,283691,236475.0
FRA,USA,711011,4459115.0
FRA,USA,720292,361.0
FRA,USA,720293,541085.0
FRA,USA,740311,312006.0
FRA,USA,750210,7862307.0
FRA,USA,810320,828073.0
FRA,USA,810411,230056.0
FRA,USA,810820,253391.0
FRA,USA,811010,55856.0
FRA,USA,811292,7045879.0
FRA,USA,850511,381587.0
FRA,UZB,750210,7950.0
FRA,VEN,750210,5783.0
FRA,VEN,811010,1515.0
FRA,VNM,280429,2585.0
FRA,VNM,711021,37824.0
FRA,VNM,750210,556224.0
FRA,VNM,850511,79837.0
FRA,ZAF,251110,23500.0
FRA,ZAF,252800,124.0
FRA,ZAF,280429,20924.0
FRA,ZAF,280469,95092.0
FRA,ZAF,282200,52.0
FRA,ZAF,720293,85341.0
FRA,ZAF,750210,28493.0
FRA,ZAF,810320,5088.0
FRA,ZAF,811010,153295.0
FRA,ZAF,850511,10003.0
FRA,ZMB,850511,298.0
FSM,POL,850511,6.0
GAB,ARE,850511,6676.0
GAB,AUS,260200,17065245.0
GAB,BEL,260200,6208645.0
GAB,BGD,260200,1167769.0
GAB,BTN,260200,4139279.9999999995
GAB,CHN,260200,704254653.0
GAB,CZE,260200,2540214.0
GAB,DEU,260200,594620.0
GAB,DEU,810411,22512.0
GAB,ESP,260200,13826643.0
GAB,EST,260200,10693350.0
GAB,FRA,260200,61428954.0
GAB,GBR,260200,16608.0
GAB,GEO,260200,25798454.0
GAB,GRC,260200,12439463.0
GAB,IDN,260200,8721247.0
GAB,IND,260200,225775683.0
GAB,JPN,260200,32531949.0
GAB,KAZ,260200,7164174.0
GAB,KOR,260200,8607882.0
GAB,LVA,260200,16251248.0
GAB,MAR,260200,85.0
GAB,MEX,260200,5077360.0
GAB,MYS,260200,12448006.0
GAB,NOR,260200,133897646.00000001
GAB,POL,260200,3437739.0
GAB,STP,251110,26881.0
GAB,SVK,260200,10372068.0
GAB,THA,260200,21087.0
GAB,TUR,260200,6118.0
GAB,USA,260200,83310775.0
GAB,ZAF,260200,4127307.0
GBR,ABW,850511,1443.0
GBR,AGO,280429,118708.0
GBR,AGO,850511,48331.0
GBR,ALB,280429,3533.0
GBR,ARE,250490,13501.0
GBR,ARE,251110,302.0
GBR,ARE,252922,3178.0
GBR,ARE,260600,266.0
GBR,ARE,280429,16962.0
GBR,ARE,280480,4191.0
GBR,ARE,283691,1825.0
GBR,ARE,711011,1397658.0
GBR,ARE,711021,700871.0
GBR,ARE,750210,1154130.0
GBR,ARE,810820,112922.0
GBR,ARE,850511,659226.0
GBR,ARG,250490,5177.0
GBR,ARG,280429,15316.0
GBR,ARG,283691,229.0
GBR,ARG,283692,218.0
GBR,ARG,711011,15345251.0
GBR,ARG,711021,68253018.0
GBR,ARG,740311,1849.0
GBR,ARG,750210,685269.0
GBR,ARG,850511,22516.0
GBR,ARM,280429,1936.0
GBR,ARM,850511,4222.0
GBR,AUS,250490,1799.0
GBR,AUS,260600,1595.0
GBR,AUS,270112,3603262.0
GBR,AUS,280429,72880.0
GBR,AUS,280469,8050.000000000001
GBR,AUS,280480,1086.0
GBR,AUS,283691,576349.0
GBR,AUS,711011,588769.0
GBR,AUS,740311,2807.0
GBR,AUS,750210,11738.0
GBR,AUS,810194,1762746.0
GBR,AUS,810320,5402086.0
GBR,AUS,810820,6167.0
GBR,AUS,811010,163746.0
GBR,AUS,811292,3740868.0
GBR,AUS,850511,169334.0
GBR,AUT,280429,18184.0
GBR,AUT,280469,58043.0
GBR,AUT,282200,734.0
GBR,AUT,283691,334777.0
GBR,AUT,283692,103.0
GBR,AUT,711011,1172.0
GBR,AUT,711021,225.0
GBR,AUT,750210,82461.0
GBR,AUT,810194,3334.0
GBR,AUT,810820,630215.0
GBR,AUT,811010,332630.0
GBR,AUT,811292,1427.0
GBR,AUT,850511,97565.0
GBR,AZE,251110,941.0
GBR,AZE,280429,1114060.0
GBR,AZE,850511,2546.0
GBR,BEL,250490,25827.0
GBR,BEL,252800,142448.0
GBR,BEL,252910,1505.0
GBR,BEL,252922,70543.0
GBR,BEL,260200,2.0
GBR,BEL,260600,142.0
GBR,BEL,270112,521033.0
GBR,BEL,280429,2647052.0
GBR,BEL,280469,284547.0
GBR,BEL,282200,2942.0
GBR,BEL,283691,113691.0
GBR,BEL,283692,175.0
GBR,BEL,711011,61504025.0
GBR,BEL,711021,561643.0
GBR,BEL,740311,441876.0
GBR,BEL,750210,102830634.0
GBR,BEL,810194,69775.0
GBR,BEL,810320,41853.0
GBR,BEL,810411,101505.0
GBR,BEL,810820,197019.0
GBR,BEL,811292,793.0
GBR,BEL,850511,614815.0
GBR,BFA,280429,1166.0
GBR,BGR,280429,1685.0
GBR,BGR,850511,17206.0
GBR,BHR,280429,1104.0
GBR,BHR,850511,1253.0
GBR,BHS,252800,1166.0
GBR,BIH,282200,21.0
GBR,BIH,750210,175429.0
GBR,BIH,850511,1835.0
GBR,BLZ,850511,10.0
GBR,BMU,850511,646.0
GBR,BOL,850511,1111.0
GBR,BRA,250490,9453.0
GBR,BRA,251010,5219.0
GBR,BRA,251110,6011.0
GBR,BRA,252800,82956.0
GBR,BRA,252910,2455.0
GBR,BRA,252922,5115.0
GBR,BRA,270112,14014527.0
GBR,BRA,280429,298442.0
GBR,BRA,280469,260831.00000000003
GBR,BRA,282200,1206.0
GBR,BRA,283691,547.0
GBR,BRA,711011,187612.0
GBR,BRA,711021,4796877.0
GBR,BRA,720293,1289.0
GBR,BRA,740311,2570.0
GBR,BRA,750210,2247029.0
GBR,BRA,810194,1450.0
GBR,BRA,810820,6107.0
GBR,BRA,811292,80304.0
GBR,BRA,850511,33144.0
GBR,BRB,850511,526.0
GBR,BRN,280429,7630.0
GBR,BRN,850511,2147.0
GBR,CAN,250490,196.0
GBR,CAN,252922,94880.0
GBR,CAN,260600,5408.0
GBR,CAN,270112,5863853.0
GBR,CAN,280429,5272.0
GBR,CAN,282200,26544.0
GBR,CAN,283691,30822.0
GBR,CAN,711011,14876.0
GBR,CAN,720293,38163.0
GBR,CAN,750210,16061400.0
GBR,CAN,810194,57692.0
GBR,CAN,810411,135495.0
GBR,CAN,810820,25693.0
GBR,CAN,811292,1203.0
GBR,CAN,850511,198985.0
GBR,CHE,250490,128.0
GBR,CHE,251110,1159.0
GBR,CHE,260200,9851.0
GBR,CHE,280429,13668.0
GBR,CHE,280469,19425.0
GBR,CHE,282200,616.0
GBR,CHE,283691,560856.0
GBR,CHE,283692,723.0
GBR,CHE,711011,56489945.0
GBR,CHE,711021,118887180.0
GBR,CHE,750210,8283300.999999999
GBR,CHE,810194,63905.0
GBR,CHE,810820,69033.0
GBR,CHE,811010,704.0
GBR,CHE,811292,1968.0
GBR,CHE,850511,51425.0
GBR,CHL,260600,674313.0
GBR,CHL,280429,1956.0
GBR,CHL,283691,19611.0
GBR,CHL,750210,895969.0
GBR,CHL,810194,6918.0
GBR,CHL,850511,14030.0
GBR,CHN,250490,146036.0
GBR,CHN,251110,30918.0
GBR,CHN,252800,2257.0
GBR,CHN,260600,29767.0
GBR,CHN,280429,44672.0
GBR,CHN,280469,31371.0
GBR,CHN,280480,1860.0
GBR,CHN,282200,486342.0
GBR,CHN,283691,19663577.0
GBR,CHN,283692,472.0
GBR,CHN,711011,20504852.0
GBR,CHN,711021,40159932.0
GBR,CHN,750210,102023526.0
GBR,CHN,810194,7965.0
GBR,CHN,810411,1657.0
GBR,CHN,810820,61406.0
GBR,CHN,811212,2713.0
GBR,CHN,811292,21064.0
GBR,CHN,850511,826141.0
GBR,CIV,280429,3181.0
GBR,CIV,850511,461.0
GBR,CMR,280429,13716.0
GBR,CMR,850511,242.0
GBR,COG,280429,3377.0
GBR,COG,282200,2201.0
GBR,COG,850511,2258.0
GBR,COL,270112,66491.0
GBR,COL,280429,4513.0
GBR,COL,750210,84306.0
GBR,COL,810194,6069.0
GBR,COL,850511,66966.0
GBR,CPV,280429,2157.0
GBR,CRI,850511,1074.0
GBR,CUB,850511,1088.0
GBR,CYP,250490,8191.000000000001
GBR,CYP,252910,15.0
GBR,CYP,280429,9939.0
GBR,CYP,850511,6107.0
GBR,CZE,250490,20956.0
GBR,CZE,251110,2774.0
GBR,CZE,252922,285.0
GBR,CZE,260600,21298.0
GBR,CZE,280429,9556.0
GBR,CZE,280469,703.0
GBR,CZE,282200,264.0
GBR,CZE,283691,442119.0
GBR,CZE,711021,195111.0
GBR,CZE,750210,487316.0
GBR,CZE,810194,3722.0
GBR,CZE,810820,183246.0
GBR,CZE,811010,3697.0
GBR,CZE,811212,6.0
GBR,CZE,811292,1020.0
GBR,CZE,850511,260382.0
GBR,DEU,250490,51855.0
GBR,DEU,251110,255687.0
GBR,DEU,252800,4806.0
GBR,DEU,252910,27.0
GBR,DEU,252922,603613.0
GBR,DEU,260200,102221.0
GBR,DEU,260600,9823.0
GBR,DEU,270112,408170.0
GBR,DEU,280429,386061.0
GBR,DEU,280469,264032.0
GBR,DEU,280470,1598.0
GBR,DEU,280480,967.0
GBR,DEU,282200,113476.0
GBR,DEU,283691,4063469.0
GBR,DEU,283692,1002.0
GBR,DEU,711011,83092997.0
GBR,DEU,711021,490486860.0
GBR,DEU,720292,27818.0
GBR,DEU,740311,41186.0
GBR,DEU,750210,66622263.99999999
GBR,DEU,810194,1086649.0
GBR,DEU,810320,276548.0
GBR,DEU,810411,520238.00000000006
GBR,DEU,810820,240579.0
GBR,DEU,811010,2228.0
GBR,DEU,811212,3679.0
GBR,DEU,811292,879366.0
GBR,DEU,850511,7181667.0
GBR,DMA,850511,138.0
GBR,DNK,250490,118.0
GBR,DNK,252910,1520.0
GBR,DNK,260600,69889.0
GBR,DNK,270112,1888.0
GBR,DNK,280429,12227.0
GBR,DNK,282200,682904.0
GBR,DNK,283691,1456433.0
GBR,DNK,711021,393208.0
GBR,DNK,810194,15658.0
GBR,DNK,810820,369.0
GBR,DNK,850511,196017.0
GBR,DOM,810820,126389.0
GBR,DOM,850511,93572.0
GBR,DZA,280469,1485.0
GBR,DZA,810411,15356.0
GBR,ECU,750210,125523.0
GBR,ECU,850511,7178.0
GBR,EGY,252910,46740.0
GBR,EGY,252922,278302.0
GBR,EGY,280429,68340.0
GBR,EGY,282200,3629.0
GBR,EGY,750210,718961.0
GBR,EGY,810194,2013.9999999999998
GBR,EGY,850511,23481.0
GBR,ESP,250490,2247.0
GBR,ESP,251110,20599.0
GBR,ESP,252922,26333.0
GBR,ESP,260200,5823.0
GBR,ESP,260600,7049.0
GBR,ESP,270112,1823432.0
GBR,ESP,280429,88095.0
GBR,ESP,280469,7978.0
GBR,ESP,282200,238791.0
GBR,ESP,283691,1094349.0
GBR,ESP,711011,19212482.0
GBR,ESP,711021,39511429.0
GBR,ESP,750210,3546303.0
GBR,ESP,810194,55692.0
GBR,ESP,810320,2167.0
GBR,ESP,810820,637060.0
GBR,ESP,811010,36532.0
GBR,ESP,811292,2021.9999999999998
GBR,ESP,850511,294839.0
GBR,EST,283691,19179.0
GBR,EST,811292,470.0
GBR,EST,850511,33645.0
GBR,ETH,280429,5041.0
GBR,ETH,850511,1247.0
GBR,FIN,250490,1233.0
GBR,FIN,252800,52.0
GBR,FIN,252910,217.0
GBR,FIN,252922,16167.000000000002
GBR,FIN,260200,81.0
GBR,FIN,270112,48.0
GBR,FIN,280429,1194.0
GBR,FIN,283691,179305.0
GBR,FIN,711011,54888.0
GBR,FIN,711021,4992437.0
GBR,FIN,750210,4800029.0
GBR,FIN,810820,806.0
GBR,FIN,811292,1094.0
GBR,FIN,850511,438994.0
GBR,FRA,250490,16320.0
GBR,FRA,251010,42.0
GBR,FRA,251110,23277.0
GBR,FRA,252910,215.0
GBR,FRA,252922,190941.0
GBR,FRA,260200,200841.0
GBR,FRA,260600,16321.000000000002
GBR,FRA,270112,7044.0
GBR,FRA,280429,32540.999999999996
GBR,FRA,280469,29668.0
GBR,FRA,280470,11.0
GBR,FRA,282200,4081355.0
GBR,FRA,283691,145771.0
GBR,FRA,283692,4649.0
GBR,FRA,711011,4738255.0
GBR,FRA,711021,5463331.0
GBR,FRA,720293,32088.0
GBR,FRA,750210,16398234.0
GBR,FRA,810194,704551.0
GBR,FRA,810320,141321.0
GBR,FRA,810411,114690.0
GBR,FRA,810820,3145390.0
GBR,FRA,811010,11653.0
GBR,FRA,811292,2127408.0
GBR,FRA,850511,2728599.0
GBR,GAB,280429,38837.0
GBR,GAB,850511,863.0
GBR,GEO,280429,1889.0
GBR,GEO,850511,187.0
GBR,GHA,280429,6258.0
GBR,GHA,711021,3311.0
GBR,GHA,740311,57.0
GBR,GHA,850511,2690.0
GBR,GIB,280429,6612.0
GBR,GIB,850511,33191.0
GBR,GNQ,251010,1168.0
GBR,GNQ,280429,1202.0
GBR,GRC,250490,66.0
GBR,GRC,252800,48.0
GBR,GRC,252910,61.0
GBR,GRC,260600,383.0
GBR,GRC,280429,6715.0
GBR,GRC,280469,2041.0
GBR,GRC,283691,92060.0
GBR,GRC,711011,103.0
GBR,GRC,720292,10007.0
GBR,GRC,720293,33558.0
GBR,GRC,810320,2322.0
GBR,GRC,850511,17456.0
GBR,GTM,750210,45833.0
GBR,GTM,850511,43.0
GBR,GUY,260200,949846.0
GBR,GUY,280429,500.0
GBR,GUY,850511,6831.0
GBR,HKG,250490,3375.0
GBR,HKG,251010,1653.0
GBR,HKG,280429,2475.0
GBR,HKG,711011,211493777.0
GBR,HKG,711021,40609536.0
GBR,HKG,810820,43758.0
GBR,HKG,811292,20756.0
GBR,HKG,850511,82335.0
GBR,HRV,280429,11045.0
GBR,HRV,282200,639.0
GBR,HRV,850511,1583.0
GBR,HUN,251110,26943.0
GBR,HUN,260200,74109.0
GBR,HUN,270112,17588.0
GBR,HUN,280429,67504.0
GBR,HUN,280469,74093.0
GBR,HUN,282200,14.0
GBR,HUN,283691,2750.0
GBR,HUN,711021,156282.0
GBR,HUN,740311,96.0
GBR,HUN,810194,17483.0
GBR,HUN,810820,2915.0
GBR,HUN,811292,241550.0
GBR,HUN,850511,352611.0
GBR,IDN,250490,279.0
GBR,IDN,251010,126169.0
GBR,IDN,251110,1257.0
GBR,IDN,252922,2835.0
GBR,IDN,260600,48362.0
GBR,IDN,280429,681.0
GBR,IDN,280469,1132.0
GBR,IDN,282200,507148.0
GBR,IDN,283691,71364.0
GBR,IDN,711021,26.0
GBR,IDN,720293,5161.0
GBR,IDN,750210,71415.0
GBR,IDN,810194,4981.0
GBR,IDN,810820,3364.0
GBR,IDN,850511,88544.0
GBR,IND,250490,27520.0
GBR,IND,252800,4543.0
GBR,IND,252922,5624.0
GBR,IND,260600,36750.0
GBR,IND,270112,322745.0
GBR,IND,280429,23437.0
GBR,IND,280469,1805125.0
GBR,IND,282200,2660.0
GBR,IND,283691,1404567.0
GBR,IND,711011,15439493.0
GBR,IND,711021,46711828.0
GBR,IND,750210,30693403.0
GBR,IND,810194,20426.0
GBR,IND,810411,8450.0
GBR,IND,810820,791448.0
GBR,IND,811010,12525.0
GBR,IND,811212,1729.0
GBR,IND,811292,287052.0
GBR,IND,850511,332964.0
GBR,IRL,250490,21378.0
GBR,IRL,251010,1600.0
GBR,IRL,251110,10619.0
GBR,IRL,252800,102.0
GBR,IRL,252910,219.0
GBR,IRL,260200,7683.0
GBR,IRL,260600,3330988.0
GBR,IRL,270112,2603435.0
GBR,IRL,280429,2203537.0
GBR,IRL,280469,52440.0
GBR,IRL,282200,18612.0
GBR,IRL,283691,333.0
GBR,IRL,711011,31379656.0
GBR,IRL,711021,117073540.0
GBR,IRL,750210,6142691.0
GBR,IRL,810194,84131.0
GBR,IRL,810320,1734.0
GBR,IRL,810411,79.0
GBR,IRL,810820,796520.0
GBR,IRL,811010,356.0
GBR,IRL,811212,1801.0
GBR,IRL,811292,265.0
GBR,IRL,850511,376858.0
GBR,IRN,280429,43136.0
GBR,IRQ,850511,8324.0
GBR,ISL,252910,29.0
GBR,ISL,260600,50.0
GBR,ISL,270112,10011840.0
GBR,ISL,280469,2117.0
GBR,ISL,282200,746.0
GBR,ISL,283692,1795.0
GBR,ISL,810820,23641.0
GBR,ISL,850511,3872.0
GBR,ISR,250490,93446.0
GBR,ISR,252910,6203.0
GBR,ISR,280429,34778.0
GBR,ISR,280470,1000.0
GBR,ISR,283691,1000.0
GBR,ISR,711011,3194.0
GBR,ISR,720292,843000.0
GBR,ISR,740311,2397.0
GBR,ISR,750210,224240.0
GBR,ISR,810194,91956.0
GBR,ISR,810411,5058.0
GBR,ISR,810820,1000.0
GBR,ISR,811292,3602.0
GBR,ISR,850511,72554.0
GBR,ITA,250490,1190.0
GBR,ITA,251010,1849.0
GBR,ITA,251110,20403.0
GBR,ITA,252800,17024.0
GBR,ITA,252922,3478759.0
GBR,ITA,260200,26832.0
GBR,ITA,280429,147131.0
GBR,ITA,282200,1081615.0
GBR,ITA,283691,429953.0
GBR,ITA,711011,9275284.0
GBR,ITA,711021,168540826.0
GBR,ITA,740311,1257.0
GBR,ITA,750210,8358089.0
GBR,ITA,810194,401091.0
GBR,ITA,810320,12486.0
GBR,ITA,810820,140375.0
GBR,ITA,811010,3413.0
GBR,ITA,811292,23544.0
GBR,ITA,850511,1396456.0
GBR,JAM,260600,307.0
GBR,JAM,280429,10838.0
GBR,JAM,280469,2398.0
GBR,JPN,250490,8552.0
GBR,JPN,260600,5559.0
GBR,JPN,280429,39456.0
GBR,JPN,282200,180446.0
GBR,JPN,283691,4333107.0
GBR,JPN,711011,52658690.0
GBR,JPN,711021,207191669.0
GBR,JPN,750210,47999491.0
GBR,JPN,810194,310341.0
GBR,JPN,810820,60838.0
GBR,JPN,811010,165713.0
GBR,JPN,811292,169807.0
GBR,JPN,850511,334994.0
GBR,KAZ,280429,805918.0
GBR,KAZ,280469,1494.0
GBR,KAZ,282200,1754.0
GBR,KAZ,850511,23116.0
GBR,KEN,280429,253.0
GBR,KEN,280480,60.0
GBR,KEN,750210,8645.0
GBR,KEN,811010,73111.0
GBR,KEN,850511,48198.0
GBR,KOR,252800,57493.0
GBR,KOR,270112,243.0
GBR,KOR,280429,53865.0
GBR,KOR,280470,2279.0
GBR,KOR,282200,86200.0
GBR,KOR,283691,15403942.0
GBR,KOR,711011,25662809.0
GBR,KOR,711021,226628995.0
GBR,KOR,740311,915.0
GBR,KOR,750210,2839014.0
GBR,KOR,810320,235.0
GBR,KOR,810411,10433.0
GBR,KOR,810820,3662.0
GBR,KOR,811010,249.0
GBR,KOR,811292,9660.0
GBR,KOR,850511,36238.0
GBR,KWT,270112,8912.0
GBR,KWT,283691,112409.0
GBR,KWT,740311,833.0
GBR,KWT,810411,3398.0
GBR,KWT,850511,1231.0
GBR,LAO,270112,37378.0
GBR,LAO,850511,382.0
GBR,LBN,810820,7423.0
GBR,LBN,850511,27289.0
GBR,LBY,250490,1716.0
GBR,LBY,280429,58087.0
GBR,LKA,280429,789.0
GBR,LKA,740311,236.0
GBR,LKA,850511,765.0
GBR,LTU,252800,5062.0
GBR,LTU,810820,5364.0
GBR,LTU,811010,351.0
GBR,LTU,850511,34883.0
GBR,LUX,250490,3645.0
GBR,LUX,252800,12.0
GBR,LUX,810820,2051.0
GBR,LUX,850511,1734.0
GBR,LVA,850511,4443.0
GBR,MAR,283691,2025.9999999999998
GBR,MAR,750210,69553.0
GBR,MAR,810820,9012.0
GBR,MAR,850511,11343.0
GBR,MDA,850511,67.0
GBR,MDG,280429,24931.0
GBR,MDV,810820,292.0
GBR,MEX,250490,1364.0
GBR,MEX,252800,1708.0
GBR,MEX,282200,638672.0
GBR,MEX,810194,290909.0
GBR,MEX,850511,59879.0
GBR,MKD,711011,405119017.0
GBR,MKD,711021,1011988947.0
GBR,MKD,750210,5758.0
GBR,MKD,850511,388.0
GBR,MLT,251010,103.0
GBR,MLT,251110,589.0
GBR,MLT,252910,43.0
GBR,MLT,260200,5.0
GBR,MLT,280429,91541.0
GBR,MLT,280469,2472.0
GBR,MLT,282200,281.0
GBR,MLT,283691,148.0
GBR,MLT,711011,273.0
GBR,MLT,850511,15875.0
GBR,MNE,850511,1270.0
GBR,MRT,850511,13489.0
GBR,MUS,280469,1537.0
GBR,MUS,850511,137.0
GBR,MYS,252910,1233.0
GBR,MYS,252922,6445.0
GBR,MYS,260600,3841.0
GBR,MYS,270112,172582.0
GBR,MYS,280429,106658.0
GBR,MYS,283691,28468.0
GBR,MYS,750210,7975280.0
GBR,MYS,810194,5460.0
GBR,MYS,850511,5829.0
GBR,NAM,280429,530.0
GBR,NAM,280469,5.0
GBR,NAM,850511,352.0
GBR,NGA,252800,890.0
GBR,NGA,280429,1414.0
GBR,NGA,280469,3056.0
GBR,NGA,850511,4172.0
GBR,NIC,850511,1045.0
GBR,NLD,250490,15250.0
GBR,NLD,251010,306.0
GBR,NLD,251110,1209788.0
GBR,NLD,252800,215727.0
GBR,NLD,252910,21387.0
GBR,NLD,252922,373624.0
GBR,NLD,260200,124.0
GBR,NLD,260600,1647158.0
GBR,NLD,270112,1197.0
GBR,NLD,280429,398857.0
GBR,NLD,280469,490523.0
GBR,NLD,280470,8114.000000000001
GBR,NLD,282200,141142.0
GBR,NLD,283691,20936437.0
GBR,NLD,283692,569.0
GBR,NLD,711011,11731.0
GBR,NLD,711021,683.0
GBR,NLD,720292,171.0
GBR,NLD,720293,25.0
GBR,NLD,740311,218399.0
GBR,NLD,750210,22223143.0
GBR,NLD,810194,261041.0
GBR,NLD,810320,31608.0
GBR,NLD,810411,129758.00000000001
GBR,NLD,810820,678235.0
GBR,NLD,811010,26.0
GBR,NLD,811292,427115.0
GBR,NLD,850511,679355.0
GBR,NOR,250490,1115.0
GBR,NOR,251110,5468.0
GBR,NOR,252910,4078.0000000000005
GBR,NOR,252922,1612560.0
GBR,NOR,260600,1130.0
GBR,NOR,270112,52457123.0
GBR,NOR,280429,479749.0
GBR,NOR,280469,1006.0
GBR,NOR,711011,3024451.0
GBR,NOR,711021,17104109.0
GBR,NOR,750210,2553.0
GBR,NOR,810194,804.0
GBR,NOR,810411,86288.0
GBR,NOR,810820,7287.0
GBR,NOR,811010,4437.0
GBR,NOR,811292,10489.0
GBR,NOR,850511,746123.0
GBR,NPL,850511,29.0
GBR,NZL,280429,43562.0
GBR,NZL,282200,10239.0
GBR,NZL,283691,22681.0
GBR,NZL,283692,41740.0
GBR,NZL,850511,36540.0
GBR,OMN,250490,23.0
GBR,OMN,252922,175546.0
GBR,OMN,270112,138078.0
GBR,OMN,280429,240435.0
GBR,OMN,850511,2867.0
GBR,PAK,260200,37013.0
GBR,PAK,270112,97066.0
GBR,PAK,280429,11499.0
GBR,PAK,280469,2864.0
GBR,PAK,282200,11.0
GBR,PAK,711011,13496.0
GBR,PAK,750210,155406.0
GBR,PAK,810194,6422.0
GBR,PAK,850511,161.0
GBR,PAN,280429,4075.9999999999995
GBR,PAN,750210,207618.0
GBR,PAN,850511,469.0
GBR,PER,250490,45112.0
GBR,PER,280429,4125.0
GBR,PER,280469,59870.0
GBR,PER,282200,30064.0
GBR,PER,750210,280337.0
GBR,PER,850511,12213.0
GBR,PHL,252922,17521.0
GBR,PHL,280429,27851.0
GBR,PHL,810194,10812.0
GBR,PHL,810320,267.0
GBR,PHL,850511,16634.0
GBR,PNG,280429,22031.0
GBR,POL,250490,34676.0
GBR,POL,251110,59252.0
GBR,POL,252922,9238.0
GBR,POL,260600,259386.00000000003
GBR,POL,270112,293124.0
GBR,POL,280429,65779.0
GBR,POL,280469,734603.0
GBR,POL,282200,164.0
GBR,POL,283691,368877.0
GBR,POL,711011,39329516.0
GBR,POL,711021,226432127.0
GBR,POL,750210,1951072.0
GBR,POL,810194,93756.0
GBR,POL,810820,19375.0
GBR,POL,811010,2945.0
GBR,POL,811292,37806.0
GBR,POL,850511,578985.0
GBR,PRT,260200,4983.0
GBR,PRT,260600,26517.0
GBR,PRT,280429,5892.0
GBR,PRT,280469,1310.0
GBR,PRT,283691,220762.0
GBR,PRT,283692,312.0
GBR,PRT,711011,3238919.0
GBR,PRT,740311,1471.0
GBR,PRT,750210,130.0
GBR,PRT,810194,17405.0
GBR,PRT,810820,12756.0
GBR,PRT,811292,118.0
GBR,PRT,850511,84053.0
GBR,PRY,740311,142979.0
GBR,PRY,850511,117.0
GBR,PYF,850511,126.0
GBR,QAT,280429,4750.0
GBR,QAT,850511,668352.0
GBR,ROU,251110,47534.0
GBR,ROU,280429,21815.0
GBR,ROU,280469,2390.0
GBR,ROU,280470,3762.0
GBR,ROU,282200,247325.0
GBR,ROU,283691,101906.0
GBR,ROU,750210,315.0
GBR,ROU,810194,782.0
GBR,ROU,810320,543.0
GBR,ROU,810820,303841.0
GBR,ROU,811010,400.0
GBR,ROU,811292,6769.0
GBR,ROU,850511,73887.0
GBR,RUS,252922,12492.0
GBR,RUS,270112,3394833.0
GBR,RUS,283691,235401.0
GBR,RUS,850511,3445.0
GBR,S19,250490,2442.0
GBR,S19,252800,20865.0
GBR,S19,260200,53212.0
GBR,S19,280429,4866.0
GBR,S19,280469,36626.0
GBR,S19,280470,134.0
GBR,S19,282200,1209.0
GBR,S19,283691,4230.0
GBR,S19,283692,34.0
GBR,S19,711011,5684909.0
GBR,S19,720292,302.0
GBR,S19,720293,16948.0
GBR,S19,740311,119253.0
GBR,S19,750210,17423542.0
GBR,S19,810194,117758.0
GBR,S19,810820,21303.0
GBR,S19,811010,10207.0
GBR,S19,811292,638.0
GBR,S19,850511,38887.0
GBR,SAU,250490,2325.0
GBR,SAU,251110,7848255.0
GBR,SAU,252800,15284.0
GBR,SAU,252922,736.0
GBR,SAU,270112,7823964.0
GBR,SAU,280429,4685.0
GBR,SAU,280469,17102.0
GBR,SAU,740311,439.0
GBR,SAU,750210,154941.0
GBR,SAU,810194,1959.0
GBR,SAU,850511,37175.0
GBR,SEN,280429,1310.0
GBR,SEN,810411,43.0
GBR,SEN,850511,24466.0
GBR,SGP,251110,353.0
GBR,SGP,252910,961.0
GBR,SGP,270112,8.0
GBR,SGP,280429,94922.0
GBR,SGP,280469,1593.0
GBR,SGP,282200,62.0
GBR,SGP,283691,308256.0
GBR,SGP,711011,2979196.0
GBR,SGP,711021,2732.0
GBR,SGP,720292,23876.0
GBR,SGP,740311,17467.0
GBR,SGP,750210,376418.0
GBR,SGP,810194,9486.0
GBR,SGP,810320,2332.0
GBR,SGP,810820,1175.0
GBR,SGP,811010,646.0
GBR,SGP,811292,8563.0
GBR,SGP,850511,62405.0
GBR,SLV,850511,46.0
GBR,SRB,260600,47879.0
GBR,SRB,280429,17052.0
GBR,SRB,283691,65777.0
GBR,SRB,750210,29242.0
GBR,SRB,810194,30049.0
GBR,SRB,810820,2964.0
GBR,SRB,850511,11442.0
GBR,SVK,280429,4233.0
GBR,SVK,283692,11648.0
GBR,SVK,750210,530699.0
GBR,SVK,810820,1756.0
GBR,SVK,850511,468236.0
GBR,SVN,252910,10.0
GBR,SVN,280469,26917.0
GBR,SVN,283691,614337.0
GBR,SVN,810411,31.0
GBR,SVN,850511,60985.0
GBR,SWE,250490,890.0
GBR,SWE,251110,5240.0
GBR,SWE,252800,38.0
GBR,SWE,252910,22.0
GBR,SWE,252922,79639.0
GBR,SWE,260200,46469.0
GBR,SWE,260600,198.0
GBR,SWE,270112,4003361.0
GBR,SWE,280429,1780.0
GBR,SWE,280469,46917.0
GBR,SWE,282200,5736.0
GBR,SWE,283691,2433671.0
GBR,SWE,711011,99.0
GBR,SWE,711021,1802704.0
GBR,SWE,740311,5240.0
GBR,SWE,750210,31383918.0
GBR,SWE,810194,99.0
GBR,SWE,810320,1180.0
GBR,SWE,810411,28620.0
GBR,SWE,810820,21880.0
GBR,SWE,850511,376242.0
GBR,SWZ,280469,23.0
GBR,SYC,850511,58.0
GBR,THA,251110,33879.0
GBR,THA,252800,2425.0
GBR,THA,252910,796.0
GBR,THA,260600,131522.0
GBR,THA,270112,911340.0
GBR,THA,280429,77586.0
GBR,THA,280469,2481.0
GBR,THA,283691,25170.0
GBR,THA,711011,3255.0
GBR,THA,720293,272567.0
GBR,THA,740311,57.0
GBR,THA,750210,1781170.0
GBR,THA,810194,12907.0
GBR,THA,811292,207382.0
GBR,THA,850511,70388.0
GBR,TKM,280429,8696.0
GBR,TTO,280429,8645.0
GBR,TUN,280429,1430.0
GBR,TUN,280469,4222.0
GBR,TUN,810411,14626.0
GBR,TUN,850511,3952.0
GBR,TUR,251110,6.0
GBR,TUR,252910,48.0
GBR,TUR,252922,75164.0
GBR,TUR,260600,617.0
GBR,TUR,280429,74321.0
GBR,TUR,280469,98322.0
GBR,TUR,282200,2724.0
GBR,TUR,711011,3996.0
GBR,TUR,720293,72400.0
GBR,TUR,750210,9190042.0
GBR,TUR,810194,9384.0
GBR,TUR,810820,69093.0
GBR,TUR,811292,8721.0
GBR,TUR,850511,1781546.0
GBR,TZA,283691,56.0
GBR,TZA,850511,19.0
GBR,UGA,280480,6614.0
GBR,UGA,811010,171461.0
GBR,UGA,850511,2121.0
GBR,UKR,251010,1416.0
GBR,UKR,251110,11475.0
GBR,UKR,252922,17257.0
GBR,UKR,283691,11693.0
GBR,UKR,850511,23661.0
GBR,URY,850511,4512.0
GBR,USA,250490,57455.0
GBR,USA,251110,237683.0
GBR,USA,252800,383007.0
GBR,USA,252910,503.0
GBR,USA,252922,46470.0
GBR,USA,260600,6281.0
GBR,USA,270112,6109.0
GBR,USA,280429,695935.0
GBR,USA,280469,1108865.0
GBR,USA,282200,28185135.0
GBR,USA,283691,1112213.0
GBR,USA,711011,146302603.0
GBR,USA,711021,37853909.0
GBR,USA,720293,116049.0
GBR,USA,740311,307497.0
GBR,USA,750210,7134258.0
GBR,USA,810194,2055913.0
GBR,USA,810320,1542779.0
GBR,USA,810411,267002.0
GBR,USA,810820,1091310.0
GBR,USA,811010,894433.0
GBR,USA,811212,4930.0
GBR,USA,811292,6795759.0
GBR,USA,850511,5517461.0
GBR,UZB,750210,26472.0
GBR,UZB,850511,41.0
GBR,VNM,252922,2835.0
GBR,VNM,260200,35985.0
GBR,VNM,280429,33651.0
GBR,VNM,280469,5154.0
GBR,VNM,282200,579.0
GBR,VNM,750210,735356.0
GBR,VNM,850511,25952.0
GBR,ZAF,250490,71.0
GBR,ZAF,260600,6.0
GBR,ZAF,280429,12130.0
GBR,ZAF,280469,92672.0
GBR,ZAF,282200,16851.0
GBR,ZAF,283691,890.0
GBR,ZAF,711011,942376.0
GBR,ZAF,711021,3285675.0
GBR,ZAF,750210,45691.0
GBR,ZAF,810320,1346.0
GBR,ZAF,810820,1923.0
GBR,ZAF,811010,498.0
GBR,ZAF,850511,44239.0
GBR,ZMB,280429,261.0
GBR,ZMB,850511,400.0
GBR,ZWE,811010,44141.0
GBR,ZWE,850511,219.0
GEO,ARE,850511,377.0
GEO,ARM,252910,29600.0
GEO,ARM,270112,22320.0
GEO,ARM,850511,5713.0
GEO,AZE,850511,804.0
GEO,BGR,850511,88.0
GEO,BLR,850511,225.0
GEO,DEU,850511,31.0
GEO,FRA,260200,42.0
GEO,IRQ,850511,235.0
GEO,KAZ,260200,3115420.0
GEO,KOR,850511,132.0
GEO,LTU,850511,36.0
GEO,NLD,260200,317.0
GEO,NLD,740311,8337583.000000001
GEO,POL,850511,442.0
GEO,RUS,260200,587169.0
GEO,TUR,260200,225500.0
GEO,TUR,720293,4375056.0
GEO,TUR,740311,3360255.0
GEO,TUR,850511,1785.0
GEO,USA,252910,2330.0
GEO,UZB,260200,243303.0
GEO,UZB,720293,771320.0
GEO,ZMB,850511,92.0
GHA,BEL,850511,7.0
GHA,BEN,280429,9481.0
GHA,CHN,252910,260.0
GHA,CHN,260200,316213041.0
GHA,CHN,260600,32581696.0
GHA,CIV,251110,332495.0
GHA,CIV,280429,17892.0
GHA,CIV,850511,1532.0
GHA,CMR,850511,1.0
GHA,DEU,260600,1247131.0
GHA,FRA,260200,37995.0
GHA,GAB,280469,52.0
GHA,JPN,850511,12.0
GHA,KOR,282200,1.0
GHA,MLT,280429,3344.0
GHA,NLD,260200,36031.0
GHA,PRT,850511,73.0
GHA,SLE,280429,158461.0
GHA,TGO,280429,352.0
GHA,TUR,260600,10.0
GHA,TZA,810194,1933.0
GHA,UKR,260200,16457294.999999998
GHA,UKR,260600,3399685.0
GHA,USA,250490,128.0
GHA,ZAF,250490,198.0
GHA,ZAF,260600,104.0
GIB,ESP,280429,1053.0
GIB,IRL,850511,6.0
GIN,ARE,260600,154291922.0
GIN,BIH,260600,4539895.0
GIN,CAN,260600,52447097.0
GIN,CHE,750210,13121.0
GIN,CHN,260600,4500325826.0
GIN,DEU,260600,156511516.0
GIN,ESP,260600,236519766.0
GIN,GRC,260600,4235567.0
GIN,HUN,260600,16.0
GIN,IND,260600,228694131.0
GIN,IRL,260600,104316385.0
GIN,TUR,260600,721.0
GIN,UKR,260600,28367580.0
GNQ,NGA,280429,33215.0
GRC,ALB,251110,10589.0
GRC,ALB,280429,348038.0
GRC,ALB,283691,842.0
GRC,ALB,850511,1973.0
GRC,ARE,280429,68.0
GRC,ARE,850511,5039.0
GRC,BEL,250490,12063.0
GRC,BEL,850511,2099.0
GRC,BGR,250490,17.0
GRC,BGR,251110,1188.0
GRC,BGR,280429,97339.0
GRC,BGR,280470,7143.0
GRC,BGR,740311,3561811.0
GRC,BGR,811292,23036.0
GRC,BGR,850511,1723.0
GRC,BIH,850511,765.0
GRC,CAN,810820,38.0
GRC,CAN,850511,3192.0
GRC,CHE,850511,1257.0
GRC,CHN,252910,6452.0
GRC,CHN,850511,1565.0
GRC,CPV,850511,3.0
GRC,CYP,252910,622.0
GRC,CYP,260600,1228324.0
GRC,CYP,270112,566119.0
GRC,CYP,280429,187083.0
GRC,CYP,850511,52447.0
GRC,CZE,740311,175680.0
GRC,DEU,260600,178290.0
GRC,DEU,270112,29.0
GRC,DEU,280429,19.0
GRC,DEU,711011,11422.0
GRC,DEU,711021,121837.0
GRC,DEU,750210,46680.0
GRC,DEU,850511,7667.0
GRC,DNK,280429,1852.0
GRC,DNK,850511,107.0
GRC,EGY,280429,325.0
GRC,EGY,850511,3333.0
GRC,ESP,850511,78739.0
GRC,EST,810820,569.0
GRC,EST,850511,1673.0
GRC,FRA,260600,5064924.0
GRC,FRA,280429,54388.0
GRC,FRA,850511,3971.0
GRC,GAB,740311,1584.0
GRC,GBR,250490,5482.0
GRC,GBR,251110,602468.0
GRC,GBR,850511,17786.0
GRC,HRV,252800,906.0
GRC,HRV,850511,203.0
GRC,HUN,850511,4399.0
GRC,IDN,260600,21103.0
GRC,ISR,252800,8000.0
GRC,ISR,280429,522087.0
GRC,ISR,850511,90.0
GRC,ITA,280429,80578.0
GRC,ITA,711021,61342.0
GRC,ITA,850511,2790.0
GRC,KOR,850511,843.0
GRC,LBR,740311,5051.0
GRC,LBR,850511,340.0
GRC,LTU,850511,37.0
GRC,LVA,850511,395.0
GRC,MDA,252800,205.0
GRC,MDA,850511,108.0
GRC,MKD,280429,80718.0
GRC,MKD,850511,80.0
GRC,MLT,850511,1759.0
GRC,MNE,850511,2.0
GRC,NGA,280429,171.0
GRC,NGA,850511,859.0
GRC,NLD,250490,4.0
GRC,NLD,251010,2189.0
GRC,NLD,251110,5983.0
GRC,NLD,252800,294.0
GRC,NLD,252910,797.0
GRC,NLD,252922,455.0
GRC,NLD,260200,474.0
GRC,NLD,260600,1818.0
GRC,NLD,270112,2619.0
GRC,NLD,280429,6287.0
GRC,NLD,280469,1660.0
GRC,NLD,280470,2.0
GRC,NLD,280480,1.0
GRC,NLD,282200,1202.0
GRC,NLD,283691,5146.0
GRC,NLD,283692,490.0
GRC,NLD,711011,234.0
GRC,NLD,711021,3697.0
GRC,NLD,720292,2855.0
GRC,NLD,720293,29.0
GRC,NLD,740311,6438693.0
GRC,NLD,750210,29682.0
GRC,NLD,810320,36.0
GRC,NLD,810411,6467.0
GRC,NLD,810820,7.0
GRC,NLD,811010,27.0
GRC,NLD,811292,34.0
GRC,NLD,850511,14476.0
GRC,NOR,280429,1758.0
GRC,NOR,850511,1273.0
GRC,NZL,280469,1333.0
GRC,OMN,850511,422.0
GRC,PAK,850511,5658.0
GRC,PAN,850511,2237.0
GRC,POL,260200,162256.0
GRC,POL,850511,961.0
GRC,PRT,810820,171.0
GRC,ROU,252910,4672.0
GRC,ROU,270112,1985293.0
GRC,ROU,280429,180096.0
GRC,ROU,750210,2277.0
GRC,ROU,811010,93546.0
GRC,ROU,850511,1099.0
GRC,SGP,280429,885.0
GRC,SGP,850511,15458.0
GRC,SRB,280429,102576.0
GRC,SRB,283691,8591.0
GRC,SRB,850511,17409.0
GRC,SVK,810820,284.0
GRC,SVN,251010,140.0
GRC,SWE,260600,594310.0
GRC,TUR,260600,5.0
GRC,TUR,270112,874875.0
GRC,TUR,280429,111830.0
GRC,TUR,850511,19358.0
GRC,UKR,260600,331617.0
GRC,UKR,850511,343.0
GRC,USA,850511,4534.0
GRC,UZB,850511,25.0
GRC,ZAF,750210,6197744.0
GRL,CHE,750210,232266.0
GRL,CHN,252910,2780.0
GRL,DNK,252910,14700.0
GRL,IRL,250490,26.0
GRL,JPN,252910,7012.0
GRL,NLD,252910,120978.0
GRL,POL,252910,7043.0
GTM,BLZ,280429,23834.0
GTM,BLZ,850511,50.0
GTM,CAN,280429,10.0
GTM,CHN,251110,900.0
GTM,CHN,811010,73711.0
GTM,CRI,252800,94172.0
GTM,CRI,252910,402647.0
GTM,CRI,280429,200160.0
GTM,CRI,850511,7626.0
GTM,DOM,280429,399755.0
GTM,DOM,283691,8347.0
GTM,ECU,252910,355473.0
GTM,ECU,260200,1156.0
GTM,FRA,850511,24.0
GTM,HND,252910,89.0
GTM,HND,280429,32101.999999999996
GTM,HND,850511,1916.0
GTM,MEX,252800,263825.0
GTM,MEX,252910,609280.0
GTM,NIC,252800,289189.0
GTM,NIC,252910,686674.0
GTM,NIC,280429,30668.0
GTM,NIC,850511,17.0
GTM,NZL,850511,16015.999999999998
GTM,PAN,251110,13457.0
GTM,PAN,280429,24629.0
GTM,PER,252910,1421639.0
GTM,SLV,280429,56643.0
GTM,SLV,850511,3880.0
GTM,SWE,750210,259337.0
GTM,USA,250490,30.0
GTM,USA,280429,150.0
GTM,USA,850511,83.0
GUM,S19,811292,43983.0
GUY,AUS,260600,322116.0
GUY,AUT,260600,3063.0
GUY,BRA,260600,1183862.0
GUY,CAN,260600,5584508.0
GUY,CHE,260600,12960.0
GUY,CHN,260200,9382964.0
GUY,CHN,260600,196388.0
GUY,COL,260600,1302467.0
GUY,DEU,260200,14494.0
GUY,DEU,260600,8987310.0
GUY,DNK,260600,71376.0
GUY,ECU,260600,1041219.0
GUY,EGY,260600,460467.0
GUY,ESP,260600,9466033.0
GUY,FRA,260600,8697339.0
GUY,GBR,260600,4287775.0
GUY,HRV,260600,80117.0
GUY,IDN,260600,396655.0
GUY,IND,260600,1136532.0
GUY,IRL,260600,3869.0
GUY,ITA,260600,6137927.0
GUY,JPN,260600,3709664.0
GUY,LUX,260600,2180183.0
GUY,LVA,260600,654546.0
GUY,MEX,260600,6558916.0
GUY,NLD,260200,2300.0
GUY,NLD,260600,20860130.0
GUY,NZL,260600,74670.0
GUY,PER,260600,200105.0
GUY,POL,260600,1318175.0
GUY,S19,260600,303317.0
GUY,SVN,260600,776992.0
GUY,SWE,260600,452934.0
GUY,TTO,260600,8374081.0
GUY,TUR,260600,4823163.0
GUY,USA,260600,58893004.0
GUY,VEN,260600,1990406.0
HKG,ARE,280429,9960.0
HKG,ARE,711011,14108193.0
HKG,ARE,810320,3013169.0
HKG,ARE,850511,40.0
HKG,ARG,850511,500.0
HKG,AUS,280429,1251.0
HKG,AUS,711011,4438864.0
HKG,AUS,750210,492619.0
HKG,AUS,810194,1222834.0
HKG,AUS,810320,1803.0
HKG,AUS,850511,1361.0
HKG,AUT,850511,1777.0
HKG,BEL,750210,5212335.0
HKG,BEL,850511,179.0
HKG,BGD,850511,7781.0
HKG,BGR,811292,204.0
HKG,BGR,850511,50805.0
HKG,BHR,810411,770166.0
HKG,BIH,850511,108.0
HKG,BOL,850511,1579.0
HKG,BRA,251110,1342.0
HKG,BRA,260600,516164.99999999994
HKG,BRA,280469,3663440.0
HKG,BRA,810411,176695.0
HKG,BRA,850511,70182.0
HKG,BRB,850511,87.0
HKG,BRN,280429,74656.0
HKG,BTN,810411,666687.0
HKG,CAN,280429,15.0
HKG,CAN,280469,670.0
HKG,CAN,711011,10744.0
HKG,CAN,850511,9375.0
HKG,CHE,711011,142486378.0
HKG,CHE,711021,12577994.0
HKG,CHE,720293,40932.0
HKG,CHE,811292,31831.0
HKG,CHE,850511,24091.0
HKG,CHL,810194,3921.0
HKG,CHL,850511,1411.0
HKG,CHN,260200,4916.0
HKG,CHN,280429,255142.0
HKG,CHN,280469,145033.0
HKG,CHN,280480,15836.0
HKG,CHN,282200,3380401.0
HKG,CHN,283691,89470.0
HKG,CHN,711011,56078846.0
HKG,CHN,711021,1902584.0
HKG,CHN,740311,125495.0
HKG,CHN,750210,6010390.0
HKG,CHN,810411,1781.0
HKG,CHN,810820,140772.0
HKG,CHN,811292,22411498.0
HKG,CHN,850511,283428.0
HKG,CIV,850511,2735.0
HKG,COL,250490,1872.0
HKG,COL,280469,148242.0
HKG,COL,850511,188.0
HKG,CRI,810194,1677.0
HKG,CRI,850511,2029.0
HKG,CYP,850511,170.0
HKG,CZE,850511,20194.0
HKG,DEU,280429,477102.0
HKG,DEU,280469,3537.0
HKG,DEU,280480,52708.0
HKG,DEU,711011,6530059.0
HKG,DEU,711021,16507538.0
HKG,DEU,810194,19456.0
HKG,DEU,811292,247706.0
HKG,DEU,850511,501016.0
HKG,DNK,850511,31149.0
HKG,DOM,850511,1838.0
HKG,ECU,850511,2239.0
HKG,EGY,850511,27500.0
HKG,ESP,260600,3796.0
HKG,ESP,850511,15466.0
HKG,EST,850511,251024.0
HKG,FIN,711011,37.0
HKG,FIN,850511,210.0
HKG,FRA,280429,4035835.0
HKG,FRA,810320,3054.0
HKG,FRA,850511,204034.0
HKG,GBR,280429,85820.0
HKG,GBR,280469,432401.0
HKG,GBR,283691,2183762.0
HKG,GBR,711011,55432068.0
HKG,GBR,711021,50692182.0
HKG,GBR,810320,245419.0
HKG,GBR,810411,1053402.0
HKG,GBR,811010,304710.0
HKG,GBR,850511,100254.0
HKG,GEO,850511,9153.0
HKG,GRC,850511,14727.0
HKG,GTM,850511,2876.0
HKG,HND,850511,10458.0
HKG,HRV,810820,1417.0
HKG,HRV,850511,1804.0
HKG,HUN,280429,19990.0
HKG,HUN,850511,919696.0
HKG,IDN,252910,31460.0
HKG,IDN,260200,28.0
HKG,IDN,280469,410010.0
HKG,IDN,711011,153288.0
HKG,IDN,750210,635760.0
HKG,IDN,810411,11815.0
HKG,IDN,850511,93960.0
HKG,IND,250490,265.0
HKG,IND,251010,16626893.0
HKG,IND,251110,10325.0
HKG,IND,252910,20606.0
HKG,IND,252922,2059243.0
HKG,IND,260200,15641183.0
HKG,IND,260600,3561327.0
HKG,IND,280429,163528.0
HKG,IND,280469,22696312.0
HKG,IND,280480,30165.0
HKG,IND,711011,5238724.0
HKG,IND,711021,164223.0
HKG,IND,720293,178388.0
HKG,IND,810411,6076554.0
HKG,IND,811010,204735.0
HKG,IND,850511,11415081.0
HKG,IRL,270112,106.0
HKG,IRL,850511,77112.0
HKG,IRN,260600,30348.0
HKG,IRN,720292,633299.0
HKG,IRN,720293,24898.0
HKG,IRN,850511,37805.0
HKG,ISL,280469,374455.0
HKG,ISL,850511,1212.0
HKG,ISR,260600,177000.0
HKG,ISR,280480,7000.0
HKG,ISR,740311,1000.0
HKG,ISR,850511,193996.0
HKG,ITA,280480,30497.0
HKG,ITA,711021,63.0
HKG,ITA,811010,8688.0
HKG,ITA,850511,276087.0
HKG,JAM,810820,145.0
HKG,JAM,850511,27467.0
HKG,JPN,280429,180308.0
HKG,JPN,711011,219168.0
HKG,JPN,711021,53665412.0
HKG,JPN,810320,364199.0
HKG,JPN,811292,5384.0
HKG,JPN,850511,21780.0
HKG,KAZ,810320,1018896.0
HKG,KEN,252910,6689.0
HKG,KHM,280469,909.0
HKG,KOR,260600,9.0
HKG,KOR,280429,1322583.0
HKG,KOR,280469,763400.0
HKG,KOR,810320,11821.0
HKG,KOR,810820,515.0
HKG,KOR,811010,392.0
HKG,KOR,811292,12664.0
HKG,KOR,850511,19603.0
HKG,KWT,850511,20543.0
HKG,LKA,711011,38238.0
HKG,LKA,711021,49501.0
HKG,LKA,850511,282.0
HKG,LUX,280469,22.0
HKG,LVA,850511,103.0
HKG,MAR,810411,157071.0
HKG,MDG,810194,1547.0
HKG,MDG,850511,299.0
HKG,MDV,280469,125.0
HKG,MEX,850511,78061.0
HKG,MLT,850511,1909.0
HKG,MUS,850511,30.0
HKG,MYS,251110,7706.0
HKG,MYS,260200,62853.0
HKG,MYS,270112,52059.0
HKG,MYS,280429,32274.0
HKG,MYS,280469,4630838.0
HKG,MYS,280470,169896.0
HKG,MYS,711011,222455.0
HKG,MYS,720292,29155.0
HKG,MYS,750210,713891.0
HKG,MYS,810194,6928.0
HKG,MYS,810820,23029.0
HKG,MYS,850511,200403.0
HKG,NAM,850511,232.0
HKG,NGA,850511,12.0
HKG,NLD,251010,91.0
HKG,NLD,251110,1135.0
HKG,NLD,270112,1398960.0
HKG,NLD,280480,767399.0
HKG,NLD,282200,461177.0
HKG,NLD,283691,2626.0
HKG,NLD,810820,78.0
HKG,NLD,811010,382460.0
HKG,NLD,811292,524655.0
HKG,NLD,850511,144663.0
HKG,NOR,280469,84346.0
HKG,NOR,810411,614626.0
HKG,NOR,811292,728.0
HKG,NOR,850511,220.0
HKG,NZL,750210,97696.0
HKG,NZL,850511,2900.0
HKG,OMN,280429,58866.0
HKG,OMN,810320,3204.0
HKG,PAK,850511,1839.0
HKG,PAN,252800,2189.0
HKG,PER,811010,38149.0
HKG,PHL,711021,11311.0
HKG,PHL,750210,12297.0
HKG,PHL,811292,214.0
HKG,PHL,850511,363284.0
HKG,PNG,850511,47.0
HKG,POL,850511,21738.0
HKG,PRT,283692,2570.0
HKG,PRT,850511,7685.0
HKG,PRY,850511,1697.0
HKG,PYF,850511,26.0
HKG,QAT,280429,94619.0
HKG,ROU,850511,178047.0
HKG,S19,280429,128156.0
HKG,S19,280469,42315.0
HKG,S19,711011,266888.0
HKG,S19,811292,316770.0
HKG,S19,850511,5713.0
HKG,SAU,260600,88722.0
HKG,SAU,850511,11562.0
HKG,SGP,280429,2343048.0
HKG,SGP,711011,6124648.0
HKG,SGP,750210,740729.0
HKG,SGP,811292,11764561.0
HKG,SGP,850511,76063.0
HKG,SVK,850511,21429.0
HKG,SVN,850511,4270.0
HKG,SWE,711011,99.0
HKG,SWE,810820,2076.0
HKG,SWE,850511,50159.0
HKG,THA,280429,57708.0
HKG,THA,280469,1858362.0
HKG,THA,282200,105504.0
HKG,THA,711011,151893.0
HKG,THA,711021,38779.0
HKG,THA,750210,278.0
HKG,THA,810194,1216.0
HKG,THA,810411,63.0
HKG,THA,810820,4272.0
HKG,THA,850511,37825.0
HKG,TUR,250490,50.0
HKG,TUR,260600,119.0
HKG,TUR,280469,154325.0
HKG,TUR,850511,24136.0
HKG,UKR,850511,198.0
HKG,USA,252922,159620.0
HKG,USA,280429,8129484.0
HKG,USA,280469,3950.0
HKG,USA,280480,49740.0
HKG,USA,711011,9455009.0
HKG,USA,711021,17060627.0
HKG,USA,810194,9970.0
HKG,USA,810411,364000.0
HKG,USA,810820,4213.0
HKG,USA,811010,613.0
HKG,USA,811292,542365.0
HKG,USA,850511,204330.0
HKG,UZB,280469,201839.0
HKG,VNM,280429,3457.0
HKG,VNM,750210,879312.0
HKG,VNM,850511,19395.0
HKG,ZAF,810820,901.0
HKG,ZAF,850511,1880.0
HKG,ZMB,850511,161.0
HKG,ZWE,850511,64.0
HND,BRA,850511,63.0
HND,GTM,260200,172.0
HND,GTM,280429,768.0
HND,GTM,850511,99.0
HND,IRL,850511,25.0
HND,NIC,850511,316.0
HND,NOR,850511,289.0
HND,PER,850511,138.0
HRV,ALB,850511,53.0
HRV,ARE,850511,1531.0
HRV,AUS,850511,79.0
HRV,AUT,280469,224849.0
HRV,AUT,750210,2.0
HRV,AUT,810411,170108.0
HRV,AUT,850511,31024.0
HRV,BEL,850511,25220.0
HRV,BGR,850511,530.0
HRV,BIH,251110,14.0
HRV,BIH,270112,1132055.0
HRV,BIH,280429,1431.0
HRV,BIH,283691,52.0
HRV,BIH,850511,9882.0
HRV,CHE,850511,1142.0
HRV,CRI,850511,5203.0
HRV,CYM,280429,319.0
HRV,CYP,850511,111.0
HRV,CZE,280469,2019847.0
HRV,CZE,850511,436.0
HRV,DEU,280469,3595284.0
HRV,DEU,711011,15154.0
HRV,DEU,711021,74618.0
HRV,DEU,720292,31872.0
HRV,DEU,850511,120859.0
HRV,DNK,850511,46669.0
HRV,ESP,280469,133068.0
HRV,ESP,810411,157807.0
HRV,ESP,850511,125663.0
HRV,FIN,850511,1616.0
HRV,FRA,280469,2222410.0
HRV,FRA,850511,98034.0
HRV,HUN,260600,38282.0
HRV,HUN,280469,1421310.0
HRV,HUN,810411,1110865.0
HRV,HUN,850511,1282.0
HRV,IND,260600,534.0
HRV,IND,280469,571271.0
HRV,IND,850511,77.0
HRV,IRL,850511,1337.0
HRV,ISL,850511,31.0
HRV,ITA,270112,13476735.0
HRV,ITA,280469,29150184.0
HRV,ITA,711021,20170.0
HRV,ITA,750210,226467.0
HRV,ITA,810411,105862.0
HRV,ITA,850511,182884.0
HRV,KAZ,850511,39.0
HRV,LBY,280429,896.0
HRV,LUX,850511,749.0
HRV,MKD,850511,1046.0
HRV,MLT,850511,743.0
HRV,MNE,850511,1188.0
HRV,MYS,850511,5.0
HRV,NLD,251010,2991030.0
HRV,NLD,251110,143.0
HRV,NLD,252800,66.0
HRV,NLD,252910,168.0
HRV,NLD,252922,59.0
HRV,NLD,260200,73.0
HRV,NLD,260600,253.0
HRV,NLD,270112,3807.0
HRV,NLD,280429,966.0
HRV,NLD,280469,377.0
HRV,NLD,282200,335.0
HRV,NLD,283691,809.0
HRV,NLD,283692,16.0
HRV,NLD,711011,3716064.0
HRV,NLD,711021,989.0
HRV,NLD,720292,802.0
HRV,NLD,720293,2.0
HRV,NLD,750210,24495.0
HRV,NLD,810320,18.0
HRV,NLD,810411,414.0
HRV,NLD,810820,14.0
HRV,NLD,811010,3.0
HRV,NLD,811292,5.0
HRV,NLD,850511,17447.0
HRV,OMN,850511,648.0
HRV,POL,260600,1270936.0
HRV,POL,280469,12258447.0
HRV,POL,850511,39326.0
HRV,PRT,280469,68397.0
HRV,PRT,850511,13916.0
HRV,ROU,260600,655969.0
HRV,ROU,280469,790366.0
HRV,ROU,810411,821945.0
HRV,ROU,850511,179.0
HRV,SAU,850511,50.0
HRV,SGP,850511,725.0
HRV,SRB,250490,3680.0
HRV,SRB,280429,14299.0
HRV,SRB,283691,19510.0
HRV,SRB,850511,5073.0
HRV,SVK,260600,103401.0
HRV,SVK,280469,2114935.0
HRV,SVK,850511,72.0
HRV,SVN,251010,4.0
HRV,SVN,251110,12527.0
HRV,SVN,252800,1199.0
HRV,SVN,260200,1110.0
HRV,SVN,260600,459796.0
HRV,SVN,280429,181337.0
HRV,SVN,280469,156342.0
HRV,SVN,282200,287.0
HRV,SVN,750210,3772.0
HRV,SVN,810411,938378.0
HRV,SVN,811010,135369.0
HRV,SVN,811292,461.0
HRV,SVN,850511,16175.0
HRV,SWE,850511,5357.0
HRV,UKR,850511,3169.0
HRV,USA,850511,196185.0
HTI,GAB,850511,234.0
HUN,ALB,850511,25.0
HUN,ARE,850511,2332.0
HUN,ARG,850511,93.0
HUN,AUS,850511,1670.0
HUN,AUT,280429,920181.0
HUN,AUT,850511,50519.0
HUN,BEL,711021,59443.0
HUN,BEL,850511,11248.0
HUN,BGD,250490,34.0
HUN,BGR,280429,111168.0
HUN,BGR,850511,194792.0
HUN,BIH,280429,24960.0
HUN,BIH,850511,847.0
HUN,BLR,850511,22.0
HUN,BOL,850511,103.0
HUN,BRA,850511,2274.0
HUN,CAN,810820,930.0
HUN,CAN,850511,5136.0
HUN,CHE,252910,456.0
HUN,CHE,280429,17713.0
HUN,CHE,810194,3085.0
HUN,CHE,850511,29277.0
HUN,CHL,850511,24.0
HUN,CHN,283691,175833.0
HUN,CHN,740311,347.0
HUN,CHN,850511,679902.0
HUN,COL,850511,1036.0
HUN,CYP,850511,1757.0
HUN,CZE,252910,2406.0
HUN,CZE,270112,2312077.0
HUN,CZE,280429,2795577.0
HUN,CZE,850511,87936.0
HUN,DEU,260600,3757.0
HUN,DEU,280429,539101.0
HUN,DEU,711011,5205042.0
HUN,DEU,711021,14865228.0
HUN,DEU,810194,125072.0
HUN,DEU,850511,1562767.0
HUN,DNK,280429,566.0
HUN,DNK,850511,46111.0
HUN,EGY,850511,66.0
HUN,ESP,850511,21922.0
HUN,EST,850511,447.0
HUN,FIN,850511,2059.0
HUN,FRA,280480,6993.0
HUN,FRA,711011,2076.0
HUN,FRA,850511,30320.0
HUN,GBR,251110,75.0
HUN,GBR,811292,1798.0
HUN,GBR,850511,43991.0
HUN,GRC,850511,1425.0
HUN,HKG,850511,9.0
HUN,HRV,251110,79475.0
HUN,HRV,252910,9.0
HUN,HRV,280429,136459.0
HUN,HRV,280469,4403.0
HUN,HRV,283691,13396.0
HUN,HRV,810411,317.0
HUN,HRV,850511,4206.0
HUN,IDN,283691,98419.0
HUN,IDN,850511,445.0
HUN,IND,280429,12388.0
HUN,IND,850511,176930.0
HUN,IRL,850511,810.0
HUN,ISL,850511,55.0
HUN,ISR,850511,230.0
HUN,ITA,280469,246161.0
HUN,ITA,711011,336094.0
HUN,ITA,711021,316335.0
HUN,ITA,740311,1978.0
HUN,ITA,810194,10557.0
HUN,ITA,850511,41869.0
HUN,JOR,850511,781.0
HUN,JPN,850511,54.0
HUN,KAZ,250490,4.0
HUN,KAZ,850511,4130.0
HUN,KOR,280429,661.0
HUN,KOR,282200,120.0
HUN,KOR,283691,132249.0
HUN,KOR,850511,129.0
HUN,LBN,850511,927.0
HUN,LBY,850511,55.0
HUN,LKA,850511,76.0
HUN,LTU,850511,81.0
HUN,LUX,850511,1.0
HUN,LVA,850511,304.0
HUN,MDA,283691,56.0
HUN,MDA,850511,463.0
HUN,MEX,850511,3339.0
HUN,MKD,850511,10.0
HUN,MLT,850511,94.0
HUN,MNE,850511,16.0
HUN,MYS,280469,21946.0
HUN,MYS,850511,215.0
HUN,NLD,250490,12.0
HUN,NLD,251010,6823.0
HUN,NLD,251110,15841.0
HUN,NLD,252800,1168.0
HUN,NLD,252910,4598.0
HUN,NLD,252922,791.0
HUN,NLD,260200,2181.0
HUN,NLD,260600,4925.0
HUN,NLD,270112,11213.0
HUN,NLD,280429,19017.0
HUN,NLD,280469,4442.0
HUN,NLD,280470,2.0
HUN,NLD,280480,1.0
HUN,NLD,282200,4106.0
HUN,NLD,283691,10971.0
HUN,NLD,283692,103.0
HUN,NLD,711011,1718.0
HUN,NLD,711021,7912.0
HUN,NLD,720292,9528.0
HUN,NLD,720293,24.0
HUN,NLD,740311,8549.0
HUN,NLD,750210,312632.0
HUN,NLD,810320,468.0
HUN,NLD,810411,4622.0
HUN,NLD,810820,26.0
HUN,NLD,811010,39.0
HUN,NLD,811292,161.0
HUN,NLD,850511,117148.0
HUN,NOR,810820,105.0
HUN,NOR,850511,1097.0
HUN,NZL,850511,283.0
HUN,OMN,850511,950.0
HUN,POL,251010,411709.0
HUN,POL,280429,276649.0
HUN,POL,810320,18821.0
HUN,POL,850511,602314.0
HUN,PRT,850511,8.0
HUN,ROU,251010,10805.0
HUN,ROU,251110,8661.0
HUN,ROU,252800,4971.0
HUN,ROU,252910,5265.0
HUN,ROU,280429,1388475.0
HUN,ROU,282200,2918.0
HUN,ROU,283691,216.0
HUN,ROU,711021,104.0
HUN,ROU,810411,1955.0
HUN,ROU,850511,18729.0
HUN,RUS,850511,1223.0
HUN,S19,850511,19332.0
HUN,SAU,850511,4795.0
HUN,SGP,280429,385.0
HUN,SGP,850511,5901.0
HUN,SLE,850511,498.0
HUN,SRB,280429,78534.0
HUN,SRB,850511,5434.0
HUN,SVK,260600,1545524.0
HUN,SVK,270112,562377.0
HUN,SVK,280429,221070.0
HUN,SVK,282200,4496.0
HUN,SVK,711011,148940.0
HUN,SVK,711021,11974.0
HUN,SVK,850511,69150.0
HUN,SVN,280429,197728.0
HUN,SVN,850511,6272.0
HUN,SWE,252910,970.0
HUN,SWE,850511,11476.0
HUN,THA,811292,1843.0
HUN,THA,850511,162.0
HUN,TUR,250490,9.0
HUN,TUR,850511,4772.0
HUN,UKR,270112,3656.0
HUN,UKR,280429,149049.0
HUN,UKR,850511,445187.0
HUN,URY,850511,59.0
HUN,USA,280429,10231.0
HUN,USA,850511,107756.0
HUN,VNM,850511,781.0
HUN,ZAF,850511,2739.0
IDN,ARE,850511,30.0
IDN,AUS,270112,4025034.0
IDN,AUS,280429,120.0
IDN,AUS,740311,47.0
IDN,AUS,850511,2361.0
IDN,BEL,270112,1530.0
IDN,BGD,270112,13480500.0
IDN,BRA,850511,176367.0
IDN,BRN,270112,138295500.0
IDN,CAN,850511,246.0
IDN,CHE,270112,9924264.0
IDN,CHE,850511,549.0
IDN,CHN,250490,2525.0
IDN,CHN,260200,522.0
IDN,CHN,260600,756072960.0
IDN,CHN,270112,2632256587.0
IDN,CHN,280429,1138532.0
IDN,CHN,280469,63.0
IDN,CHN,740311,213421341.0
IDN,CHN,850511,3964844.0
IDN,CZE,251010,758.0
IDN,DEU,270112,5203000.0
IDN,DEU,850511,158094.0
IDN,ESP,250490,239.0
IDN,ESP,252800,468.0
IDN,ESP,252910,336.0
IDN,ESP,270112,50540543.0
IDN,ESP,850511,14019.0
IDN,FIN,270112,6557043.0
IDN,FIN,740311,11345664.0
IDN,FRA,251010,36705.0
IDN,FRA,260600,3588.0
IDN,FRA,280429,1140.0
IDN,FRA,850511,4149.0
IDN,GBR,811292,3774.0
IDN,GBR,850511,2330.0
IDN,GRC,850511,113.0
IDN,HKG,270112,448497908.0
IDN,HKG,280429,561495.0
IDN,HKG,711021,85057.0
IDN,HKG,850511,842916.0
IDN,HRV,270112,56572529.0
IDN,IND,270112,109296020.0
IDN,IND,280469,88541.0
IDN,IND,850511,4613192.0
IDN,IRL,850511,48.0
IDN,IRN,260200,325840.0
IDN,ITA,270112,491824755.0
IDN,ITA,711021,18992.0
IDN,ITA,850511,2758.0
IDN,JPN,250490,5725.0
IDN,JPN,270112,6317399000.0
IDN,JPN,280469,3010.0
IDN,JPN,850511,108874.0
IDN,KHM,270112,12697146.0
IDN,KHM,850511,349766.0
IDN,KOR,251010,23.0
IDN,KOR,252910,13.0
IDN,KOR,270112,3240179335.0
IDN,KOR,280470,155.0
IDN,KOR,740311,5255452.0
IDN,KOR,811010,9.0
IDN,KOR,850511,118.0
IDN,LBR,252800,193659.0
IDN,LVA,270112,10239020.0
IDN,MDV,850511,4268.0
IDN,MMR,280429,29952.0
IDN,MMR,280469,1453582.0
IDN,MYS,251110,1370988.0
IDN,MYS,252910,414197.0
IDN,MYS,270112,58347626.0
IDN,MYS,280429,150.0
IDN,MYS,280469,1421.0
IDN,MYS,740311,776516924.0
IDN,MYS,850511,221342.0
IDN,NLD,250490,2956.0
IDN,NLD,251010,78.0
IDN,NLD,270112,114660931.0
IDN,NLD,720292,3671.0
IDN,NLD,850511,9.0
IDN,NOR,850511,18000.0
IDN,NPL,270112,2229645.0
IDN,PAK,252910,4337.0
IDN,PAK,270112,172748640.0
IDN,PHL,270112,367515949.0
IDN,PHL,850511,1505661.0
IDN,PNG,270112,2056487.0
IDN,POL,270112,62216904.0
IDN,POL,850511,962.0
IDN,PYF,850511,270.0
IDN,QAT,270112,20056.0
IDN,QAT,280429,2800.0
IDN,S19,270112,1317864723.0
IDN,S19,280429,1003941.0
IDN,S19,740311,49911536.0
IDN,S19,850511,102345.0
IDN,SGP,280429,531196.0
IDN,SGP,280469,3606.0
IDN,SGP,740311,7599612.0
IDN,SGP,850511,223107.0
IDN,SVN,280469,101129.0
IDN,SWE,711011,99.0
IDN,SWZ,850511,590.0
IDN,THA,252910,137535.0
IDN,THA,270112,320508552.0
IDN,THA,280429,316747.0
IDN,THA,740311,336929471.0
IDN,THA,810320,84121.0
IDN,THA,850511,4602178.0
IDN,TLS,280429,20.0
IDN,TLS,282200,63.0
IDN,TLS,850511,382.0
IDN,TUR,280469,85.0
IDN,TUR,850511,270.0
IDN,USA,810320,99600.0
IDN,USA,850511,5917526.0
IDN,VNM,252910,1920.0
IDN,VNM,270112,159673060.0
IDN,VNM,740311,285250937.0
IDN,VNM,850511,3379382.0
IDN,ZAF,850511,15.0
IND,AGO,250490,476.0
IND,AGO,850511,11302.0
IND,ARE,250490,2044.0
IND,ARE,251110,14362801.0
IND,ARE,252800,2691.0
IND,ARE,252910,2225073.0
IND,ARE,252922,34536.0
IND,ARE,260600,68767.0
IND,ARE,280429,714334.0
IND,ARE,280469,24364.0
IND,ARE,280470,708313.0
IND,ARE,282200,49592.0
IND,ARE,283692,681.0
IND,ARE,711011,116211.0
IND,ARE,720292,248065.0
IND,ARE,720293,105967.0
IND,ARE,740311,2291338.0
IND,ARE,750210,3534522.0
IND,ARE,810194,5999.0
IND,ARE,810320,1807.0
IND,ARE,810411,172595.0
IND,ARE,811010,8851.0
IND,ARE,850511,204904.0
IND,ARG,280470,476013.0
IND,ARG,283691,551.0
IND,ARG,850511,6422.0
IND,ARM,280429,1323.0
IND,ARM,750210,4886.0
IND,ARM,850511,1292.0
IND,AUS,250490,41.0
IND,AUS,251110,3086077.0
IND,AUS,252910,162271.0
IND,AUS,252922,6.0
IND,AUS,260600,36976.0
IND,AUS,280429,3897.0
IND,AUS,280469,47.0
IND,AUS,283691,3425.0
IND,AUS,711011,205.0
IND,AUS,740311,992.0
IND,AUS,810820,1995.0
IND,AUS,850511,133479.0
IND,AUT,260600,328370.0
IND,AUT,270112,1994.0
IND,AUT,282200,65.0
IND,AUT,850511,5678.0
IND,AZE,280429,42655.0
IND,BDI,250490,17664.0
IND,BDI,252910,45.0
IND,BEL,250490,3633.0
IND,BEL,251010,1948.0
IND,BEL,252800,8.0
IND,BEL,270112,261.0
IND,BEL,280470,3384.0
IND,BEL,283691,43627.0
IND,BEL,711011,357.0
IND,BEL,740311,480.0
IND,BEL,750210,1202419.0
IND,BEL,850511,27105.0
IND,BEN,850511,764.0
IND,BFA,250490,18182.0
IND,BGD,250490,6644.0
IND,BGD,251110,51654.0
IND,BGD,252800,782.0
IND,BGD,252910,13946491.0
IND,BGD,252922,31475.0
IND,BGD,260200,2539.0
IND,BGD,260600,53195.0
IND,BGD,270112,1182999.0
IND,BGD,280429,151125.0
IND,BGD,280469,13895.0
IND,BGD,280470,1343.0
IND,BGD,280480,16897.0
IND,BGD,282200,991.0
IND,BGD,283691,79692.0
IND,BGD,750210,18664.0
IND,BGD,810194,1423.0
IND,BGD,811010,257551.0
IND,BGD,850511,285141.0
IND,BGR,850511,433.0
IND,BHR,250490,13260.0
IND,BHR,251110,744166.0
IND,BHR,280429,21984.0
IND,BHR,280469,63446.0
IND,BHR,283691,6.0
IND,BHR,283692,720.0
IND,BHR,750210,2784.0
IND,BHR,810411,10.0
IND,BHR,850511,2925.0
IND,BIH,850511,119.0
IND,BLR,850511,16644.0
IND,BOL,850511,215.0
IND,BRA,252910,1490.0
IND,BRA,252922,4527.0
IND,BRA,280429,170632.0
IND,BRA,280469,1374.0
IND,BRA,280470,137312.0
IND,BRA,283691,695.0
IND,BRA,810194,5280.0
IND,BRA,810411,707.0
IND,BRA,810820,1882.0
IND,BRA,811010,1110519.0
IND,BRA,850511,203029.0
IND,BRN,251110,515424.99999999994
IND,BRN,282200,180.0
IND,BTN,250490,286.0
IND,BTN,252910,14978.0
IND,BTN,270112,5558200.0
IND,BTN,280429,28067.0
IND,BTN,280469,2132.0
IND,BTN,810194,412.0
IND,BTN,810411,97044.0
IND,BTN,810820,356.0
IND,BTN,811010,39.0
IND,BTN,850511,2478.0
IND,BWA,250490,22.0
IND,BWA,850511,424.0
IND,CAN,251010,4302.0
IND,CAN,251110,479578.0
IND,CAN,252800,369.0
IND,CAN,252910,5361.0
IND,CAN,252922,428.0
IND,CAN,280470,284314.0
IND,CAN,280480,32.0
IND,CAN,282200,33.0
IND,CAN,283691,28.0
IND,CAN,711011,1008.0
IND,CAN,720292,154812.0
IND,CAN,810820,2980.0
IND,CAN,811010,519818.0
IND,CAN,850511,81092.0
IND,CHE,711021,2067289.0000000002
IND,CHE,810194,225.0
IND,CHE,850511,28877.0
IND,CHL,252910,349.0
IND,CHL,252922,1033.0
IND,CHL,280470,429911.0
IND,CHL,283691,175.0
IND,CHL,850511,16357.0
IND,CHN,251110,493.0
IND,CHN,252910,3275371.0
IND,CHN,260200,7.0
IND,CHN,260600,116.0
IND,CHN,280429,113740.0
IND,CHN,280469,8127.000000000001
IND,CHN,283691,2445921.0
IND,CHN,711011,7697534.0
IND,CHN,740311,108760014.0
IND,CHN,750210,13304410.0
IND,CHN,850511,2034406.0
IND,CIV,280429,960.0
IND,CIV,810411,2052.0
IND,CIV,850511,2718.0
IND,CMR,251110,21117.0
IND,CMR,260600,18455.0
IND,CMR,280429,390.0
IND,CMR,280469,34599.0
IND,COD,283691,29.0
IND,COD,850511,2880.0
IND,COL,252922,875.0
IND,COL,282200,762.0
IND,COL,283691,53.0
IND,COL,850511,2221.0
IND,CRI,850511,4.0
IND,CYP,280429,13729.0
IND,CYP,850511,1209.0
IND,CZE,260200,9.0
IND,CZE,282200,754.0
IND,CZE,850511,11277551.0
IND,DEU,250490,47.0
IND,DEU,252910,4131.0
IND,DEU,260200,60108.0
IND,DEU,260600,216.0
IND,DEU,280469,7.0
IND,DEU,283691,547.0
IND,DEU,283692,1871.0
IND,DEU,711011,486062.0
IND,DEU,711021,41631.0
IND,DEU,720293,13.0
IND,DEU,750210,6296.0
IND,DEU,810194,2786384.0
IND,DEU,810411,42825.0
IND,DEU,850511,1806855.0
IND,DJI,251110,14889.0
IND,DJI,810194,409.0
IND,DJI,850511,44.0
IND,DNK,250490,3076.0
IND,DNK,260200,92425.0
IND,DNK,280429,250.0
IND,DNK,811010,16659.0
IND,DNK,850511,3523.0
IND,DOM,280470,115658.0
IND,ECU,283691,15211.0
IND,ECU,810411,38.0
IND,ECU,850511,3245.0
IND,EGY,251110,44952.0
IND,EGY,252910,63524.0
IND,EGY,252922,87894.0
IND,EGY,260600,9708.0
IND,EGY,280429,51402.0
IND,EGY,280469,6188.0
IND,EGY,280470,141976.0
IND,EGY,280480,12354.0
IND,EGY,282200,189.0
IND,EGY,283692,3574.0
IND,EGY,720293,11894.0
IND,EGY,810194,36830.0
IND,EGY,810411,180215.0
IND,EGY,850511,55831.0
IND,ESP,252910,1638.0
IND,ESP,260200,95.0
IND,ESP,260600,2032.0
IND,ESP,282200,4421.0
IND,ESP,750210,6899.0
IND,ESP,850511,191394.0
IND,EST,850511,3298.0
IND,ETH,250490,82.0
IND,ETH,251110,12899.0
IND,ETH,260200,27952.0
IND,ETH,260600,4288.0
IND,ETH,850511,4461.0
IND,FIN,750210,224.0
IND,FIN,850511,6033.0
IND,FJI,720292,23872.0
IND,FJI,850511,1174.0
IND,FRA,250490,57.0
IND,FRA,251010,82.0
IND,FRA,251110,80.0
IND,FRA,260200,383.0
IND,FRA,260600,617121.0
IND,FRA,280429,505.0
IND,FRA,280470,2611.0
IND,FRA,283691,15375.0
IND,FRA,711021,138.0
IND,FRA,720292,1252.0
IND,FRA,740311,2961.0
IND,FRA,810820,21566.0
IND,FRA,811010,280.0
IND,FRA,811212,609.0
IND,FRA,811292,49.0
IND,FRA,850511,62755.0
IND,GAB,251110,164640.0
IND,GAB,260200,21.0
IND,GAB,750210,489.0
IND,GBR,250490,54903.0
IND,GBR,251110,5129.0
IND,GBR,252910,850.0
IND,GBR,252922,144218.0
IND,GBR,260200,5284.0
IND,GBR,260600,87452.0
IND,GBR,270112,3716.0
IND,GBR,280429,364.0
IND,GBR,283692,1089.0
IND,GBR,711011,741295.0
IND,GBR,711021,2752799.0
IND,GBR,720293,2102.0
IND,GBR,740311,98563.0
IND,GBR,810820,22344.0
IND,GBR,850511,461627.0
IND,GEO,250490,671.0
IND,GEO,280429,8209.0
IND,GHA,251010,6784.0
IND,GHA,252922,1369.0
IND,GHA,260200,419.0
IND,GHA,810194,90.0
IND,GHA,850511,29054.0
IND,GIN,250490,309.0
IND,GIN,251110,6906.0
IND,GIN,280469,7239.0
IND,GIN,850511,35158.0
IND,GMB,280469,621.0
IND,GMB,740311,1620.0
IND,GMB,850511,10179.0
IND,GNQ,811010,7.0
IND,GNQ,850511,9002.0
IND,GRC,280429,58775.0
IND,GRC,850511,1089.0
IND,GTM,252800,101624.0
IND,GTM,280470,83540.0
IND,GTM,850511,282.0
IND,GUY,850511,113.0
IND,HKG,280429,173409.0
IND,HKG,850511,1166261.0
IND,HND,280470,52402.0
IND,HND,850511,3696.0
IND,HUN,280470,221000.0
IND,HUN,850511,6445.0
IND,IDN,251110,503153.0
IND,IDN,252910,8448765.0
IND,IDN,252922,391965.0
IND,IDN,260200,86353.0
IND,IDN,280470,331137.0
IND,IDN,280480,70.0
IND,IDN,282200,54.0
IND,IDN,283691,80.0
IND,IDN,720292,3485.0
IND,IDN,850511,63835.0
IND,IRL,251110,9735.0
IND,IRL,260200,25704.0
IND,IRL,280429,13.0
IND,IRL,711021,5685500.0
IND,IRL,810411,448.0
IND,IRL,850511,4218.0
IND,IRN,252910,864774.0
IND,IRN,720293,95500.0
IND,IRN,850511,1476.0
IND,IRQ,280429,502.0
IND,IRQ,850511,115763.0
IND,ISL,850511,134.0
IND,ISR,252910,4148.0
IND,ISR,280429,129220.0
IND,ISR,280470,153739.0
IND,ISR,283691,86.0
IND,ISR,720292,11545.0
IND,ISR,810820,11000.0
IND,ISR,850511,29141.0
IND,ITA,252910,74.0
IND,ITA,252922,1.0
IND,ITA,280470,1.0
IND,ITA,711021,146936.0
IND,ITA,720292,342.0
IND,ITA,810194,24657.0
IND,ITA,811010,8455.0
IND,ITA,850511,206920.0
IND,JOR,250490,5453.0
IND,JOR,252910,779.0
IND,JOR,280429,979.0
IND,JOR,280469,10.0
IND,JOR,850511,390.0
IND,JPN,250490,1795.0
IND,JPN,251110,324.0
IND,JPN,252910,514428.0
IND,JPN,260200,46906.0
IND,JPN,260600,3.0
IND,JPN,280429,249668.0
IND,JPN,280470,76412.0
IND,JPN,282200,2175.0
IND,JPN,711011,312712.0
IND,JPN,810820,440.0
IND,JPN,850511,403912.0
IND,KAZ,282200,613.0
IND,KAZ,283691,960.0
IND,KEN,250490,347.0
IND,KEN,251110,76138.0
IND,KEN,252910,427034.0
IND,KEN,252922,25803.0
IND,KEN,260200,24636.0
IND,KEN,260600,12348.0
IND,KEN,280429,29834.0
IND,KEN,280469,688.0
IND,KEN,280480,5814.0
IND,KEN,283691,775.0
IND,KEN,810194,130.0
IND,KEN,810411,22582.0
IND,KEN,850511,92390.0
IND,KHM,850511,100.0
IND,KOR,251010,16.0
IND,KOR,251110,246.0
IND,KOR,252910,650871.0
IND,KOR,260600,26630.0
IND,KOR,280429,177856.0
IND,KOR,280469,576.0
IND,KOR,280470,151.0
IND,KOR,283691,3054.0
IND,KOR,283692,60.0
IND,KOR,740311,4916542.0
IND,KOR,850511,26704.0
IND,KWT,251110,13747897.0
IND,KWT,252800,16765.0
IND,KWT,252910,767895.0
IND,KWT,260600,2087603.9999999998
IND,KWT,280429,26847.0
IND,KWT,282200,10436.0
IND,KWT,850511,47672.0
IND,LBN,251010,5493.0
IND,LBN,252910,5.0
IND,LBN,750210,3026.0
IND,LBN,850511,1218.0
IND,LBR,850511,33.0
IND,LKA,250490,5.0
IND,LKA,251110,12401.0
IND,LKA,252910,27384.0
IND,LKA,260200,35678.0
IND,LKA,280429,11742.0
IND,LKA,280469,40737.0
IND,LKA,280470,114640.0
IND,LKA,283691,2737.0
IND,LKA,283692,13.0
IND,LKA,740311,86195.0
IND,LKA,750210,73499.0
IND,LKA,810411,149622.0
IND,LKA,811010,175107.0
IND,LKA,850511,73253.0
IND,LTU,280470,105161.0
IND,LTU,850511,23.0
IND,LUX,850511,255.0
IND,LVA,850511,4.0
IND,MAR,250490,3388.0
IND,MAR,260200,60.0
IND,MAR,280470,15.0
IND,MAR,282200,54.0
IND,MAR,283691,1221.0
IND,MAR,811212,40.0
IND,MAR,850511,279038.0
IND,MDG,850511,19.0
IND,MDV,252800,2748.0
IND,MDV,280429,3279.0
IND,MDV,280469,57.0
IND,MDV,282200,155.0
IND,MDV,810411,40.0
IND,MDV,850511,10486.0
IND,MEX,850511,942819.0
IND,MKD,850511,3939.0
IND,MLI,282200,5784.0
IND,MLI,850511,301.0
IND,MMR,250490,6368.0
IND,MMR,280469,90.0
IND,MMR,282200,1553.0
IND,MMR,850511,299.0
IND,MNE,850511,252.0
IND,MOZ,251110,8148.0
IND,MOZ,850511,1172.0
IND,MRT,280429,69817.0
IND,MRT,850511,23879.0
IND,MUS,250490,471.0
IND,MUS,251110,50009.0
IND,MUS,260200,2350.0
IND,MUS,280429,6574.0
IND,MUS,282200,2233.0
IND,MUS,283691,147.0
IND,MUS,711011,434.0
IND,MUS,720292,4211.0
IND,MUS,750210,498.0
IND,MUS,850511,2560.0
IND,MWI,280429,1596.0
IND,MWI,850511,482.0
IND,MYS,251010,3335.0
IND,MYS,251110,5751357.0
IND,MYS,252910,2499883.0
IND,MYS,260600,3804.0
IND,MYS,280429,320.0
IND,MYS,280470,2154.0
IND,MYS,283691,135971.0
IND,MYS,711011,20.0
IND,MYS,720292,9924.0
IND,MYS,720293,324956.0
IND,MYS,740311,898083.0
IND,MYS,750210,8874841.0
IND,MYS,810411,1153.0
IND,MYS,850511,45389.0
IND,NER,251110,908829.0
IND,NGA,251010,1.0
IND,NGA,251110,216691.0
IND,NGA,252910,3049.0
IND,NGA,260600,319208.0
IND,NGA,280429,41920.0
IND,NGA,280469,12527.0
IND,NGA,280480,13198.0
IND,NGA,282200,12848.0
IND,NGA,283691,816.0
IND,NGA,720292,905.0
IND,NGA,750210,36243.0
IND,NGA,810194,3270.0
IND,NGA,811010,3232.0
IND,NGA,850511,104197.0
IND,NIC,850511,2105.0
IND,NLD,251010,342.0
IND,NLD,251110,115.0
IND,NLD,252910,1.0
IND,NLD,252922,116.0
IND,NLD,260200,86.0
IND,NLD,270112,68.0
IND,NLD,280429,25862.0
IND,NLD,282200,220032.0
IND,NLD,283691,10050.0
IND,NLD,711011,4122.0
IND,NLD,720292,1665776.0
IND,NLD,750210,23003737.0
IND,NLD,810194,146.0
IND,NLD,850511,92986.0
IND,NOR,283691,142.0
IND,NOR,850511,3103.0
IND,NPL,250490,1774.0
IND,NPL,251010,10715.0
IND,NPL,251110,35304.0
IND,NPL,252800,40842.0
IND,NPL,252910,855932.0
IND,NPL,260200,2058.0
IND,NPL,260600,3019936.0
IND,NPL,270112,9862391.0
IND,NPL,280429,210523.0
IND,NPL,280469,74903.0
IND,NPL,280470,77.0
IND,NPL,280480,1104.0
IND,NPL,282200,58.0
IND,NPL,283691,36083.0
IND,NPL,283692,58.0
IND,NPL,711011,5.0
IND,NPL,740311,30.0
IND,NPL,750210,41098.0
IND,NPL,810194,108.0
IND,NPL,810411,120117.0
IND,NPL,811010,40997.0
IND,NPL,850511,106485.0
IND,NZL,251110,523245.0
IND,NZL,252910,75262.0
IND,NZL,850511,114721.0
IND,OMN,251110,3660848.0
IND,OMN,252910,1093903.0
IND,OMN,260600,613425.0
IND,OMN,280429,49307.0
IND,OMN,280469,1461437.0
IND,OMN,282200,7905.0
IND,OMN,720292,340224.0
IND,OMN,810411,56109.0
IND,OMN,850511,188042.0
IND,PAK,811010,15859.0
IND,PAN,850511,50.0
IND,PER,280470,231514.0
IND,PER,720293,250594.0
IND,PER,850511,127.0
IND,PHL,250490,86.0
IND,PHL,252910,55648.0
IND,PHL,280429,98173.0
IND,PHL,280470,66986.0
IND,PHL,283691,68.0
IND,PHL,810320,20587.0
IND,PHL,810820,287.0
IND,PHL,850511,60.0
IND,PNG,251010,177.0
IND,PNG,251110,415325.0
IND,POL,250490,1508.0
IND,POL,260200,128894.0
IND,POL,260600,117921.0
IND,POL,280469,2106.0
IND,POL,283691,25.0
IND,POL,750210,324.0
IND,POL,850511,409945.0
IND,PRY,283691,14228.0
IND,QAT,251110,4198055.0
IND,QAT,252910,126872.0
IND,QAT,252922,7240.0
IND,QAT,260600,1612665.0
IND,QAT,280429,17989.0
IND,QAT,280469,12609.0
IND,QAT,810411,29735.0
IND,QAT,850511,7849.0
IND,RUS,252910,43745.0
IND,RUS,280470,241643.0
IND,RUS,282200,2912.0
IND,RUS,283691,3844713.0
IND,RUS,720293,75143.0
IND,RUS,811010,21.0
IND,RUS,850511,290757.0
IND,RWA,251110,102.0
IND,RWA,280429,1954.0
IND,RWA,850511,7176.0
IND,S19,251110,65426.0
IND,S19,252910,1799005.0
IND,S19,280429,701.0
IND,S19,280469,34750.0
IND,S19,280470,40816.0
IND,S19,283691,237.0
IND,S19,740311,100479.0
IND,S19,810194,244420.0
IND,S19,850511,9783.0
IND,SAU,250490,18695.0
IND,SAU,251110,79619264.0
IND,SAU,252910,1951131.0
IND,SAU,252922,47627.0
IND,SAU,260200,1414833.0
IND,SAU,260600,197231.0
IND,SAU,280429,4866.0
IND,SAU,280469,64779.0
IND,SAU,280480,16566.0
IND,SAU,283692,5239.0
IND,SAU,750210,159526.0
IND,SAU,810194,3909.0
IND,SAU,850511,113163.0
IND,SDN,251110,69584.0
IND,SDN,252910,22444.0
IND,SDN,811010,9646.0
IND,SDN,850511,24815.0
IND,SEN,252910,5345.0
IND,SEN,850511,5017.0
IND,SGP,250490,712.0
IND,SGP,251110,24310.0
IND,SGP,252910,30874.0
IND,SGP,280429,22192.0
IND,SGP,750210,10182933.0
IND,SGP,850511,188848.0
IND,SLE,283691,201.0
IND,SLV,282200,423.0
IND,SRB,283691,198.0
IND,SRB,850511,3276.0
IND,SUR,251110,6526.0
IND,SVK,850511,4225.0
IND,SVN,260600,3169860.0
IND,SVN,280470,202806.0
IND,SVN,850511,20323.0
IND,SWE,280470,174251.0
IND,SWE,280480,791.0
IND,SWE,810820,3818.0
IND,SWE,850511,8921.0
IND,SYC,280469,267.0
IND,SYC,850511,4.0
IND,SYR,283692,9093.0
IND,TGO,260600,19148.0
IND,TGO,850511,60867.0
IND,THA,251110,206880.0
IND,THA,252910,3747061.0
IND,THA,252922,1627.0
IND,THA,260600,3624.0
IND,THA,270112,152113.0
IND,THA,280429,58147.0
IND,THA,280470,19265.0
IND,THA,283691,193960.0
IND,THA,720292,1389823.0
IND,THA,740311,5090244.0
IND,THA,810411,1436.0
IND,THA,850511,562696.0
IND,TUN,250490,32.0
IND,TUN,252910,63.0
IND,TUN,283691,157.0
IND,TUN,850511,94881.0
IND,TUR,251010,452.0
IND,TUR,252910,250593.0
IND,TUR,252922,156.0
IND,TUR,260200,403620.0
IND,TUR,260600,931.0
IND,TUR,280429,28509.0
IND,TUR,280469,104.0
IND,TUR,280470,26203.0
IND,TUR,280480,597.0
IND,TUR,282200,304.0
IND,TUR,283691,3934.0
IND,TUR,283692,784.0
IND,TUR,720292,57958.0
IND,TUR,750210,4407.0
IND,TUR,810194,8789.0
IND,TUR,810820,29.0
IND,TUR,811010,18752.0
IND,TUR,850511,246566.0
IND,TZA,250490,13317.0
IND,TZA,251110,10190.0
IND,TZA,252800,16684.0
IND,TZA,252910,38367.0
IND,TZA,260200,309.0
IND,TZA,280429,8813.0
IND,TZA,282200,1736.0
IND,TZA,810194,53.0
IND,TZA,850511,44446.0
IND,UGA,250490,44031.0
IND,UGA,251010,1200.0
IND,UGA,251110,13263.0
IND,UGA,252910,51907.0
IND,UGA,280480,6902.0
IND,UGA,283691,17.0
IND,UGA,720292,7819.0
IND,UGA,810411,45149.0
IND,UGA,850511,49813.0
IND,UKR,260200,1973.0
IND,UKR,260600,12468.0
IND,UKR,850511,1459.0
IND,URY,280429,1454.0
IND,URY,283691,68792.0
IND,USA,251010,166490.0
IND,USA,251110,103356556.0
IND,USA,252800,200890.0
IND,USA,252910,32925.0
IND,USA,252922,884.0
IND,USA,260600,3142.0
IND,USA,280429,10.0
IND,USA,280469,6.0
IND,USA,280470,2221820.0
IND,USA,280480,2779.0
IND,USA,283691,109124.0
IND,USA,711011,522761.99999999994
IND,USA,720292,560863.0
IND,USA,740311,89787.0
IND,USA,810320,4209.0
IND,USA,810411,242538.0
IND,USA,810820,2422.0
IND,USA,811010,16113365.0
IND,USA,811212,1332.0
IND,USA,811292,3145.0
IND,USA,850511,1464263.0
IND,UZB,252910,34258.0
IND,UZB,280429,2209.0
IND,UZB,850511,48.0
IND,VEN,280470,36941.0
IND,VEN,810411,4878.0
IND,VNM,251110,1617.0
IND,VNM,252910,14859458.0
IND,VNM,260200,96412.0
IND,VNM,280429,5264.0
IND,VNM,283691,419004.0
IND,VNM,811010,112689.0
IND,VNM,850511,112698.0
IND,YEM,850511,252.0
IND,ZAF,251010,10.0
IND,ZAF,251110,69223.0
IND,ZAF,252910,25432.0
IND,ZAF,252922,93.0
IND,ZAF,260200,110817.0
IND,ZAF,280429,157859.0
IND,ZAF,280470,156750.0
IND,ZAF,282200,1095.0
IND,ZAF,283692,838.0
IND,ZAF,711011,90633.0
IND,ZAF,720293,22590.0
IND,ZAF,810194,4403.0
IND,ZAF,811010,295503.0
IND,ZAF,850511,46775.0
IND,ZMB,250490,64.0
IND,ZMB,251110,33409.0
IND,ZMB,260200,602.0
IND,ZMB,280429,71.0
IND,ZMB,280469,4.0
IND,ZMB,810194,830.0
IND,ZMB,850511,11499.0
IND,ZWE,251110,1062.0
IND,ZWE,280429,729.0
IND,ZWE,850511,293.0
IRL,ARE,250490,105.0
IRL,ARE,711011,272.0
IRL,ARG,850511,27.0
IRL,AUT,850511,665.0
IRL,BEL,280429,1546781.0
IRL,BEL,720292,412790.0
IRL,BEL,810820,9512.0
IRL,BEL,850511,173.0
IRL,BGR,850511,257.0
IRL,BHR,250490,693.0
IRL,BLR,850511,3.0
IRL,BRA,850511,162.0
IRL,BRB,280469,770.0
IRL,CAN,280469,6723.0
IRL,CAN,850511,14865.0
IRL,CHE,280469,659.0
IRL,CHE,850511,3170.0
IRL,CHN,252800,106.0
IRL,CHN,280469,425.0
IRL,CHN,711011,59194.0
IRL,CHN,850511,66.0
IRL,CZE,711011,28574.0
IRL,CZE,711021,641951.0
IRL,CZE,810820,9277.0
IRL,CZE,850511,354.0
IRL,DEU,270112,3226088.0
IRL,DEU,711011,260101.0
IRL,DEU,711021,470907.0
IRL,DEU,811292,42081.0
IRL,DEU,850511,619843.0
IRL,DNK,280429,469.0
IRL,DNK,850511,42.0
IRL,EGY,280429,5401.0
IRL,ESP,280429,685.0
IRL,ESP,850511,85.0
IRL,EST,850511,8.0
IRL,FIN,850511,538.0
IRL,FRA,711021,1867.0
IRL,FRA,850511,70472.0
IRL,GBR,250490,1408.0
IRL,GBR,251110,158458.0
IRL,GBR,260200,5853.0
IRL,GBR,260600,3194397.0
IRL,GBR,270112,16829999.0
IRL,GBR,280429,755897.0
IRL,GBR,280469,26613.0
IRL,GBR,283691,9105.0
IRL,GBR,711011,6288812.0
IRL,GBR,750210,4061.0
IRL,GBR,810820,2173.0
IRL,GBR,811292,4377.0
IRL,GBR,850511,135954.0
IRL,GEO,850511,2.0
IRL,GIN,260600,11.0
IRL,GRC,850511,246.0
IRL,HUN,280429,1225.0
IRL,IND,280429,6333.0
IRL,IND,283691,128229.99999999999
IRL,IND,850511,77.0
IRL,ISL,850511,107.0
IRL,ISR,280429,193000.0
IRL,ISR,850511,10710.0
IRL,ITA,280429,2552.0
IRL,ITA,282200,14260.0
IRL,ITA,711011,3760.0
IRL,ITA,711021,36508.0
IRL,ITA,850511,1196.0
IRL,JPN,850511,22.0
IRL,KEN,850511,171.0
IRL,KOR,711011,1243.0
IRL,KOR,850511,28.0
IRL,LTU,282200,157695.0
IRL,LTU,850511,194.0
IRL,LUX,850511,58.0
IRL,MYS,750210,211.0
IRL,NLD,250490,12.0
IRL,NLD,251010,29269.0
IRL,NLD,251110,3112.0
IRL,NLD,252800,736.0
IRL,NLD,252910,1840.0
IRL,NLD,252922,331.0
IRL,NLD,260200,879.0
IRL,NLD,260600,2299.0
IRL,NLD,270112,35023.0
IRL,NLD,280429,12031.0
IRL,NLD,280469,3377.0
IRL,NLD,280470,3.0
IRL,NLD,280480,1.0
IRL,NLD,282200,69221.0
IRL,NLD,283691,8166.0
IRL,NLD,283692,107.0
IRL,NLD,711011,1417.0
IRL,NLD,711021,6674.0
IRL,NLD,720292,7764.0
IRL,NLD,720293,17.0
IRL,NLD,740311,4106.0
IRL,NLD,750210,58417.0
IRL,NLD,810194,1.0
IRL,NLD,810320,86.0
IRL,NLD,810411,4022.0000000000005
IRL,NLD,810820,25.0
IRL,NLD,811010,49.0
IRL,NLD,811292,2073.0
IRL,NLD,850511,24015.0
IRL,NOR,850511,2984.0
IRL,NZL,850511,682.0
IRL,PHL,850511,1605.0
IRL,POL,270112,21699.0
IRL,POL,711021,183290.0
IRL,POL,811292,2719.0
IRL,POL,850511,2861.0
IRL,PRT,270112,5527.0
IRL,PRT,711021,953242.0
IRL,PRT,810194,388.0
IRL,PRT,850511,1597.0
IRL,ROU,850511,35925.0
IRL,SAU,850511,4382.0
IRL,SGP,250490,94.0
IRL,SGP,280429,309.0
IRL,SGP,280469,14480.0
IRL,SGP,850511,2124.0
IRL,SRB,850511,11.0
IRL,SVK,850511,20.0
IRL,SVN,850511,62.0
IRL,SWE,270112,12614972.0
IRL,SWE,711011,198.0
IRL,SWE,720292,449761.0
IRL,SWE,850511,315.0
IRL,TUR,711011,24426.0
IRL,UKR,850511,2218.0
IRL,USA,280429,91269.0
IRL,USA,280469,15776.0
IRL,USA,711011,496848.0
IRL,USA,810820,23581.0
IRL,USA,850511,325412.0
IRL,ZAF,250490,1199.0
IRL,ZAF,711011,283.0
IRL,ZAF,810820,1223.0
IRL,ZAF,850511,1986.0
IRL,ZMB,850511,449.0
IRN,ARE,251110,477523.0
IRN,ARE,252910,5037170.0
IRN,ARE,270112,225736.0
IRN,ARE,740311,153966514.0
IRN,ARE,850511,585.0
IRN,ARM,252910,3753.0
IRN,ARM,850511,6527.0
IRN,AUS,251110,2064.0
IRN,AZE,251110,988940.0
IRN,AZE,252910,4306.0
IRN,AZE,270112,15.0
IRN,AZE,740311,1354184.0
IRN,BHR,280480,10331.0
IRN,CHN,260600,303.0
IRN,CHN,270112,31155419.0
IRN,CHN,283692,165454.0
IRN,CHN,740311,765211539.0
IRN,ESP,252910,145.0
IRN,GEO,251110,10575.0
IRN,GEO,740311,2081273.0000000002
IRN,GEO,850511,275.0
IRN,IND,251110,51913.0
IRN,IND,283692,423617.0
IRN,IND,740311,19243046.0
IRN,IRQ,251110,7451523.0
IRN,IRQ,252910,827.0
IRN,IRQ,260600,664457.0
IRN,IRQ,280429,33058.0
IRN,IRQ,850511,14154.0
IRN,ITA,740311,240725.0
IRN,KOR,283692,169832.0
IRN,KWT,251110,1887191.0
IRN,NOR,740311,170.0
IRN,OMN,251110,55605.0
IRN,OMN,252922,31.0
IRN,OMN,260600,476.0
IRN,OMN,850511,5.0
IRN,PAK,270112,78243.0
IRN,QAT,260600,130458.0
IRN,RUS,251110,77955.0
IRN,RUS,252910,14466.0
IRN,SYR,740311,383697.0
IRN,TKM,251110,595435.0
IRN,TKM,252910,19842.0
IRN,TKM,280429,30580.0
IRN,TKM,283691,12000.0
IRN,TUN,251110,5129.0
IRN,TUR,251110,100475.0
IRN,TUR,252910,44.0
IRN,TUR,270112,3275574.0
IRN,TUR,740311,215159757.0
IRN,TUR,850511,105.0
IRN,UZB,251110,34089.0
IRN,UZB,850511,8191.000000000001
IRQ,AUT,850511,3.0
IRQ,OMN,251110,88003.0
ISL,ARE,280469,103781.0
ISL,AUT,280469,1066159.0
ISL,AUT,850511,15.0
ISL,BEL,280469,2152668.0
ISL,BEL,850511,115.0
ISL,BRA,850511,16.0
ISL,CAN,850511,50.0
ISL,CHE,280469,93662.0
ISL,CHN,850511,364.0
ISL,CZE,280469,240489.0
ISL,CZE,810411,2434766.0
ISL,CZE,850511,4.0
ISL,DEU,280469,12945729.0
ISL,DEU,850511,27.0
ISL,DNK,850511,1132.0
ISL,ESP,280469,982317.0
ISL,ESP,850511,81.0
ISL,FRA,280469,109661.0
ISL,FRA,850511,7.0
ISL,GBR,280469,957.0
ISL,GBR,850511,503.0
ISL,HUN,850511,286.0
ISL,IRL,850511,38.0
ISL,ITA,280469,5216015.0
ISL,JPN,280469,475516.0
ISL,MEX,850511,29.0
ISL,MLT,850511,36.0
ISL,MYS,850511,82.0
ISL,NLD,280469,86925316.0
ISL,NLD,283691,174.0
ISL,NLD,810820,95.0
ISL,NLD,850511,194.0
ISL,NOR,280469,12770222.0
ISL,NZL,850511,2214.0
ISL,POL,280469,837390.0
ISL,POL,850511,136.0
ISL,QAT,280469,2926202.0
ISL,SAU,280469,8885.0
ISL,SRB,280469,4390.0
ISL,SVN,280469,5581.0
ISL,SWE,850511,99.0
ISL,UKR,280469,48627.0
ISL,USA,850511,759.0
ISR,ARE,810194,6367.0
ISR,ARE,810411,1827885.0
ISR,ARE,850511,1000.0
ISR,ARM,810820,38000.0
ISR,AUS,850511,6210.0
ISR,AUT,850511,1178.0
ISR,BEL,810411,3396809.0
ISR,BEL,850511,1.0
ISR,BRA,280429,1000.0
ISR,BRA,810411,3915387.0
ISR,CAN,251110,94000.0
ISR,CAN,280429,132.0
ISR,CAN,810194,6832.0
ISR,CAN,810411,5860537.0
ISR,CAN,811292,97923.0
ISR,CAN,850511,59875.0
ISR,CHE,810411,8365914.000000001
ISR,CHE,850511,4554.0
ISR,CHL,750210,44000.0
ISR,CHL,850511,1896.0
ISR,CHN,280469,3941.0
ISR,CHN,811292,67000.0
ISR,CHN,850511,27210.0
ISR,COL,280429,110550.0
ISR,CRI,850511,1505.0
ISR,CYP,251110,121993.0
ISR,CYP,850511,22.0
ISR,CZE,251110,164.0
ISR,CZE,810411,745598.0
ISR,CZE,850511,101675.0
ISR,DEU,251010,497620.0
ISR,DEU,252910,37.0
ISR,DEU,720292,1357.0
ISR,DEU,810194,1000.0
ISR,DEU,810411,73925.0
ISR,DEU,811292,30560.0
ISR,DEU,850511,265319.0
ISR,ESP,810820,499.0
ISR,ESP,811292,4762.0
ISR,ESP,850511,2505.0
ISR,ETH,280429,173.0
ISR,FRA,810411,5292111.0
ISR,FRA,810820,3055.0
ISR,FRA,811292,1000.0
ISR,FRA,850511,7387.0
ISR,GBR,280429,30000.0
ISR,GBR,810194,4535.0
ISR,GBR,810411,573086.0
ISR,GBR,810820,38768.0
ISR,GBR,850511,3970.0
ISR,GRC,810411,205722.0
ISR,HKG,850511,224773.0
ISR,HRV,280469,725.0
ISR,HUN,810411,1421540.0
ISR,HUN,850511,11501.0
ISR,IND,280469,5000.0
ISR,IND,750210,463281.0
ISR,IND,850511,38450.0
ISR,IRL,280429,252950.0
ISR,IRL,850511,143.0
ISR,ISL,720292,29.0
ISR,ISL,810411,568613.0
ISR,ITA,810411,13820000.0
ISR,ITA,811292,1000.0
ISR,ITA,850511,5000.0
ISR,JOR,720292,37000.0
ISR,JPN,750210,3000.0
ISR,JPN,850511,1810.0
ISR,KEN,270112,5000.0
ISR,KOR,810194,3650.0
ISR,KOR,810411,471.0
ISR,KOR,811292,23761.0
ISR,KOR,850511,3000.0
ISR,LKA,711021,94.0
ISR,MEX,850511,42652.0
ISR,MLT,750210,5000.0
ISR,NIC,850511,394.0
ISR,NLD,251010,836996.0
ISR,NLD,750210,134793.0
ISR,NLD,810820,58.0
ISR,NLD,850511,54011.0
ISR,NZL,810194,79.0
ISR,NZL,850511,3801.0
ISR,PHL,850511,14542.0
ISR,POL,850511,4094.0000000000005
ISR,ROU,850511,12179.0
ISR,S19,280470,269.0
ISR,S19,850511,1914.0
ISR,SEN,251110,27000.0
ISR,SGP,810194,2642.0
ISR,SGP,811010,1000.0
ISR,SGP,850511,358.0
ISR,SRB,850511,23.0
ISR,SVK,850511,32.0
ISR,SVN,750210,4000.0
ISR,SVN,850511,5359.0
ISR,SWE,811292,27000.0
ISR,SWE,850511,593.0
ISR,THA,850511,2.0
ISR,TUR,750210,965223.0
ISR,TUR,810411,560000.0
ISR,TZA,850511,115.0
ISR,USA,280429,1000.0
ISR,USA,280470,1240371.0
ISR,USA,283691,26049.0
ISR,USA,711011,114058.0
ISR,USA,750210,29000.0
ISR,USA,810320,123488.0
ISR,USA,810411,113999065.0
ISR,USA,810820,480000.0
ISR,USA,811292,155670.0
ISR,USA,850511,528094.0
ISR,VNM,283691,3000.0
ISR,VNM,811292,1000.0
ISR,VNM,850511,41759.0
ISR,ZAF,750210,280815.0
ISR,ZAF,810194,8441.0
ISR,ZAF,850511,16.0
ITA,AGO,252800,92.0
ITA,AGO,280429,21678.0
ITA,AGO,280470,974.0
ITA,ALB,280429,35981.0
ITA,ALB,280469,529894.0
ITA,ALB,810411,39009.0
ITA,ALB,850511,50812.0
ITA,ARE,250490,314.0
ITA,ARE,251110,27081.0
ITA,ARE,252910,14403.0
ITA,ARE,260600,11246.0
ITA,ARE,280429,41328.0
ITA,ARE,282200,512370.0
ITA,ARE,283691,583792.0
ITA,ARE,711011,761604.0
ITA,ARE,750210,247070.0
ITA,ARE,810194,2824.0
ITA,ARE,810411,31.0
ITA,ARE,850511,32592.0
ITA,ARG,260200,3433.0
ITA,ARG,280429,4896.0
ITA,ARG,282200,291810.0
ITA,ARG,283691,463789.0
ITA,ARG,283692,31.0
ITA,ARG,711011,582465.0
ITA,ARG,740311,82431.0
ITA,ARG,750210,1232907.0
ITA,ARG,850511,18997.0
ITA,ARM,740311,2540.0
ITA,ARM,850511,3792.0
ITA,AUS,250490,5060.0
ITA,AUS,280429,22244.0
ITA,AUS,283691,757343.0
ITA,AUS,711011,243853.0
ITA,AUS,750210,89350.0
ITA,AUS,850511,160903.0
ITA,AUT,251010,508849.0
ITA,AUT,251110,81533.0
ITA,AUT,252800,5955.0
ITA,AUT,252910,942.0
ITA,AUT,260200,41617.0
ITA,AUT,260600,355.0
ITA,AUT,270112,383.0
ITA,AUT,280429,962614.0
ITA,AUT,280469,289435.0
ITA,AUT,280470,137.0
ITA,AUT,283691,324017.0
ITA,AUT,283692,482909.0
ITA,AUT,711011,1439640.0
ITA,AUT,711021,4398287.0
ITA,AUT,740311,7470888.0
ITA,AUT,750210,14941699.0
ITA,AUT,810194,758.0
ITA,AUT,810411,1760434.0
ITA,AUT,850511,263684.0
ITA,AZE,810820,85.0
ITA,AZE,850511,2199.0
ITA,BEL,250490,7686.0
ITA,BEL,251010,7079.0
ITA,BEL,251110,90619.0
ITA,BEL,252800,31827.0
ITA,BEL,252910,283848.0
ITA,BEL,260200,7951.0
ITA,BEL,260600,206.0
ITA,BEL,270112,13.0
ITA,BEL,280429,375238.0
ITA,BEL,282200,170864.0
ITA,BEL,711011,2115419.0
ITA,BEL,711021,81719909.0
ITA,BEL,720292,257906.0
ITA,BEL,740311,94935.0
ITA,BEL,750210,5368.0
ITA,BEL,810820,154633.0
ITA,BEL,850511,237823.0
ITA,BEN,280469,199.0
ITA,BGD,850511,32609.0
ITA,BGR,250490,161.0
ITA,BGR,251110,2097.0
ITA,BGR,260200,524.0
ITA,BGR,260600,2.0
ITA,BGR,270112,12.0
ITA,BGR,280429,36679.0
ITA,BGR,280469,177.0
ITA,BGR,280470,229635.0
ITA,BGR,282200,674.0
ITA,BGR,283691,34582.0
ITA,BGR,711011,6950.0
ITA,BGR,711021,7266.0
ITA,BGR,720293,17431.0
ITA,BGR,740311,838788.0
ITA,BGR,750210,507460.0
ITA,BGR,810411,3723.0
ITA,BGR,810820,135.0
ITA,BGR,850511,125418.0
ITA,BHR,282200,1092.0
ITA,BHR,720293,7198.0
ITA,BHR,850511,2246.0
ITA,BIH,280429,108456.0
ITA,BIH,280469,325682.0
ITA,BIH,750210,32543.999999999996
ITA,BIH,810820,22.0
ITA,BIH,850511,24532.0
ITA,BOL,850511,2308.0
ITA,BRA,250490,13953.0
ITA,BRA,251110,347010.0
ITA,BRA,252800,195.0
ITA,BRA,260600,7.0
ITA,BRA,280429,27744.0
ITA,BRA,280469,46319.0
ITA,BRA,280470,64500.0
ITA,BRA,282200,183959.0
ITA,BRA,283692,208.0
ITA,BRA,711011,2048277.0
ITA,BRA,750210,550864.0
ITA,BRA,810194,20507.0
ITA,BRA,810820,2891.0
ITA,BRA,811292,2189.0
ITA,BRA,850511,365489.0
ITA,CAN,250490,5839.0
ITA,CAN,280429,27.0
ITA,CAN,280470,260.0
ITA,CAN,283692,198.0
ITA,CAN,711011,4631926.0
ITA,CAN,711021,8163915.0
ITA,CAN,810820,108512.0
ITA,CAN,850511,224647.0
ITA,CHE,250490,6294.0
ITA,CHE,251110,30536.0
ITA,CHE,252910,29532.0
ITA,CHE,260200,165.0
ITA,CHE,260600,16610.0
ITA,CHE,270112,942.0
ITA,CHE,280429,1122868.0
ITA,CHE,280470,261.0
ITA,CHE,283691,2321.0
ITA,CHE,283692,3761.0
ITA,CHE,711011,179332838.0
ITA,CHE,711021,298475622.0
ITA,CHE,720292,2417.0
ITA,CHE,740311,29242.0
ITA,CHE,750210,264436.0
ITA,CHE,810194,1170.0
ITA,CHE,810320,1293.0
ITA,CHE,810411,3093.0
ITA,CHE,811292,24641.0
ITA,CHE,850511,281986.0
ITA,CHL,280429,255.0
ITA,CHL,850511,19410.0
ITA,CHN,250490,20558.0
ITA,CHN,251110,46340.0
ITA,CHN,252800,30805.0
ITA,CHN,280429,12134.0
ITA,CHN,280469,1243.0
ITA,CHN,280470,586.0
ITA,CHN,283691,203687.0
ITA,CHN,283692,846.0
ITA,CHN,711011,1184163.0
ITA,CHN,711021,678695.0
ITA,CHN,810194,11428.0
ITA,CHN,811292,3169.0
ITA,CHN,850511,3691100.0
ITA,CIV,252800,222.0
ITA,CIV,740311,7784.0
ITA,CIV,850511,693.0
ITA,CMR,260200,3993.0
ITA,COG,850511,80.0
ITA,COL,251110,58434.0
ITA,COL,280429,25000.0
ITA,COL,280470,10886.0
ITA,COL,283691,63498.0
ITA,COL,283692,18650.0
ITA,COL,750210,9201.0
ITA,COL,810194,744.0
ITA,COL,850511,25806.0
ITA,CPV,850511,599.0
ITA,CRI,850511,3498.0
ITA,CUB,280469,22967.0
ITA,CUB,850511,49.0
ITA,CYP,252800,75.0
ITA,CYP,740311,3271.0
ITA,CYP,810820,5211.0
ITA,CYP,850511,6125.0
ITA,CZE,251110,99725.0
ITA,CZE,252800,83.0
ITA,CZE,252910,5075.0
ITA,CZE,260200,405165.0
ITA,CZE,280429,1733682.0
ITA,CZE,280469,936005.0
ITA,CZE,282200,11656.0
ITA,CZE,283692,578.0
ITA,CZE,711011,1714206.0
ITA,CZE,711021,2213376.0
ITA,CZE,740311,122899.0
ITA,CZE,750210,4355794.0
ITA,CZE,810411,237752.0
ITA,CZE,810820,17429532.0
ITA,CZE,811010,11023.0
ITA,CZE,850511,321944.0
ITA,DEU,250490,16234.000000000002
ITA,DEU,251010,5162.0
ITA,DEU,251110,218893.0
ITA,DEU,252800,4961.0
ITA,DEU,252910,895687.0
ITA,DEU,252922,42971.0
ITA,DEU,260200,247730.0
ITA,DEU,260600,79270.0
ITA,DEU,270112,729.0
ITA,DEU,280429,1817175.0
ITA,DEU,280469,1101208.0
ITA,DEU,280470,12623264.0
ITA,DEU,282200,763820.0
ITA,DEU,283691,29272.0
ITA,DEU,283692,542018.0
ITA,DEU,711011,273460824.0
ITA,DEU,711021,850018641.0
ITA,DEU,740311,25721131.0
ITA,DEU,750210,11971900.0
ITA,DEU,810194,34.0
ITA,DEU,810411,514408.0
ITA,DEU,810820,208321.0
ITA,DEU,811292,429102.0
ITA,DEU,850511,7038174.0
ITA,DNK,250490,1184.0
ITA,DNK,252922,3106757.0
ITA,DNK,280429,56986.0
ITA,DNK,282200,41247.0
ITA,DNK,711011,20777.0
ITA,DNK,711021,279175.0
ITA,DNK,740311,36591.0
ITA,DNK,750210,54879.0
ITA,DNK,850511,33125.0
ITA,DOM,810820,85369.0
ITA,DOM,850511,22246.0
ITA,DZA,250490,9979.0
ITA,DZA,251110,4663.0
ITA,DZA,252800,172733.0
ITA,DZA,252910,163780.0
ITA,DZA,260200,1120.0
ITA,DZA,260600,8252.0
ITA,DZA,280429,4322.0
ITA,DZA,750210,117726.0
ITA,DZA,811292,1850.0
ITA,DZA,850511,22146.0
ITA,ECU,280470,60485.0
ITA,ECU,810194,2691.0
ITA,ECU,850511,14771.0
ITA,EGY,250490,2589.0
ITA,EGY,251110,35814.0
ITA,EGY,252922,252732.0
ITA,EGY,280429,408477.0
ITA,EGY,282200,26315.0
ITA,EGY,720293,85414.0
ITA,EGY,740311,126456.0
ITA,EGY,750210,4442985.0
ITA,EGY,810194,17150.0
ITA,EGY,810411,12540.0
ITA,EGY,811292,25977.0
ITA,EGY,850511,295993.0
ITA,ESP,250490,801.0
ITA,ESP,251010,754.0
ITA,ESP,251110,62425.0
ITA,ESP,252800,66372.0
ITA,ESP,252910,18912958.0
ITA,ESP,252922,5660.0
ITA,ESP,260200,9446.0
ITA,ESP,260600,501748.0
ITA,ESP,270112,18543297.0
ITA,ESP,280429,87366.0
ITA,ESP,280469,9616.0
ITA,ESP,280470,405774.0
ITA,ESP,282200,446445.0
ITA,ESP,283691,307955.0
ITA,ESP,283692,17563.0
ITA,ESP,711011,5747531.0
ITA,ESP,711021,24994723.0
ITA,ESP,720292,16801.0
ITA,ESP,720293,3659.0
ITA,ESP,740311,8813562.0
ITA,ESP,750210,1467776.0
ITA,ESP,810194,20680.0
ITA,ESP,810411,483340.0
ITA,ESP,810820,456366.0
ITA,ESP,811292,1572.0
ITA,ESP,850511,2033400.0
ITA,EST,260200,2228.0
ITA,EST,280429,18595.0
ITA,EST,711011,337965.0
ITA,EST,711021,101751.0
ITA,EST,740311,34986.0
ITA,EST,810820,452.0
ITA,EST,850511,162749.0
ITA,FIN,251110,28182.0
ITA,FIN,280469,3121.0
ITA,FIN,711011,1033630.0000000001
ITA,FIN,711021,16718107.0
ITA,FIN,740311,39763.0
ITA,FIN,750210,532731.0
ITA,FIN,810820,45014.0
ITA,FIN,850511,15546.0
ITA,FRA,250490,23960.0
ITA,FRA,251110,189291.0
ITA,FRA,252800,69517.0
ITA,FRA,252910,1236798.0
ITA,FRA,252922,19582.0
ITA,FRA,260200,53900.0
ITA,FRA,260600,180559.0
ITA,FRA,270112,21838.0
ITA,FRA,280429,793181.0
ITA,FRA,280469,419.0
ITA,FRA,280470,426254.0
ITA,FRA,280480,16108.0
ITA,FRA,282200,259997.0
ITA,FRA,283692,5147.0
ITA,FRA,711011,35899882.0
ITA,FRA,711021,58068258.0
ITA,FRA,740311,3295118.0
ITA,FRA,750210,1388317.0
ITA,FRA,810194,21206.0
ITA,FRA,810320,2251.0
ITA,FRA,810411,103380.0
ITA,FRA,810820,843.0
ITA,FRA,811292,18626.0
ITA,FRA,850511,4635304.0
ITA,GAB,280469,42.0
ITA,GAB,850511,148.0
ITA,GBR,250490,3025.0
ITA,GBR,251110,17458.0
ITA,GBR,252910,10899.0
ITA,GBR,260600,2871.0
ITA,GBR,280429,9837.0
ITA,GBR,280470,50145.0
ITA,GBR,282200,1126573.0
ITA,GBR,283692,3716.0
ITA,GBR,711011,103549403.0
ITA,GBR,711021,342369914.0
ITA,GBR,740311,2483.0
ITA,GBR,810194,23087.0
ITA,GBR,810820,33743.0
ITA,GBR,811212,5022.0
ITA,GBR,811292,1092.0
ITA,GBR,850511,3256584.0
ITA,GEO,850511,75.0
ITA,GHA,850511,469.0
ITA,GRC,250490,247531.0
ITA,GRC,252800,15409.0
ITA,GRC,252910,1887.0
ITA,GRC,260200,4260.0
ITA,GRC,280429,1902129.0
ITA,GRC,282200,8955.0
ITA,GRC,283691,82323.0
ITA,GRC,283692,81.0
ITA,GRC,711011,5454.0
ITA,GRC,711021,80900.0
ITA,GRC,720292,155474.0
ITA,GRC,740311,19235.0
ITA,GRC,750210,478598.0
ITA,GRC,810194,479.0
ITA,GRC,810411,128128.99999999999
ITA,GRC,810820,299877.0
ITA,GRC,850511,277225.0
ITA,GTM,850511,6478.0
ITA,HKG,260200,18574.0
ITA,HKG,711011,2148317.0
ITA,HKG,711021,1502742.0
ITA,HKG,810194,1709.0
ITA,HKG,811292,1747.0
ITA,HKG,850511,41821.0
ITA,HND,283691,21886.0
ITA,HND,850511,3538.0
ITA,HRV,251110,8946.0
ITA,HRV,252800,5583.0
ITA,HRV,252910,30493.0
ITA,HRV,252922,4475.0
ITA,HRV,260200,883.0
ITA,HRV,270112,171929.0
ITA,HRV,280429,713147.0
ITA,HRV,280469,20219.0
ITA,HRV,282200,12810.0
ITA,HRV,283692,102.0
ITA,HRV,711011,772054.0
ITA,HRV,740311,6245595.0
ITA,HRV,750210,108529.0
ITA,HRV,810194,522.0
ITA,HRV,810411,489592.0
ITA,HRV,810820,164.0
ITA,HRV,850511,2309414.0
ITA,HUN,251110,612.0
ITA,HUN,252800,200.0
ITA,HUN,260200,5410.0
ITA,HUN,260600,113.0
ITA,HUN,270112,18339.0
ITA,HUN,280429,265713.0
ITA,HUN,282200,8276.0
ITA,HUN,711011,348258.0
ITA,HUN,711021,1797811.0
ITA,HUN,740311,846060.0
ITA,HUN,750210,29695.0
ITA,HUN,810194,475.0
ITA,HUN,810411,176478.0
ITA,HUN,810820,687.0
ITA,HUN,850511,4748483.0
ITA,IDN,252910,4303.0
ITA,IDN,260200,1889.0
ITA,IDN,280470,152400.0
ITA,IDN,283692,10572.0
ITA,IDN,711021,6430.0
ITA,IDN,740311,563.0
ITA,IDN,750210,1063.0
ITA,IDN,810194,66131.0
ITA,IDN,850511,16178.0
ITA,IND,250490,4602.0
ITA,IND,252910,692.0
ITA,IND,260600,12206.0
ITA,IND,280429,11994.0
ITA,IND,280469,162.0
ITA,IND,282200,270859.0
ITA,IND,283691,14072.0
ITA,IND,711011,2954142.0
ITA,IND,711021,204338.0
ITA,IND,740311,61171.0
ITA,IND,750210,1012157.0
ITA,IND,810194,47520.0
ITA,IND,811292,38703.0
ITA,IND,850511,851101.0
ITA,IRL,252800,242.0
ITA,IRL,260200,7746.0
ITA,IRL,270112,3963.0
ITA,IRL,280429,61510.0
ITA,IRL,711011,52526.0
ITA,IRL,711021,967494.0
ITA,IRL,740311,24304.0
ITA,IRL,850511,186255.0
ITA,IRN,280429,4042.0
ITA,IRN,282200,416849.0
ITA,IRN,850511,35882.0
ITA,IRQ,280429,21278.0
ITA,ISL,280429,15696.0
ITA,ISL,740311,2125.0
ITA,ISL,810820,100.0
ITA,ISL,850511,2309.0
ITA,ISR,250490,1000.0
ITA,ISR,251110,769000.0
ITA,ISR,252800,3666.0
ITA,ISR,280429,20785.0
ITA,ISR,280469,29093.0
ITA,ISR,282200,1000.0
ITA,ISR,711011,28141.0
ITA,ISR,720292,1000.0
ITA,ISR,750210,262657.0
ITA,ISR,850511,89214.0
ITA,JAM,850511,93.0
ITA,JPN,280429,13047.0
ITA,JPN,280469,37227.0
ITA,JPN,282200,16694.0
ITA,JPN,283692,630518.0
ITA,JPN,711011,15658259.0
ITA,JPN,711021,27313664.0
ITA,JPN,750210,142754.0
ITA,JPN,850511,138248.0
ITA,KAZ,260200,3792.0
ITA,KAZ,260600,4008.0
ITA,KAZ,280470,67.0
ITA,KAZ,282200,76492.0
ITA,KAZ,810194,11554.0
ITA,KAZ,850511,65122.0
ITA,KEN,280429,1771.0
ITA,KEN,850511,29.0
ITA,KOR,252910,49593.0
ITA,KOR,260200,37.0
ITA,KOR,280429,8547.0
ITA,KOR,280469,41.0
ITA,KOR,280470,22361.0
ITA,KOR,282200,990.0
ITA,KOR,283691,106454.0
ITA,KOR,283692,8381.0
ITA,KOR,850511,287124.0
ITA,KWT,810320,281.0
ITA,KWT,850511,38531.0
ITA,LBN,280469,8132.0
ITA,LBN,810411,35795.0
ITA,LBN,850511,111.0
ITA,LBY,280429,112743.0
ITA,LKA,850511,3993.0
ITA,LTU,250490,1279.0
ITA,LTU,252800,68.0
ITA,LTU,260600,177.0
ITA,LTU,280429,13640.0
ITA,LTU,282200,6030.0
ITA,LTU,711011,2257612.0
ITA,LTU,740311,31483.0
ITA,LTU,750210,60005.0
ITA,LTU,810820,1000.9999999999999
ITA,LTU,811292,122.0
ITA,LTU,850511,105173.0
ITA,LUX,252910,2167.0
ITA,LUX,260600,54.0
ITA,LUX,280429,10200.0
ITA,LUX,711011,12116.0
ITA,LUX,810820,261170.00000000003
ITA,LUX,850511,57103.0
ITA,LVA,252800,2366.0
ITA,LVA,711021,28378.0
ITA,LVA,740311,20446.0
ITA,LVA,850511,318.0
ITA,MAC,810194,6723.0
ITA,MAR,250490,104.0
ITA,MAR,251110,368206.0
ITA,MAR,280429,32978.0
ITA,MAR,280469,212.0
ITA,MAR,750210,46953.0
ITA,MAR,810411,20446.0
ITA,MAR,850511,27741.0
ITA,MDA,282200,13636.0
ITA,MDA,810820,21.0
ITA,MDA,850511,26564.0
ITA,MDV,850511,59.0
ITA,MEX,251110,6911.0
ITA,MEX,252910,25089.0
ITA,MEX,282200,556748.0
ITA,MEX,750210,301932.0
ITA,MEX,810194,2057.0
ITA,MEX,850511,375616.0
ITA,MKD,280429,20199.0
ITA,MKD,280470,35592.0
ITA,MKD,750210,332319.0
ITA,MKD,850511,8316.0
ITA,MLI,850511,208.0
ITA,MLT,252800,33.0
ITA,MLT,270112,70.0
ITA,MLT,280429,12383.0
ITA,MLT,283691,1341.0
ITA,MLT,711011,295599.0
ITA,MLT,711021,34289.0
ITA,MLT,740311,65542.0
ITA,MLT,750210,12263.0
ITA,MLT,810411,3156.0
ITA,MLT,810820,469.0
ITA,MLT,850511,34414.0
ITA,MNE,280429,42069.0
ITA,MNE,850511,242.0
ITA,MNG,850511,1807.0
ITA,MOZ,280429,16783.0
ITA,MOZ,811292,8339.0
ITA,MUS,250490,1249.0
ITA,MUS,850511,144.0
ITA,MYS,280429,96097.0
ITA,MYS,283691,148938.0
ITA,MYS,711011,12965.0
ITA,MYS,711021,39384.0
ITA,MYS,750210,731083.0
ITA,MYS,810194,7443.0
ITA,MYS,850511,17110.0
ITA,NAM,280469,312.0
ITA,NGA,260200,36195.0
ITA,NGA,810320,3877.0
ITA,NGA,811292,1484.0
ITA,NGA,850511,56865.0
ITA,NIC,850511,246.0
ITA,NLD,250490,1008.9999999999999
ITA,NLD,251010,10859.0
ITA,NLD,251110,9664.0
ITA,NLD,252800,62798.0
ITA,NLD,252910,27961.0
ITA,NLD,252922,1794.0
ITA,NLD,260200,29505.0
ITA,NLD,260600,55330.0
ITA,NLD,270112,306479.0
ITA,NLD,280429,405724.0
ITA,NLD,280469,20246.0
ITA,NLD,280470,8.0
ITA,NLD,280480,4.0
ITA,NLD,282200,5740.0
ITA,NLD,283691,984934.0
ITA,NLD,283692,23914.0
ITA,NLD,711011,12631399.0
ITA,NLD,711021,70718352.0
ITA,NLD,720292,44295.0
ITA,NLD,720293,195.0
ITA,NLD,740311,127190.0
ITA,NLD,750210,685077.0
ITA,NLD,810194,3.0
ITA,NLD,810320,831.0
ITA,NLD,810411,24936.0
ITA,NLD,810820,24.0
ITA,NLD,811010,159.0
ITA,NLD,811292,807.0
ITA,NLD,850511,358448.0
ITA,NOR,250490,4820.0
ITA,NOR,251010,1014.0
ITA,NOR,280429,14336.0
ITA,NOR,280480,20840.0
ITA,NOR,711011,1730677.0
ITA,NOR,711021,651009.0
ITA,NOR,810411,618373.0
ITA,NOR,850511,49929.0
ITA,NPL,280429,1374.0
ITA,NZL,280429,2696.0
ITA,NZL,280469,20.0
ITA,NZL,850511,42697.0
ITA,PAK,252910,13446.0
ITA,PAK,282200,7539.0
ITA,PAK,810411,83344.0
ITA,PAK,850511,3207.0
ITA,PER,750210,174076.0
ITA,PER,810194,1223.0
ITA,PER,811292,719.0
ITA,PER,850511,54101.0
ITA,PHL,280429,5709.0
ITA,PHL,280469,297.0
ITA,PHL,740311,469.0
ITA,PHL,810194,805.0
ITA,PHL,850511,2233.0
ITA,PNG,850511,170.0
ITA,POL,251010,27995.0
ITA,POL,251110,428979.0
ITA,POL,252800,7.0
ITA,POL,252910,47989.0
ITA,POL,260200,96327.0
ITA,POL,260600,76.0
ITA,POL,270112,16065.999999999998
ITA,POL,280429,7298.0
ITA,POL,280469,145561.0
ITA,POL,280470,684148.0
ITA,POL,282200,230252.0
ITA,POL,283691,155661.0
ITA,POL,283692,51.0
ITA,POL,711011,135199777.0
ITA,POL,711021,383010734.0
ITA,POL,720292,469997.0
ITA,POL,740311,1790704.0
ITA,POL,750210,1996082.0
ITA,POL,810194,13327.0
ITA,POL,810320,1653980.0
ITA,POL,810411,248115.0
ITA,POL,811010,192716.0
ITA,POL,811292,15946.0
ITA,POL,850511,1146838.0
ITA,PRT,250490,323.0
ITA,PRT,260200,5428.0
ITA,PRT,260600,25.0
ITA,PRT,280429,571.0
ITA,PRT,282200,156167.0
ITA,PRT,283691,346011.0
ITA,PRT,283692,143.0
ITA,PRT,711021,12990124.0
ITA,PRT,720292,4812.0
ITA,PRT,740311,559303.0
ITA,PRT,750210,1038425.9999999999
ITA,PRT,810194,7941.0
ITA,PRT,810820,2654.0
ITA,PRT,850511,1356858.0
ITA,PRY,283691,13499.0
ITA,PRY,850511,3087.0
ITA,PYF,850511,242.0
ITA,QAT,280429,119746.0
ITA,QAT,280469,2401.0
ITA,QAT,850511,4391.0
ITA,ROU,250490,14304.0
ITA,ROU,251010,158.0
ITA,ROU,251110,44446.0
ITA,ROU,252800,1751.0
ITA,ROU,252910,59055.0
ITA,ROU,252922,28538.0
ITA,ROU,260200,159727.0
ITA,ROU,260600,150082.0
ITA,ROU,270112,13.0
ITA,ROU,280429,338385.0
ITA,ROU,280469,111224.0
ITA,ROU,283691,165919.0
ITA,ROU,711011,38891.0
ITA,ROU,720293,1528.0
ITA,ROU,740311,625435.0
ITA,ROU,750210,2211076.0
ITA,ROU,810194,1984.0
ITA,ROU,810320,956.0
ITA,ROU,810411,87926.0
ITA,ROU,810820,168266.0
ITA,ROU,811010,127903.0
ITA,ROU,811212,441.0
ITA,ROU,811292,4504.0
ITA,ROU,850511,1807454.0
ITA,RUS,251110,2758.0
ITA,RUS,252800,9319.0
ITA,RUS,252910,80244.0
ITA,RUS,260600,17160.0
ITA,RUS,720293,1012011.0
ITA,RUS,740311,8103.0
ITA,RUS,850511,62199.0
ITA,S19,280470,134.0
ITA,S19,283692,210808.0
ITA,S19,711011,1659500.0
ITA,S19,850511,2317.0
ITA,SAU,251110,18960.0
ITA,SAU,252800,20945.0
ITA,SAU,270112,113669.0
ITA,SAU,280429,13616.0
ITA,SAU,282200,15834.0
ITA,SAU,740311,4119508.0
ITA,SAU,811010,890.0
ITA,SAU,811292,457.0
ITA,SAU,850511,568362.0
ITA,SDN,280429,3554.0
ITA,SGP,250490,334.0
ITA,SGP,280429,3360.0
ITA,SGP,280470,110.0
ITA,SGP,283691,85806.0
ITA,SGP,283692,1657.0
ITA,SGP,711011,910956.0
ITA,SGP,740311,546.0
ITA,SGP,811292,1733.0
ITA,SGP,850511,4162.0
ITA,SLV,280429,1578.0
ITA,SLV,850511,1675.0
ITA,SRB,250490,3664.0
ITA,SRB,251110,44924.0
ITA,SRB,252800,114.0
ITA,SRB,260200,71884.0
ITA,SRB,260600,48336.0
ITA,SRB,280429,211344.0
ITA,SRB,280470,25.0
ITA,SRB,283691,44963.0
ITA,SRB,740311,7592.0
ITA,SRB,750210,4163.0
ITA,SRB,810194,3012.0
ITA,SRB,811292,344.0
ITA,SRB,850511,210265.0
ITA,SVK,251110,12794.0
ITA,SVK,260600,20039.0
ITA,SVK,270112,37.0
ITA,SVK,280429,98008.0
ITA,SVK,280470,1443.0
ITA,SVK,282200,43322.0
ITA,SVK,711011,108439.0
ITA,SVK,711021,124920.0
ITA,SVK,740311,30957224.0
ITA,SVK,750210,22286.0
ITA,SVK,810411,1218.0
ITA,SVK,850511,304538.0
ITA,SVN,250490,665.0
ITA,SVN,251110,55234.0
ITA,SVN,252800,10293.0
ITA,SVN,252910,336368.0
ITA,SVN,260600,29143.0
ITA,SVN,270112,20498.0
ITA,SVN,280429,405195.0
ITA,SVN,280469,168466.0
ITA,SVN,280470,16995.0
ITA,SVN,282200,358488.0
ITA,SVN,283691,360143.0
ITA,SVN,720293,124625.0
ITA,SVN,740311,115555.0
ITA,SVN,750210,4177965.0
ITA,SVN,810411,461114.0
ITA,SVN,850511,130161.0
ITA,SWE,251110,1879.0
ITA,SWE,252910,19207.0
ITA,SWE,260200,14264.0
ITA,SWE,260600,3164.0
ITA,SWE,280429,110961.0
ITA,SWE,280469,841244.0
ITA,SWE,280470,94125.0
ITA,SWE,282200,12161.0
ITA,SWE,711011,266664.0
ITA,SWE,711021,2285437.0
ITA,SWE,740311,682674.0
ITA,SWE,750210,913860.0
ITA,SWE,810411,280852.0
ITA,SWE,850511,289832.0
ITA,SYC,850511,2473.0
ITA,THA,250490,922.0
ITA,THA,252910,639.0
ITA,THA,280429,5405.0
ITA,THA,750210,838.0
ITA,THA,810820,1470.0
ITA,THA,811292,62012.0
ITA,THA,850511,40986.0
ITA,TUN,250490,26568.0
ITA,TUN,251110,2219.0
ITA,TUN,252910,6357.0
ITA,TUN,252922,3065.0
ITA,TUN,280429,9218.0
ITA,TUN,740311,184485.0
ITA,TUN,750210,52577.0
ITA,TUN,810194,2633.0
ITA,TUN,810411,7970.0
ITA,TUN,810820,5265.0
ITA,TUN,850511,31824.0
ITA,TUR,250490,13243.0
ITA,TUR,251010,27.0
ITA,TUR,251110,5.0
ITA,TUR,252910,1172.0
ITA,TUR,260200,9083.0
ITA,TUR,260600,23491.0
ITA,TUR,280429,425355.0
ITA,TUR,280470,1409.0
ITA,TUR,282200,1618686.0
ITA,TUR,283691,157726.0
ITA,TUR,283692,4215.0
ITA,TUR,720293,28432.0
ITA,TUR,740311,159225.0
ITA,TUR,750210,7767310.0
ITA,TUR,810194,10267.0
ITA,TUR,810820,4794.0
ITA,TUR,811292,48475.0
ITA,TUR,850511,369222.0
ITA,TZA,850511,70.0
ITA,UGA,850511,2064.0
ITA,UKR,252910,19835.0
ITA,UKR,260200,4546.0
ITA,UKR,260600,6677.0
ITA,UKR,280429,2449.0
ITA,UKR,280470,2482.0
ITA,UKR,850511,31168.0
ITA,URY,750210,994.0
ITA,URY,850511,662.0
ITA,USA,260200,1211.0
ITA,USA,280429,161908.0
ITA,USA,282200,158144.0
ITA,USA,283692,106158.0
ITA,USA,711011,152330373.0
ITA,USA,711021,65091699.0
ITA,USA,740311,4397.0
ITA,USA,750210,717633.0
ITA,USA,810820,18691.0
ITA,USA,811292,2836.0
ITA,USA,850511,1398833.0
ITA,UZB,252910,101.0
ITA,UZB,850511,10765.0
ITA,VEN,252922,5237.0
ITA,VEN,283691,20690.0
ITA,VNM,280429,9036.0
ITA,VNM,711021,33449.0
ITA,VNM,810194,78886.0
ITA,VNM,850511,1939672.0
ITA,YEM,850511,1527.0
ITA,ZAF,251110,72083.0
ITA,ZAF,280429,166.0
ITA,ZAF,280470,320.0
ITA,ZAF,283691,28776.0
ITA,ZAF,283692,43.0
ITA,ZAF,711011,944534.0
ITA,ZAF,711021,277684.0
ITA,ZAF,750210,35993.0
ITA,ZAF,850511,18090.0
JAM,CHN,260600,4729359.0
JAM,CYM,270112,364.0
JAM,CYM,280429,16219.000000000002
JAM,USA,260600,71230556.0
JAM,USA,850511,60.0
JOR,ARE,850511,34.0
JOR,AUS,251010,21483133.0
JOR,BEL,251010,3661.0
JOR,BGD,251010,20769456.0
JOR,BGR,251010,7683913.0
JOR,BRA,251010,59980001.0
JOR,CYP,280429,18026.0
JOR,ESP,251010,25044676.0
JOR,FRA,251010,454.0
JOR,FRA,280469,4.0
JOR,IDN,251010,190899019.0
JOR,IND,251010,715671251.0
JOR,IRL,280469,4.0
JOR,JPN,251010,5139751.0
JOR,KOR,251010,7773398.0
JOR,LBN,280429,43492.0
JOR,MYS,251010,973183.0
JOR,NLD,270112,834.0
JOR,POL,251010,5009310.0
JOR,QAT,282200,3549.0
JOR,S19,251010,14576441.0
JOR,SAU,251010,6556106.0
JOR,TUR,711021,39072.0
JPN,ARE,711011,2941835.0
JPN,ARE,850511,24706.0
JPN,ARG,750210,1308081.0
JPN,ARG,850511,21327.0
JPN,ARM,850511,25.0
JPN,AUS,260600,11879.0
JPN,AUS,280480,2442.0
JPN,AUS,810320,4656.0
JPN,AUS,810820,5862.0
JPN,AUS,811292,1619.0
JPN,AUS,850511,33783.0
JPN,AUT,280429,1077.0
JPN,AUT,282200,788.0
JPN,AUT,711011,38251.0
JPN,AUT,711021,17655036.0
JPN,AUT,810411,49392.0
JPN,AUT,810820,37337.0
JPN,AUT,811292,14389.0
JPN,AUT,850511,546136.0
JPN,AZE,750210,39976.0
JPN,BEL,282200,4705.0
JPN,BEL,283691,282.0
JPN,BEL,711011,6650328.0
JPN,BEL,711021,148715.0
JPN,BEL,750210,240417.0
JPN,BEL,810820,512730.0
JPN,BEL,811292,118130.0
JPN,BEL,850511,11294.0
JPN,BGD,850511,2433.0
JPN,BGR,711011,13403.0
JPN,BGR,711021,63834.0
JPN,BGR,850511,403.0
JPN,BHR,850511,167.0
JPN,BIH,282200,212.0
JPN,BIH,850511,755.0
JPN,BRA,280469,10121.0
JPN,BRA,750210,2701118.0
JPN,BRA,850511,124651.0
JPN,BTN,850511,16.0
JPN,CAN,251010,52604.0
JPN,CAN,280469,70.0
JPN,CAN,280470,7452.0
JPN,CAN,280480,14723.0
JPN,CAN,711011,28388492.0
JPN,CAN,711021,1389076.0
JPN,CAN,740311,1225.0
JPN,CAN,750210,566007.0
JPN,CAN,810820,3584.0
JPN,CAN,811292,200.0
JPN,CAN,850511,151513.0
JPN,CHE,280429,21704.0
JPN,CHE,283692,29118.0
JPN,CHE,711011,107550151.0
JPN,CHE,711021,14191767.0
JPN,CHE,750210,5654.0
JPN,CHE,810194,35.0
JPN,CHE,811292,15719.0
JPN,CHE,850511,10310426.0
JPN,CHL,280469,117.0
JPN,CHL,850511,3892.0
JPN,CHN,250490,50428.0
JPN,CHN,251110,92995.0
JPN,CHN,252910,72130.0
JPN,CHN,252922,178517.0
JPN,CHN,260200,38761.0
JPN,CHN,280429,502225.0
JPN,CHN,280469,87236.0
JPN,CHN,280470,4180524.0000000005
JPN,CHN,280480,3622361.0
JPN,CHN,282200,270166.0
JPN,CHN,283691,2134388.0
JPN,CHN,711011,83243856.0
JPN,CHN,711021,75098296.0
JPN,CHN,720292,206189.0
JPN,CHN,720293,3470.0
JPN,CHN,740311,1842035524.0
JPN,CHN,750210,65655331.00000001
JPN,CHN,810194,133388.0
JPN,CHN,810320,1440015.0
JPN,CHN,810411,2612.0
JPN,CHN,810820,44856901.0
JPN,CHN,811010,315161.0
JPN,CHN,811292,8389965.0
JPN,CHN,850511,61816630.0
JPN,CIV,850511,29.0
JPN,COL,850511,26975.0
JPN,CRI,850511,5122.0
JPN,CYP,850511,12.0
JPN,CZE,280470,201055.0
JPN,CZE,711011,17574.0
JPN,CZE,750210,1184451.0
JPN,CZE,810320,8092565.0
JPN,CZE,810820,12.0
JPN,CZE,850511,683606.0
JPN,DEU,250490,35349.0
JPN,DEU,252922,1003769.0
JPN,DEU,280429,4974.0
JPN,DEU,280469,192571.0
JPN,DEU,280470,274634.0
JPN,DEU,280480,1101156.0
JPN,DEU,282200,23446.0
JPN,DEU,711011,8398827.0
JPN,DEU,711021,8635972.0
JPN,DEU,740311,83793.0
JPN,DEU,750210,10588550.0
JPN,DEU,810194,57023.0
JPN,DEU,810320,341661.0
JPN,DEU,810411,96898.0
JPN,DEU,810820,7193674.0
JPN,DEU,811010,33226.0
JPN,DEU,811292,292321.0
JPN,DEU,850511,12363077.0
JPN,DNK,280429,784.0
JPN,DNK,711011,37795.0
JPN,DNK,810194,258.0
JPN,DNK,850511,10397.0
JPN,DOM,850511,2280.0
JPN,ECU,850511,394.0
JPN,EGY,750210,15124.0
JPN,EGY,850511,25176.0
JPN,ESP,250490,5924.0
JPN,ESP,280470,478.0
JPN,ESP,750210,596917.0
JPN,ESP,810194,1023902.0
JPN,ESP,810820,1289890.0
JPN,ESP,811292,6340.0
JPN,ESP,850511,58349.0
JPN,EST,810820,3322437.0
JPN,EST,811292,136641.0
JPN,EST,850511,8868.0
JPN,FIN,270112,11.0
JPN,FIN,280470,269426.0
JPN,FIN,282200,180976.0
JPN,FIN,811010,10795.0
JPN,FIN,850511,10631.0
JPN,FRA,250490,495.0
JPN,FRA,260200,141.0
JPN,FRA,260600,3.0
JPN,FRA,280469,17417.0
JPN,FRA,280470,80592.0
JPN,FRA,280480,1596253.0
JPN,FRA,711011,94385.0
JPN,FRA,711021,3796778.0
JPN,FRA,740311,213.0
JPN,FRA,810194,130.0
JPN,FRA,810320,151.0
JPN,FRA,810820,12170991.0
JPN,FRA,811010,33457.0
JPN,FRA,811292,42457.0
JPN,FRA,850511,6144801.0
JPN,GBR,250490,24514.0
JPN,GBR,252910,2253.0
JPN,GBR,252922,2106.0
JPN,GBR,280469,40285.0
JPN,GBR,280470,90246.0
JPN,GBR,280480,490889.0
JPN,GBR,283691,1140826.0
JPN,GBR,711011,18167819.0
JPN,GBR,711021,52734132.0
JPN,GBR,750210,155973.0
JPN,GBR,810820,41773587.0
JPN,GBR,811292,102972.0
JPN,GBR,850511,910932.0
JPN,GTM,280429,304.0
JPN,GTM,850511,61.0
JPN,HKG,251010,5208.0
JPN,HKG,280469,36095.0
JPN,HKG,282200,35142.0
JPN,HKG,711011,229862199.0
JPN,HKG,711021,8555399.0
JPN,HKG,740311,1830087.0
JPN,HKG,750210,3944012.0
JPN,HKG,810320,3351059.0
JPN,HKG,810820,6259.0
JPN,HKG,850511,9399526.0
JPN,HUN,250490,7985.0
JPN,HUN,280429,20000.0
JPN,HUN,280469,17407.0
JPN,HUN,850511,72533.0
JPN,IDN,250490,95117.0
JPN,IDN,251110,54206.0
JPN,IDN,252910,11296.0
JPN,IDN,270112,1479336.0
JPN,IDN,280429,7665.0
JPN,IDN,280469,6532.0
JPN,IDN,280470,306.0
JPN,IDN,282200,3422.0
JPN,IDN,283691,188238.0
JPN,IDN,283692,13302.0
JPN,IDN,711011,16842.0
JPN,IDN,711021,1720407.0
JPN,IDN,720292,19146.0
JPN,IDN,740311,302914425.0
JPN,IDN,750210,2163938.0
JPN,IDN,810194,24715.0
JPN,IDN,810320,35114601.0
JPN,IDN,810411,70.0
JPN,IDN,810820,3257.0
JPN,IDN,811010,40432.0
JPN,IDN,850511,3414125.0
JPN,IND,251110,534681.0
JPN,IND,252910,6198.0
JPN,IND,252922,2029.9999999999998
JPN,IND,280469,166102.0
JPN,IND,711011,10540.0
JPN,IND,720292,6591502.0
JPN,IND,740311,908616568.0
JPN,IND,750210,56807610.0
JPN,IND,810194,35939.0
JPN,IND,810411,31881.0
JPN,IND,810820,10624.0
JPN,IND,811292,52495.0
JPN,IND,850511,2516329.0
JPN,IRL,280469,358.0
JPN,IRL,711021,61720813.0
JPN,IRL,810820,3296295.0
JPN,IRL,811010,120.0
JPN,IRL,850511,125090.0
JPN,ISL,850511,78.0
JPN,ISR,810320,3210416.0
JPN,ISR,850511,1737269.0
JPN,ITA,251110,41724.0
JPN,ITA,280470,506519.0
JPN,ITA,283692,1245.0
JPN,ITA,711011,574000.0
JPN,ITA,711021,90018.0
JPN,ITA,750210,6156554.0
JPN,ITA,810194,28599.0
JPN,ITA,810820,878104.0
JPN,ITA,811010,6235.0
JPN,ITA,850511,260700.0
JPN,KGZ,850511,17.0
JPN,KHM,280469,162963.0
JPN,KHM,850511,5633.0
JPN,KOR,250490,399.0
JPN,KOR,251110,31.0
JPN,KOR,252922,5316.0
JPN,KOR,260200,4505970.0
JPN,KOR,280429,76389.0
JPN,KOR,280469,5167.0
JPN,KOR,280470,69270.0
JPN,KOR,280480,13451.0
JPN,KOR,282200,461118.0
JPN,KOR,283691,5312698.0
JPN,KOR,283692,4853.0
JPN,KOR,711011,4970268.0
JPN,KOR,711021,462840673.0
JPN,KOR,720292,27291.0
JPN,KOR,720293,8839.0
JPN,KOR,740311,406924.0
JPN,KOR,750210,7624334.0
JPN,KOR,810194,283852.0
JPN,KOR,810320,2751.0
JPN,KOR,810820,26496646.0
JPN,KOR,811010,484414.0
JPN,KOR,811292,4135484.9999999995
JPN,KOR,850511,916744.0
JPN,KWT,282200,421.0
JPN,KWT,850511,310.0
JPN,LKA,252910,103190.0
JPN,LKA,810320,3118.0
JPN,LKA,850511,8063.000000000001
JPN,LUX,280469,111.0
JPN,LUX,850511,5682.0
JPN,MAR,282200,1827.0
JPN,MAR,711011,694.0
JPN,MAR,850511,839.0
JPN,MEX,711011,313731.0
JPN,MEX,810194,80191.0
JPN,MEX,850511,5433400.0
JPN,MLT,850511,41.0
JPN,MMR,850511,4001.0000000000005
JPN,MNG,850511,3236.0
JPN,MUS,850511,1231.0
JPN,MYS,250490,49725.0
JPN,MYS,251110,147340.0
JPN,MYS,270112,15318.0
JPN,MYS,280429,44034.0
JPN,MYS,280469,3927443.0
JPN,MYS,280470,2320283.0
JPN,MYS,711011,2978.0
JPN,MYS,711021,6641602.0
JPN,MYS,720292,15435.0
JPN,MYS,740311,253689080.0
JPN,MYS,750210,2819244.0
JPN,MYS,810194,392558.0
JPN,MYS,810820,34442.0
JPN,MYS,811010,28770.0
JPN,MYS,850511,70714454.0
JPN,NIC,850511,10.0
JPN,NLD,251010,130.0
JPN,NLD,260600,94.0
JPN,NLD,270112,6027356.0
JPN,NLD,280469,2715.0
JPN,NLD,283691,106.0
JPN,NLD,283692,11.0
JPN,NLD,750210,6437176.0
JPN,NLD,810820,2179349.0
JPN,NLD,811010,270574.0
JPN,NLD,811292,34609.0
JPN,NLD,850511,3632984.0
JPN,NOR,280470,140.0
JPN,NOR,282200,110.0
JPN,NOR,283691,26443.0
JPN,NOR,811292,136.0
JPN,NOR,850511,18388.0
JPN,NZL,280469,1489.0
JPN,NZL,711011,461520.0
JPN,NZL,720292,7245.0
JPN,NZL,720293,23183.0
JPN,NZL,850511,6482.0
JPN,PAK,251110,92877.0
JPN,PAK,280429,2602.0
JPN,PAK,750210,906661.0
JPN,PAK,850511,1744.0
JPN,PER,260600,336159.0
JPN,PER,750210,55885.0
JPN,PER,850511,1425.0
JPN,PHL,250490,1485.0
JPN,PHL,251110,4943.0
JPN,PHL,280429,3158054.0
JPN,PHL,280469,472521.0
JPN,PHL,280470,1955.0
JPN,PHL,282200,801.0
JPN,PHL,711011,16818.0
JPN,PHL,711021,341.0
JPN,PHL,720292,12961.0
JPN,PHL,740311,24454733.0
JPN,PHL,750210,232395.0
JPN,PHL,810194,15007.0
JPN,PHL,810320,359168.0
JPN,PHL,810411,61.0
JPN,PHL,810820,4350.0
JPN,PHL,811010,11894.0
JPN,PHL,811292,15476.0
JPN,PHL,850511,321926850.0
JPN,PNG,810820,16.0
JPN,PNG,850511,1059.0
JPN,POL,280469,4397140.0
JPN,POL,280480,23736.0
JPN,POL,283692,1000452.0
JPN,POL,750210,3494040.0
JPN,POL,810820,48833.0
JPN,POL,811010,17664.0
JPN,POL,811292,5285.0
JPN,POL,850511,612131.0
JPN,PRT,850511,939.0
JPN,PRY,850511,10348.0
JPN,PYF,850511,82.0
JPN,ROU,850511,47.0
JPN,RUS,811292,80412.0
JPN,S19,250490,26793.0
JPN,S19,251110,8965.0
JPN,S19,252910,236788.0
JPN,S19,260200,2996.0
JPN,S19,280429,724804.0
JPN,S19,280469,758347.0
JPN,S19,280470,488445.0
JPN,S19,280480,15383.0
JPN,S19,282200,12529.0
JPN,S19,283691,194804.0
JPN,S19,283692,26114.0
JPN,S19,711011,4603336.0
JPN,S19,711021,5400954.0
JPN,S19,720292,25773.0
JPN,S19,720293,37911.0
JPN,S19,740311,1183034879.0
JPN,S19,750210,35009869.0
JPN,S19,810194,10221635.0
JPN,S19,810320,29110.0
JPN,S19,810820,4375055.0
JPN,S19,811010,11747.0
JPN,S19,811292,2688026.0
JPN,S19,850511,3987702.0
JPN,SAU,280470,10037.0
JPN,SAU,740311,582.0
JPN,SAU,750210,1146.0
JPN,SAU,810194,282.0
JPN,SAU,850511,3983.0
JPN,SGP,250490,21981.0
JPN,SGP,251110,61.0
JPN,SGP,252910,4396.0
JPN,SGP,280429,655543.0
JPN,SGP,280469,81590.0
JPN,SGP,280470,949.0
JPN,SGP,280480,4499.0
JPN,SGP,711011,1752658.0
JPN,SGP,740311,621772.0
JPN,SGP,750210,25668.0
JPN,SGP,810194,3389.0
JPN,SGP,811010,502.0
JPN,SGP,850511,264559.0
JPN,SLV,810320,6874360.0
JPN,SRB,282200,517.0
JPN,SRB,750210,37292.0
JPN,SRB,850511,4481.0
JPN,SVK,810820,60575.0
JPN,SVK,850511,137852.0
JPN,SVN,251110,3.0
JPN,SVN,282200,10735.0
JPN,SVN,850511,4319.0
JPN,SWE,250490,174111.0
JPN,SWE,711011,186505.0
JPN,SWE,711021,1186.0
JPN,SWE,810194,344101.0
JPN,SWE,810820,1537567.0
JPN,SWE,850511,200227.0
JPN,SWZ,850511,39.0
JPN,THA,250490,92447.0
JPN,THA,251010,9.0
JPN,THA,251110,50130.0
JPN,THA,252800,4265.0
JPN,THA,252910,52.0
JPN,THA,252922,1309.0
JPN,THA,260600,334535.0
JPN,THA,270112,251798.0
JPN,THA,280429,124384.0
JPN,THA,280469,141938.0
JPN,THA,282200,88028.0
JPN,THA,283691,18.0
JPN,THA,711011,3904935.0
JPN,THA,711021,4268151.0
JPN,THA,720292,1313956.0
JPN,THA,720293,74476.0
JPN,THA,740311,807436390.0
JPN,THA,750210,8400107.0
JPN,THA,810194,15379.0
JPN,THA,810320,5215489.0
JPN,THA,810411,113104.0
JPN,THA,810820,501427.0
JPN,THA,811010,261591.0
JPN,THA,811292,62191.0
JPN,THA,850511,56749063.0
JPN,TUN,250490,208.0
JPN,TUN,280429,495.0
JPN,TUN,740311,24450.0
JPN,TUN,850511,1893.0
JPN,TUR,280429,50522.0
JPN,TUR,280480,4326.0
JPN,TUR,711011,908374.0
JPN,TUR,750210,40662863.0
JPN,TUR,810820,586.0
JPN,TUR,811010,31552.0
JPN,TUR,811292,6483.0
JPN,TUR,850511,126073.0
JPN,TZA,850511,1066.0
JPN,UGA,280469,26.0
JPN,UKR,850511,54.0
JPN,USA,250490,167843.0
JPN,USA,251010,280693.0
JPN,USA,251110,6611.0
JPN,USA,252922,1071390.0
JPN,USA,280429,61384.0
JPN,USA,280469,399347.0
JPN,USA,280470,462954.0
JPN,USA,280480,393702.0
JPN,USA,282200,3058.0
JPN,USA,283691,82834.0
JPN,USA,711011,75080307.0
JPN,USA,711021,116028740.0
JPN,USA,720292,2972506.0
JPN,USA,740311,232849.0
JPN,USA,750210,17871306.0
JPN,USA,810194,414532.0
JPN,USA,810320,16710627.0
JPN,USA,810411,417400.0
JPN,USA,810820,248029071.0
JPN,USA,811010,749938.0
JPN,USA,811292,9628577.0
JPN,USA,850511,35375756.0
JPN,UZB,750210,375718.0
JPN,UZB,850511,11041.0
JPN,VNM,250490,1093.0
JPN,VNM,251110,51278.0
JPN,VNM,252910,9098.0
JPN,VNM,252922,625.0
JPN,VNM,270112,62913.0
JPN,VNM,280429,169658.0
JPN,VNM,280469,15396.0
JPN,VNM,280470,9056033.0
JPN,VNM,282200,255233.0
JPN,VNM,711011,7365448.0
JPN,VNM,711021,693289.0
JPN,VNM,720292,180702.0
JPN,VNM,740311,146011846.0
JPN,VNM,750210,942251.0
JPN,VNM,810194,5224.0
JPN,VNM,810820,318773.0
JPN,VNM,811010,204579.0
JPN,VNM,850511,21378881.0
JPN,ZAF,260200,14.0
JPN,ZAF,280470,475164.0
JPN,ZAF,711021,787274.0
JPN,ZAF,850511,4002.0
JPN,ZMB,850511,7275.0
KAZ,ARE,740311,257601817.0
KAZ,AUS,250490,109.0
KAZ,AZE,251110,4957692.0
KAZ,BEL,270112,8466436.0
KAZ,BEL,280470,25.0
KAZ,BGR,270112,990844.0
KAZ,BHR,740311,7443787.0
KAZ,BLR,251110,30282.0
KAZ,BLR,270112,3347330.0
KAZ,BLR,850511,480.0
KAZ,BRA,270112,13186212.0
KAZ,CAN,260200,10.0
KAZ,CHE,270112,40162721.0
KAZ,CHE,280469,12.0
KAZ,CHE,280470,5660993.0
KAZ,CHL,270112,91786185.0
KAZ,CHN,251110,215.0
KAZ,CHN,260200,1376649.0
KAZ,CHN,270112,2436114.0
KAZ,CHN,740311,2368784589.0
KAZ,CHN,810320,116646.0
KAZ,CHN,810820,31994006.0
KAZ,CHN,811212,13309821.0
KAZ,CYP,270112,15019069.0
KAZ,CZE,280470,38157102.0
KAZ,DEU,250490,377.0
KAZ,DEU,270112,96206115.0
KAZ,DEU,280470,59399198.0
KAZ,DEU,740311,5204358.0
KAZ,DEU,810320,212313.0
KAZ,DEU,811212,73019.0
KAZ,DEU,811292,124141.0
KAZ,DNK,280470,10954851.0
KAZ,EGY,270112,11048954.0
KAZ,ESP,270112,310965881.0
KAZ,ESP,740311,32579275.0
KAZ,EST,270112,1858749.0
KAZ,EST,810820,115468.0
KAZ,FIN,270112,35941369.0
KAZ,FRA,270112,316.0
KAZ,FRA,280470,2356662.0
KAZ,FRA,810320,1255676.0
KAZ,FRA,810820,36067242.0
KAZ,GBR,270112,1103205.0
KAZ,GBR,810820,2272446.0
KAZ,GBR,811292,390294.0
KAZ,GEO,270112,269023.0
KAZ,GEO,740311,37926.0
KAZ,GRC,270112,542271.0
KAZ,GRC,740311,22685037.0
KAZ,HRV,270112,31088582.0
KAZ,IDN,270112,280667514.0
KAZ,IND,270112,9751375.0
KAZ,IND,280470,61799786.0
KAZ,IND,810820,2852764.0
KAZ,IRL,270112,204883.0
KAZ,IRN,250490,100.0
KAZ,IRN,270112,3948.0
KAZ,IRN,282200,223535.0
KAZ,ITA,270112,102886115.0
KAZ,ITA,740311,75765003.0
KAZ,ITA,810820,2386818.0
KAZ,JPN,280469,130933.0
KAZ,JPN,280470,345656.0
KAZ,JPN,810320,7317343.0
KAZ,KGZ,251110,18269.0
KAZ,KGZ,270112,4899385.0
KAZ,KGZ,280429,33918.0
KAZ,KGZ,850511,559.0
KAZ,KOR,270112,91.0
KAZ,KOR,810820,39132711.0
KAZ,LTU,270112,2500125.0
KAZ,LVA,270112,19395880.0
KAZ,NLD,270112,2987124.0
KAZ,NLD,810820,431901.0
KAZ,NOR,270112,7688105.0
KAZ,POL,270112,93642374.0
KAZ,POL,280470,63216514.0
KAZ,ROU,270112,2206854.0
KAZ,ROU,810820,439677.0
KAZ,ROU,850511,4986.0
KAZ,RUS,251110,13362574.0
KAZ,RUS,260200,5353913.0
KAZ,RUS,260600,7675.0
KAZ,RUS,270112,54740806.0
KAZ,RUS,280469,1430352.0
KAZ,RUS,282200,2135.0
KAZ,RUS,740311,222877.0
KAZ,RUS,750210,240.0
KAZ,RUS,810320,9678909.0
KAZ,RUS,810820,3069029.0
KAZ,RUS,811212,1164848.0
KAZ,RUS,811292,110531.0
KAZ,RUS,850511,127492.0
KAZ,SAU,270112,119047.0
KAZ,SAU,740311,249563.0
KAZ,SVK,270112,16912941.0
KAZ,SVN,270112,2004878.0
KAZ,SVN,810820,246838.0
KAZ,SWE,270112,1002902.0
KAZ,TKM,251110,8783038.0
KAZ,TKM,280429,35550.0
KAZ,TUR,270112,15451234.0
KAZ,TUR,280429,82251.0
KAZ,TUR,740311,1286551017.0
KAZ,UKR,270112,24779345.0
KAZ,USA,251110,581.0
KAZ,USA,280470,28015853.0
KAZ,USA,810320,24679888.0
KAZ,USA,810411,2191000.0
KAZ,USA,810820,37228837.0
KAZ,USA,811292,650728.0
KAZ,UZB,251010,165600.0
KAZ,UZB,251110,3637638.0
KAZ,UZB,260200,345471.0
KAZ,UZB,270112,8777245.0
KAZ,UZB,280429,432678.0
KAZ,UZB,750210,35372.0
KAZ,UZB,810320,8759.0
KAZ,UZB,850511,1445.0
KEN,ARE,280429,2460.0
KEN,BDI,250490,19.0
KEN,BDI,280470,146.0
KEN,BDI,282200,14454.0
KEN,CHE,810820,307.0
KEN,CHN,252910,77.0
KEN,CHN,260200,15587238.0
KEN,CIV,251110,100038.0
KEN,COD,270112,362.0
KEN,DEU,252922,5350539.0
KEN,DEU,280429,429.0
KEN,DJI,280469,156.0
KEN,ETH,280429,976.0
KEN,GHA,850511,184.0
KEN,IND,260200,871970.0
KEN,IRL,260200,7270.0
KEN,IRL,711021,4060427.0
KEN,IRN,260200,8365.0
KEN,MOZ,251110,19.0
KEN,NAM,280469,17.0
KEN,NLD,850511,9.0
KEN,RWA,260200,9941.0
KEN,RWA,270112,426.0
KEN,RWA,280429,42772.0
KEN,RWA,280469,482.0
KEN,RWA,850511,769.0
KEN,SDN,260200,60524.0
KEN,SGP,260200,111829.0
KEN,TZA,251110,6109.0
KEN,TZA,280429,67805.0
KEN,UGA,250490,132.0
KEN,UGA,252800,6781.0
KEN,UGA,260600,44180.0
KEN,UGA,280429,24824.0
KEN,UGA,280469,2461.0
KEN,UGA,280480,5621.0
KGZ,CHN,270112,795040.0
KGZ,CHN,811010,91560.0
KGZ,EST,260200,30372.0
KGZ,HKG,260200,22000.0
KGZ,KAZ,270112,130.0
KGZ,LTU,260200,122359.0
KGZ,LTU,270112,3488.0
KGZ,POL,270112,1392183.0
KGZ,ROU,270112,2273614.0
KGZ,RUS,270112,1107627.0
KGZ,RUS,280469,36313.0
KGZ,RUS,850511,3839.0
KGZ,SVK,270112,10048248.0
KGZ,SWE,270112,5442815.0
KGZ,TKM,251110,679455.0
KGZ,TUR,811010,463835.0
KGZ,UKR,270112,916727.0
KGZ,UZB,251110,142287.0
KGZ,UZB,252910,12009.0
KGZ,UZB,270112,17640.0
KGZ,UZB,811010,19950.0
KHM,CAN,850511,88.0
KHM,CHN,850511,13.0
KHM,IDN,850511,27.0
KHM,MUS,850511,29.0
KHM,S19,811292,20078.0
KHM,S19,850511,201.0
KHM,SGP,850511,16.0
KIR,CAN,850511,214.0
KOR,ARE,280429,156683.0
KOR,ARE,711011,388259.0
KOR,ARE,811292,72436.0
KOR,ARE,850511,21438.0
KOR,ARG,720292,2490527.0
KOR,ARG,750210,23150.0
KOR,ARG,850511,3131.0
KOR,ARM,850511,23.0
KOR,AUS,282200,116597.0
KOR,AUS,720293,16015.0
KOR,AUS,811010,148910.0
KOR,AUS,850511,27982.0
KOR,AUT,280469,3280.0
KOR,AUT,720292,381829.0
KOR,AUT,810411,6432.0
KOR,AUT,811010,253159.0
KOR,AUT,850511,146368.0
KOR,BEL,280469,920.0
KOR,BEL,282200,568.0
KOR,BEL,720292,5803923.0
KOR,BEL,810820,18549.0
KOR,BEL,850511,852.0
KOR,BGD,250490,2001.9999999999998
KOR,BGD,280429,17000.0
KOR,BGD,850511,6027.0
KOR,BGR,850511,17414.0
KOR,BHR,850511,2582.0
KOR,BOL,280429,2669.0
KOR,BOL,850511,277.0
KOR,BRA,280429,42647.0
KOR,BRA,711011,162955.0
KOR,BRA,720292,248453.0
KOR,BRA,850511,9005.0
KOR,BRN,850511,40.0
KOR,CAN,260600,2.0
KOR,CAN,283691,30.0
KOR,CAN,711011,661360.0
KOR,CAN,711021,47345937.0
KOR,CAN,720292,1999.0
KOR,CAN,740311,160289.0
KOR,CAN,811292,38248.0
KOR,CAN,850511,122515.0
KOR,CHE,280469,1852.0
KOR,CHE,711011,3766960.0
KOR,CHE,711021,54752106.0
KOR,CHE,850511,4879.0
KOR,CHL,850511,84000.0
KOR,CHN,250490,6959.0
KOR,CHN,251110,41938.0
KOR,CHN,252910,43754.0
KOR,CHN,260200,2226.0
KOR,CHN,280429,147744877.0
KOR,CHN,280469,162393.0
KOR,CHN,280470,20228.0
KOR,CHN,282200,2962653.0
KOR,CHN,283691,322279821.0
KOR,CHN,283692,313614.0
KOR,CHN,711011,25212966.0
KOR,CHN,711021,2602042.0
KOR,CHN,720293,1157597.0
KOR,CHN,740311,1804225140.0
KOR,CHN,750210,36652078.0
KOR,CHN,810194,2363.0
KOR,CHN,810411,26088.0
KOR,CHN,810820,11753.0
KOR,CHN,811010,3777129.0
KOR,CHN,811292,4943231.0
KOR,CHN,850511,3137595.0
KOR,COL,280469,4294.0
KOR,COL,720292,987486.0
KOR,COL,850511,3111.0
KOR,CRI,850511,153.0
KOR,CYP,850511,153.0
KOR,CZE,720292,314477.0
KOR,CZE,740311,35926.0
KOR,CZE,811010,302588.0
KOR,CZE,850511,267946.0
KOR,DEU,251010,31202.0
KOR,DEU,280469,45576.0
KOR,DEU,282200,247.0
KOR,DEU,711011,542065.0
KOR,DEU,711021,32713425.0
KOR,DEU,720292,12837890.0
KOR,DEU,810320,224661.0
KOR,DEU,810820,74769.0
KOR,DEU,811292,450013.0
KOR,DEU,850511,153942.0
KOR,DNK,252910,23.0
KOR,DNK,810320,49177.0
KOR,DNK,850511,4361.0
KOR,ECU,740311,2575.0
KOR,ECU,850511,827.0
KOR,EGY,850511,35493.0
KOR,ESP,250490,187.0
KOR,ESP,280429,916.0
KOR,ESP,282200,81.0
KOR,ESP,711021,8274407.999999999
KOR,ESP,720292,836110.0
KOR,ESP,810820,65.0
KOR,ESP,811010,57970.0
KOR,ESP,811292,1383.0
KOR,ESP,850511,1090.0
KOR,EST,850511,1497.0
KOR,ETH,280469,56092.0
KOR,FIN,282200,99.0
KOR,FIN,720292,3091385.0
KOR,FIN,850511,3330.0
KOR,FJI,252922,3445.0
KOR,FRA,250490,83.0
KOR,FRA,260200,23.0
KOR,FRA,280429,245586.0
KOR,FRA,280469,5258.0
KOR,FRA,282200,310.0
KOR,FRA,740311,15.0
KOR,FRA,810320,16.0
KOR,FRA,810820,244592.0
KOR,FRA,811010,298693.0
KOR,FRA,811292,94296.0
KOR,FRA,850511,56438.0
KOR,GBR,251110,161404.0
KOR,GBR,282200,5143.0
KOR,GBR,711011,9963542.0
KOR,GBR,711021,167472562.0
KOR,GBR,720292,675983.0
KOR,GBR,750210,59847.0
KOR,GBR,810194,3049.0
KOR,GBR,811292,12048.0
KOR,GBR,850511,38395.0
KOR,GRC,850511,34.0
KOR,GTM,850511,1043.0
KOR,GUM,850511,27.0
KOR,HKG,280429,10016283.0
KOR,HKG,280469,1894.0
KOR,HKG,711011,23236758.0
KOR,HKG,711021,41773033.0
KOR,HKG,811010,2103774.0
KOR,HKG,811292,654383.0
KOR,HKG,850511,1296572.0
KOR,HUN,283691,587671.0
KOR,HUN,850511,839803.0
KOR,IDN,250490,12353.0
KOR,IDN,251110,3587.0
KOR,IDN,252910,841811.0
KOR,IDN,260600,62877.0
KOR,IDN,280469,39560.0
KOR,IDN,283691,941.0
KOR,IDN,720292,72410.0
KOR,IDN,720293,61591.0
KOR,IDN,740311,43383932.0
KOR,IDN,750210,312267.0
KOR,IDN,810194,29844.0
KOR,IDN,811212,26495.0
KOR,IDN,811292,71860.0
KOR,IDN,850511,112359.0
KOR,IND,250490,562.0
KOR,IND,251110,1319.0
KOR,IND,260200,21550.0
KOR,IND,280429,938066.0
KOR,IND,280469,750305.0
KOR,IND,720292,14217746.0
KOR,IND,720293,571230.0
KOR,IND,750210,14757443.0
KOR,IND,810194,150.0
KOR,IND,811292,2789.0
KOR,IND,850511,1584536.0
KOR,IRL,270112,255.0
KOR,IRL,280429,5770.0
KOR,IRL,711021,10198513.0
KOR,IRL,850511,1569.0
KOR,IRN,252800,16593.0
KOR,IRN,750210,510701.0
KOR,IRQ,280429,25546.0
KOR,ISR,280469,200.0
KOR,ISR,740311,1868.0
KOR,ISR,750210,3258.0
KOR,ISR,850511,92000.0
KOR,ITA,252910,16.0
KOR,ITA,282200,359669.0
KOR,ITA,711021,19344617.0
KOR,ITA,720292,711128.0
KOR,ITA,811292,1400.0
KOR,ITA,850511,594692.0
KOR,JPN,251110,111161.0
KOR,JPN,252800,3462.0
KOR,JPN,252910,1858852.0
KOR,JPN,280429,22470269.0
KOR,JPN,280469,1827618.0
KOR,JPN,283691,15464817.0
KOR,JPN,711011,32426919.0
KOR,JPN,711021,43721951.0
KOR,JPN,720292,4069745.0
KOR,JPN,720293,178923.0
KOR,JPN,740311,6602372.0
KOR,JPN,750210,8486558.0
KOR,JPN,810194,423.0
KOR,JPN,810320,6607.0
KOR,JPN,810411,459.0
KOR,JPN,810820,650.0
KOR,JPN,811010,9143310.0
KOR,JPN,811292,15993942.0
KOR,JPN,850511,1665040.0
KOR,KAZ,280429,21552.0
KOR,KEN,850511,30.0
KOR,KHM,280469,720.0
KOR,KHM,810194,200.0
KOR,KWT,850511,38643.0
KOR,LAO,280469,2936.0
KOR,LAO,282200,9344.0
KOR,LBN,850511,1071.0
KOR,LKA,850511,25.0
KOR,LUX,720292,47595.0
KOR,MAR,810411,109915.0
KOR,MAR,850511,73.0
KOR,MDA,280429,8715.0
KOR,MEX,280429,2160.0
KOR,MEX,280469,36542.0
KOR,MEX,750210,95745.0
KOR,MEX,850511,3561300.0
KOR,MLT,850511,61.0
KOR,MMR,280480,1151.0
KOR,MMR,810194,3900.0
KOR,MNG,280429,1975.0
KOR,MOZ,280429,1598.0
KOR,MOZ,850511,47.0
KOR,MUS,850511,299.0
KOR,MYS,250490,45.0
KOR,MYS,252910,15001.0
KOR,MYS,280429,2594.0
KOR,MYS,280469,5248716.0
KOR,MYS,280480,24.0
KOR,MYS,282200,1753.0
KOR,MYS,283691,1516651.0
KOR,MYS,283692,38.0
KOR,MYS,740311,208242990.0
KOR,MYS,750210,39747.0
KOR,MYS,810194,111252.0
KOR,MYS,850511,11850.0
KOR,NIC,850511,17.0
KOR,NLD,260200,123266.0
KOR,NLD,280429,4721.0
KOR,NLD,720292,30219212.0
KOR,NLD,750210,10010041.0
KOR,NLD,810820,66417.0
KOR,NLD,811010,3447702.0
KOR,NLD,811292,487981.0
KOR,NLD,850511,95139.0
KOR,NOR,711021,1585235.0
KOR,NOR,720292,396157.0
KOR,NOR,740311,108.0
KOR,NOR,850511,538.0
KOR,NZL,280429,280.0
KOR,NZL,850511,32284.0
KOR,OMN,280429,23.0
KOR,PAK,251110,345.0
KOR,PAK,280469,30146.0
KOR,PAK,720292,20440.0
KOR,PAK,750210,1086522.0
KOR,PAK,810411,4588.0
KOR,PAN,850511,5789.0
KOR,PER,850511,12190.0
KOR,PHL,280429,58999.0
KOR,PHL,280469,19848.0
KOR,PHL,283691,63457.0
KOR,PHL,711011,6193.0
KOR,PHL,740311,41650.0
KOR,PHL,750210,419117.0
KOR,PHL,810194,220.0
KOR,PHL,811292,6478.0
KOR,PHL,850511,1068278.0
KOR,POL,251110,334.0
KOR,POL,720292,3856957.0
KOR,POL,850511,281670.0
KOR,PRT,850511,55.0
KOR,QAT,280429,3479564.0
KOR,QAT,850511,8373.0
KOR,ROU,850511,19757.0
KOR,RUS,283691,765.0
KOR,S19,250490,24.0
KOR,S19,280429,1816028.0
KOR,S19,280469,704821.0
KOR,S19,280470,8469.0
KOR,S19,280480,114.0
KOR,S19,282200,77488.0
KOR,S19,283691,2167.0
KOR,S19,283692,603.0
KOR,S19,711011,182.0
KOR,S19,720292,2066960.0
KOR,S19,740311,29427556.0
KOR,S19,750210,4398.0
KOR,S19,810194,1524981.0
KOR,S19,810820,35627.0
KOR,S19,811010,833.0
KOR,S19,811292,340905.0
KOR,S19,850511,381188.0
KOR,SAU,251110,69767.0
KOR,SAU,252910,226689.0
KOR,SAU,740311,2212.0
KOR,SAU,850511,18975.0
KOR,SGP,280429,19106581.0
KOR,SGP,280469,46209.0
KOR,SGP,280480,48.0
KOR,SGP,711021,4819685.0
KOR,SGP,720292,641624.0
KOR,SGP,740311,5458845.0
KOR,SGP,750210,219662.0
KOR,SGP,811010,70.0
KOR,SGP,811292,18011.0
KOR,SGP,850511,45530.0
KOR,SLV,850511,73.0
KOR,SRB,720292,8487.0
KOR,SRB,850511,215.0
KOR,SVK,720292,385642.0
KOR,SVK,850511,84800.0
KOR,SVN,720292,477169.0
KOR,SVN,810411,1676.0
KOR,SVN,850511,11831.0
KOR,SWE,280429,2175.0
KOR,SWE,282200,48842.0
KOR,SWE,850511,4449.0
KOR,THA,250490,23.0
KOR,THA,252800,13925.0
KOR,THA,260600,11.0
KOR,THA,280429,8669.0
KOR,THA,280469,117372.0
KOR,THA,280480,1289.0
KOR,THA,282200,209836.0
KOR,THA,283691,1409.0
KOR,THA,283692,174.0
KOR,THA,720292,526495.0
KOR,THA,740311,162167710.0
KOR,THA,850511,391996.0
KOR,TUR,251110,29935.0
KOR,TUR,252910,416309.0
KOR,TUR,252922,206.0
KOR,TUR,280469,13.0
KOR,TUR,720292,3091855.0
KOR,TUR,750210,564675.0
KOR,TUR,811292,72817.0
KOR,TUR,850511,7430.0
KOR,UKR,720292,644500.0
KOR,UKR,850511,2829.0
KOR,USA,251010,23850.0
KOR,USA,251110,260.0
KOR,USA,280429,11127615.0
KOR,USA,280469,1137480.0
KOR,USA,280480,16568.0
KOR,USA,282200,646237.0
KOR,USA,283691,5.0
KOR,USA,283692,5.0
KOR,USA,711011,39823090.0
KOR,USA,711021,149825861.0
KOR,USA,740311,75459.0
KOR,USA,750210,5108400.0
KOR,USA,810411,57969.0
KOR,USA,810820,113597.0
KOR,USA,811010,19051.0
KOR,USA,811292,9765940.0
KOR,USA,850511,8809808.0
KOR,UZB,251110,5076.0
KOR,UZB,282200,4900.0
KOR,UZB,850511,1014.0
KOR,VNM,250490,65658.0
KOR,VNM,251110,117004.0
KOR,VNM,252800,3089.0
KOR,VNM,252910,337341.0
KOR,VNM,260200,2549.0
KOR,VNM,280429,136188.0
KOR,VNM,280469,48377.0
KOR,VNM,280470,44953.0
KOR,VNM,282200,576792.0
KOR,VNM,283691,38461.0
KOR,VNM,283692,30826.0
KOR,VNM,711011,20.0
KOR,VNM,720292,693227.0
KOR,VNM,740311,184483214.0
KOR,VNM,750210,9971110.0
KOR,VNM,810194,7428.0
KOR,VNM,810411,44397.0
KOR,VNM,810820,32830.0
KOR,VNM,811010,4258.0
KOR,VNM,811292,13911.0
KOR,VNM,850511,8238788.0
KOR,ZAF,260200,275065.0
KOR,ZAF,711011,455333.0
KOR,ZAF,850511,251.0
KOR,ZWE,811010,165122.0
KWT,ARE,251110,4000.0
KWT,ARE,260600,653093.0
KWT,ARE,280429,1144382.0
KWT,BHR,280429,20370.0
KWT,BHR,850511,88.0
KWT,CZE,280469,79201.0
KWT,DEU,850511,1515.0
KWT,EGY,280429,104567.0
KWT,IND,260600,259017.0
KWT,IRQ,280429,7413.0
KWT,JOR,280429,13517.0
KWT,JPN,280429,405104.0
KWT,PAK,260600,13062.0
KWT,PAK,280429,419.0
KWT,QAT,251110,1076456.0
KWT,QAT,740311,98.0
KWT,S19,280429,389126.0
KWT,SAU,280429,5763.0
KWT,THA,850511,16.0
LAO,CHN,251110,1935293.0
LAO,CHN,260200,11704.0
LAO,CHN,270112,28628.0
LAO,CHN,280469,73558.0
LAO,CHN,740311,64478892.0
LAO,CZE,260200,45267.0
LAO,JPN,280469,26283550.0
LAO,KWT,251110,4445847.0
LAO,MYS,251110,389312.0
LAO,MYS,740311,5619212.0
LAO,SAU,251110,3053083.0
LAO,THA,251110,2298427.0
LAO,THA,270112,6400.0
LAO,THA,280469,28512777.0
LAO,THA,740311,60393592.0
LAO,USA,280469,1837860.0
LAO,VNM,251110,207856.0
LBN,AGO,251010,333.0
LBN,AGO,251110,265.0
LBN,ARE,850511,20.0
LBN,ARG,850511,132.0
LBN,BEL,811292,137.0
LBN,CHE,711011,330552.0
LBN,CHE,711021,1328193.0
LBN,CHN,251010,5304372.0
LBN,CIV,270112,19000.0
LBN,CIV,280469,517.0
LBN,CIV,810320,1323.0
LBN,CYP,850511,1.0
LBN,FRA,850511,21.0
LBN,GRC,251010,28727666.0
LBN,IND,251010,27643482.0
LBN,MOZ,850511,58.0
LBN,NLD,270112,459.0
LBN,SYR,280429,165970.0
LBN,SYR,850511,1012.9999999999999
LBN,TUR,280469,5507.0
LBN,TUR,711011,41523.0
LBN,TUR,810411,8260.0
LBR,ZAF,250490,19.0
LBY,IND,280469,16193.999999999998
LKA,AUS,250490,89743.0
LKA,CAN,250490,321.0
LKA,CHE,711011,114.0
LKA,CHN,250490,5534.0
LKA,COL,850511,151.0
LKA,DEU,250490,25905.0
LKA,ESP,850511,671.0
LKA,FJI,850511,50.0
LKA,IND,250490,6483.0
LKA,IND,260600,16152.999999999998
LKA,IND,280429,41.0
LKA,IND,850511,23245.0
LKA,JPN,250490,433808.0
LKA,MDV,252800,64.0
LKA,MDV,280429,7125.0
LKA,MDV,280469,1955.0
LKA,MDV,810820,2160.0
LKA,MDV,850511,87.0
LKA,USA,250490,554005.0
LKA,VNM,280469,605.0
LSO,ZAF,280429,80.0
LTU,ARE,850511,740.0
LTU,ARM,850511,2096.0
LTU,AUS,850511,32006.0
LTU,AZE,850511,45.0
LTU,BEL,711021,45572.0
LTU,BEL,850511,208.0
LTU,BGR,810820,668.0
LTU,BGR,850511,215.0
LTU,BLR,251110,1820.0
LTU,BLR,252800,42345.0
LTU,BLR,280429,21347.0
LTU,BLR,750210,61998.0
LTU,BLR,850511,1396.0
LTU,CAN,850511,2267.0
LTU,CHE,711011,2002690.0
LTU,CHE,711021,5036703.0
LTU,CHE,850511,33059.0
LTU,CHL,850511,79.0
LTU,CHN,850511,41318.0
LTU,CZE,850511,12.0
LTU,DEU,280469,98734.0
LTU,DEU,711011,2684843.0
LTU,DEU,711021,6272014.0
LTU,DEU,811292,33326.0
LTU,DEU,850511,1140.0
LTU,DNK,280429,302.0
LTU,DNK,750210,344.0
LTU,DNK,850511,216.0
LTU,ESP,850511,1087.0
LTU,EST,260200,1438.0
LTU,EST,270112,647612.0
LTU,EST,280429,28.0
LTU,EST,280469,816.0
LTU,EST,283691,4791.0
LTU,EST,810194,225.0
LTU,EST,850511,18756.0
LTU,FIN,850511,2003.0
LTU,FRA,850511,57938.0
LTU,GBR,850511,29793.0
LTU,GEO,850511,1403.0
LTU,GNQ,850511,505.0
LTU,GRC,850511,717.0
LTU,HKG,850511,8793.0
LTU,HRV,850511,133.0
LTU,HUN,850511,247.0
LTU,IND,850511,50590.0
LTU,IRL,270112,148891.0
LTU,IRL,850511,99.0
LTU,ISL,850511,387.0
LTU,ISR,282200,6030.0
LTU,ISR,850511,147.0
LTU,ITA,711011,1630.0
LTU,ITA,850511,623364.0
LTU,JPN,850511,41646.0
LTU,KAZ,251110,5488.0
LTU,KAZ,252910,8243.0
LTU,KAZ,260600,9834.0
LTU,KAZ,720293,742826.0
LTU,KAZ,740311,2116.0
LTU,KAZ,811292,725.0
LTU,KAZ,850511,21221.0
LTU,KGZ,850511,4482.0
LTU,KOR,850511,8947.0
LTU,LVA,250490,1394.0
LTU,LVA,251110,2304.0
LTU,LVA,260200,98661.0
LTU,LVA,270112,119205.0
LTU,LVA,280429,73876.0
LTU,LVA,283691,13459.0
LTU,LVA,711021,6006.0
LTU,LVA,811292,94604.0
LTU,LVA,850511,26737.0
LTU,NAM,850511,1524.0
LTU,NLD,250490,5.0
LTU,NLD,251010,6217.0
LTU,NLD,251110,4253.0
LTU,NLD,252800,503.0
LTU,NLD,252910,1371.0
LTU,NLD,252922,260.0
LTU,NLD,260200,661.0
LTU,NLD,260600,1249.0
LTU,NLD,270112,12471.0
LTU,NLD,280429,7487.0
LTU,NLD,280469,2606.0
LTU,NLD,280470,1.0
LTU,NLD,282200,2541.0
LTU,NLD,283691,6828.0
LTU,NLD,283692,191.0
LTU,NLD,711011,352.0
LTU,NLD,711021,4664.0
LTU,NLD,720292,5703.0
LTU,NLD,720293,47.0
LTU,NLD,740311,3618.0
LTU,NLD,750210,36803.0
LTU,NLD,810320,1273.0
LTU,NLD,810411,2237.0
LTU,NLD,810820,24.0
LTU,NLD,811010,27.0
LTU,NLD,811292,465.0
LTU,NLD,850511,1913087.0
LTU,NOR,850511,9948.0
LTU,NZL,850511,1783.0
LTU,PER,850511,4849.0
LTU,POL,251010,260870.0
LTU,POL,270112,21362377.0
LTU,POL,750210,60714.0
LTU,POL,850511,8725.0
LTU,PYF,850511,22.0
LTU,ROU,810820,346832.0
LTU,ROU,850511,934.0
LTU,RUS,252800,74840.0
LTU,RUS,280429,25512.0
LTU,RUS,283691,162815.0
LTU,RUS,720293,155314.0
LTU,RUS,740311,5511.0
LTU,RUS,850511,260683.0
LTU,S19,850511,4350.0
LTU,SAU,850511,6539.0
LTU,SGP,850511,6905.0
LTU,SRB,850511,185.0
LTU,SVK,270112,386927.0
LTU,SVK,850511,117.0
LTU,SVN,280429,204.0
LTU,SVN,850511,246.0
LTU,SWE,280429,443.0
LTU,SWE,850511,9096.0
LTU,TJK,850511,1.0
LTU,TUR,850511,425.0
LTU,UKR,260200,1998.0
LTU,UKR,850511,168.0
LTU,URY,850511,366.0
LTU,USA,720292,818618.0
LTU,USA,850511,13772.0
LTU,UZB,252910,326.0
LTU,UZB,282200,120200.0
LTU,UZB,750210,253654.0
LTU,UZB,850511,469.0
LTU,ZWE,850511,30.0
LUX,AUT,251010,77.0
LUX,AUT,252800,49083.0
LUX,AUT,260600,5934786.0
LUX,AUT,280469,5600.0
LUX,AUT,750210,12608927.0
LUX,AUT,810820,335530.0
LUX,AUT,850511,529.0
LUX,BEL,252800,5217128.0
LUX,BEL,252910,236689.0
LUX,BEL,260600,23249.0
LUX,BEL,280429,7136.0
LUX,BEL,280480,16125.0
LUX,BEL,720292,843186.0
LUX,BEL,750210,7924658.0
LUX,BEL,810411,24440.0
LUX,BEL,850511,15525.0
LUX,BGR,280480,8180.0
LUX,BGR,811010,194916.0
LUX,BGR,850511,50.0
LUX,CAN,850511,11.0
LUX,CHE,711011,67998.0
LUX,CHE,711021,163825.0
LUX,CHE,750210,153295.0
LUX,CHE,850511,859.0
LUX,CHN,260600,5.0
LUX,CMR,260600,3.0
LUX,COL,280429,3911.0
LUX,COL,850511,39.0
LUX,CYP,850511,348.0
LUX,CZE,850511,2089.0
LUX,DEU,252800,370607.0
LUX,DEU,260600,139991.0
LUX,DEU,711011,96280.0
LUX,DEU,711021,616527.0
LUX,DEU,720292,753551.0
LUX,DEU,740311,30127960.0
LUX,DEU,750210,33262398.0
LUX,DEU,810194,210687.0
LUX,DEU,810411,4821024.0
LUX,DEU,810820,30729.0
LUX,DEU,811292,4141.0
LUX,DEU,850511,3227.0
LUX,DNK,280429,2636.0
LUX,DNK,750210,1668414.0
LUX,DNK,850511,12046.0
LUX,EGY,280429,386.0
LUX,ESP,260600,69402.0
LUX,ESP,740311,32092061.0
LUX,ESP,850511,333.0
LUX,EST,850511,272.0
LUX,FIN,280469,1575.0
LUX,FIN,850511,2832.0
LUX,FRA,252800,1505821.0
LUX,FRA,260600,30391.0
LUX,FRA,280429,426.0
LUX,FRA,280469,550386.0
LUX,FRA,711021,1206651.0
LUX,FRA,720292,1286938.0
LUX,FRA,720293,304410.0
LUX,FRA,740311,1682.0
LUX,FRA,750210,375307021.0
LUX,FRA,810194,36635.0
LUX,FRA,810411,823229.0
LUX,FRA,811292,1697342.0
LUX,FRA,850511,124977.0
LUX,GBR,252910,186.0
LUX,GBR,810411,85581.0
LUX,GBR,850511,675.0
LUX,GRC,850511,204.0
LUX,HRV,850511,828.0
LUX,HUN,260600,6671.0
LUX,HUN,850511,279.0
LUX,IDN,850511,4652.0
LUX,IND,252922,3229834.0
LUX,IND,750210,896041.0
LUX,IND,850511,389.0
LUX,IRL,850511,184.0
LUX,ISR,811010,74000.0
LUX,ITA,252800,13723.0
LUX,ITA,260600,12561.0
LUX,ITA,280429,112.0
LUX,ITA,750210,623694.0
LUX,ITA,810411,501081.0
LUX,ITA,810820,128064.0
LUX,ITA,811010,161380.0
LUX,ITA,811292,148766.0
LUX,ITA,850511,3599.0
LUX,JPN,850511,788.0
LUX,KEN,252800,2028.0
LUX,LBN,850511,607.0
LUX,LVA,850511,130.0
LUX,MAR,850511,354.0
LUX,MEX,252800,156127.0
LUX,MUS,850511,44.0
LUX,NCL,850511,771.0
LUX,NLD,251010,841.0
LUX,NLD,251110,2929.0
LUX,NLD,252800,424140.0
LUX,NLD,252910,331.0
LUX,NLD,252922,111.0
LUX,NLD,260200,161.0
LUX,NLD,260600,282.0
LUX,NLD,270112,2972.0
LUX,NLD,280429,124954.0
LUX,NLD,280469,210.0
LUX,NLD,282200,196.0
LUX,NLD,283691,519.0
LUX,NLD,283692,17.0
LUX,NLD,711011,82.0
LUX,NLD,711021,436.0
LUX,NLD,720292,377.0
LUX,NLD,720293,2.0
LUX,NLD,740311,531.0
LUX,NLD,750210,221679.0
LUX,NLD,810320,163.0
LUX,NLD,810411,240.0
LUX,NLD,810820,88.0
LUX,NLD,811010,2.0
LUX,NLD,811292,4.0
LUX,NLD,850511,19013.0
LUX,NOR,850511,7.0
LUX,NZL,850511,216.0
LUX,OMN,252800,34364.0
LUX,OMN,280429,32915.0
LUX,OMN,850511,759.0
LUX,POL,260600,17636.0
LUX,POL,850511,1256.0
LUX,PRT,720292,116435.0
LUX,PRT,850511,335.0
LUX,QAT,850511,17361.0
LUX,ROU,850511,436.0
LUX,SRB,850511,200.0
LUX,SVK,850511,144.0
LUX,SVN,750210,1533518.0
LUX,SVN,850511,493.0
LUX,SWE,250490,1681.0
LUX,SWE,260600,137924.0
LUX,SWE,850511,396.0
LUX,TUR,850511,770.0
LUX,USA,750210,69178.0
LUX,USA,810194,164758.0
LUX,USA,811292,180000.0
LUX,USA,850511,628.0
LUX,UZB,850511,2.0
LUX,VNM,850511,1343.0
LVA,ARE,850511,6472.0
LVA,ARG,850511,761.0
LVA,ARM,850511,39.0
LVA,AUS,850511,26433.0
LVA,AUT,252800,247755.0
LVA,AUT,260200,35857.0
LVA,AUT,720292,912841.0
LVA,AUT,850511,5201.0
LVA,BEL,270112,566026.0
LVA,BGR,850511,914.0
LVA,BLR,850511,371.0
LVA,CAN,850511,21606.0
LVA,CHE,850511,38825.0
LVA,CHN,850511,123028.0
LVA,CZE,850511,3531.0
LVA,DEU,252800,13031.0
LVA,DEU,711011,318618.0
LVA,DEU,711021,4642603.0
LVA,DEU,720292,535094.0
LVA,DEU,810411,70.0
LVA,DEU,810820,17361.0
LVA,DEU,850511,3379.0
LVA,DNK,280429,743.0
LVA,DNK,750210,21387.0
LVA,DNK,850511,27.0
LVA,ECU,850511,391.0
LVA,ESP,283691,81.0
LVA,ESP,850511,41.0
LVA,EST,250490,26.0
LVA,EST,280429,306945.0
LVA,EST,283691,3216.0
LVA,EST,720292,635094.0
LVA,EST,850511,26156.0
LVA,FIN,252800,62335.0
LVA,FIN,280429,2082.0
LVA,FIN,850511,2420.0
LVA,GBR,282200,2259.0
LVA,GBR,850511,92222.0
LVA,GEO,850511,58.0
LVA,GRC,850511,887.0
LVA,HKG,850511,1622.0
LVA,HRV,850511,227.0
LVA,IDN,850511,9352.0
LVA,IND,280470,33081364.0
LVA,IND,850511,62.0
LVA,IRL,270112,14201.0
LVA,IRL,850511,5207.0
LVA,ISR,850511,62.0
LVA,ITA,711021,5957.0
LVA,ITA,850511,798.0
LVA,JPN,850511,50442.0
LVA,KAZ,850511,37.0
LVA,KEN,850511,408.0
LVA,KOR,850511,50894.0
LVA,LBN,850511,597.0
LVA,LTU,260600,81091.0
LVA,LTU,270112,1057542.0
LVA,LTU,280429,482376.0
LVA,LTU,283691,90.0
LVA,LTU,720292,462656.0
LVA,LTU,811010,339.0
LVA,LTU,811292,14607.0
LVA,LTU,850511,98144.0
LVA,LUX,252800,10093.0
LVA,MDA,850511,75.0
LVA,NLD,250490,1.0
LVA,NLD,251010,935.0
LVA,NLD,251110,561.0
LVA,NLD,252800,6346.0
LVA,NLD,252910,28401.0
LVA,NLD,252922,202.0
LVA,NLD,260200,10840.0
LVA,NLD,260600,21284.0
LVA,NLD,270112,6756.0
LVA,NLD,280429,7499.0
LVA,NLD,280469,479.0
LVA,NLD,282200,519.0
LVA,NLD,283691,1562.0
LVA,NLD,283692,88.0
LVA,NLD,711011,112.0
LVA,NLD,711021,864.0
LVA,NLD,720292,1940073.0
LVA,NLD,720293,5.0
LVA,NLD,740311,1371.0
LVA,NLD,750210,4757.0
LVA,NLD,810320,369.0
LVA,NLD,810411,421.0
LVA,NLD,810820,48.0
LVA,NLD,811010,4.0
LVA,NLD,811292,11.0
LVA,NLD,850511,8674.0
LVA,NOR,252800,31900.0
LVA,NOR,280429,9687.0
LVA,NOR,850511,14461.0
LVA,NZL,850511,4958.0
LVA,PER,850511,1331.0
LVA,PHL,850511,866.0
LVA,POL,252800,145447.0
LVA,POL,270112,184040.0
LVA,POL,280429,125356.0
LVA,POL,850511,187654.0
LVA,PYF,850511,663.0
LVA,RUS,280429,6643.0
LVA,RUS,850511,8918.0
LVA,S19,850511,2818.0
LVA,SGP,850511,10812.0
LVA,SVK,850511,114.0
LVA,SVN,850511,3176.0
LVA,SWE,252800,68111.0
LVA,SWE,270112,12.0
LVA,SWE,280429,21073.0
LVA,SWE,810820,27511.0
LVA,SWE,850511,2603.0
LVA,SYC,850511,50.0
LVA,TKM,850511,32.0
LVA,TUR,280469,51101.0
LVA,TUR,720292,15599.0
LVA,TUR,850511,2829.0
LVA,UKR,720292,54498.0
LVA,UKR,850511,305.0
LVA,URY,850511,383.0
LVA,USA,720292,2182313.0
LVA,USA,811292,43909.0
LVA,USA,850511,1173434.0
LVA,ZAF,850511,348.0
MAC,CAN,811010,279323.0
MAC,GBR,251110,683096.0
MAC,GHA,251110,639089.0
MAC,HKG,850511,2715.0
MAC,LVA,850511,316.0
MAC,POL,251110,163.0
MAC,S19,850511,34.0
MAR,AGO,251110,6806854.0
MAR,ARG,251110,20987830.0
MAR,ARG,260200,95.0
MAR,AUS,251010,10725390.0
MAR,AUT,251010,28713305.0
MAR,AUT,251110,100462.0
MAR,AUT,260200,21.0
MAR,AZE,260200,63.0
MAR,BEL,251010,4643034.0
MAR,BEL,251110,124058.0
MAR,BEL,260200,5.0
MAR,BEL,270112,116.0
MAR,BGD,251010,13570153.0
MAR,BGR,251010,9758146.0
MAR,BLR,251010,8960727.0
MAR,BRA,251010,34305514.0
MAR,BRA,260200,45.0
MAR,CAN,251110,1164431.0
MAR,CAN,260200,17.0
MAR,CAN,810820,88.0
MAR,CAN,850511,148.0
MAR,CHN,251110,683.0
MAR,CHN,260200,9116253.0
MAR,CHN,850511,66.0
MAR,CIV,251110,530794.0
MAR,CIV,850511,21.0
MAR,CMR,251010,270.0
MAR,CMR,251110,665523.0
MAR,COG,251110,687462.0
MAR,COG,850511,125.0
MAR,COL,251110,5343347.0
MAR,CYP,251010,8912390.0
MAR,CYP,251110,280529.0
MAR,CZE,260200,21595.0
MAR,DEU,251110,191135.0
MAR,DEU,252922,3076839.0
MAR,DEU,260200,1698471.0
MAR,ECU,251110,5873.0
MAR,EGY,251110,1945732.0
MAR,ESP,251010,16752390.0
MAR,ESP,251110,7110997.0
MAR,ESP,252910,19093890.0
MAR,ESP,260200,46583.0
MAR,ESP,850511,2364.0
MAR,FIN,251010,6678112.0
MAR,FRA,251010,20.0
MAR,FRA,251110,1290009.0
MAR,FRA,252910,28.0
MAR,FRA,260200,108998.0
MAR,FRA,810820,24118.0
MAR,FRA,850511,20512.0
MAR,GAB,251110,1018310.0
MAR,GBR,251010,84029.0
MAR,GBR,251110,1304635.0
MAR,GBR,252922,112678.0
MAR,GHA,251110,1106706.0
MAR,GIN,850511,67.0
MAR,GUY,251110,1039208.0000000001
MAR,IDN,251010,52405851.0
MAR,IND,251010,64283911.0
MAR,IND,252922,482178.0
MAR,IND,260200,22000.0
MAR,ISR,251010,788564.0
MAR,ITA,251010,3339842.0
MAR,ITA,251110,1394259.0
MAR,ITA,252922,4525505.0
MAR,ITA,260200,10310.0
MAR,JPN,251010,7033832.0
MAR,KOR,260200,50.0
MAR,LBN,251010,12736652.0
MAR,LBY,251110,48482.0
MAR,LTU,251010,21289929.0
MAR,MEX,251010,256924374.0
MAR,MEX,251110,8235741.0
MAR,MLI,260200,191.0
MAR,MRT,250490,3568.0
MAR,MRT,251110,325590.0
MAR,MRT,270112,31616.0
MAR,MRT,283691,2582.0
MAR,MRT,850511,1048.0
MAR,NAM,251110,54404.0
MAR,NAM,260200,13800704.0
MAR,NER,251110,439108.0
MAR,NER,260200,719837.0
MAR,NGA,251110,353194.0
MAR,NLD,251010,1448996.0
MAR,NLD,251110,8498854.0
MAR,NLD,252922,2514256.0
MAR,NLD,260200,42899.0
MAR,NLD,270112,787.0
MAR,NLD,810820,55.0
MAR,NOR,251010,107382210.0
MAR,NOR,251110,6781982.0
MAR,NZL,251010,102420743.0
MAR,PAK,251010,81410482.0
MAR,PER,251010,57765282.0
MAR,PER,260200,129.0
MAR,PHL,251010,8170866.0
MAR,POL,251010,72109337.0
MAR,PRT,251010,3701454.0
MAR,PRT,251110,456086.0
MAR,PRT,850511,134.0
MAR,S19,251010,3944302.0
MAR,SAU,251010,10176765.0
MAR,SEN,251110,617124.0
MAR,SVN,251010,1973815.0
MAR,SYR,252910,423788.0
MAR,TGO,251110,116043.0
MAR,TTO,251110,3662433.0
MAR,TUN,251110,1553140.0
MAR,TUN,252922,1310418.0
MAR,TUR,251010,88823259.0
MAR,TUR,251110,2231978.0
MAR,TUR,260200,88.0
MAR,TUR,280429,43264.0
MAR,USA,251010,111.0
MAR,USA,251110,32026792.0
MAR,USA,260200,50155.0
MAR,ZAF,251010,170.0
MAR,ZAF,251110,41459.0
MDA,BEL,850511,143.0
MDA,CAN,850511,131.0
MDA,DEU,740311,203413.0
MDA,ESP,850511,59.0
MDA,FRA,850511,116.0
MDA,NLD,850511,22.0
MDA,ROU,280429,53892.0
MDA,ROU,850511,26433.0
MDA,SAU,850511,29965.0
MDA,TUR,850511,31.0
MDA,UKR,850511,1336.0
MDG,AUS,250490,87.0
MDG,AUS,750210,328348.0
MDG,BEL,750210,10748520.0
MDG,CHN,250490,6056.0
MDG,CHN,251010,51967.0
MDG,CHN,252910,9735.0
MDG,CHN,260200,395875.0
MDG,CHN,750210,277276165.0
MDG,CHN,811212,37064.0
MDG,DEU,250490,123.0
MDG,DEU,750210,12334264.0
MDG,DEU,850511,1260.0
MDG,DNK,750210,4870893.0
MDG,FIN,750210,1486582.0
MDG,FRA,750210,1913496.0
MDG,FRA,850511,352.0
MDG,IND,250490,1511142.0
MDG,ITA,750210,7747557.0
MDG,JPN,750210,366266331.0
MDG,KOR,750210,119853036.0
MDG,NLD,250490,160.0
MDG,NLD,750210,14711378.0
MDG,S19,750210,82285363.0
MDG,SRB,750210,102339.0
MDG,SWE,750210,7527051.0
MDG,TUR,250490,20.0
MDG,USA,750210,32783730.000000004
MDG,ZAF,250490,91.0
MDG,ZAF,260200,10.0
MEX,ARE,850511,2079.0
MEX,ARG,252922,230.0
MEX,ARG,283692,39500.0
MEX,ARG,850511,371707.0
MEX,AUS,850511,4568.0
MEX,AUT,252922,297.0
MEX,AUT,850511,282.0
MEX,AZE,252922,15338.0
MEX,BEL,282200,8518.0
MEX,BEL,740311,600680.0
MEX,BEL,810411,458442.0
MEX,BEL,850511,22.0
MEX,BGR,252910,11269.0
MEX,BGR,850511,513.0
MEX,BIH,850511,3114.0
MEX,BLZ,850511,142.0
MEX,BOL,280469,99.0
MEX,BOL,850511,1980.0
MEX,BRA,252922,435616.0
MEX,BRA,260200,715835.0
MEX,BRA,283692,1104422.0
MEX,BRA,810194,190965.0
MEX,BRA,850511,28562.0
MEX,BRB,850511,187.0
MEX,CAN,252922,1613646.0
MEX,CAN,260200,847.0
MEX,CAN,280469,5.0
MEX,CAN,283692,322429.0
MEX,CAN,740311,2077643.9999999998
MEX,CAN,810820,10.0
MEX,CAN,850511,51033.0
MEX,CHE,850511,9792.0
MEX,CHL,252922,10999.0
MEX,CHL,270112,46021.0
MEX,CHL,280429,7396.0
MEX,CHL,720293,143728.0
MEX,CHL,850511,5734.0
MEX,CHN,252922,4075348.0
MEX,CHN,260200,761.0
MEX,CHN,283692,8546880.0
MEX,CHN,740311,123856739.0
MEX,CHN,850511,42763.0
MEX,COL,251110,420730.0
MEX,COL,252910,217227.0
MEX,COL,252922,305348.0
MEX,COL,270112,586.0
MEX,COL,280429,7962.0
MEX,COL,280480,8211.0
MEX,COL,850511,13954.0
MEX,CRI,250490,648.0
MEX,CRI,850511,7743.0
MEX,CUB,251110,1919444.0
MEX,CUB,280429,8803.0
MEX,CUB,850511,2340.0
MEX,CZE,850511,19122.0
MEX,DEU,251110,15623.0
MEX,DEU,252910,1598.0
MEX,DEU,252922,91840.0
MEX,DEU,850511,53239.0
MEX,DNK,850511,3701.0
MEX,DOM,251010,11560.0
MEX,DOM,283692,4440.0
MEX,DOM,850511,3927.0
MEX,ECU,251110,425250.0
MEX,ECU,252910,75.0
MEX,ECU,252922,66758.0
MEX,ECU,810194,1394.0
MEX,ECU,850511,29049.0
MEX,EGY,252922,140463.0
MEX,EGY,260200,263578.0
MEX,ESP,251110,378987.0
MEX,ESP,252922,865.0
MEX,ESP,260200,74214.0
MEX,ESP,282200,79.0
MEX,ESP,283692,124446.0
MEX,ESP,850511,1870.0
MEX,EST,850511,744.0
MEX,FIN,850511,554.0
MEX,FRA,250490,2.0
MEX,FRA,251010,6.0
MEX,FRA,260200,63.0
MEX,FRA,280470,1.0
MEX,FRA,850511,9227.0
MEX,GAB,280429,135.0
MEX,GBR,251110,52391.0
MEX,GBR,252922,1700.0
MEX,GBR,850511,54234.0
MEX,GEO,850511,271.0
MEX,GHA,251110,148617.0
MEX,GTM,250490,1131.0
MEX,GTM,251010,9499.0
MEX,GTM,252910,2.0
MEX,GTM,260200,108520.0
MEX,GTM,280429,103252.0
MEX,GTM,720292,148900.0
MEX,GTM,750210,985.0
MEX,GTM,811010,691.0
MEX,GTM,850511,20541.0
MEX,HND,850511,2599.0
MEX,HUN,850511,22882.0
MEX,IDN,252922,13953.0
MEX,IDN,283692,110400.0
MEX,IDN,850511,674.0
MEX,IND,283692,5096022.0
MEX,IND,811292,110847.0
MEX,IND,850511,8832.0
MEX,IRL,850511,25911.0
MEX,ISR,850511,4000.0
MEX,ITA,251110,383253.0
MEX,ITA,252922,37834435.0
MEX,JAM,280469,496.0
MEX,JPN,280469,4167.0
MEX,JPN,283692,787669.0
MEX,JPN,850511,3453.0
MEX,KOR,283692,1483673.0
MEX,KOR,850511,4705.0
MEX,KWT,850511,415.0
MEX,LTU,850511,647.0
MEX,MAR,850511,6309.0
MEX,MKD,850511,7504.0
MEX,MYS,260600,51520.0
MEX,MYS,850511,4578.0
MEX,NAM,850511,912.0
MEX,NER,251110,1766767.0
MEX,NIC,280429,994.0
MEX,NIC,280469,40162.0
MEX,NIC,850511,258.0
MEX,NLD,250490,170.0
MEX,NLD,251110,2137418.0
MEX,NLD,252922,49493.0
MEX,NLD,260200,170.0
MEX,NLD,260600,2.0
MEX,NLD,850511,12332.0
MEX,NZL,280429,2307.0
MEX,NZL,850511,1891.0
MEX,PAN,251110,14093.0
MEX,PAN,252800,213.0
MEX,PAN,280429,5686.0
MEX,PAN,283692,42518.0
MEX,PAN,850511,822.0
MEX,PER,252922,224365.0
MEX,PER,260200,438818.0
MEX,PER,260600,19910.0
MEX,PER,280429,8630.0
MEX,PER,283692,680946.0
MEX,PER,850511,2921.0
MEX,PHL,280429,3632.0
MEX,PHL,850511,26.0
MEX,POL,252922,64492.99999999999
MEX,POL,850511,837.0
MEX,PRT,252910,8.0
MEX,ROU,850511,285.0
MEX,S19,252922,34045.0
MEX,S19,283692,464444.0
MEX,S19,850511,1006.9999999999999
MEX,SAU,252922,45167.0
MEX,SAU,810820,755.0
MEX,SAU,850511,1837.0
MEX,SGP,250490,71.0
MEX,SGP,850511,27130.0
MEX,SLV,810194,67.0
MEX,SLV,850511,1822.0
MEX,SRB,850511,1490.0
MEX,SVK,850511,21.0
MEX,SVN,252922,14256.0
MEX,SVN,850511,659.0
MEX,SWE,850511,593.0
MEX,THA,740311,10802642.0
MEX,TUN,252922,27736222.0
MEX,TUR,252922,270550.0
MEX,TUR,283692,3.0
MEX,TUR,740311,125.0
MEX,TUR,850511,74356.0
MEX,TZA,850511,191.0
MEX,UKR,252922,73641.0
MEX,UKR,850511,270.0
MEX,URY,280429,13460.0
MEX,URY,850511,511.0
MEX,USA,250490,120073.0
MEX,USA,251110,32150733.0
MEX,USA,252910,2343525.0
MEX,USA,252922,78621549.0
MEX,USA,260200,18196669.0
MEX,USA,260600,7500.0
MEX,USA,270112,1430694.0
MEX,USA,280429,86195.0
MEX,USA,280469,96432.0
MEX,USA,282200,128071.0
MEX,USA,283692,487409.0
MEX,USA,711011,27103.0
MEX,USA,740311,688253748.0
MEX,USA,750210,80650.0
MEX,USA,810320,1760042.0
MEX,USA,811010,235935.0
MEX,USA,850511,11121645.0
MEX,VNM,283692,1137301.0
MEX,VNM,740311,20850249.0
MEX,ZAF,850511,4476.0
MHL,NGA,280469,167188.0
MHL,USA,810411,363000.0
MKD,BGR,252910,254897.0
MKD,COG,810320,350.0
MKD,DEU,850511,286.0
MKD,DNK,850511,23.0
MKD,GRC,252910,136181.0
MKD,HRV,252910,98552.0
MKD,ITA,280429,205781.0
MKD,MLT,850511,9.0
MKD,POL,252910,133448.0
MKD,SRB,252910,1339679.0
MKD,SRB,280429,12938.0
MKD,SRB,740311,399523.0
MKD,SRB,850511,371.0
MKD,SUR,252910,2486.0
MKD,SVN,252910,92536.0
MKD,TUR,740311,5764499.0
MKD,TUR,850511,233.0
MLI,CHN,260200,4767385.0
MLI,DEU,750210,33202.0
MLI,DEU,850511,1085.0
MLI,ZAF,250490,80.0
MLI,ZAF,252800,1607.0
MLT,ARE,280429,169678.0
MLT,COD,280429,118313.0
MLT,COG,280429,121066.0
MLT,EGY,850511,18.0
MLT,GBR,750210,2766479.0
MLT,GHA,280429,5963.0
MLT,GNQ,280429,234013.0
MLT,ISR,280429,67781.0
MLT,ITA,850511,1982.0
MLT,LBY,252800,6318.0
MLT,LBY,280429,37331.0
MLT,LBY,850511,233.0
MLT,NLD,251010,3.0
MLT,NLD,252910,1.0
MLT,NLD,260200,1.0
MLT,NLD,260600,2.0
MLT,NLD,270112,1.0
MLT,NLD,280429,788.0
MLT,NLD,280469,1.0
MLT,NLD,282200,2.0
MLT,NLD,283691,8.0
MLT,NLD,711011,2.0
MLT,NLD,711021,5.0
MLT,NLD,720292,11.0
MLT,NLD,720293,3.0
MLT,NLD,740311,1032.0
MLT,NLD,750210,18.0
MLT,NLD,810411,3.0
MLT,NLD,850511,9367.0
MLT,TUN,280429,181100.0
MLT,USA,850511,3182.0
MLT,ZAF,850511,8.0
MMR,ARE,850511,290.0
MMR,AUS,740311,6.0
MMR,AUT,811010,1128470.0
MMR,AUT,850511,610.0
MMR,BEL,811010,8491128.0
MMR,BRA,811010,269129.0
MMR,CHN,252910,289.0
MMR,CHN,252922,2392010.0
MMR,CHN,260200,65479686.0
MMR,ESP,811010,4490012.0
MMR,FRA,811010,683511.0
MMR,HKG,252922,3000.0
MMR,HKG,740311,258642.99999999997
MMR,ITA,811010,194257.0
MMR,JPN,252922,7100.0
MMR,KOR,740311,861.0
MMR,KOR,811010,7137415.0
MMR,MYS,740311,6.0
MMR,POL,811010,13177.0
MMR,S19,811010,437651.0
MMR,SGP,251010,407.0
MMR,SGP,280429,89.0
MMR,THA,260200,1049900.0
MMR,THA,811010,1615542.0
MMR,TUR,811010,361289.0
MMR,USA,811010,1128718.0
MNE,ALB,251110,2335.0
MNE,ALB,252800,71859.0
MNE,ALB,810411,38169.0
MNE,BEL,850511,32.0
MNE,BIH,260600,1571752.0
MNE,BIH,810411,9071.0
MNE,CHN,260600,5397037.0
MNE,CZE,260600,162136.0
MNE,ESP,260600,26.0
MNE,GRC,260600,2530998.0
MNE,NLD,260200,33.0
MNE,NLD,270112,1742.0
MNE,POL,260600,321956.0
MNE,SRB,260600,1232109.0
MNE,SRB,850511,225.0
MNE,SVN,260600,806.0
MNE,TUR,252910,1101.0
MNE,TUR,720292,2596.0
MNG,ARE,850511,610.0
MNG,AUS,270112,10.0
MNG,CHN,252922,8857872.0
MNG,CHN,260200,440597.0
MNG,CHN,270112,5966948966.0
MNG,CHN,740311,82565459.0
MNG,DEU,270112,20617.0
MNG,HKG,270112,7835390.0
MNG,JPN,252922,27567.0
MNG,KAZ,850511,10050.0
MNG,KOR,252922,887978.0
MNG,KOR,270112,149921486.0
MNG,POL,252922,1117076.0
MNG,RUS,270112,954.0
MNG,S19,252922,18265.0
MNG,SGP,270112,337137408.0
MNG,USA,850511,3637.0
MOZ,ARE,260200,27480.0
MOZ,ARE,270112,1656125.0
MOZ,BEL,270112,488230.0
MOZ,BGR,740311,15898826.0
MOZ,CHN,250490,349571.0
MOZ,CHN,260200,28105.0
MOZ,CHN,270112,61130480.0
MOZ,CHN,810820,12428.0
MOZ,DEU,250490,394054.0
MOZ,DEU,270112,14317014.0
MOZ,FIN,270112,4530053.0
MOZ,GBR,270112,11307619.0
MOZ,GHA,850511,11388.0
MOZ,IDN,260200,2686607.0
MOZ,IND,250490,5.0
MOZ,IND,260200,40386.0
MOZ,IND,270112,117357296.0
MOZ,IND,850511,1076.0
MOZ,JPN,250490,5.0
MOZ,JPN,270112,56740990.0
MOZ,KOR,270112,548024413.0
MOZ,MUS,252800,14598.0
MOZ,NLD,270112,32748146.0
MOZ,OMN,740311,1043545.0000000001
MOZ,PAK,270112,132949920.00000001
MOZ,POL,270112,105933439.0
MOZ,S19,740311,890244.0
MOZ,SEN,270112,7934705.0
MOZ,SVK,270112,133017682.0
MOZ,THA,850511,1814.0
MOZ,TUR,270112,31389886.0
MOZ,VNM,270112,57718322.0
MOZ,ZAF,250490,19.0
MOZ,ZMB,252800,115980.0
MOZ,ZMB,260200,56324.0
MOZ,ZWE,260600,555098.0
MOZ,ZWE,280470,47642.0
MRT,CHN,260200,373661.0
MRT,GBR,280429,719507.0
MRT,SEN,251110,618827.0
MUS,ARE,850511,59.0
MUS,CYP,850511,4.0
MUS,FRA,280429,16480.0
MUS,FRA,850511,3256.0
MUS,KEN,850511,114.0
MUS,LBN,850511,28.0
MUS,MDG,280429,224044.0
MUS,MDG,850511,291.0
MUS,MOZ,252800,156393.0
MUS,OMN,850511,7568.0
MUS,POL,850511,22.0
MUS,SWZ,850511,4.0
MUS,SYC,280429,1109.0
MUS,SYC,850511,1089.0
MUS,ZAF,850511,723.0
MWI,CHN,252910,171.0
MWI,ZAF,250490,23.0
MWI,ZAF,251010,1.0
MYS,ARE,280429,77121.0
MYS,ARE,280469,276536.0
MYS,ARE,750210,12573342.0
MYS,ARE,850511,13452.0
MYS,ARG,280469,96518.0
MYS,AUS,251010,379873.0
MYS,AUS,251110,2272.0
MYS,AUS,280429,83981.0
MYS,AUS,280469,267726.0
MYS,AUS,850511,110034.0
MYS,AUT,280469,807292.0
MYS,AUT,850511,96298.0
MYS,BEL,280469,91747.0
MYS,BEL,750210,280043.0
MYS,BEL,850511,853.0
MYS,BGD,252800,78741.0
MYS,BGD,252910,2022868.0
MYS,BGD,740311,20848565.0
MYS,BHR,280469,383553.0
MYS,BIH,280469,13423.0
MYS,BRA,280469,198272.0
MYS,BRA,850511,30772.0
MYS,BRN,250490,2.0
MYS,BRN,270112,2.0
MYS,BRN,280429,25021.0
MYS,BRN,280469,25466.0
MYS,BRN,282200,748.0
MYS,BRN,711011,17.0
MYS,BRN,850511,1932.0
MYS,CAN,280469,6479351.0
MYS,CAN,850511,76533.0
MYS,CHE,250490,28.0
MYS,CHE,280469,46205.0
MYS,CHE,711011,816336.0
MYS,CHE,711021,4677527.0
MYS,CHE,750210,2202552.0
MYS,CHE,850511,2255796.0
MYS,CHN,251110,9.0
MYS,CHN,252800,929250.0
MYS,CHN,252910,38669.0
MYS,CHN,260200,38752326.0
MYS,CHN,260600,13994871.0
MYS,CHN,280429,484171.0
MYS,CHN,280469,6512.0
MYS,CHN,283691,760848.0
MYS,CHN,283692,16392.0
MYS,CHN,740311,942068.0
MYS,CHN,750210,77984024.0
MYS,CHN,810820,269695.0
MYS,CHN,850511,8044499.0
MYS,CIV,280469,117.0
MYS,CIV,850511,42844.0
MYS,COL,850511,1634.0
MYS,CRI,850511,345.0
MYS,CZE,280469,888048.0
MYS,CZE,850511,266.0
MYS,DEU,280469,12300515.0
MYS,DEU,750210,47.0
MYS,DEU,850511,5041048.0
MYS,DNK,850511,850.0
MYS,EGY,280429,117.0
MYS,EGY,850511,4561.0
MYS,ESP,252910,414.0
MYS,ESP,280469,4921079.0
MYS,ESP,850511,1085.0
MYS,EST,810820,113274.0
MYS,FIN,850511,651.0
MYS,FRA,260200,118.0
MYS,GBR,280429,80419.0
MYS,GBR,280469,110075.0
MYS,GBR,850511,4516.0
MYS,HKG,711011,238791.0
MYS,HKG,711021,252033.0
MYS,HKG,850511,4855490.0
MYS,HRV,280469,312088.0
MYS,HUN,850511,176074.0
MYS,IDN,250490,1700.0
MYS,IDN,251110,2650.0
MYS,IDN,252800,1550111.0
MYS,IDN,252910,355428.0
MYS,IDN,260200,1756560.0
MYS,IDN,280429,2113912.0
MYS,IDN,280469,708642.0
MYS,IDN,740311,76838.0
MYS,IDN,750210,795529.0
MYS,IDN,810194,4292.0
MYS,IDN,850511,249298.0
MYS,IND,251110,2968.0
MYS,IND,252910,27003.0
MYS,IND,252922,4300.0
MYS,IND,260600,16708.0
MYS,IND,280429,3616.0
MYS,IND,280469,39304065.0
MYS,IND,280470,127211.0
MYS,IND,720292,42691.0
MYS,IND,740311,425011.0
MYS,IND,750210,29902602.0
MYS,IND,810820,6326549.0
MYS,IND,850511,1400951.0
MYS,IRL,850511,107550.0
MYS,IRN,850511,1200.0
MYS,ISL,280469,466613.0
MYS,ITA,750210,839367.0
MYS,ITA,850511,5207.0
MYS,JAM,750210,1666330.0
MYS,JPN,252910,1103247.0
MYS,JPN,270112,13104.0
MYS,JPN,280429,174211.0
MYS,JPN,280469,16423340.0
MYS,JPN,711021,412649.0
MYS,JPN,740311,44929.0
MYS,JPN,750210,218094.0
MYS,JPN,850511,41347376.0
MYS,KAZ,850511,2795.0
MYS,KHM,251110,385.0
MYS,KHM,850511,250.0
MYS,KOR,252910,12573.0
MYS,KOR,270112,93.0
MYS,KOR,280469,35817.0
MYS,KOR,750210,3138929.0
MYS,KOR,810194,1404.0
MYS,KOR,811292,230923.0
MYS,KOR,850511,91159.0
MYS,LAO,810194,11900.0
MYS,LKA,252800,37646.0
MYS,LKA,252910,1056.0
MYS,LKA,850511,141.0
MYS,MAR,280469,5729.0
MYS,MAR,850511,5637.0
MYS,MDV,850511,275.0
MYS,MEX,750210,702068.0
MYS,MEX,850511,85080.0
MYS,MLT,280429,13487.0
MYS,MLT,850511,21.0
MYS,MMR,252800,257357.00000000003
MYS,MMR,252910,18943.0
MYS,MMR,850511,481209.0
MYS,NGA,280469,138168.0
MYS,NLD,260200,298.0
MYS,NLD,280469,20263944.0
MYS,NLD,750210,23054968.0
MYS,NLD,850511,8722.0
MYS,NOR,280469,1131401.0
MYS,NZL,850511,266924.0
MYS,PAK,250490,2493.0
MYS,PAK,740311,5075416.0
MYS,PHL,252910,7515.0
MYS,PHL,270112,4567.0
MYS,PHL,280429,348161.0
MYS,PHL,280469,71419.0
MYS,PHL,282200,165089.0
MYS,PHL,750210,682804.0
MYS,PHL,850511,4531368.0
MYS,PNG,250490,53.0
MYS,PNG,280429,17800.0
MYS,PNG,280469,702.0
MYS,PNG,280470,362192.0
MYS,PNG,850511,4199.0
MYS,POL,280469,8276713.0
MYS,POL,850511,261945.0
MYS,PRT,850511,9296.0
MYS,QAT,280429,57427.0
MYS,ROU,280469,154098.0
MYS,ROU,850511,323399.0
MYS,RUS,850511,455029.0
MYS,S19,252910,801882.0
MYS,S19,280429,432204.0
MYS,S19,750210,14456365.0
MYS,S19,810194,657770.0
MYS,S19,811292,6648.0
MYS,S19,850511,6706.0
MYS,SAU,252910,424663.0
MYS,SAU,850511,47609.0
MYS,SGP,250490,2053.0
MYS,SGP,251110,27412.0
MYS,SGP,252910,156773.0
MYS,SGP,260600,17.0
MYS,SGP,280429,1627506.0
MYS,SGP,280469,513168.0
MYS,SGP,282200,1776248.0
MYS,SGP,283691,21266.0
MYS,SGP,720293,7418.0
MYS,SGP,750210,1171579.0
MYS,SGP,850511,314262.0
MYS,SLV,850511,1787.0
MYS,SRB,280469,28453.0
MYS,SVN,280469,105502.0
MYS,SVN,811010,798.0
MYS,SVN,850511,2780.0
MYS,SYC,850511,66.0
MYS,THA,250490,1511.0
MYS,THA,251110,49296.0
MYS,THA,252800,582899.0
MYS,THA,252910,126107.0
MYS,THA,280429,392028.0
MYS,THA,280469,1091812.0
MYS,THA,720292,1933.0
MYS,THA,750210,17.0
MYS,THA,810194,9051.0
MYS,THA,850511,20289286.0
MYS,TUR,251110,8111.000000000001
MYS,TUR,252910,2.0
MYS,TUR,850511,246238.0
MYS,UKR,280469,227399.0
MYS,UKR,850511,1996.0
MYS,USA,280429,13854.0
MYS,USA,280469,32701042.0
MYS,USA,711021,2064.0
MYS,USA,740311,9360.0
MYS,USA,750210,2645833.0
MYS,USA,810320,14738.0
MYS,USA,811292,28440.0
MYS,USA,850511,994765.0
MYS,VNM,252800,18439.0
MYS,VNM,252910,97819.0
MYS,VNM,252922,2994.0
MYS,VNM,260200,557914.0
MYS,VNM,280429,715180.0
MYS,VNM,750210,9153961.0
MYS,VNM,850511,5373038.0
MYS,ZAF,810820,56.0
MYS,ZAF,850511,2892.0
NAM,AGO,260600,61.0
NAM,AGO,280429,163.0
NAM,AGO,280469,934.0
NAM,AGO,280470,1229.0
NAM,ARE,740311,1969876.0
NAM,BEL,280469,197.0
NAM,BGR,740311,7542193.0
NAM,BRA,740311,2.0
NAM,CAN,282200,3123690.0
NAM,CHN,260200,2184767.0
NAM,CHN,282200,2349335.0
NAM,CHN,740311,1870516.0
NAM,COD,850511,436.0
NAM,COL,252910,711.0
NAM,ESP,740311,12165930.0
NAM,FIN,282200,107619760.0
NAM,FRA,252910,51.0
NAM,HKG,282200,3368651.0
NAM,IND,283692,29819.0
NAM,JPN,280429,1442.0
NAM,LVA,270112,6.0
NAM,NLD,270112,4667441.0
NAM,NLD,282200,6230694.0
NAM,SGP,260200,5994587.0
NAM,SGP,740311,15527956.0
NAM,THA,740311,2295556.0
NAM,UGA,280469,5.0
NAM,ZAF,250490,43.0
NAM,ZAF,252922,6725.0
NAM,ZAF,260200,314.0
NAM,ZAF,270112,5827.0
NAM,ZAF,280469,18.0
NAM,ZAF,283692,15.0
NAM,ZAF,810820,1285.0
NAM,ZAF,850511,1092.0
NAM,ZWE,252910,1.0
NCL,DEU,750210,13171689.0
NCL,PYF,280429,245674.0
NER,CIV,811010,64.0
NGA,ARE,850511,105.0
NGA,BEL,280429,1628.0
NGA,BEN,280429,86863.0
NGA,BRA,251010,114.0
NGA,CAN,251010,4.0
NGA,CHE,750210,652.0
NGA,CHN,251010,10577.0
NGA,CHN,252910,21433.0
NGA,CHN,252922,275990.0
NGA,CHN,260200,4640228.0
NGA,CHN,283691,16468.0
NGA,CHN,740311,10724409.0
NGA,CHN,811212,88389.0
NGA,CMR,251010,1257.0
NGA,COG,850511,40.0
NGA,IND,252910,108807.0
NGA,IND,260200,26504.0
NGA,IND,740311,83505.0
NGA,JPN,740311,22085410.0
NGA,KOR,282200,443.0
NGA,KOR,283691,55.0
NGA,KOR,740311,7072927.0
NGA,LKA,850511,38.0
NGA,NER,270112,87697.0
NGA,NER,850511,914.0
NGA,NLD,251010,72.0
NGA,NLD,252922,67.0
NGA,NLD,260200,78.0
NGA,NLD,270112,674.0
NGA,NLD,283691,833.0
NGA,NLD,810820,95.0
NGA,NLD,811292,68.0
NGA,POL,270112,108.0
NGA,RUS,283691,4385.0
NGA,TUR,252910,16175.0
NGA,TUR,260200,10.0
NGA,ZAF,250490,69.0
NIC,CYM,850511,2.0
NIC,ECU,850511,4.0
NIC,FRA,850511,1950.0
NIC,GTM,252800,104.0
NIC,GTM,850511,20.0
NIC,ITA,850511,2.0
NIC,SWE,850511,2.0
NIU,IND,850511,32.0
NLD,ABW,850511,2971.0
NLD,AGO,251110,151089.0
NLD,AGO,280429,3464.0
NLD,AGO,850511,240.0
NLD,ARE,251110,91820.0
NLD,ARE,260600,16178.0
NLD,ARE,280429,142200.0
NLD,ARE,280469,109818.0
NLD,ARE,720292,54759.0
NLD,ARE,720293,95156.0
NLD,ARE,740311,14750.0
NLD,ARE,750210,2549107.0
NLD,ARE,850511,12962.0
NLD,ARG,251110,9901.0
NLD,ARG,280429,713326.0
NLD,ARG,720292,591932.0
NLD,ARG,750210,1988504.0
NLD,ARG,850511,5497.0
NLD,ARM,850511,678.0
NLD,AUS,250490,1759.0
NLD,AUS,251110,6520.0
NLD,AUS,280429,18991.0
NLD,AUS,283691,552365.0
NLD,AUS,810820,207431.0
NLD,AUS,850511,32546.999999999996
NLD,AUT,250490,3.0
NLD,AUT,251010,11698.0
NLD,AUT,251110,878787.0
NLD,AUT,252800,2942.0
NLD,AUT,252910,11778.0
NLD,AUT,252922,1700.0
NLD,AUT,260200,91273.0
NLD,AUT,260600,8010.999999999999
NLD,AUT,270112,1007261.0
NLD,AUT,280429,476965.0
NLD,AUT,280469,1484360.0
NLD,AUT,280470,302.0
NLD,AUT,280480,8.0
NLD,AUT,282200,36503.0
NLD,AUT,283691,535573.0
NLD,AUT,283692,33.0
NLD,AUT,711011,2784.0
NLD,AUT,711021,14123.0
NLD,AUT,720292,1868506.0
NLD,AUT,720293,57747.0
NLD,AUT,740311,65525184.0
NLD,AUT,750210,37387737.0
NLD,AUT,810194,16502.0
NLD,AUT,810320,36.0
NLD,AUT,810411,754649.0
NLD,AUT,810820,277348.0
NLD,AUT,811010,29342.0
NLD,AUT,811212,47.0
NLD,AUT,811292,116156.0
NLD,AUT,850511,1168134.0
NLD,AZE,280429,1925.0
NLD,AZE,810411,344969.0
NLD,AZE,850511,4158.0
NLD,BEL,250490,272.0
NLD,BEL,251010,100520789.0
NLD,BEL,251110,1187623.0
NLD,BEL,252800,1515683.0
NLD,BEL,252910,1085919.0
NLD,BEL,252922,133868.0
NLD,BEL,260200,2009482.0
NLD,BEL,260600,170435.0
NLD,BEL,270112,99391374.0
NLD,BEL,280429,2185934.0
NLD,BEL,280469,24446452.0
NLD,BEL,280470,66607.0
NLD,BEL,280480,210455.0
NLD,BEL,282200,1895039.0
NLD,BEL,283691,25039412.0
NLD,BEL,283692,177.0
NLD,BEL,711011,1876171.0
NLD,BEL,711021,3331488.0
NLD,BEL,720292,871791.0
NLD,BEL,720293,41465374.0
NLD,BEL,740311,50938719.0
NLD,BEL,750210,295765892.0
NLD,BEL,810194,20721.0
NLD,BEL,810320,142.0
NLD,BEL,810411,1755848.0
NLD,BEL,810820,34390.0
NLD,BEL,811010,137586.0
NLD,BEL,811292,186463.0
NLD,BEL,850511,5800455.0
NLD,BES,280429,3261.0
NLD,BES,850511,643.0
NLD,BFA,850511,5890.0
NLD,BGD,740311,24552457.0
NLD,BGD,850511,1890.0
NLD,BGR,251010,3089.0
NLD,BGR,251110,1386.0
NLD,BGR,252800,468.0
NLD,BGR,252910,4075.0
NLD,BGR,252922,735.0
NLD,BGR,260200,690.0
NLD,BGR,260600,35710.0
NLD,BGR,270112,29525.0
NLD,BGR,280429,1965.0
NLD,BGR,280469,221340.0
NLD,BGR,280470,64.0
NLD,BGR,280480,4019.0
NLD,BGR,282200,918.0
NLD,BGR,283691,1754.0
NLD,BGR,283692,7.0
NLD,BGR,711011,2728.0
NLD,BGR,711021,4531.0
NLD,BGR,720292,2120.0
NLD,BGR,720293,1160430.0
NLD,BGR,740311,32462170.0
NLD,BGR,750210,1336082.0
NLD,BGR,810194,3386.0
NLD,BGR,810320,9.0
NLD,BGR,810411,7652.0
NLD,BGR,810820,1356.0
NLD,BGR,811010,139712.0
NLD,BGR,811292,305.0
NLD,BGR,850511,12508.0
NLD,BHR,251110,15.0
NLD,BHR,850511,646.0
NLD,BIH,251110,297.0
NLD,BIH,260600,1006.0
NLD,BIH,280469,170669.0
NLD,BIH,850511,7036.0
NLD,BLR,810411,188982.0
NLD,BLR,850511,2480.0
NLD,BRA,251110,131247.0
NLD,BRA,252910,3613.0
NLD,BRA,252922,30468.0
NLD,BRA,260200,2354.0
NLD,BRA,260600,12638.0
NLD,BRA,280429,24938.0
NLD,BRA,280469,15037.0
NLD,BRA,282200,18030.0
NLD,BRA,750210,19149135.0
NLD,BRA,810820,7338.0
NLD,BRA,811010,307165.0
NLD,BRA,850511,49906.0
NLD,BRB,850511,10214.0
NLD,BRN,740311,435.0
NLD,CAN,251110,395291.0
NLD,CAN,260200,282160.0
NLD,CAN,270112,25533466.0
NLD,CAN,280429,3184.0
NLD,CAN,280469,225222.0
NLD,CAN,283691,1500598.0
NLD,CAN,720292,7858176.0
NLD,CAN,750210,458.0
NLD,CAN,810411,582664.0
NLD,CAN,850511,18114.0
NLD,CHE,251110,588291.0
NLD,CHE,260200,8116.0
NLD,CHE,260600,7541.0
NLD,CHE,270112,14159.0
NLD,CHE,280429,24932.0
NLD,CHE,280469,42823.0
NLD,CHE,282200,60.0
NLD,CHE,283691,88278.0
NLD,CHE,750210,1113595.0
NLD,CHE,810194,1360.0
NLD,CHE,810411,307517.0
NLD,CHE,810820,62588.0
NLD,CHE,811010,4898.0
NLD,CHE,811292,14898.0
NLD,CHE,850511,1861104.0
NLD,CHL,280429,2341.0
NLD,CHL,720292,12285.0
NLD,CHL,750210,862668.0
NLD,CHL,810194,2695.0
NLD,CHL,850511,13624.0
NLD,CHN,250490,861.0
NLD,CHN,251110,59166.0
NLD,CHN,260200,97461.0
NLD,CHN,260600,24814.0
NLD,CHN,270112,1921.0
NLD,CHN,280469,252612.0
NLD,CHN,283691,6611458.0
NLD,CHN,711011,3160.0
NLD,CHN,720293,139425.0
NLD,CHN,740311,26956490.0
NLD,CHN,750210,7556650.0
NLD,CHN,810820,724073.0
NLD,CHN,850511,1421760.0
NLD,CIV,850511,42011.0
NLD,CMR,251110,872.0
NLD,CMR,280429,6979.0
NLD,COG,850511,956.0
NLD,COL,260600,9110.0
NLD,COL,280429,3766.0
NLD,COL,720292,611358.0
NLD,COL,750210,28013.0
NLD,COL,850511,13269.0
NLD,CRI,283691,7568.0
NLD,CRI,850511,753.0
NLD,CUB,850511,1244.0
NLD,CUW,251110,2024.0
NLD,CUW,850511,6323.0
NLD,CYP,251010,1362.0
NLD,CYP,251110,3359.0
NLD,CYP,252800,185.0
NLD,CYP,252910,1746.0
NLD,CYP,252922,380.0
NLD,CYP,260200,275.0
NLD,CYP,260600,873.0
NLD,CYP,270112,14594.0
NLD,CYP,280429,736.0
NLD,CYP,280469,1806.0
NLD,CYP,280470,36.0
NLD,CYP,282200,386.0
NLD,CYP,283691,4620.0
NLD,CYP,283692,26.0
NLD,CYP,711011,1174.0
NLD,CYP,711021,1307.0
NLD,CYP,720292,1076.0
NLD,CYP,720293,3100.0
NLD,CYP,740311,1492.0
NLD,CYP,750210,1002421.0
NLD,CYP,810194,217.0
NLD,CYP,810320,2.0
NLD,CYP,810411,3110.0
NLD,CYP,810820,455.0
NLD,CYP,811010,23.0
NLD,CYP,811292,178.0
NLD,CYP,850511,45358.0
NLD,CZE,250490,2.0
NLD,CZE,251010,62816.0
NLD,CZE,251110,637235.0
NLD,CZE,252800,85851.0
NLD,CZE,252910,20369.0
NLD,CZE,252922,2662488.0
NLD,CZE,260200,201568.0
NLD,CZE,260600,47026.0
NLD,CZE,270112,86441.0
NLD,CZE,280429,580734.0
NLD,CZE,280469,4040360.0
NLD,CZE,280470,274.0
NLD,CZE,280480,11.0
NLD,CZE,282200,100048.0
NLD,CZE,283691,26109.0
NLD,CZE,283692,35.0
NLD,CZE,711011,14914.0
NLD,CZE,711021,22469.0
NLD,CZE,720292,3150.0
NLD,CZE,720293,35211.0
NLD,CZE,740311,16251.999999999998
NLD,CZE,750210,2306117.0
NLD,CZE,810194,12454.0
NLD,CZE,810320,48.0
NLD,CZE,810411,367194.0
NLD,CZE,810820,10839.0
NLD,CZE,811010,1602.0
NLD,CZE,811292,2041.0
NLD,CZE,850511,1740128.0
NLD,DEU,250490,2122.0
NLD,DEU,251010,1589853.0
NLD,DEU,251110,8454102.0
NLD,DEU,252800,340202.0
NLD,DEU,252910,577579.0
NLD,DEU,252922,591616.0
NLD,DEU,260200,4946214.0
NLD,DEU,260600,8172987.0
NLD,DEU,270112,356516311.0
NLD,DEU,280429,3632734.0
NLD,DEU,280469,34421832.0
NLD,DEU,280470,7222881.0
NLD,DEU,280480,211909.0
NLD,DEU,282200,132014.0
NLD,DEU,283691,10177100.0
NLD,DEU,283692,612.0
NLD,DEU,711011,3146198.0
NLD,DEU,711021,21627348.0
NLD,DEU,720292,9967909.0
NLD,DEU,720293,56599356.0
NLD,DEU,740311,253384456.0
NLD,DEU,750210,128304534.0
NLD,DEU,810194,78849.0
NLD,DEU,810320,174016.0
NLD,DEU,810411,16536921.999999998
NLD,DEU,810820,5860327.0
NLD,DEU,811010,595898.0
NLD,DEU,811292,514979.00000000006
NLD,DEU,850511,7666722.0
NLD,DMA,251110,1272.0
NLD,DNK,250490,1.0
NLD,DNK,251010,20323.0
NLD,DNK,251110,70762.0
NLD,DNK,252800,3096.0
NLD,DNK,252910,155454.0
NLD,DNK,252922,3127.0
NLD,DNK,260200,6882.0
NLD,DNK,260600,357.0
NLD,DNK,270112,10778211.0
NLD,DNK,280429,674363.0
NLD,DNK,280469,21768.0
NLD,DNK,280470,560.0
NLD,DNK,280480,16.0
NLD,DNK,282200,441.0
NLD,DNK,283691,1494.0
NLD,DNK,283692,56.0
NLD,DNK,711011,963.0
NLD,DNK,711021,18244.0
NLD,DNK,720292,13501.0
NLD,DNK,720293,21064.0
NLD,DNK,740311,1052.0
NLD,DNK,750210,660377.0
NLD,DNK,810194,489.0
NLD,DNK,810320,52.0
NLD,DNK,810411,23064.0
NLD,DNK,810820,6545.0
NLD,DNK,811010,96599.0
NLD,DNK,811292,2210.0
NLD,DNK,850511,1434700.0
NLD,DOM,850511,9067.0
NLD,DZA,811010,144490.0
NLD,DZA,850511,42.0
NLD,ECU,850511,20991.0
NLD,EGY,251110,291909.0
NLD,EGY,280429,12669.0
NLD,EGY,280469,2470.0
NLD,EGY,720293,1177545.0
NLD,EGY,750210,477470.0
NLD,EGY,850511,28632.0
NLD,ESP,250490,3.0
NLD,ESP,251010,1970.0
NLD,ESP,251110,386471.0
NLD,ESP,252800,4796.0
NLD,ESP,252910,119982.0
NLD,ESP,252922,8706.0
NLD,ESP,260200,95965.0
NLD,ESP,260600,18911.0
NLD,ESP,270112,2382190.0
NLD,ESP,280429,116159.0
NLD,ESP,280469,8674799.0
NLD,ESP,280470,976.0
NLD,ESP,280480,29.0
NLD,ESP,282200,140477.0
NLD,ESP,283691,157717.0
NLD,ESP,283692,114.0
NLD,ESP,711011,4519.0
NLD,ESP,711021,30861.0
NLD,ESP,720292,13539743.0
NLD,ESP,720293,19164299.0
NLD,ESP,740311,17772118.0
NLD,ESP,750210,141927500.0
NLD,ESP,810194,11183.0
NLD,ESP,810320,79.0
NLD,ESP,810411,2152.0
NLD,ESP,810820,16105.0
NLD,ESP,811010,1277.0
NLD,ESP,811292,113650.0
NLD,ESP,850511,4499342.0
NLD,EST,250490,2.0
NLD,EST,251010,1582.0
NLD,EST,251110,17164.0
NLD,EST,252800,122.0
NLD,EST,252910,2052.0
NLD,EST,252922,420.0
NLD,EST,260200,484.0
NLD,EST,260600,801.0
NLD,EST,270112,13273.0
NLD,EST,280429,1140.0
NLD,EST,280469,886.0
NLD,EST,280470,25.0
NLD,EST,282200,261.0
NLD,EST,283691,472.0
NLD,EST,283692,1.0
NLD,EST,711011,891.0
NLD,EST,711021,1115.0
NLD,EST,720292,1511668.0
NLD,EST,720293,1171.0
NLD,EST,740311,1734.0
NLD,EST,750210,17554.0
NLD,EST,810194,21.0
NLD,EST,810320,2.0
NLD,EST,810411,1056.0
NLD,EST,810820,340.0
NLD,EST,811010,57.0
NLD,EST,811292,67.0
NLD,EST,850511,15134.0
NLD,ETH,280429,3094.0
NLD,FIN,251010,12226.0
NLD,FIN,251110,387961.0
NLD,FIN,252800,1254.0
NLD,FIN,252910,8458.0
NLD,FIN,252922,1231.0
NLD,FIN,260200,208343.0
NLD,FIN,260600,8875.0
NLD,FIN,270112,15397062.0
NLD,FIN,280429,10757.0
NLD,FIN,280469,5904509.0
NLD,FIN,280470,291.0
NLD,FIN,280480,7.0
NLD,FIN,282200,2864.0
NLD,FIN,283691,361761.0
NLD,FIN,283692,39.0
NLD,FIN,711011,8957.0
NLD,FIN,711021,3634.0
NLD,FIN,720292,6927.0
NLD,FIN,720293,60523.0
NLD,FIN,740311,1930.0
NLD,FIN,750210,17088021.0
NLD,FIN,810194,5872.0
NLD,FIN,810320,24.0
NLD,FIN,810411,10843.0
NLD,FIN,810820,3947.0
NLD,FIN,811010,810.0
NLD,FIN,811292,454.0
NLD,FIN,850511,456086.0
NLD,FRA,250490,4877.0
NLD,FRA,251010,117956.0
NLD,FRA,251110,1695116.0
NLD,FRA,252800,262362.0
NLD,FRA,252910,4636537.0
NLD,FRA,252922,5729.0
NLD,FRA,260200,128723.00000000001
NLD,FRA,260600,4624752.0
NLD,FRA,270112,169940711.0
NLD,FRA,280429,2536734.0
NLD,FRA,280469,87600485.0
NLD,FRA,280470,74464.0
NLD,FRA,280480,14690.0
NLD,FRA,282200,6834083.0
NLD,FRA,283691,1931342.0
NLD,FRA,283692,198.0
NLD,FRA,711011,8542.0
NLD,FRA,711021,51779.0
NLD,FRA,720292,9952723.0
NLD,FRA,720293,32034799.0
NLD,FRA,740311,18185146.0
NLD,FRA,750210,154844530.0
NLD,FRA,810194,178083.0
NLD,FRA,810320,29898.0
NLD,FRA,810411,6256575.0
NLD,FRA,810820,88549.0
NLD,FRA,811010,392860.0
NLD,FRA,811292,4216291.0
NLD,FRA,850511,6324897.0
NLD,GAB,280429,80.0
NLD,GBR,250490,3.0
NLD,GBR,251010,10619.0
NLD,GBR,251110,7256271.0
NLD,GBR,252800,304725.0
NLD,GBR,252910,1688891.0
NLD,GBR,252922,452.0
NLD,GBR,260200,494464.0
NLD,GBR,260600,17142.0
NLD,GBR,270112,3218309.0
NLD,GBR,280429,224868.0
NLD,GBR,280469,1202312.0
NLD,GBR,280470,4.0
NLD,GBR,280480,2932.0
NLD,GBR,282200,28639.0
NLD,GBR,283691,7584886.0
NLD,GBR,711011,525775.0
NLD,GBR,711021,614104.0
NLD,GBR,720292,437020.0
NLD,GBR,720293,757871.0
NLD,GBR,740311,24797.0
NLD,GBR,750210,26897525.0
NLD,GBR,810194,225689.0
NLD,GBR,810320,3901.0
NLD,GBR,810411,958716.0
NLD,GBR,810820,288861.0
NLD,GBR,811010,98598.0
NLD,GBR,811292,246811.0
NLD,GBR,850511,1163022.0
NLD,GEO,280429,7937.0
NLD,GEO,720293,3690710.0
NLD,GEO,850511,2860.0
NLD,GHA,251110,155943.0
NLD,GHA,850511,4423.0
NLD,GIB,280429,5468.0
NLD,GIB,850511,91.0
NLD,GRC,251010,3936.0
NLD,GRC,251110,640757.0
NLD,GRC,252800,542.0
NLD,GRC,252910,4266.0
NLD,GRC,252922,652.0
NLD,GRC,260200,2933.0
NLD,GRC,260600,55377.0
NLD,GRC,270112,64911.0
NLD,GRC,280429,20521.0
NLD,GRC,280469,1306799.0
NLD,GRC,280470,448.0
NLD,GRC,280480,27364.0
NLD,GRC,282200,352538.0
NLD,GRC,283691,43532.0
NLD,GRC,283692,12.0
NLD,GRC,711011,3869.0
NLD,GRC,711021,9359.0
NLD,GRC,720292,89398.0
NLD,GRC,720293,4118.0
NLD,GRC,740311,83006661.0
NLD,GRC,750210,400956.0
NLD,GRC,810194,96.0
NLD,GRC,810320,9.0
NLD,GRC,810411,242809.0
NLD,GRC,810820,1299.0
NLD,GRC,811010,1655.0
NLD,GRC,811292,306.0
NLD,GRC,850511,306864.0
NLD,GTM,252910,66316.0
NLD,GTM,850511,369.0
NLD,GUY,850511,1416.0
NLD,HKG,250490,213.0
NLD,HKG,280429,3152.0
NLD,HKG,283691,82986.0
NLD,HKG,810820,17902.0
NLD,HKG,850511,1530.0
NLD,HRV,251010,8707.0
NLD,HRV,251110,126416.0
NLD,HRV,252800,299.0
NLD,HRV,252910,6565.0
NLD,HRV,252922,331.0
NLD,HRV,260200,2149.0
NLD,HRV,260600,5433.0
NLD,HRV,270112,1914543.0
NLD,HRV,280429,5074.0
NLD,HRV,280469,2853.0
NLD,HRV,280470,52.0
NLD,HRV,280480,1.0
NLD,HRV,282200,3356.0
NLD,HRV,283691,100429.0
NLD,HRV,283692,5.0
NLD,HRV,711011,1930.0
NLD,HRV,711021,2171.0
NLD,HRV,720292,1322.0
NLD,HRV,720293,3318.0
NLD,HRV,740311,2216.0
NLD,HRV,750210,410978.0
NLD,HRV,810194,60.0
NLD,HRV,810320,14.0
NLD,HRV,810411,1864104.0
NLD,HRV,810820,648.0
NLD,HRV,811010,40.0
NLD,HRV,811292,1936.0
NLD,HRV,850511,26814.0
NLD,HUN,251010,7357.0
NLD,HUN,251110,32668.999999999996
NLD,HUN,252800,1088.0
NLD,HUN,252910,11431.0
NLD,HUN,252922,1741.0
NLD,HUN,260200,4213.0
NLD,HUN,260600,6948.0
NLD,HUN,270112,43640.0
NLD,HUN,280429,15809.0
NLD,HUN,280469,1452239.0
NLD,HUN,280470,13558.0
NLD,HUN,280480,5.0
NLD,HUN,282200,2150.0
NLD,HUN,283691,1976785.0
NLD,HUN,283692,20.0
NLD,HUN,711011,6534.0
NLD,HUN,711021,9993.0
NLD,HUN,720292,4453.0
NLD,HUN,720293,7711.0
NLD,HUN,740311,7649.0
NLD,HUN,750210,265549.0
NLD,HUN,810194,5083.0
NLD,HUN,810320,19.0
NLD,HUN,810411,279069.0
NLD,HUN,810820,2568.0
NLD,HUN,811010,143.0
NLD,HUN,811292,816.0
NLD,HUN,850511,221189.0
NLD,IDN,251110,3086.0
NLD,IDN,260200,22194.0
NLD,IDN,260600,18972.0
NLD,IDN,283691,15830.0
NLD,IDN,850511,106088.0
NLD,IND,251110,626918.0
NLD,IND,252922,1011722.0
NLD,IND,260600,242366.0
NLD,IND,280429,153113.0
NLD,IND,280469,949938.0
NLD,IND,282200,15887.0
NLD,IND,283691,870200.0
NLD,IND,283692,112843.0
NLD,IND,720292,3769.0
NLD,IND,720293,330449.0
NLD,IND,740311,12191.0
NLD,IND,750210,141610178.0
NLD,IND,810320,9023.0
NLD,IND,810411,698.0
NLD,IND,810820,1929519.0
NLD,IND,811010,404.0
NLD,IND,850511,95223.0
NLD,IRL,250490,1.0
NLD,IRL,251010,20081.0
NLD,IRL,251110,4178.0
NLD,IRL,252800,1743.0
NLD,IRL,252910,12983.0
NLD,IRL,252922,2523.0
NLD,IRL,260200,1258.0
NLD,IRL,260600,10061.0
NLD,IRL,270112,2285723.0
NLD,IRL,280429,9701.0
NLD,IRL,280469,29850.0
NLD,IRL,280470,563.0
NLD,IRL,280480,12.0
NLD,IRL,282200,4255.0
NLD,IRL,283691,8786.0
NLD,IRL,283692,47.0
NLD,IRL,711011,16950.0
NLD,IRL,711021,17351.0
NLD,IRL,720292,9536.0
NLD,IRL,720293,15968.0
NLD,IRL,740311,14721.0
NLD,IRL,750210,68916.0
NLD,IRL,810194,704.0
NLD,IRL,810320,499.0
NLD,IRL,810411,46866.0
NLD,IRL,810820,4582.0
NLD,IRL,811010,296.0
NLD,IRL,811292,1715.0
NLD,IRL,850511,503322.0
NLD,IRN,750210,5134349.0
NLD,IRQ,850511,1209.0
NLD,ISL,280429,11493.0
NLD,ISL,280469,1853421.0
NLD,ISL,850511,9100.0
NLD,ISR,251110,251008.0
NLD,ISR,280429,60168.0
NLD,ISR,720292,132485.0
NLD,ISR,810320,36616.0
NLD,ISR,811010,131189.0
NLD,ISR,850511,1068585.0
NLD,ITA,250490,9.0
NLD,ITA,251010,48001.0
NLD,ITA,251110,1159968.0
NLD,ITA,252800,62816.0
NLD,ITA,252910,44750.0
NLD,ITA,252922,3163880.0
NLD,ITA,260200,847831.0
NLD,ITA,260600,47674.0
NLD,ITA,270112,17927.0
NLD,ITA,280429,115830.0
NLD,ITA,280469,41023200.0
NLD,ITA,280470,1316.0
NLD,ITA,280480,74554.0
NLD,ITA,282200,4911838.0
NLD,ITA,283691,4786432.0
NLD,ITA,283692,144.0
NLD,ITA,711011,2040159.0
NLD,ITA,711021,4403991.0
NLD,ITA,720292,20409948.0
NLD,ITA,720293,54215644.0
NLD,ITA,740311,300356654.0
NLD,ITA,750210,513321187.0
NLD,ITA,810194,63900.0
NLD,ITA,810320,2068.0
NLD,ITA,810411,17654750.0
NLD,ITA,810820,1361541.0
NLD,ITA,811010,592941.0
NLD,ITA,811292,566134.0
NLD,ITA,850511,1886574.0
NLD,JOR,850511,7167.0
NLD,JPN,260200,17384.0
NLD,JPN,280429,26991.0
NLD,JPN,280469,75843.0
NLD,JPN,720293,198645.0
NLD,JPN,810820,2813.0
NLD,JPN,850511,60706.0
NLD,KAZ,260600,6469.0
NLD,KAZ,280469,227752.0
NLD,KAZ,283691,17611.0
NLD,KAZ,850511,6954.0
NLD,KEN,850511,1154.0
NLD,KGZ,850511,130.0
NLD,KOR,252922,1364.0
NLD,KOR,260200,43506.0
NLD,KOR,260600,91.0
NLD,KOR,270112,60.0
NLD,KOR,280429,4318.0
NLD,KOR,280469,4887.0
NLD,KOR,280470,787.0
NLD,KOR,282200,138684.0
NLD,KOR,740311,2852.0
NLD,KOR,810820,640319.0
NLD,KOR,850511,218346.0
NLD,KWT,251110,112930.0
NLD,KWT,270112,3059.0
NLD,KWT,280429,1554.0
NLD,KWT,283691,1365.0
NLD,KWT,850511,9163.0
NLD,LBN,251110,36494.0
NLD,LBN,260200,4279.0
NLD,LBN,850511,4319.0
NLD,LBR,850511,24.0
NLD,LBY,280429,6705.0
NLD,LBY,850511,4439.0
NLD,LKA,280469,13096.0
NLD,LKA,740311,1143.0
NLD,LKA,850511,1876.0
NLD,LTU,250490,1.0
NLD,LTU,251010,2368.0
NLD,LTU,251110,2482.0
NLD,LTU,252800,209420.0
NLD,LTU,252910,2802.0
NLD,LTU,252922,553.0
NLD,LTU,260200,423.0
NLD,LTU,260600,108.0
NLD,LTU,270112,15161.0
NLD,LTU,280429,2279.0
NLD,LTU,280469,2907.0
NLD,LTU,280470,59.0
NLD,LTU,282200,335.0
NLD,LTU,283691,1391.0
NLD,LTU,283692,6.0
NLD,LTU,711011,7303.0
NLD,LTU,711021,2204.0
NLD,LTU,720292,2151.0
NLD,LTU,720293,155314.0
NLD,LTU,740311,2472.0
NLD,LTU,750210,201419.0
NLD,LTU,810194,66.0
NLD,LTU,810320,7.0
NLD,LTU,810411,2701.0
NLD,LTU,810820,951.0
NLD,LTU,811010,48.0
NLD,LTU,811292,421.0
NLD,LTU,850511,97107.0
NLD,LUX,250490,17.0
NLD,LUX,251010,11901.0
NLD,LUX,251110,3427.0
NLD,LUX,252800,1078.0
NLD,LUX,252910,14450.0
NLD,LUX,252922,756.0
NLD,LUX,260200,3822.0
NLD,LUX,260600,367580.0
NLD,LUX,270112,39497197.0
NLD,LUX,280429,18570.0
NLD,LUX,280469,62475.0
NLD,LUX,280470,4663.0
NLD,LUX,280480,2.0
NLD,LUX,282200,5984.0
NLD,LUX,283691,9963.0
NLD,LUX,283692,55.0
NLD,LUX,711011,23228.0
NLD,LUX,711021,115834.0
NLD,LUX,720292,11175.0
NLD,LUX,720293,184348.0
NLD,LUX,740311,15874.0
NLD,LUX,750210,2369826.0
NLD,LUX,810194,6034.0
NLD,LUX,810320,28.0
NLD,LUX,810411,2458.0
NLD,LUX,810820,997.0
NLD,LUX,811010,647.0
NLD,LUX,811292,950.0
NLD,LUX,850511,25784.0
NLD,LVA,250490,1.0
NLD,LVA,251010,1148.0
NLD,LVA,251110,310.0
NLD,LVA,252800,139.0
NLD,LVA,252910,2191.0
NLD,LVA,252922,202.0
NLD,LVA,260200,46523.0
NLD,LVA,260600,918.0
NLD,LVA,270112,7787.0
NLD,LVA,280429,1818.0
NLD,LVA,280469,57022.0
NLD,LVA,280470,19.0
NLD,LVA,282200,313.0
NLD,LVA,283691,2064.0
NLD,LVA,283692,2.0
NLD,LVA,711011,1041.0
NLD,LVA,711021,1004.9999999999999
NLD,LVA,720292,786.0
NLD,LVA,720293,2483.0
NLD,LVA,740311,1182.0
NLD,LVA,750210,5481.0
NLD,LVA,810194,57.0
NLD,LVA,810320,3.0
NLD,LVA,810411,2080.0
NLD,LVA,810820,435.0
NLD,LVA,811010,20.0
NLD,LVA,811292,111.0
NLD,LVA,850511,13477.0
NLD,MAR,251110,100517.0
NLD,MAR,280429,1523.0
NLD,MAR,280469,26409.0
NLD,MAR,811010,14716.0
NLD,MAR,850511,1886.0
NLD,MDA,850511,3726.0
NLD,MDG,280429,4188.0
NLD,MDV,850511,2.0
NLD,MEX,251110,12674.0
NLD,MEX,280469,504371.0
NLD,MEX,282200,127725.0
NLD,MEX,720292,2493691.0
NLD,MEX,810411,148160.0
NLD,MEX,850511,34961.0
NLD,MKD,280429,224.0
NLD,MKD,850511,3489.0
NLD,MLI,850511,110.0
NLD,MLT,251010,433.0
NLD,MLT,251110,9465.0
NLD,MLT,252800,61.0
NLD,MLT,252910,535.0
NLD,MLT,252922,166.0
NLD,MLT,260200,164.0
NLD,MLT,260600,1194.0
NLD,MLT,270112,7450.0
NLD,MLT,280429,321.0
NLD,MLT,280469,942.0
NLD,MLT,280470,7.0
NLD,MLT,282200,253.0
NLD,MLT,283691,533.0
NLD,MLT,283692,8.0
NLD,MLT,711011,773.0
NLD,MLT,711021,380.0
NLD,MLT,720292,575.0
NLD,MLT,720293,2020.0
NLD,MLT,740311,12527.0
NLD,MLT,750210,3240.0
NLD,MLT,810194,13.0
NLD,MLT,810320,2.0
NLD,MLT,810411,1411.0
NLD,MLT,810820,193.0
NLD,MLT,811010,9.0
NLD,MLT,811292,356.0
NLD,MLT,850511,2734.0
NLD,MNG,850511,653.0
NLD,MOZ,850511,213.0
NLD,MUS,251110,16007.000000000002
NLD,MUS,850511,512.0
NLD,MYS,251110,17940.0
NLD,MYS,260600,35971.0
NLD,MYS,270112,16994790.0
NLD,MYS,280429,1756.0
NLD,MYS,280469,6213.0
NLD,MYS,283691,10749.0
NLD,MYS,720293,66130.0
NLD,MYS,750210,3732611.0
NLD,MYS,810411,10387.0
NLD,MYS,850511,40161.0
NLD,NAM,850511,864.0
NLD,NGA,251110,79511.0
NLD,NGA,260600,5388.0
NLD,NGA,740311,63046.0
NLD,NGA,750210,9755.0
NLD,NGA,850511,3860.0
NLD,NOR,250490,1059.0
NLD,NOR,251110,9547123.0
NLD,NOR,270112,9996.0
NLD,NOR,280429,41935.0
NLD,NOR,280469,988681.0
NLD,NOR,282200,47986.0
NLD,NOR,283691,641614.0
NLD,NOR,720292,396892.0
NLD,NOR,720293,281685.0
NLD,NOR,740311,25590.0
NLD,NOR,810194,630.0
NLD,NOR,810411,3573993.0
NLD,NOR,850511,129032.00000000001
NLD,NZL,280429,2338.0
NLD,NZL,283691,38505.0
NLD,NZL,740311,1788.0
NLD,NZL,750210,95622.0
NLD,NZL,850511,115690.0
NLD,OMN,260600,47659.0
NLD,OMN,280429,3629.0
NLD,OMN,720292,606954.0
NLD,OMN,850511,1824.0
NLD,PAK,282200,28849.0
NLD,PAK,750210,558348.0
NLD,PAK,850511,4310.0
NLD,PER,260200,957.0
NLD,PER,280429,932.0
NLD,PER,280469,37120.0
NLD,PER,740311,13923.0
NLD,PER,750210,882300.0
NLD,PER,850511,3741.0
NLD,PHL,740311,3456.0
NLD,PHL,750210,1195762.0
NLD,PHL,850511,27362.0
NLD,POL,250490,4.0
NLD,POL,251010,27770.0
NLD,POL,251110,2195405.0
NLD,POL,252800,4696.0
NLD,POL,252922,5186.0
NLD,POL,260200,731094.0
NLD,POL,260600,3090441.0
NLD,POL,270112,3088480.0
NLD,POL,280429,1758068.0
NLD,POL,280469,2191969.0
NLD,POL,280470,1599.0
NLD,POL,280480,15298.0
NLD,POL,282200,480146.0
NLD,POL,283691,828421.0
NLD,POL,283692,90.0
NLD,POL,711011,3942701.0
NLD,POL,711021,20175.0
NLD,POL,720292,202549.0
NLD,POL,720293,122263.0
NLD,POL,740311,9723.0
NLD,POL,750210,22575126.0
NLD,POL,810194,25063.0
NLD,POL,810320,90.0
NLD,POL,810411,230879.0
NLD,POL,810820,10446.0
NLD,POL,811010,34072.0
NLD,POL,811292,3010.0
NLD,POL,850511,1040922.0
NLD,PRT,250490,515.0
NLD,PRT,251010,4950.0
NLD,PRT,251110,910421.0
NLD,PRT,252800,858.0
NLD,PRT,252910,4835.0
NLD,PRT,252922,58101.0
NLD,PRT,260200,33431.0
NLD,PRT,260600,8339.0
NLD,PRT,270112,35239.0
NLD,PRT,280429,3036.0
NLD,PRT,280469,396385.0
NLD,PRT,280470,1990.0
NLD,PRT,280480,1.0
NLD,PRT,282200,1914.0
NLD,PRT,283691,136468.0
NLD,PRT,283692,229037.0
NLD,PRT,711011,5163.0
NLD,PRT,711021,5377.0
NLD,PRT,720292,120277.0
NLD,PRT,720293,5931.0
NLD,PRT,740311,346.0
NLD,PRT,750210,25858.0
NLD,PRT,810194,15857.0
NLD,PRT,810320,27.0
NLD,PRT,810411,5952.0
NLD,PRT,810820,2098.0
NLD,PRT,811010,118.0
NLD,PRT,811292,617.0
NLD,PRT,850511,251418.0
NLD,PRY,850511,11.0
NLD,PYF,850511,567.0
NLD,QAT,251110,374.0
NLD,QAT,260600,26564.0
NLD,QAT,280429,11849.0
NLD,QAT,850511,4405.0
NLD,ROU,250490,18.0
NLD,ROU,251010,4746.0
NLD,ROU,251110,162056.0
NLD,ROU,252800,581.0
NLD,ROU,252910,109.0
NLD,ROU,252922,858.0
NLD,ROU,260200,2367.0
NLD,ROU,260600,14495.0
NLD,ROU,270112,661.0
NLD,ROU,280429,33689.0
NLD,ROU,280469,2196839.0
NLD,ROU,280470,7604.0
NLD,ROU,280480,1.0
NLD,ROU,282200,1272.0
NLD,ROU,283691,11119.0
NLD,ROU,283692,118.0
NLD,ROU,711011,5732.0
NLD,ROU,711021,33912.0
NLD,ROU,720292,2823506.0
NLD,ROU,720293,5009280.0
NLD,ROU,740311,4349.0
NLD,ROU,750210,2772482.0
NLD,ROU,810194,5094.0
NLD,ROU,810320,9.0
NLD,ROU,810411,6929548.0
NLD,ROU,810820,1583.0
NLD,ROU,811010,144380.0
NLD,ROU,811292,317.0
NLD,ROU,850511,915850.0
NLD,RUS,251110,647813.0
NLD,RUS,260200,17186.0
NLD,RUS,280469,14743.0
NLD,RUS,282200,6091.0
NLD,RUS,283691,8423915.0
NLD,RUS,720292,247609.0
NLD,RUS,810411,465813.0
NLD,RUS,850511,55694.0
NLD,S19,260200,47609.0
NLD,S19,260600,23133.0
NLD,S19,280429,3550.0
NLD,S19,720293,5025.0
NLD,S19,810194,179459.0
NLD,S19,850511,188811.0
NLD,SAU,251110,418363.0
NLD,SAU,252800,32918.0
NLD,SAU,260600,33065.0
NLD,SAU,280469,9361.0
NLD,SAU,740311,5723687.0
NLD,SAU,750210,6163.0
NLD,SAU,850511,20755.0
NLD,SEN,280469,75860.0
NLD,SEN,850511,3138.0
NLD,SGP,250490,10923.0
NLD,SGP,260200,3213.0
NLD,SGP,280429,31925.0
NLD,SGP,740311,4779.0
NLD,SGP,750210,910797.0
NLD,SGP,810820,1106.0
NLD,SGP,850511,124636.0
NLD,SLE,850511,5876.0
NLD,SRB,280429,3744.0
NLD,SRB,280469,35149.0
NLD,SRB,750210,358656.0
NLD,SRB,810411,3046571.0
NLD,SRB,850511,5115.0
NLD,STP,282200,417.0
NLD,SUR,810411,198.0
NLD,SUR,850511,1028.0
NLD,SVK,250490,1.0
NLD,SVK,251010,4070.9999999999995
NLD,SVK,251110,6677.0
NLD,SVK,252800,105726.0
NLD,SVK,252910,2873.0
NLD,SVK,252922,553.0
NLD,SVK,260200,15246.0
NLD,SVK,260600,38690.0
NLD,SVK,270112,2628338.0
NLD,SVK,280429,514861.99999999994
NLD,SVK,280469,481394.0
NLD,SVK,280470,62.0
NLD,SVK,280480,1.0
NLD,SVK,282200,509346.0
NLD,SVK,283691,1688.0
NLD,SVK,283692,5.0
NLD,SVK,711011,3022.0
NLD,SVK,711021,6782.0
NLD,SVK,720292,148865.0
NLD,SVK,720293,50188.0
NLD,SVK,740311,3077.0
NLD,SVK,750210,14968.0
NLD,SVK,810194,1862.0
NLD,SVK,810320,13.0
NLD,SVK,810411,523028.0
NLD,SVK,810820,1133.0
NLD,SVK,811010,52871.0
NLD,SVK,811292,344.0
NLD,SVK,850511,190383.0
NLD,SVN,250490,1.0
NLD,SVN,251010,19851.0
NLD,SVN,251110,19026.0
NLD,SVN,252800,264.0
NLD,SVN,252910,1711.0
NLD,SVN,252922,289.0
NLD,SVN,260200,11135.0
NLD,SVN,260600,51369.0
NLD,SVN,270112,11017.0
NLD,SVN,280429,92052.0
NLD,SVN,280469,106885.0
NLD,SVN,280470,52.0
NLD,SVN,282200,140514.0
NLD,SVN,283691,2962.0
NLD,SVN,283692,4.0
NLD,SVN,711011,5894.0
NLD,SVN,711021,29009.0
NLD,SVN,720292,568158.0
NLD,SVN,720293,138939.0
NLD,SVN,740311,1864.0
NLD,SVN,750210,469689.0
NLD,SVN,810194,46.0
NLD,SVN,810320,9.0
NLD,SVN,810411,2605.0
NLD,SVN,810820,1044132.0000000001
NLD,SVN,811010,155199.0
NLD,SVN,811292,267.0
NLD,SVN,850511,93230.0
NLD,SWE,250490,2.0
NLD,SWE,251010,21733.0
NLD,SWE,251110,1203363.0
NLD,SWE,252800,2617.0
NLD,SWE,252910,281179.0
NLD,SWE,252922,3203.0
NLD,SWE,260200,94172.0
NLD,SWE,260600,593.0
NLD,SWE,270112,119494.0
NLD,SWE,280429,278508.0
NLD,SWE,280469,15680.0
NLD,SWE,280470,592.0
NLD,SWE,280480,539447.0
NLD,SWE,282200,6171.0
NLD,SWE,283691,113503.0
NLD,SWE,283692,71.0
NLD,SWE,711011,1359.0
NLD,SWE,711021,26334.0
NLD,SWE,720292,2860320.0
NLD,SWE,720293,28969617.0
NLD,SWE,740311,1186.0
NLD,SWE,750210,20244801.0
NLD,SWE,810194,14765.0
NLD,SWE,810320,48.0
NLD,SWE,810411,243097.0
NLD,SWE,810820,6056.0
NLD,SWE,811010,442.0
NLD,SWE,811292,1599.0
NLD,SWE,850511,1085162.0
NLD,SXM,740311,6350.0
NLD,SXM,850511,1242.0
NLD,THA,251110,323.0
NLD,THA,252800,136.0
NLD,THA,260200,19213.0
NLD,THA,260600,824.0
NLD,THA,280429,4380.0
NLD,THA,283691,36161.0
NLD,THA,850511,37330.0
NLD,TUN,850511,5280.0
NLD,TUR,251110,312678.0
NLD,TUR,252910,3.0
NLD,TUR,252922,85068.0
NLD,TUR,260200,286932.0
NLD,TUR,260600,573278.0
NLD,TUR,280429,3525.0
NLD,TUR,280469,57749.0
NLD,TUR,282200,28871.0
NLD,TUR,283691,17579982.0
NLD,TUR,283692,955.0
NLD,TUR,720292,4647663.0
NLD,TUR,720293,1681265.0
NLD,TUR,740311,18679.0
NLD,TUR,750210,11853426.0
NLD,TUR,810194,5779.0
NLD,TUR,810411,751380.0
NLD,TUR,811010,361738.0
NLD,TUR,850511,40381.0
NLD,TZA,850511,744.0
NLD,UGA,850511,978.0
NLD,UKR,282200,4507.0
NLD,UKR,720292,650011.0
NLD,UKR,720293,115079.0
NLD,UKR,750210,3016071.0
NLD,UKR,850511,1083.0
NLD,URY,280429,1928.0
NLD,URY,850511,94.0
NLD,USA,250490,46933.0
NLD,USA,251110,94482.0
NLD,USA,260200,162013.0
NLD,USA,260600,547253.0
NLD,USA,280429,427335.0
NLD,USA,280469,1508146.0
NLD,USA,280470,8057.0
NLD,USA,280480,1002.9999999999999
NLD,USA,282200,2538818.0
NLD,USA,283691,2982295.0
NLD,USA,711021,17863139.0
NLD,USA,720292,45437285.0
NLD,USA,720293,1070909.0
NLD,USA,740311,50021.0
NLD,USA,750210,31275814.0
NLD,USA,810411,5260067.0
NLD,USA,810820,75423.0
NLD,USA,811010,260170.00000000003
NLD,USA,811292,1087492.0
NLD,USA,850511,1574131.0
NLD,UZB,810411,959668.0
NLD,UZB,850511,18.0
NLD,VEN,251110,23113.0
NLD,VEN,811010,57563.0
NLD,VGB,260200,39932.0
NLD,VNM,260600,1206.0
NLD,VNM,280429,6492.0
NLD,VNM,850511,8357.0
NLD,ZAF,251110,241928.0
NLD,ZAF,260200,15223.0
NLD,ZAF,260600,2061.0
NLD,ZAF,280429,1537.0
NLD,ZAF,280469,14315.0
NLD,ZAF,282200,7402.0
NLD,ZAF,720292,153514.0
NLD,ZAF,720293,2224572.0
NLD,ZAF,811010,28107.0
NLD,ZAF,850511,39713.0
NLD,ZMB,850511,15065.0
NLD,ZWE,811010,36497.0
NLD,ZWE,850511,461.0
NOR,AGO,850511,1267.0
NOR,ARE,750210,328938.0
NOR,ARE,811292,9044.0
NOR,ARE,850511,19315.0
NOR,ARG,750210,1309018.0
NOR,ARM,750210,12575.0
NOR,AUS,280469,877.0
NOR,AUS,850511,996.0
NOR,AUT,270112,826719.0
NOR,AUT,280469,85996.0
NOR,AUT,750210,61038509.0
NOR,BEL,260200,52.0
NOR,BEL,280469,1127209.0
NOR,BEL,282200,4366.0
NOR,BEL,750210,395381.0
NOR,BEL,850511,1983.0
NOR,BHR,750210,13702.0
NOR,BHR,850511,1579.0
NOR,BHS,280429,1260.0
NOR,BIH,280469,7952.0
NOR,BIH,750210,168047.0
NOR,BOL,750210,6253.0
NOR,BRA,280429,1304.0
NOR,BRA,280469,117001.0
NOR,BRA,750210,72091012.0
NOR,BRA,850511,44474.0
NOR,CAN,280469,83318.0
NOR,CAN,711021,477750.0
NOR,CAN,750210,3557091.0
NOR,CAN,850511,158496.0
NOR,CHE,280469,116001.0
NOR,CHE,750210,18432818.0
NOR,CHE,850511,128.0
NOR,CHL,750210,16986.0
NOR,CHN,252910,1620.0
NOR,CHN,280469,95101.0
NOR,CHN,711021,11475457.0
NOR,CHN,740311,8026631.0
NOR,CHN,750210,145612507.0
NOR,CHN,810411,11370.0
NOR,CHN,850511,26543.0
NOR,CMR,280429,3958.0
NOR,CMR,850511,1107.0
NOR,COL,750210,496506.0
NOR,COL,850511,5688.0
NOR,CUW,850511,24829.0
NOR,CYP,850511,5075.0
NOR,CZE,280469,123984.0
NOR,CZE,750210,102548.0
NOR,CZE,850511,167.0
NOR,DEU,250490,14197.0
NOR,DEU,252910,676692.0
NOR,DEU,252922,569.0
NOR,DEU,260200,607008.0
NOR,DEU,270112,15086449.0
NOR,DEU,280429,412.0
NOR,DEU,280469,464627616.0
NOR,DEU,711011,2902740.0
NOR,DEU,711021,17239427.0
NOR,DEU,740311,32036409.0
NOR,DEU,750210,190611913.0
NOR,DEU,810411,183686.0
NOR,DEU,850511,1761.0
NOR,DNK,251110,267.0
NOR,DNK,252910,565.0
NOR,DNK,252922,580.0
NOR,DNK,260200,4271.0
NOR,DNK,260600,35.0
NOR,DNK,280429,418277.0
NOR,DNK,280469,7509498.0
NOR,DNK,282200,11.0
NOR,DNK,750210,839.0
NOR,DNK,810194,2536.0
NOR,DNK,810820,561.0
NOR,DNK,850511,57274.0
NOR,ECU,850511,1732.0
NOR,EGY,750210,2523840.0
NOR,ESP,252910,641.0
NOR,ESP,270112,3012756.0
NOR,ESP,280469,820150.0
NOR,ESP,750210,23191854.0
NOR,ESP,811292,294.0
NOR,ESP,850511,21364.0
NOR,EST,260600,10.0
NOR,FIN,252910,11.0
NOR,FIN,260600,38.0
NOR,FIN,280469,3476269.0
NOR,FIN,711011,9956.0
NOR,FIN,711021,12400.0
NOR,FIN,740311,3942914.0
NOR,FIN,850511,9860.0
NOR,FRA,260200,210602.0
NOR,FRA,280469,80718338.0
NOR,FRA,283691,618.0
NOR,FRA,850511,191022.0
NOR,GBR,251110,484741.0
NOR,GBR,252910,21877.0
NOR,GBR,270112,2161742.0
NOR,GBR,280429,14366.0
NOR,GBR,280469,51974990.0
NOR,GBR,711011,53594461.0
NOR,GBR,711021,225647666.0
NOR,GBR,750210,75013270.0
NOR,GBR,810411,211099.0
NOR,GBR,810820,3843.0
NOR,GBR,850511,135994.0
NOR,GIB,850511,2745.0
NOR,GRC,850511,3373.0
NOR,GUY,850511,177.0
NOR,HKG,750210,65586766.0
NOR,HUN,280469,371960.0
NOR,IDN,750210,54000.0
NOR,IND,280469,1243508.0
NOR,IND,750210,120506819.0
NOR,IRL,250490,473.0
NOR,IRL,280469,1538.0
NOR,IRL,711021,12831082.0
NOR,IRL,750210,32893.0
NOR,ISL,280429,27238.0
NOR,ISL,280469,197204.0
NOR,ISL,750210,3067.0
NOR,ISL,850511,2632.0
NOR,ISR,850511,625.0
NOR,ITA,280469,1877601.0
NOR,ITA,711021,3064036.0
NOR,ITA,750210,616145.0
NOR,ITA,810820,105.0
NOR,ITA,850511,9202.0
NOR,JPN,280469,80713419.0
NOR,JPN,711021,21078974.0
NOR,JPN,750210,108962297.0
NOR,JPN,850511,583.0
NOR,KAZ,280469,65894.0
NOR,KEN,750210,10863.0
NOR,KOR,280469,167471.0
NOR,KOR,711021,184276012.0
NOR,KOR,750210,133976418.0
NOR,KOR,810411,4440.0
NOR,KOR,850511,10017.0
NOR,LTU,260600,11.0
NOR,LTU,740311,5344.0
NOR,MAR,750210,63393.0
NOR,MAR,850511,2431.0
NOR,MEX,750210,10811178.0
NOR,MLT,850511,1165.0
NOR,MUS,850511,666.0
NOR,MYS,280469,2523.0
NOR,MYS,750210,9529384.0
NOR,MYS,850511,57547.0
NOR,NGA,850511,40039.0
NOR,NLD,251010,65.0
NOR,NLD,251110,12.0
NOR,NLD,252910,174659.0
NOR,NLD,252922,18.0
NOR,NLD,260200,4.0
NOR,NLD,270112,5192320.0
NOR,NLD,280429,11335.0
NOR,NLD,280469,98816825.0
NOR,NLD,282200,4131.0
NOR,NLD,740311,27341097.0
NOR,NLD,750210,560119103.0
NOR,NLD,850511,68857.0
NOR,NZL,850511,1906.0
NOR,PAK,750210,2900446.0
NOR,PAN,850511,21643.0
NOR,PER,750210,307850.0
NOR,PER,850511,988.0
NOR,PHL,750210,48992.0
NOR,POL,260600,101.0
NOR,POL,270112,24595290.0
NOR,POL,280469,4635646.0
NOR,POL,711021,101331.0
NOR,POL,750210,4662271.0
NOR,POL,850511,3113.0
NOR,PRT,260600,31.0
NOR,PRT,280429,51.0
NOR,PRT,850511,1648.0
NOR,ROU,283691,592.0
NOR,ROU,850511,422.0
NOR,RUS,280429,883.0
NOR,RUS,280469,1949.0
NOR,RUS,850511,1442.0
NOR,S19,280469,85415.0
NOR,S19,750210,27321564.0
NOR,SAU,252800,99980.0
NOR,SAU,750210,3009558.0
NOR,SAU,850511,436.0
NOR,SGP,750210,4424213.0
NOR,SGP,850511,20955.0
NOR,SRB,282200,11748.0
NOR,SRB,750210,9739056.0
NOR,SVK,280469,244139.0
NOR,SVK,810411,1257824.0
NOR,SVK,850511,240.0
NOR,SVN,280469,756388.0
NOR,SVN,750210,1081752.0
NOR,SWE,251110,2616.0
NOR,SWE,252910,3100.0
NOR,SWE,270112,1962478.0
NOR,SWE,280429,53808.0
NOR,SWE,280469,57545681.0
NOR,SWE,283691,99.0
NOR,SWE,711011,93221.0
NOR,SWE,711021,292096.0
NOR,SWE,720292,252.0
NOR,SWE,720293,5734.0
NOR,SWE,740311,96333213.0
NOR,SWE,750210,106760087.0
NOR,SWE,810820,8701.0
NOR,SWE,850511,23168.0
NOR,THA,280469,23306.0
NOR,THA,750210,5627374.0
NOR,THA,810820,1236.0
NOR,THA,850511,96.0
NOR,TTO,850511,17952.0
NOR,TUN,750210,67814.0
NOR,TUR,252910,64723.0
NOR,TUR,280469,20902.0
NOR,TUR,750210,27258205.0
NOR,UKR,280469,316401.0
NOR,UKR,711011,27458.0
NOR,UKR,711021,139143.0
NOR,UKR,750210,2307772.0
NOR,USA,250490,24276.0
NOR,USA,280469,95805747.0
NOR,USA,711011,2292567.0
NOR,USA,711021,9066918.0
NOR,USA,750210,326507557.0
NOR,USA,810820,1068.0
NOR,USA,850511,107412.0
NOR,UZB,750210,55385.0
NOR,VNM,750210,6187857.0
NOR,ZAF,280429,155.0
NOR,ZAF,280469,163449.0
NOR,ZAF,711011,2740774.0
NOR,ZAF,750210,36599.0
NOR,ZAF,850511,8.0
NPL,CAN,280469,1785.0
NPL,CAN,850511,21.0
NPL,CHE,850511,1246.0
NPL,CHN,850511,4.0
NPL,FRA,850511,140.0
NPL,JPN,850511,2563.0
NRU,AUS,251010,3715519.0
NRU,GBR,850511,1690.0
NRU,IND,251010,5981194.0
NRU,KOR,251010,23426633.0
NZL,ARE,850511,74.0
NZL,ARG,850511,232.0
NZL,AUS,251110,23382.0
NZL,AUS,252910,305010.0
NZL,AUS,280429,47941.0
NZL,AUS,280469,680.0
NZL,AUS,280470,2218.0
NZL,AUS,711011,593.0
NZL,AUS,711021,18322.0
NZL,AUS,850511,9213.0
NZL,BEL,850511,4.0
NZL,BRA,850511,222.0
NZL,CAN,850511,22227.0
NZL,CHN,270112,39804530.0
NZL,CHN,850511,516.0
NZL,COK,850511,5.0
NZL,CZE,850511,3.0
NZL,DEU,850511,506597.0
NZL,DNK,850511,11.0
NZL,DOM,850511,13.0
NZL,ESP,850511,39.0
NZL,FJI,251010,343.0
NZL,FJI,251110,18069.0
NZL,FJI,270112,46.0
NZL,FJI,280429,446.0
NZL,FJI,280469,27985.0
NZL,FJI,280470,248.0
NZL,FJI,283692,259.0
NZL,FJI,850511,370.0
NZL,FRA,850511,538.0
NZL,GBR,810194,34328.0
NZL,GBR,850511,1.0
NZL,HKG,850511,2.0
NZL,IND,850511,15.0
NZL,IRL,850511,52.0
NZL,ITA,850511,3.0
NZL,JAM,283691,9764.0
NZL,JPN,270112,116995125.0
NZL,JPN,850511,9535.0
NZL,KOR,270112,83843555.0
NZL,KOR,850511,2513.0
NZL,MEX,850511,11.0
NZL,MNG,850511,3.0
NZL,MYS,740311,439231.0
NZL,NCL,850511,455.0
NZL,NLD,283691,711.0
NZL,NLD,850511,8.0
NZL,NOR,850511,11.0
NZL,PAK,850511,25.0
NZL,PNG,280469,311.0
NZL,POL,850511,51.0
NZL,PRT,850511,5.0
NZL,PYF,850511,437.0
NZL,S19,850511,8.0
NZL,SGP,280429,12656.0
NZL,SGP,850511,514.0
NZL,SRB,251010,900.0
NZL,SVK,850511,405.0
NZL,SWE,850511,4.0
NZL,THA,711021,643175.0
NZL,THA,850511,1170.0
NZL,TON,250490,1165.0
NZL,TON,251110,1103.0
NZL,TON,280469,286.0
NZL,TUR,850511,200.0
NZL,USA,280429,6728.0
NZL,USA,740311,4.0
NZL,USA,850511,4605184.0
NZL,VUT,251110,126.0
NZL,VUT,850511,216.0
NZL,WSM,850511,2218.0
NZL,ZAF,251010,56128.0
NZL,ZAF,850511,29.0
OMN,ARE,251110,211580.0
OMN,ARE,252910,23233.0
OMN,ARE,252922,242.0
OMN,ARE,260600,4529.0
OMN,ARE,811010,136270.0
OMN,ARE,850511,4538.0
OMN,ARG,811010,79363.0
OMN,AUT,811010,334400.0
OMN,BEL,811010,10564124.0
OMN,BHR,750210,8548.0
OMN,BRA,811010,225791.0
OMN,CAN,811010,668312.0
OMN,CHN,260200,82827.0
OMN,CHN,740311,1316171.0
OMN,CHN,850511,320.0
OMN,DEU,811010,31486.0
OMN,DEU,850511,166.0
OMN,EGY,252800,23823.0
OMN,EGY,280429,502.0
OMN,ESP,811010,1723367.0
OMN,FRA,811010,4719797.0
OMN,FRA,850511,4632.0
OMN,GBR,811010,441052.0
OMN,IND,811010,7243317.0
OMN,IRN,720292,1171853.0
OMN,IRN,720293,4168354.0000000005
OMN,IRN,750210,2775174.0
OMN,IRN,850511,2533.0
OMN,ITA,811010,310918.0
OMN,LKA,811010,156785.0
OMN,MKD,811010,116299.0
OMN,NLD,811010,3873932.0
OMN,POL,811010,1019892.0
OMN,QAT,251110,360951.0
OMN,QAT,252910,10187.0
OMN,SRB,811010,215345.0
OMN,TUR,811010,918593.0
OMN,UGA,811010,121950.0
OMN,UKR,811010,46355.0
OMN,USA,811010,12438309.0
OMN,YEM,251110,11714.0
OMN,ZAF,250490,10.0
PAK,ARE,251110,714230.0
PAK,ARE,280429,121.0
PAK,ARE,850511,3629.0
PAK,BEL,251010,792.0
PAK,BGD,252910,5709.0
PAK,CAN,252800,394.0
PAK,CAN,850511,2410.0
PAK,CHN,250490,150.0
PAK,CHN,252910,1952.0
PAK,CHN,260200,53719.0
PAK,CHN,270112,25.0
PAK,CHN,850511,39087.0
PAK,CIV,850511,31.0
PAK,CZE,850511,102.0
PAK,FRA,252922,60.0
PAK,GBR,250490,9.0
PAK,GBR,252922,4609.0
PAK,GBR,850511,7494.0
PAK,IDN,252910,5562.0
PAK,IRL,250490,240.0
PAK,ISL,850511,161.0
PAK,KEN,850511,127.0
PAK,KOR,251110,5825.0
PAK,KOR,252910,238636.0
PAK,KOR,252922,12619.0
PAK,KOR,260600,19.0
PAK,KWT,251110,10557342.0
PAK,MYS,251010,895850.0
PAK,MYS,260200,23018.0
PAK,NLD,251010,52.0
PAK,NLD,252922,101.0
PAK,NLD,850511,1891.0
PAK,NOR,850511,331.0
PAK,OMN,250490,127.0
PAK,OMN,251110,919527.0
PAK,OMN,260600,314358.0
PAK,OMN,850511,1202.0
PAK,POL,850511,6902.0
PAK,S19,252910,175310.0
PAK,SAU,810320,814.0
PAK,SAU,850511,12217.0
PAK,SGP,850511,8.0
PAK,SVN,850511,122.0
PAK,THA,251110,10566.0
PAK,THA,252910,6514.0
PAK,THA,740311,490.0
PAK,TUR,252910,10.0
PAK,TUR,252922,2.0
PAK,TUR,810194,98.0
PAK,USA,260600,5781.0
PAK,USA,811292,117791.0
PAK,USA,850511,40353.0
PAK,VNM,252922,60546.0
PAK,VNM,260200,75278.0
PAN,BLZ,850511,552.0
PAN,CHE,711011,25694.0
PAN,CHE,850511,178.0
PAN,CHL,850511,453.0
PAN,COL,250490,747.0
PAN,CRI,850511,646.0
PAN,CUB,850511,4.0
PAN,DOM,850511,256.0
PAN,ECU,850511,120.0
PAN,ESP,850511,109.0
PAN,GTM,250490,793.0
PAN,GTM,251110,132.0
PAN,GUY,850511,580.0
PAN,PRY,850511,188.0
PAN,S19,811292,220421.0
PAN,USA,280469,227977.0
PER,ARG,251010,48122831.0
PER,BOL,251110,63744.0
PER,BOL,252800,430.0
PER,BOL,280429,18160.0
PER,BOL,720292,2864.0
PER,BOL,720293,20448.0
PER,BOL,750210,33068.0
PER,BOL,850511,67.0
PER,BRA,251010,106239214.0
PER,BRA,251110,162142.0
PER,BRA,740311,380447330.0
PER,BRB,850511,135.0
PER,CHE,850511,32.0
PER,CHL,250490,2618.0
PER,CHL,251010,1947632.0
PER,CHL,251110,633019.0
PER,CHL,252800,39496.0
PER,CHL,252910,370616.0
PER,CHL,252922,7418.0
PER,CHL,280429,251748.0
PER,CHL,283691,1884.0
PER,CHL,740311,33.0
PER,CHL,850511,11471.0
PER,CHN,260200,25191.0
PER,CHN,740311,1296732879.0
PER,COL,251110,1931146.0
PER,COL,252800,1812256.0
PER,COL,252922,35059.0
PER,COL,740311,4154884.0
PER,COL,750210,10618.0
PER,COL,850511,1261.0
PER,CRI,251010,91438.0
PER,CRI,252800,57479.0
PER,CRI,850511,150.0
PER,CUB,251110,717525.0
PER,CZE,850511,167.0
PER,DEU,252800,18171.0
PER,DEU,740311,1577816.0
PER,ECU,251010,37269.0
PER,ECU,251110,2577336.0
PER,ECU,252800,47899.0
PER,ECU,252910,30276.0
PER,ECU,740311,8498975.0
PER,ECU,811010,37080518.0
PER,ECU,850511,721.0
PER,ESP,251010,331.0
PER,ESP,280469,224.0
PER,ESP,740311,22218289.0
PER,ESP,850511,95.0
PER,FRA,251110,203.0
PER,GRC,252800,29600.0
PER,GTM,251110,5996.0
PER,GTM,252800,101753.0
PER,HKG,740311,3842734.0
PER,IDN,251010,16355213.0
PER,IND,251010,14914377.0
PER,IND,260200,148414.0
PER,ITA,740311,241135931.0
PER,ITA,850511,316.0
PER,KOR,270112,1032.0
PER,KOR,740311,29939991.0
PER,KOR,850511,1888.0
PER,MEX,251010,11237889.0
PER,MEX,740311,6299961.0
PER,MYS,251010,6508813.0
PER,MYS,252800,510931.0
PER,NIC,251010,6703.0
PER,NLD,252800,1656.0
PER,NLD,270112,436.0
PER,NLD,740311,8399745.0
PER,NZL,251010,2902538.0
PER,NZL,252800,251154.0
PER,PAN,251010,7163.0
PER,POL,750210,831208.0
PER,POL,850511,53.0
PER,PRY,250490,96.0
PER,PRY,251010,3511745.0
PER,S19,740311,20664627.0
PER,SGP,740311,7976761.0
PER,THA,740311,15844958.0
PER,URY,251010,5428824.0
PER,USA,251010,299951587.0
PER,USA,252800,68233.0
PER,USA,711011,278282.0
PER,USA,740311,466814872.0
PER,USA,850511,14394.0
PER,VEN,251110,24360.0
PER,VEN,252800,5.0
PHL,ARG,850511,3170.0
PHL,AUS,810320,52923.0
PHL,AUS,850511,7298.0
PHL,AUT,850511,152.0
PHL,BEL,850511,1666.0
PHL,CAN,850511,404715.0
PHL,CHE,283691,7.0
PHL,CHE,850511,1731479.0
PHL,CHN,280429,201695.0
PHL,CHN,740311,762030465.0
PHL,CHN,850511,40464419.0
PHL,COL,850511,848.0
PHL,CZE,850511,538.0
PHL,DEU,280429,9600.0
PHL,DEU,810320,11889.0
PHL,DEU,811292,2481397.0
PHL,DEU,850511,53911402.0
PHL,ECU,850511,385.0
PHL,ESP,850511,4278.0
PHL,FIN,850511,1770.0
PHL,FRA,850511,5922253.0
PHL,GBR,850511,3065.0
PHL,HKG,850511,13367138.0
PHL,HUN,850511,1166539.0
PHL,IDN,280429,467845.0
PHL,IDN,740311,115508479.0
PHL,IND,850511,1993.0
PHL,IRL,850511,21689.0
PHL,ISL,850511,21.0
PHL,JPN,280429,8970691.0
PHL,JPN,711011,43712.0
PHL,JPN,711021,3844564.0
PHL,JPN,811292,3225560.0
PHL,JPN,850511,371948833.0
PHL,KOR,270112,283953747.0
PHL,KOR,740311,64716750.0
PHL,KOR,750210,341243.0
PHL,KOR,811292,545537.0
PHL,KOR,850511,64627450.0
PHL,MEX,850511,658436.0
PHL,MKD,850511,13.0
PHL,MYS,740311,97044459.0
PHL,MYS,850511,3555952.0
PHL,NLD,250490,38.0
PHL,NOR,850511,1997.0
PHL,NZL,850511,908.0
PHL,PER,850511,2482.0
PHL,S19,280429,16572.0
PHL,S19,740311,30732595.0
PHL,S19,810194,92750.0
PHL,S19,810820,6480.0
PHL,S19,811292,1220589.0
PHL,S19,850511,258527.0
PHL,SGP,250490,100.0
PHL,SGP,280429,3152.0
PHL,SGP,811292,948547.0
PHL,SGP,850511,10831.0
PHL,SRB,850511,7194075.0
PHL,SVK,850511,2660602.0
PHL,SVN,850511,323974.0
PHL,SWE,280429,24412.0
PHL,SWE,850511,1384.0
PHL,THA,740311,445440900.0
PHL,THA,850511,1947793.0
PHL,USA,850511,7215138.0
PHL,UZB,850511,7870.0
PHL,VNM,740311,150474813.0
PHL,VNM,850511,1647604.0
PHL,ZAF,850511,421.0
PLW,S19,811292,22462.0
PNG,AUS,260200,7084.0
PNG,AUS,280429,7713.0
PNG,CAN,260600,7.0
PNG,CHN,280429,10.0
PNG,IRL,280429,6490.0
PNG,ITA,711011,76410.0
PNG,JPN,280429,41.0
PNG,MYS,280429,1077.0
PNG,S19,280429,10.0
PNG,SGP,260600,2154.0
POL,ALB,280429,57190.0
POL,ALB,850511,733.0
POL,ARE,252922,703.0
POL,ARE,260600,8672.0
POL,ARE,283691,860.0
POL,ARE,850511,37103.0
POL,ARG,252800,335.0
POL,ARM,280429,108900.0
POL,ARM,282200,4892.0
POL,ARM,850511,142.0
POL,AUS,251110,4237.0
POL,AUS,850511,3950.0
POL,AUT,252800,16166.0
POL,AUT,270112,355509640.0
POL,AUT,280429,41427.0
POL,AUT,280469,108293.0
POL,AUT,740311,11111693.0
POL,AUT,750210,333452.0
POL,AUT,850511,145582.0
POL,AZE,280429,85988.0
POL,AZE,850511,62.0
POL,BEL,251010,241.0
POL,BEL,251110,41839.0
POL,BEL,260200,2559.0
POL,BEL,270112,1494617.0
POL,BEL,280429,11238.0
POL,BEL,280469,669330.0
POL,BEL,280470,2318070.0
POL,BEL,283691,22306.0
POL,BEL,283692,72370.0
POL,BEL,711011,10070527.0
POL,BEL,711021,32746691.0
POL,BEL,720292,224838.0
POL,BEL,740311,3090381.0
POL,BEL,850511,39092.0
POL,BGR,251110,4503.0
POL,BGR,252800,7494.0
POL,BGR,260200,3049.0
POL,BGR,270112,71.0
POL,BGR,280429,35121.0
POL,BGR,280469,146989.0
POL,BGR,280480,4941.0
POL,BGR,282200,5724.0
POL,BGR,283691,726.0
POL,BGR,740311,4394120.0
POL,BGR,750210,140705.0
POL,BGR,810411,137262.0
POL,BGR,811010,1878.0
POL,BGR,850511,5072.0
POL,BHR,850511,115.0
POL,BIH,280429,38224.0
POL,BIH,810411,325.0
POL,BIH,850511,1265.0
POL,BLR,251110,6987.0
POL,BLR,283691,17901.0
POL,BLR,750210,294466.0
POL,BLR,810411,178000.0
POL,BLR,850511,13949.0
POL,BLZ,850511,10.0
POL,BOL,280429,90081.0
POL,BRA,280429,254287.0
POL,BRA,750210,17722.0
POL,BRA,850511,1526.0
POL,CAN,811292,1264718.0
POL,CAN,850511,11408.0
POL,CHE,280429,69852.0
POL,CHE,750210,13908.0
POL,CHE,850511,58828.0
POL,CHL,740311,2872.0
POL,CHL,850511,869.0
POL,CHN,250490,178.0
POL,CHN,252800,246.0
POL,CHN,280429,73298.0
POL,CHN,740311,571649491.0
POL,CHN,811292,92057.0
POL,CHN,850511,141260.0
POL,CMR,850511,60.0
POL,COL,850511,4126.0
POL,CYP,850511,397.0
POL,CZE,251010,8452.0
POL,CZE,251110,8641.0
POL,CZE,252800,24157.0
POL,CZE,252910,5308.0
POL,CZE,260200,3887.0
POL,CZE,260600,5775.0
POL,CZE,270112,766997930.0
POL,CZE,280429,2507417.0
POL,CZE,280469,1691275.0
POL,CZE,280470,126.0
POL,CZE,282200,102025.0
POL,CZE,283691,3487.0
POL,CZE,711011,141371.0
POL,CZE,711021,24319.0
POL,CZE,720292,39235.0
POL,CZE,740311,15966413.0
POL,CZE,750210,2859895.0
POL,CZE,810194,7.0
POL,CZE,810411,522667.00000000006
POL,CZE,810820,122378.0
POL,CZE,811292,26574.0
POL,CZE,850511,135296.0
POL,DEU,250490,10738.0
POL,DEU,251110,182.0
POL,DEU,252800,264555.0
POL,DEU,260200,152082.0
POL,DEU,260600,11080.0
POL,DEU,270112,26104744.0
POL,DEU,280429,12847021.0
POL,DEU,280469,596395.0
POL,DEU,280470,50178843.0
POL,DEU,282200,7541.0
POL,DEU,283691,90653.0
POL,DEU,711011,2548580.0
POL,DEU,711021,2833774.0
POL,DEU,720292,62623.0
POL,DEU,720293,32371.000000000004
POL,DEU,740311,879246584.0
POL,DEU,750210,1636336.0
POL,DEU,810320,79.0
POL,DEU,810411,469472.0
POL,DEU,810820,175251.0
POL,DEU,811292,73440.0
POL,DEU,850511,5236138.0
POL,DNK,251110,34.0
POL,DNK,260200,15663.0
POL,DNK,280429,424796.0
POL,DNK,810194,468.0
POL,DNK,850511,101116.0
POL,DZA,740311,3228363.0
POL,ECU,850511,8.0
POL,EGY,280429,4602.0
POL,EGY,740311,2521733.0
POL,EGY,850511,5011.0
POL,ESP,250490,12.0
POL,ESP,252800,22009.0
POL,ESP,260600,176995.0
POL,ESP,280429,194333.0
POL,ESP,720292,575260.0
POL,ESP,740311,92710.0
POL,ESP,750210,1608911.0
POL,ESP,810194,4530.0
POL,ESP,850511,95225.0
POL,EST,280429,129638.0
POL,EST,280470,14110.0
POL,EST,280480,4906.0
POL,EST,283691,18520.0
POL,EST,750210,104444.0
POL,EST,810411,8514.0
POL,EST,811010,14077.0
POL,EST,850511,5488.0
POL,ETH,280429,14172.0
POL,FIN,251110,10566.0
POL,FIN,270112,13803489.0
POL,FIN,280429,19393.0
POL,FIN,850511,21903.0
POL,FRA,250490,33.0
POL,FRA,251110,52259.0
POL,FRA,252800,7575.0
POL,FRA,270112,58262905.0
POL,FRA,280429,603417.0
POL,FRA,280469,158.0
POL,FRA,283691,3303.0
POL,FRA,720292,280771.0
POL,FRA,740311,192546842.0
POL,FRA,750210,8260331.0
POL,FRA,810820,165637.0
POL,FRA,811010,26519.0
POL,FRA,811212,112316.0
POL,FRA,850511,273255.0
POL,GBR,250490,6477.0
POL,GBR,251010,37.0
POL,GBR,251110,73.0
POL,GBR,260600,3328.0
POL,GBR,270112,661.0
POL,GBR,280429,3774202.0
POL,GBR,280480,7484.0
POL,GBR,720292,78366.0
POL,GBR,810320,516.0
POL,GBR,810820,3367.0
POL,GBR,850511,155202.0
POL,GEO,850511,3186.0
POL,GHA,850511,2058.0
POL,GRC,280429,54986.0
POL,GRC,810411,76.0
POL,GRC,850511,17080.0
POL,HKG,280429,1526232.0
POL,HKG,850511,132.0
POL,HRV,280429,2155.0
POL,HRV,740311,2212987.0
POL,HRV,850511,14173.0
POL,HUN,251110,31131.0
POL,HUN,252800,1091.0
POL,HUN,260600,691.0
POL,HUN,270112,26344990.0
POL,HUN,280429,94282.0
POL,HUN,280469,1724557.0
POL,HUN,280480,2968.0
POL,HUN,282200,2927.0
POL,HUN,720292,26146.0
POL,HUN,740311,1214139.0
POL,HUN,750210,41222.0
POL,HUN,810411,218667.0
POL,HUN,811010,24219.0
POL,HUN,850511,57649.0
POL,IDN,252910,5110.0
POL,IDN,810320,123176.0
POL,IDN,850511,186.0
POL,IND,252922,157.0
POL,IND,280469,23147.0
POL,IND,850511,11010.0
POL,IRL,252800,24.0
POL,IRL,270112,2266598.0
POL,IRL,280429,188.0
POL,IRL,280469,109184.0
POL,IRL,720293,1157.0
POL,IRL,850511,10924.0
POL,IRQ,850511,402.0
POL,ISL,280469,355.0
POL,ISL,850511,2651.0
POL,ISR,280429,1644674.0
POL,ISR,850511,101.0
POL,ITA,250490,45754.0
POL,ITA,251110,3745.0
POL,ITA,280429,7330182.0
POL,ITA,280469,99802.0
POL,ITA,280470,5138090.0
POL,ITA,711011,7135198.0
POL,ITA,711021,16399946.0
POL,ITA,720292,526698.0
POL,ITA,740311,541712374.0
POL,ITA,750210,467142.0
POL,ITA,810411,164276.0
POL,ITA,810820,259599.0
POL,ITA,850511,240277.0
POL,JPN,280469,98.0
POL,JPN,811292,359110.0
POL,JPN,850511,7496.0
POL,KAZ,251110,4555.0
POL,KAZ,252910,83.0
POL,KAZ,252922,3162.0
POL,KAZ,260600,29003.0
POL,KAZ,850511,11745.0
POL,KGZ,850511,76.0
POL,KOR,740311,2361682.0
POL,KOR,810820,539.0
POL,KOR,850511,2248.0
POL,KWT,850511,206.0
POL,LBN,850511,534.0
POL,LKA,850511,24.0
POL,LTU,250490,13856.0
POL,LTU,251010,2928.0
POL,LTU,251110,9781.0
POL,LTU,270112,1374891.0
POL,LTU,280429,288236.0
POL,LTU,282200,3339.0
POL,LTU,750210,138290.0
POL,LTU,850511,47932.0
POL,LUX,250490,4576.0
POL,LUX,252800,50763.0
POL,LUX,252910,174.0
POL,LUX,260600,574.0
POL,LUX,850511,3371.0
POL,LVA,280429,465033.0
POL,LVA,280469,870585.0
POL,LVA,283691,2364.0
POL,LVA,750210,18099.0
POL,LVA,810411,9490.0
POL,LVA,811010,3058.0
POL,LVA,850511,66995.0
POL,MAR,282200,3718.0
POL,MAR,850511,88.0
POL,MDA,280429,57515.0
POL,MDA,850511,5670.0
POL,MEX,260600,1064.0
POL,MEX,850511,21981.0
POL,MKD,280429,1405.0
POL,MKD,850511,250.0
POL,MLT,280429,13537.0
POL,MLT,850511,1941.0
POL,MNE,250490,2545.0
POL,MNE,280429,3263.0
POL,MNE,850511,54.0
POL,MNG,280429,56323.0
POL,MYS,740311,16178145.0
POL,MYS,850511,12542.0
POL,NGA,850511,289.0
POL,NLD,250490,979171.0
POL,NLD,251010,51083.0
POL,NLD,251110,37619.0
POL,NLD,252800,4420.0
POL,NLD,252910,15563.0
POL,NLD,252922,1991.0
POL,NLD,260200,7020.0
POL,NLD,260600,53705.0
POL,NLD,270112,581692.0
POL,NLD,280429,493493.0
POL,NLD,280469,275239.0
POL,NLD,280470,14.0
POL,NLD,280480,7.0
POL,NLD,282200,22275.0
POL,NLD,283691,71554.0
POL,NLD,283692,480.0
POL,NLD,711011,12770.0
POL,NLD,711021,40715.0
POL,NLD,720292,124620.0
POL,NLD,720293,202.0
POL,NLD,740311,36142.0
POL,NLD,750210,382018.0
POL,NLD,810194,3.0
POL,NLD,810320,803.0
POL,NLD,810411,30181.0
POL,NLD,810820,122415.0
POL,NLD,811010,162107.0
POL,NLD,811292,609.0
POL,NLD,850511,285957.0
POL,NOR,252800,21.0
POL,NOR,270112,17776874.0
POL,NOR,280429,18572.0
POL,NOR,280469,429.0
POL,NOR,720292,202743.0
POL,NOR,720293,136492.0
POL,NOR,810820,19.0
POL,NOR,811010,234.0
POL,NOR,850511,33390.0
POL,NZL,850511,35907.0
POL,OMN,850511,9.0
POL,PER,850511,12.0
POL,PHL,283691,78115.0
POL,PRT,251110,59.0
POL,PRT,280429,31948.0
POL,PRT,850511,3243.0
POL,PYF,850511,38.0
POL,QAT,850511,54.0
POL,ROU,250490,56.0
POL,ROU,251110,5575.0
POL,ROU,252910,1669.0
POL,ROU,252922,1589.0
POL,ROU,260200,43067.0
POL,ROU,280429,2017538.0
POL,ROU,280469,1480912.0
POL,ROU,280480,1609.0
POL,ROU,282200,26710.0
POL,ROU,283691,11.0
POL,ROU,720292,811306.0
POL,ROU,720293,35598.0
POL,ROU,740311,608116.0
POL,ROU,750210,284605.0
POL,ROU,810411,213865.0
POL,ROU,810820,26757.0
POL,ROU,850511,69197.0
POL,RUS,251110,118.0
POL,RUS,252800,19993.0
POL,RUS,252910,2.0
POL,RUS,280429,6126443.0
POL,RUS,282200,120678.0
POL,RUS,720293,1598868.0
POL,RUS,750210,906.0
POL,RUS,810194,8007.0
POL,RUS,811292,255.0
POL,RUS,850511,69387.0
POL,S19,740311,12661230.0
POL,S19,850511,67.0
POL,SAU,270112,272098.0
POL,SAU,850511,3067.0
POL,SGP,740311,12991065.0
POL,SGP,750210,28.0
POL,SGP,850511,4259.0
POL,SRB,250490,977.0
POL,SRB,251110,24268.0
POL,SRB,252800,11.0
POL,SRB,252910,112.0
POL,SRB,280429,11846.0
POL,SRB,750210,24465.0
POL,SRB,810411,5859.0
POL,SRB,811292,1281.0
POL,SRB,850511,9570.0
POL,SVK,250490,428742.0
POL,SVK,251110,39.0
POL,SVK,260200,15715181.0
POL,SVK,260600,24562.0
POL,SVK,270112,113824196.0
POL,SVK,280429,430182.0
POL,SVK,280469,1848432.0
POL,SVK,720292,349237.0
POL,SVK,720293,238344.0
POL,SVK,740311,1347563.0
POL,SVK,750210,200206.0
POL,SVK,810411,32643.0
POL,SVK,810820,14393.0
POL,SVK,811010,52385.0
POL,SVK,850511,41121.0
POL,SVN,280429,110157.0
POL,SVN,283691,20096.0
POL,SVN,720292,30347.0
POL,SVN,720293,194151.0
POL,SVN,750210,122945.0
POL,SVN,850511,9996.0
POL,SWE,252800,57852.0
POL,SWE,252922,565.0
POL,SWE,280429,79367.0
POL,SWE,283691,46541.0
POL,SWE,750210,30811.0
POL,SWE,850511,48390.0
POL,THA,740311,113077852.0
POL,THA,850511,104.0
POL,TUN,850511,36.0
POL,TUR,252910,10.0
POL,TUR,260600,15.0
POL,TUR,280429,1193563.0
POL,TUR,280480,27073.0
POL,TUR,740311,63717778.0
POL,TUR,810820,139.0
POL,TUR,811010,928850.0
POL,TUR,811292,236156.0
POL,TUR,850511,297298.0
POL,TZA,850511,44.0
POL,UKR,251110,15095.0
POL,UKR,252910,61613.0
POL,UKR,260600,136140.0
POL,UKR,270112,30714332.0
POL,UKR,280429,4078643.0
POL,UKR,280469,485020.0
POL,UKR,280470,38630.0
POL,UKR,280480,14859.0
POL,UKR,282200,90779.0
POL,UKR,283691,11736.0
POL,UKR,711021,126443.0
POL,UKR,720292,7735.0
POL,UKR,720293,15036.0
POL,UKR,750210,7116.0
POL,UKR,810411,3632.0
POL,UKR,811010,99386.0
POL,UKR,850511,30709.0
POL,URY,850511,30.0
POL,USA,251110,87.0
POL,USA,252800,189.0
POL,USA,252922,67640.0
POL,USA,280429,36732.0
POL,USA,740311,2924.0
POL,USA,810411,5700.0
POL,USA,810820,608232.0
POL,USA,811292,1509153.0
POL,USA,850511,590076.0
POL,UZB,260200,13820.0
POL,VNM,740311,54086645.0
POL,VNM,850511,78.0
POL,ZAF,252922,185.0
POL,ZAF,810820,271506.0
POL,ZAF,850511,6048.0
POL,ZWE,850511,933.0
PRK,LBR,850511,2.0
PRK,NLD,750210,4449738.0
PRK,PNG,280469,2977.0
PRT,AGO,251010,108.0
PRT,AGO,251110,23772.0
PRT,AGO,252800,7915.0
PRT,AGO,252910,2196.0
PRT,AGO,260200,4026.0
PRT,AGO,270112,51.0
PRT,AGO,280429,176206.0
PRT,AGO,280469,6806.0
PRT,AGO,280470,35331.0
PRT,AGO,283691,38.0
PRT,AGO,810194,114.0
PRT,AGO,810411,105.0
PRT,AGO,850511,16602.0
PRT,ARE,252910,6.0
PRT,ARE,280429,54811.0
PRT,ARE,282200,642.0
PRT,ARE,810320,147.0
PRT,ARE,850511,260.0
PRT,AUS,280429,2076221.0
PRT,AUS,280469,265.0
PRT,AUS,850511,93.0
PRT,AUT,280429,33306.0
PRT,AUT,850511,240676.0
PRT,BEL,252910,65858.0
PRT,BEL,711011,215728.0
PRT,BEL,711021,431794.0
PRT,BEL,850511,99.0
PRT,BGR,850511,272.0
PRT,BHR,850511,34.0
PRT,BIH,280429,14682.0
PRT,BIH,850511,503.0
PRT,BRA,252910,59.0
PRT,BRA,750210,25345.0
PRT,BRA,850511,1695.0
PRT,CAN,850511,170.0
PRT,CHE,250490,47.0
PRT,CHE,251110,14839.0
PRT,CHE,280429,112324.0
PRT,CHE,280469,371.0
PRT,CHE,850511,8454.0
PRT,CHL,280429,79431.0
PRT,CHL,850511,2455.0
PRT,CHN,250490,3414.0
PRT,CHN,850511,11641.0
PRT,COL,250490,241.0
PRT,COL,282200,19374.0
PRT,COL,850511,2752.0
PRT,CPV,251110,3079.0
PRT,CPV,252800,1896.0
PRT,CPV,252910,1490.0
PRT,CPV,280429,43876.0
PRT,CPV,282200,1433.0
PRT,CPV,740311,2.0
PRT,CPV,850511,2657.0
PRT,CZE,280429,24822.0
PRT,CZE,850511,584.0
PRT,DEU,251110,2485.0
PRT,DEU,280429,507548.0
PRT,DEU,280469,194739.0
PRT,DEU,711011,27559.0
PRT,DEU,711021,38024.0
PRT,DEU,740311,1872978.0
PRT,DEU,850511,5562.0
PRT,DNK,280429,9403.0
PRT,DNK,850511,64.0
PRT,DZA,252910,36158.0
PRT,DZA,850511,2872.0
PRT,ESP,251010,172390.0
PRT,ESP,251110,104853.0
PRT,ESP,252800,1054.0
PRT,ESP,252910,1496257.0
PRT,ESP,260600,4596.0
PRT,ESP,280429,916504.0
PRT,ESP,280469,96070.0
PRT,ESP,283691,1144.0
PRT,ESP,740311,215779.0
PRT,ESP,810194,1078.0
PRT,ESP,810411,4030.0000000000005
PRT,ESP,850511,146694.0
PRT,EST,280429,3198.0
PRT,EST,850511,312.0
PRT,FIN,280429,4737.0
PRT,FIN,850511,4637.0
PRT,FRA,251110,17879.0
PRT,FRA,252910,464.0
PRT,FRA,280429,1490060.0
PRT,FRA,280469,464.0
PRT,FRA,282200,17.0
PRT,FRA,711021,151243.0
PRT,FRA,850511,132567.0
PRT,GBR,252910,17308.0
PRT,GBR,280429,4931616.0
PRT,GBR,811292,11848.0
PRT,GBR,850511,25165.0
PRT,GHA,251110,14936.0
PRT,GHA,850511,72.0
PRT,GMB,280469,3747.0
PRT,GNB,252800,318.0
PRT,GRC,850511,607.0
PRT,HRV,850511,606.0
PRT,HUN,280429,3810.0
PRT,HUN,850511,16997.0
PRT,IND,711011,6125.0
PRT,IND,850511,131.0
PRT,IRL,850511,131.0
PRT,ISL,850511,57.0
PRT,ISR,251110,34000.0
PRT,ISR,850511,16.0
PRT,ITA,252910,24535.0
PRT,ITA,280429,43744.0
PRT,ITA,711021,15915.0
PRT,ITA,850511,233437.0
PRT,JOR,850511,6.0
PRT,JPN,270112,4024.0
PRT,JPN,280429,209283.0
PRT,KEN,251110,13796.0
PRT,KOR,280469,529.0
PRT,KOR,850511,448.0
PRT,LBN,850511,49.0
PRT,LSO,850511,3558.0
PRT,LTU,850511,54.0
PRT,LUX,280429,5786.0
PRT,LUX,850511,413.0
PRT,LVA,280429,22409.0
PRT,LVA,850511,4130.0
PRT,MAR,252910,4688.0
PRT,MAR,750210,54545.0
PRT,MAR,850511,21.0
PRT,MEX,850511,666.0
PRT,MLT,280470,103.0
PRT,MOZ,251110,8552.0
PRT,MOZ,252910,3061.0
PRT,MOZ,850511,1997.0
PRT,NLD,250490,8.0
PRT,NLD,251010,4264.0
PRT,NLD,251110,1591.0
PRT,NLD,252800,1403.0
PRT,NLD,252910,5986.0
PRT,NLD,252922,2196.0
PRT,NLD,260200,2632.0
PRT,NLD,260600,9010.0
PRT,NLD,270112,7731.0
PRT,NLD,280429,31312.0
PRT,NLD,280469,3430.0
PRT,NLD,280470,2.0
PRT,NLD,280480,1.0
PRT,NLD,282200,2909.0
PRT,NLD,283691,8594.0
PRT,NLD,283692,403.0
PRT,NLD,711011,651.0
PRT,NLD,711021,6363.0
PRT,NLD,720292,6961.0
PRT,NLD,720293,17.0
PRT,NLD,740311,5901.0
PRT,NLD,750210,49316.0
PRT,NLD,810320,313.0
PRT,NLD,810411,3770.0
PRT,NLD,810820,9.0
PRT,NLD,811010,35.0
PRT,NLD,811292,677.0
PRT,NLD,850511,8494.0
PRT,NOR,280429,164130.0
PRT,NOR,850511,1251.0
PRT,NZL,250490,363.0
PRT,NZL,850511,468.0
PRT,PHL,850511,42.0
PRT,POL,251110,24.0
PRT,POL,850511,4251.0
PRT,PRY,850511,56.0
PRT,PYF,280429,32030.0
PRT,QAT,850511,847.0
PRT,ROU,280429,22360.0
PRT,ROU,810194,1490.0
PRT,ROU,850511,1740.0
PRT,SAU,850511,12464.0
PRT,SGP,280429,219.0
PRT,SGP,850511,130.0
PRT,SRB,850511,1650.0
PRT,STP,252800,7.0
PRT,STP,280429,84.0
PRT,STP,850511,215.0
PRT,SVK,280429,39197.0
PRT,SVK,850511,760.0
PRT,SVN,280429,56439.0
PRT,SVN,850511,609.0
PRT,SWE,252910,15523.0
PRT,SWE,280429,72724.0
PRT,SWE,850511,16231.000000000002
PRT,TUN,280429,4027.0
PRT,TUN,282200,1294.0
PRT,TUN,850511,336.0
PRT,TUR,250490,425.0
PRT,TUR,850511,409.0
PRT,USA,280429,1033605.0
PRT,USA,280469,2543.0
PRT,USA,850511,4097.0
PRT,ZAF,850511,5.0
PRY,ARE,270112,16420.0
PRY,BRA,850511,19.0
PRY,CHL,850511,2.0
PRY,IRL,280429,4625.0
PRY,NLD,280469,91510.0
PRY,S19,280469,32870.0
PRY,TUR,280469,195000.0
PSE,ARE,270112,1218.0
PSE,GBR,280429,44056.0
PSE,SAU,270112,765.0
PYF,FRA,280429,132.0
QAT,ARE,280429,41373604.0
QAT,ARG,280429,605100.0
QAT,AUS,280429,4379867.0
QAT,AUT,280429,932855.0
QAT,AUT,850511,5.0
QAT,AZE,280429,1118426.0
QAT,BEL,280429,360949.0
QAT,BHR,280429,231568.0
QAT,BIH,280429,99352.0
QAT,BRA,280429,1628165.0
QAT,CAN,280429,380500.0
QAT,CHE,280429,2030409.0
QAT,CHN,280429,290386291.0
QAT,CIV,280429,14908.0
QAT,DEU,280429,22596679.0
QAT,DNK,280429,3714766.0
QAT,EGY,280429,2941686.0
QAT,ESP,280429,3029569.0
QAT,ETH,280429,43732.0
QAT,FRA,280429,5117633.0
QAT,GBR,280429,8752853.0
QAT,GHA,280429,26023.0
QAT,GRC,280429,374786.0
QAT,HKG,280429,1617755.0
QAT,HRV,280429,97873.0
QAT,IDN,280429,1055850.0
QAT,IND,280429,37749437.0
QAT,IRN,280429,496992.0
QAT,ITA,280429,9753820.0
QAT,JOR,280429,663477.0
QAT,JPN,280429,59546057.0
QAT,KEN,280429,106746.0
QAT,KOR,280429,134325913.0
QAT,KWT,280429,2611282.0
QAT,LBN,280429,474098.0
QAT,LKA,280429,77351.0
QAT,MAR,280429,476618.0
QAT,MDV,280429,43228.0
QAT,MKD,280429,120063.0
QAT,MLT,280429,229655.0
QAT,MRT,280429,117296.0
QAT,MUS,280429,37128.0
QAT,MYS,280429,14129213.0
QAT,MYS,280469,26744539.0
QAT,NGA,280429,15018.0
QAT,NLD,280429,504303.0
QAT,NOR,280429,59160.0
QAT,NPL,280429,12476.0
QAT,OMN,280429,905337.0
QAT,OMN,283691,489.0
QAT,OMN,850511,8356.0
QAT,PAK,280429,392588.0
QAT,PHL,280429,940137.0
QAT,POL,280429,1332171.0
QAT,S19,280429,127728255.0
QAT,SAU,280429,5532738.0
QAT,SGP,280429,60602233.0
QAT,SRB,280429,1529792.0
QAT,SVK,280429,2095.0
QAT,SVN,850511,43.0
QAT,THA,280429,8373930.0
QAT,TUN,280429,137364.0
QAT,TUR,280429,5192362.0
QAT,TZA,280429,35655.0
QAT,USA,280429,20886553.0
QAT,UZB,280429,4292.0
QAT,VNM,280429,1515183.0
QAT,ZAF,280429,2643820.0
ROU,AGO,280429,55773.0
ROU,ARE,850511,136.0
ROU,ARM,850511,26.0
ROU,AUS,850511,11369.0
ROU,AUT,270112,694633.0
ROU,AUT,850511,173521.0
ROU,AZE,850511,54.0
ROU,BEL,850511,10012.0
ROU,BGR,251110,4038.0000000000005
ROU,BGR,252910,474.0
ROU,BGR,280429,2843.0
ROU,BGR,280469,90121.0
ROU,BGR,750210,2.0
ROU,BGR,810194,2599.0
ROU,BGR,810411,44147.0
ROU,BGR,850511,17507.0
ROU,BHR,850511,149.0
ROU,BIH,850511,170.0
ROU,BOL,850511,130.0
ROU,BRA,850511,3510.0
ROU,CAN,251110,2632.0
ROU,CAN,850511,22570.0
ROU,CHE,810411,12075.0
ROU,CHE,850511,2507.0
ROU,CHN,850511,5162.0
ROU,CRI,850511,85.0
ROU,CYP,280429,74858.0
ROU,CYP,850511,1233.0
ROU,CZE,720293,28338.0
ROU,CZE,810820,172391.0
ROU,CZE,850511,147002.0
ROU,DEU,252922,7063.0
ROU,DEU,280429,312598.0
ROU,DEU,280469,1644.0
ROU,DEU,711011,127001.0
ROU,DEU,711021,17132.0
ROU,DEU,720292,384759.0
ROU,DEU,720293,1619.0
ROU,DEU,740311,9673.0
ROU,DEU,810411,116822.0
ROU,DEU,810820,24973.0
ROU,DEU,811010,780.0
ROU,DEU,811292,16737.0
ROU,DEU,850511,1169163.0
ROU,DNK,280429,392.0
ROU,DNK,850511,37.0
ROU,EGY,850511,99.0
ROU,ESP,252910,295.0
ROU,ESP,850511,579.0
ROU,EST,850511,11.0
ROU,FRA,811292,60552.0
ROU,FRA,850511,21577.0
ROU,GBR,711011,2857.0
ROU,GBR,850511,38038.0
ROU,GRC,260200,601.0
ROU,GRC,810820,2165.0
ROU,GRC,850511,9442.0
ROU,HRV,280429,16939.0
ROU,HRV,850511,7854.0
ROU,HUN,251110,91178.0
ROU,HUN,252910,193294.0
ROU,HUN,280469,676.0
ROU,HUN,750210,13.0
ROU,HUN,850511,31889.0
ROU,IND,850511,2049.0
ROU,IRL,850511,75.0
ROU,ISR,850511,2884.0
ROU,ITA,251110,255.0
ROU,ITA,252922,3854.0
ROU,ITA,260200,28.0
ROU,ITA,260600,90.0
ROU,ITA,270112,3009.0
ROU,ITA,711011,193761.0
ROU,ITA,740311,2175.0
ROU,ITA,810820,363925.0
ROU,ITA,850511,51621.0
ROU,JPN,850511,1068.0
ROU,KOR,850511,613.0
ROU,LTU,850511,18.0
ROU,LUX,252910,87647.0
ROU,LVA,850511,13810.0
ROU,MAR,850511,302.0
ROU,MDA,250490,2090.0
ROU,MDA,252910,234543.0
ROU,MDA,280429,3384.0
ROU,MDA,280469,22145.0
ROU,MDA,850511,2964.0
ROU,MEX,850511,1851.0
ROU,MKD,850511,372.0
ROU,MNE,850511,39.0
ROU,MUS,850511,598.0
ROU,NLD,250490,13.0
ROU,NLD,251010,7174.0
ROU,NLD,251110,2224.0
ROU,NLD,252800,1045.0
ROU,NLD,252910,3856.0
ROU,NLD,252922,562.0
ROU,NLD,260200,1517.0
ROU,NLD,260600,2834.0
ROU,NLD,270112,18648.0
ROU,NLD,280429,8539.0
ROU,NLD,280469,3341.0
ROU,NLD,280470,2.0
ROU,NLD,282200,4336.0
ROU,NLD,283691,11622.0
ROU,NLD,283692,126.0
ROU,NLD,711011,1898.0
ROU,NLD,711021,8589.0
ROU,NLD,720292,7911.0
ROU,NLD,720293,27.0
ROU,NLD,740311,4003.0
ROU,NLD,750210,36692.0
ROU,NLD,810320,498.0
ROU,NLD,810411,4067.9999999999995
ROU,NLD,810820,78.0
ROU,NLD,811010,1205.0
ROU,NLD,811292,113.0
ROU,NLD,850511,17019.0
ROU,NOR,850511,277.0
ROU,NZL,850511,1838.0
ROU,POL,251110,13131.0
ROU,POL,252910,599.0
ROU,POL,252922,2116.0
ROU,POL,280469,3433.0
ROU,POL,280470,27322.0
ROU,POL,283691,1521.0
ROU,POL,810411,42803.0
ROU,POL,850511,145720.0
ROU,PRT,850511,1880.0
ROU,RUS,850511,11318.0
ROU,S19,810820,133662.0
ROU,SAU,850511,12401.0
ROU,SGP,251110,3411.0
ROU,SGP,850511,159.0
ROU,SLV,850511,104.0
ROU,SRB,251010,1747014.0
ROU,SRB,251110,1408.0
ROU,SRB,252910,1352.0
ROU,SRB,260200,1569564.0
ROU,SRB,850511,2421.0
ROU,SVK,252922,94385.0
ROU,SVK,260200,692609.0
ROU,SVK,740311,4364.0
ROU,SVK,750210,4.0
ROU,SVK,810820,39784.0
ROU,SVK,850511,30596.0
ROU,SVN,850511,9037.0
ROU,SWE,850511,2.0
ROU,THA,850511,107.0
ROU,TUN,850511,792.0
ROU,TUR,252910,2.0
ROU,TUR,810194,5725.0
ROU,TUR,850511,11200.0
ROU,UKR,252910,117525.0
ROU,UKR,260200,7.0
ROU,UKR,280429,78631.0
ROU,UKR,810411,25973.0
ROU,UKR,850511,949.0
ROU,USA,251110,14897.0
ROU,USA,280429,30927.0
ROU,USA,280469,309518.0
ROU,USA,850511,14039.0
RUS,ARE,270112,2767488.0
RUS,ARE,711011,1251140.0
RUS,ARE,720292,482965.0
RUS,ARE,740311,330137.0
RUS,ARE,750210,33148360.999999996
RUS,ARE,850511,12.0
RUS,ARG,750210,493992.0
RUS,ARG,850511,3.0
RUS,ARM,270112,22996.0
RUS,ARM,280429,418296.0
RUS,ARM,280469,342369.0
RUS,ARM,711011,127806.0
RUS,ARM,810820,5472.0
RUS,ARM,850511,1866.0
RUS,AUS,711011,208359.0
RUS,AUS,750210,121813.0
RUS,AUT,270112,22182112.0
RUS,AUT,740311,43502915.0
RUS,AUT,750210,29803461.0
RUS,AUT,810820,68396.0
RUS,AUT,811010,667784.0
RUS,AUT,850511,469.0
RUS,AZE,250490,10729.0
RUS,AZE,252910,413424.0
RUS,AZE,270112,3285651.0
RUS,AZE,280429,642142.0
RUS,AZE,850511,32.0
RUS,BEL,251010,26421443.0
RUS,BEL,270112,258489070.0
RUS,BEL,280429,395363.0
RUS,BEL,810820,515982.0
RUS,BGR,270112,33048970.999999996
RUS,BGR,280470,46369.0
RUS,BGR,740311,87658776.0
RUS,BGR,811292,12485.0
RUS,BIH,270112,35464250.0
RUS,BIH,750210,17084.0
RUS,BOL,280429,428.0
RUS,BRA,270112,444040046.0
RUS,BRA,711021,7287282.0
RUS,BRA,750210,20327828.0
RUS,CAN,280429,79548.0
RUS,CAN,280469,557275.0
RUS,CAN,720292,54491.0
RUS,CAN,750210,651476.0
RUS,CAN,810411,6720.0
RUS,CAN,811292,134.0
RUS,CAN,850511,13.0
RUS,CHE,280469,53830.0
RUS,CHE,711011,15862016.0
RUS,CHE,711021,43594686.0
RUS,CHE,720293,30525.0
RUS,CHE,750210,2181585.0
RUS,CHE,810820,94116.0
RUS,CHE,850511,146.0
RUS,CHN,260600,136.0
RUS,CHN,270112,9135290756.0
RUS,CHN,280429,44043111.0
RUS,CHN,280469,250.0
RUS,CHN,282200,57.0
RUS,CHN,283691,26.0
RUS,CHN,283692,133.0
RUS,CHN,711011,272006246.0
RUS,CHN,711021,496976279.0
RUS,CHN,740311,2820080643.0
RUS,CHN,750210,1113887280.0
RUS,CHN,810411,2848674.0
RUS,CHN,810820,1128544.0
RUS,CHN,811010,18723.0
RUS,CHN,811292,860034.0
RUS,CHN,850511,18101.0
RUS,COL,720292,2495.0
RUS,CYP,270112,12745985.0
RUS,CZE,270112,4005283.0
RUS,CZE,280469,370967.0
RUS,CZE,720292,436119.0
RUS,CZE,750210,8628423.0
RUS,CZE,810820,10253.0
RUS,CZE,811292,16977.0
RUS,CZE,850511,352.0
RUS,DEU,250490,49349.0
RUS,DEU,270112,2343702875.0
RUS,DEU,280429,870543.0
RUS,DEU,280469,13531449.0
RUS,DEU,282200,10221.0
RUS,DEU,711011,3500699.0
RUS,DEU,711021,705491009.0
RUS,DEU,720292,267609.0
RUS,DEU,740311,1376716476.0
RUS,DEU,750210,616272417.0
RUS,DEU,810820,8418343.0
RUS,DEU,811292,3667459.0
RUS,DEU,850511,1929.0
RUS,EGY,270112,16425762.999999998
RUS,EGY,750210,395243.0
RUS,ESP,270112,294145533.0
RUS,ESP,740311,61560393.0
RUS,ESP,750210,7547106.0
RUS,ESP,810820,2087879.0
RUS,ESP,850511,100.0
RUS,EST,270112,166592.0
RUS,EST,810320,465504.0
RUS,EST,810820,1071072.0
RUS,EST,811292,4431091.0
RUS,EST,850511,3280.0
RUS,FIN,252910,6824.0
RUS,FIN,270112,159076264.0
RUS,FIN,280429,230.0
RUS,FIN,740311,20924640.0
RUS,FIN,850511,231.0
RUS,FRA,270112,250967286.0
RUS,FRA,280429,783493.0
RUS,FRA,283691,21892.0
RUS,FRA,711011,152975.0
RUS,FRA,711021,413701.0
RUS,FRA,720292,60.0
RUS,FRA,740311,39852298.0
RUS,FRA,810411,1256549.0
RUS,FRA,850511,5245.0
RUS,GBR,270112,252720173.0
RUS,GBR,280429,83108.0
RUS,GBR,280469,145063.0
RUS,GBR,711011,14412653.0
RUS,GBR,711021,89665677.0
RUS,GBR,720292,265884.0
RUS,GBR,720293,54765.0
RUS,GBR,750210,27051939.0
RUS,GBR,810820,4329346.0
RUS,GBR,811292,415790.0
RUS,GEO,260200,1587.0
RUS,GEO,270112,16483803.0
RUS,GEO,280429,420689.0
RUS,GEO,850511,31.0
RUS,GRC,270112,2885615.0
RUS,GRC,740311,127373010.0
RUS,HKG,270112,150249639.0
RUS,HKG,280429,3910269.0
RUS,HKG,711011,92385671.0
RUS,HKG,711021,756542006.0
RUS,HRV,270112,103891875.0
RUS,HUN,270112,16475214.0
RUS,HUN,280429,221187.0
RUS,HUN,280469,90.0
RUS,HUN,850511,4.0
RUS,IDN,270112,269041835.0
RUS,IDN,283691,385.0
RUS,IND,270112,79954962.0
RUS,IND,280470,15069396.0
RUS,IND,750210,60409419.0
RUS,IND,810820,893359.0
RUS,IND,811292,276116.0
RUS,IRL,270112,51876538.0
RUS,IRL,280429,1.0
RUS,IRL,711021,26461.0
RUS,IRL,850511,14.0
RUS,ISL,280469,495290.0
RUS,ISR,283691,7000.0
RUS,ITA,270112,1123241043.0
RUS,ITA,711011,59509664.0
RUS,ITA,711021,464301734.0
RUS,ITA,740311,183368932.0
RUS,ITA,750210,1134578.0
RUS,ITA,810820,2143884.0
RUS,ITA,811292,2578411.0
RUS,ITA,850511,45234.0
RUS,JPN,270112,2996020912.0
RUS,JPN,280469,774102.0
RUS,JPN,711011,6218088.0
RUS,JPN,711021,971189828.0
RUS,JPN,750210,7003924.0
RUS,JPN,810411,182854.0
RUS,JPN,811292,606959.0
RUS,JPN,850511,71651.0
RUS,KAZ,250490,88022.0
RUS,KAZ,251110,47162.0
RUS,KAZ,252800,594024.0
RUS,KAZ,252910,3341360.0
RUS,KAZ,260200,690085.0
RUS,KAZ,260600,11873.0
RUS,KAZ,270112,12077185.0
RUS,KAZ,280429,6411453.0
RUS,KAZ,280469,436447.0
RUS,KAZ,280470,4019.9999999999995
RUS,KAZ,280480,360.0
RUS,KAZ,282200,13656.0
RUS,KAZ,283691,15896.0
RUS,KAZ,283692,35.0
RUS,KAZ,720292,383173.0
RUS,KAZ,740311,196812.0
RUS,KAZ,750210,709594.0
RUS,KAZ,810320,77.0
RUS,KAZ,810411,3497045.0
RUS,KAZ,810820,145011.0
RUS,KAZ,811010,9642.0
RUS,KAZ,811292,363.0
RUS,KAZ,850511,194893.0
RUS,KGZ,252800,1234.0
RUS,KGZ,252910,395562.0
RUS,KGZ,280429,80916.0
RUS,KGZ,283691,3654.0
RUS,KGZ,850511,1830.0
RUS,KOR,270112,5044345729.0
RUS,KOR,280429,84754435.0
RUS,KOR,280469,209.0
RUS,KOR,282200,1514.0
RUS,KOR,283691,1355.0
RUS,KOR,283692,993.0
RUS,KOR,711021,86186773.0
RUS,KOR,740311,203030.0
RUS,KOR,750210,444.0
RUS,KOR,810320,230000.0
RUS,KOR,810820,1253696.0
RUS,KOR,811292,334201.0
RUS,KOR,850511,14.0
RUS,KWT,260600,182433.0
RUS,KWT,750210,797357.0
RUS,LTU,270112,40344095.0
RUS,LTU,850511,1447.0
RUS,LVA,260600,168660.0
RUS,LVA,270112,8239933.000000001
RUS,LVA,850511,254.0
RUS,MDA,270112,1464182.0
RUS,MDA,280429,116750.0
RUS,MKD,270112,41067.0
RUS,MNG,280429,197199.0
RUS,MNG,750210,91896.0
RUS,MNG,850511,17.0
RUS,MYS,270112,30183797.0
RUS,MYS,740311,904750.0
RUS,MYS,750210,9564920.0
RUS,NLD,251010,89580352.0
RUS,NLD,251110,85.0
RUS,NLD,252922,187.0
RUS,NLD,260200,1.0
RUS,NLD,270112,49859941.0
RUS,NLD,282200,122.0
RUS,NLD,720292,115935.0
RUS,NLD,740311,683820749.0
RUS,NLD,750210,333261253.0
RUS,NLD,810411,281046.0
RUS,NLD,810820,3105073.0
RUS,NLD,811292,5204.0
RUS,NLD,850511,38.0
RUS,NOR,270112,3614330.0
RUS,NOR,280469,250368.0
RUS,NOR,720292,36078.0
RUS,NZL,850511,26.0
RUS,OMN,740311,2002468.0
RUS,PAK,270112,48785931.0
RUS,PER,720292,50601.0
RUS,PER,750210,319521.0
RUS,PHL,270112,16421653.999999998
RUS,POL,270112,311351300.0
RUS,POL,280469,129920.99999999999
RUS,POL,720292,3008.0
RUS,POL,750210,26523521.0
RUS,POL,810820,6975.0
RUS,POL,850511,900.0
RUS,ROU,270112,81564035.0
RUS,S19,270112,1503706670.0
RUS,S19,280429,1838438.0
RUS,S19,282200,369.0
RUS,S19,283692,101.0
RUS,S19,720292,336.0
RUS,S19,740311,213038396.0
RUS,S19,750210,56017005.0
RUS,S19,811292,101.0
RUS,SAU,740311,4331604.0
RUS,SAU,750210,247536.0
RUS,SAU,850511,1478.0
RUS,SGP,280429,4958901.0
RUS,SGP,283691,375.0
RUS,SGP,740311,49752028.0
RUS,SGP,750210,38128024.0
RUS,SGP,850511,29.0
RUS,SRB,270112,3607338.0
RUS,SRB,280469,338898.0
RUS,SRB,720293,90954.0
RUS,SRB,750210,1335482.0
RUS,SRB,810411,13457.0
RUS,SRB,850511,1804.0
RUS,SVK,270112,40607194.0
RUS,SVK,280429,636760.0
RUS,SVK,720293,26547.0
RUS,SVK,750210,31907.0
RUS,SVK,810411,2494194.0
RUS,SVK,810820,98294.0
RUS,SVN,280469,5940.0
RUS,SVN,720292,464.0
RUS,SVN,750210,1503966.0
RUS,SVN,810820,97419.0
RUS,SWE,270112,15617369.0
RUS,SWE,280469,1069184.0
RUS,THA,283692,97.0
RUS,THA,711021,17017505.0
RUS,THA,750210,568483.0
RUS,TUR,270112,3637446938.0
RUS,TUR,280429,6451378.0
RUS,TUR,280469,1554000.0
RUS,TUR,282200,85.0
RUS,TUR,720292,3470910.0
RUS,TUR,740311,916349558.0
RUS,TUR,750210,52955090.0
RUS,TUR,810411,95076.0
RUS,UKR,252910,43779.0
RUS,UKR,270112,371601226.0
RUS,UKR,280429,1914845.0
RUS,UKR,280469,4673.0
RUS,UKR,750210,6716680.0
RUS,UKR,810194,145500.0
RUS,UKR,810411,93206.0
RUS,UKR,810820,494456.0
RUS,USA,252800,60100.0
RUS,USA,280429,636092.0
RUS,USA,280480,5600.0
RUS,USA,711011,98687072.0
RUS,USA,711021,1354059298.0
RUS,USA,720292,1127171.0
RUS,USA,750210,267186136.0
RUS,USA,810411,25886712.0
RUS,USA,810820,14086717.0
RUS,USA,811292,1987318.0
RUS,USA,850511,35800.0
RUS,UZB,252800,131400.0
RUS,UZB,252910,55510.0
RUS,UZB,270112,1562515.0
RUS,UZB,280429,492287.0
RUS,UZB,283692,1282.0
RUS,UZB,720292,9067.0
RUS,UZB,750210,110513.0
RUS,UZB,810411,19246.0
RUS,UZB,850511,14778.0
RUS,VNM,270112,442133887.0
RUS,VNM,740311,14987849.0
RUS,VNM,750210,27360.0
RUS,VNM,811010,330514.0
RWA,BEL,810820,23701.0
RWA,USA,810320,4084510.0
S19,ARE,251110,6540.0
S19,ARE,280429,163820.0
S19,ARE,810820,973.0
S19,ARE,850511,21703.0
S19,ARG,251010,841.0
S19,ARG,850511,11619.0
S19,AUS,250490,6645.0
S19,AUS,750210,442783.0
S19,AUS,850511,233623.0
S19,AUT,282200,145.0
S19,AUT,810820,2282.0
S19,AUT,850511,133086.0
S19,AZE,850511,355.0
S19,BEL,260600,97.0
S19,BEL,810820,500.0
S19,BEL,811292,2218167.0
S19,BEL,850511,199742.0
S19,BFA,850511,91.0
S19,BGD,252910,8367.0
S19,BGD,282200,11929.0
S19,BGD,283692,8267.0
S19,BGD,740311,824206.0
S19,BGD,750210,112137.0
S19,BGD,850511,2117.0
S19,BGR,850511,3766.0
S19,BHR,850511,684.0
S19,BIH,850511,1527.0
S19,BMU,850511,133.0
S19,BOL,720292,597.0
S19,BOL,810820,224.0
S19,BOL,850511,3.0
S19,BRA,850511,208366.0
S19,BRN,850511,49.0
S19,CAN,280429,18.0
S19,CAN,280469,35907.0
S19,CAN,810194,2554.0
S19,CAN,810820,968.0
S19,CAN,850511,351307.0
S19,CHE,250490,1983.0
S19,CHE,251010,859.0
S19,CHE,711011,4705729.0
S19,CHE,711021,18395022.0
S19,CHE,810820,2780.0
S19,CHE,850511,184281.0
S19,CHL,711011,155.0
S19,CHL,850511,9206.0
S19,CHN,250490,7323.0
S19,CHN,252800,7292.0
S19,CHN,252910,775665.0
S19,CHN,260200,3495.0
S19,CHN,280429,3611189.0
S19,CHN,280469,2691.0
S19,CHN,282200,265147.0
S19,CHN,283691,2278743.0
S19,CHN,283692,130048.0
S19,CHN,711011,2109443.0
S19,CHN,740311,307687556.0
S19,CHN,750210,103950016.0
S19,CHN,810194,75971.0
S19,CHN,810320,6620.0
S19,CHN,810820,21413.0
S19,CHN,811292,29390.0
S19,CHN,850511,4336412.0
S19,CIV,850511,164.0
S19,COL,850511,10962.0
S19,CRI,810820,565.0
S19,CRI,850511,3355.0
S19,CYP,810820,287.0
S19,CZE,850511,247964.0
S19,DEU,280469,2829.0
S19,DEU,711021,2617593.0
S19,DEU,740311,1107.0
S19,DEU,810320,745428.0
S19,DEU,811292,2288819.0
S19,DEU,850511,2592590.0
S19,DNK,711021,319717.0
S19,DNK,850511,32448.999999999996
S19,DZA,810411,122285.0
S19,ECU,810820,496.0
S19,ECU,850511,11155.0
S19,EGY,850511,631.0
S19,ESP,260600,144.0
S19,ESP,810820,2470.0
S19,ESP,850511,263278.0
S19,EST,850511,6592.0
S19,FIN,850511,63907.0
S19,FJI,850511,2009.9999999999998
S19,FRA,250490,1418.0
S19,FRA,280429,48941.0
S19,FRA,280469,97.0
S19,FRA,740311,166.0
S19,FRA,810820,2310.0
S19,FRA,850511,213776.0
S19,GAB,850511,60.0
S19,GBR,250490,504.0
S19,GBR,251010,5071.0
S19,GBR,280469,18406.0
S19,GBR,711011,1920524.0
S19,GBR,711021,12654304.0
S19,GBR,810820,9354.0
S19,GBR,811292,670005.0
S19,GBR,850511,191190.0
S19,GRC,810820,37.0
S19,GRC,850511,4474.0
S19,GTM,850511,3728.0
S19,GUM,260200,571.0
S19,HKG,280429,926093.0
S19,HKG,280469,138549.0
S19,HKG,711011,774861.0
S19,HKG,711021,541396.0
S19,HKG,750210,35015.0
S19,HKG,810194,258885.0
S19,HKG,811292,324032.0
S19,HKG,850511,497828.0
S19,HRV,850511,3898.0
S19,HUN,810820,423.0
S19,HUN,850511,16180.0
S19,IDN,251110,4704.0
S19,IDN,252910,122540.0
S19,IDN,252922,7196.0
S19,IDN,260200,7196.0
S19,IDN,260600,55682.0
S19,IDN,270112,12386.0
S19,IDN,280469,153600.0
S19,IDN,282200,1147174.0
S19,IDN,750210,259350.00000000003
S19,IDN,850511,349131.0
S19,IND,280429,27421.0
S19,IND,280469,7914493.0
S19,IND,750210,4098904.0000000005
S19,IND,850511,3548975.0
S19,IRL,280429,641.0
S19,IRL,711021,90921.0
S19,IRL,810820,226.0
S19,IRL,850511,28697.0
S19,IRN,810194,41215.0
S19,IRN,850511,1000.0
S19,ISL,850511,5521.0
S19,ISR,280429,318000.0
S19,ISR,850511,17000.0
S19,ITA,810820,25676.0
S19,ITA,811292,61237.0
S19,ITA,850511,1194829.0
S19,JOR,250490,2085.0
S19,JPN,250490,2688.0
S19,JPN,252800,9544.0
S19,JPN,280429,892043.0
S19,JPN,280469,7186.0
S19,JPN,282200,17446485.0
S19,JPN,711011,41026207.0
S19,JPN,711021,4303946.0
S19,JPN,720292,954143.0
S19,JPN,720293,32999.0
S19,JPN,750210,3866309.0
S19,JPN,810194,52893.0
S19,JPN,810320,2511366.0
S19,JPN,810820,5103.0
S19,JPN,811292,10254859.0
S19,JPN,850511,3784549.0
S19,KAZ,850511,1243.0
S19,KEN,850511,86.0
S19,KHM,810820,538.0
S19,KHM,850511,372.0
S19,KOR,250490,21646.0
S19,KOR,252910,9.0
S19,KOR,252922,9.0
S19,KOR,280429,524241.0
S19,KOR,280469,355571.0
S19,KOR,280470,2250.0
S19,KOR,282200,213641.0
S19,KOR,283691,30203.0
S19,KOR,283692,117547.0
S19,KOR,740311,81994.0
S19,KOR,750210,938123.0
S19,KOR,811292,2075752.0
S19,KOR,850511,180506.0
S19,KWT,810194,2149.0
S19,KWT,850511,5686.0
S19,LBN,850511,1364.0
S19,LKA,810820,186.0
S19,LKA,850511,8124.000000000001
S19,LTU,850511,1076.0
S19,LUX,850511,1974.0
S19,MAR,850511,2613.0
S19,MDA,850511,1012.9999999999999
S19,MEX,850511,1986121.0
S19,MHL,850511,101.0
S19,MKD,850511,16919.0
S19,MLT,810820,1291.0
S19,MMR,251110,6015.0
S19,MMR,260200,34579.0
S19,MUS,282200,67.0
S19,MUS,850511,4611.0
S19,MYS,250490,12803.0
S19,MYS,252800,1445.0
S19,MYS,252922,5849.0
S19,MYS,260200,8654.0
S19,MYS,280429,19695.0
S19,MYS,280469,392816.0
S19,MYS,282200,41507.0
S19,MYS,283691,18882.0
S19,MYS,711011,5971.0
S19,MYS,711021,303053.0
S19,MYS,740311,2743219.0
S19,MYS,750210,721900.0
S19,MYS,810194,1378.0
S19,MYS,810411,56267.0
S19,MYS,811292,7431560.0
S19,MYS,850511,154118.0
S19,NGA,850511,7391.0
S19,NIC,850511,121.0
S19,NLD,250490,172.0
S19,NLD,270112,2097.0
S19,NLD,280429,352.0
S19,NLD,283691,194.0
S19,NLD,750210,649994.0
S19,NLD,810820,460.0
S19,NLD,850511,111414.0
S19,NOR,280469,2415159.0
S19,NOR,283691,655623.0
S19,NOR,850511,71907.0
S19,NZL,850511,18384.0
S19,PAK,282200,161191.0
S19,PAK,740311,10706842.0
S19,PAK,850511,12131.0
S19,PER,850511,1520.0
S19,PHL,250490,53061.0
S19,PHL,252910,26223.0
S19,PHL,260200,12165.0
S19,PHL,260600,80.0
S19,PHL,280429,63370.0
S19,PHL,280469,4402.0
S19,PHL,280480,333.0
S19,PHL,720292,4347.0
S19,PHL,740311,72.0
S19,PHL,750210,173490.0
S19,PHL,810194,987252.0
S19,PHL,810320,387.0
S19,PHL,810820,303.0
S19,PHL,811292,3658031.0
S19,PHL,850511,47748.0
S19,PNG,280469,3896.0
S19,PNG,850511,265.0
S19,POL,810820,229.0
S19,POL,850511,836563.0
S19,PRT,280429,31.0
S19,PRT,850511,88835.0
S19,PYF,850511,240.0
S19,QAT,280429,486317.0
S19,QAT,850511,1042.0
S19,ROU,850511,862.0
S19,RUS,850511,32125.0
S19,SAU,280469,146203.0
S19,SAU,811010,3230.0
S19,SAU,850511,2525.0
S19,SDN,850511,101.0
S19,SEN,850511,603.0
S19,SGP,252910,2471.0
S19,SGP,280429,783298.0
S19,SGP,280469,260151.0
S19,SGP,711021,110591.0
S19,SGP,740311,514009.0
S19,SGP,811292,190.0
S19,SGP,850511,1232600.0
S19,SLV,850511,230.0
S19,SRB,850511,6983.0
S19,SVK,811292,87613.0
S19,SVK,850511,26170.0
S19,SVN,750210,907.0
S19,SVN,850511,46918.0
S19,SWE,270112,198.0
S19,SWE,280429,1780.0
S19,SWE,850511,204980.0
S19,SWZ,280469,72.0
S19,THA,251010,98.0
S19,THA,252910,10.0
S19,THA,260200,3935.0
S19,THA,280469,996035.0
S19,THA,282200,1755445.0
S19,THA,720292,720737.0
S19,THA,720293,75466.0
S19,THA,740311,1375915.0
S19,THA,750210,284927.0
S19,THA,810411,2789.0
S19,THA,810820,15117.0
S19,THA,811292,398644.0
S19,THA,850511,1108585.0
S19,TUN,850511,4923.0
S19,TUR,811292,4268.0
S19,TUR,850511,43995.0
S19,UGA,280469,708.0
S19,UKR,850511,75286.0
S19,URY,850511,460.0
S19,USA,250490,4637.0
S19,USA,280429,3242505.0
S19,USA,282200,5095377.0
S19,USA,740311,3850.0
S19,USA,750210,867090.0
S19,USA,810194,126642.0
S19,USA,810320,13385.0
S19,USA,810411,162173.0
S19,USA,810820,10772.0
S19,USA,811292,940706.0
S19,USA,850511,8417056.0
S19,UZB,850511,415.0
S19,VNM,251110,72446.0
S19,VNM,252800,3730.0
S19,VNM,252910,2263.0
S19,VNM,260200,354847.0
S19,VNM,260600,181977.0
S19,VNM,270112,58520.0
S19,VNM,280429,9345.0
S19,VNM,280469,7023.0
S19,VNM,282200,13710.0
S19,VNM,283691,19860.0
S19,VNM,283692,26312.0
S19,VNM,720292,1116501.0
S19,VNM,720293,186469.0
S19,VNM,740311,11795766.0
S19,VNM,750210,1390619.0
S19,VNM,810194,23724.0
S19,VNM,810411,693500.0
S19,VNM,810820,4234.0
S19,VNM,811010,69123.0
S19,VNM,850511,823090.0
S19,ZAF,251110,98.0
S19,ZAF,252800,6442.0
S19,ZAF,810194,360907.0
S19,ZAF,810411,12.0
S19,ZAF,810820,140.0
S19,ZAF,850511,42337.0
S19,ZMB,280469,176.0
S19,ZMB,850511,67.0
S19,ZWE,810820,34.0
SAU,ARE,252910,981797.0
SAU,ARE,280429,118927.0
SAU,ARE,280469,5595.0
SAU,ARE,283691,34320.0
SAU,ARE,711011,946766.0
SAU,ARE,740311,608496.0
SAU,ARE,850511,2704.0
SAU,AUT,850511,185.0
SAU,BHR,251110,1675254.0
SAU,BHR,280429,159749.0
SAU,BHR,280469,7218.0
SAU,BHR,810411,25443.0
SAU,BHR,850511,350.0
SAU,CHE,810820,3067718.0
SAU,CHE,850511,291.0
SAU,CHN,810820,20979895.0
SAU,DEU,252910,14.0
SAU,DEU,282200,4543.0
SAU,DEU,711011,478822.0
SAU,DEU,711021,516506.99999999994
SAU,DEU,810820,278275.0
SAU,EGY,280429,9566.0
SAU,EGY,850511,1563.0
SAU,ESP,810820,297323.0
SAU,EST,810820,2167824.0
SAU,FIN,850511,6505.0
SAU,FRA,711021,40.0
SAU,FRA,810820,275154.0
SAU,GBR,720292,9681.0
SAU,GBR,750210,1790074.0
SAU,GBR,810820,2170208.0
SAU,IRQ,280429,540.0
SAU,ITA,810820,501599.0
SAU,JOR,280429,4874.0
SAU,JPN,810820,24360018.0
SAU,KOR,270112,16740433.0
SAU,KWT,280429,309272.0
SAU,LUX,260200,44.0
SAU,NLD,810820,855345.0
SAU,NLD,850511,166.0
SAU,OMN,251110,2278.0
SAU,OMN,810411,970.0
SAU,OMN,850511,2239.0
SAU,PAK,811010,391895.0
SAU,POL,810820,162036.0
SAU,QAT,280429,10500.0
SAU,QAT,850511,5087.0
SAU,ROU,810820,391420.0
SAU,S19,811292,2360632.0
SAU,SGP,280429,16258.0
SAU,SWE,810820,131002.99999999999
SAU,USA,810820,22916661.0
SAU,USA,850511,25961.0
SEN,BRA,251010,159.0
SEN,CHN,260200,6247470.0
SEN,CPV,280429,399.0
SEN,DEU,251010,136.0
SEN,ESP,251010,2743163.0
SEN,FRA,280429,4957.0
SEN,GBR,260600,586.0
SEN,GIN,260600,3981.0
SEN,GMB,250490,409.0
SEN,GMB,260600,14258.0
SEN,GMB,280469,1943.0
SEN,IND,251010,8745673.0
SEN,MLI,260600,18754.0
SEN,MLI,280429,18983.0
SEN,MRT,260600,779.0
SEN,NLD,251010,121.0
SEN,NLD,270112,372.0
SEN,NOR,251010,322.0
SEN,SLE,251010,131397.0
SEN,TUR,252910,2.0
SEN,USA,251010,299.0
SEN,USA,850511,5505.0
SEN,ZAF,251010,10.0
SGP,ARE,260200,27766.0
SGP,ARE,280429,73.0
SGP,ARE,720293,135854.0
SGP,ARE,750210,172675.0
SGP,ARE,850511,790.0
SGP,ARG,850511,3663.0
SGP,AUS,280429,2457125.0
SGP,AUS,711011,295126.0
SGP,AUS,720293,527025.0
SGP,AUS,740311,2646.0
SGP,AUS,750210,1095149.0
SGP,AUS,850511,14280.0
SGP,AUT,270112,957918.0
SGP,AUT,850511,3415.0
SGP,BEL,280429,9510.0
SGP,BEL,282200,62.0
SGP,BEL,850511,197.0
SGP,BFA,850511,1140.0
SGP,BGD,251110,5032.0
SGP,BGD,252910,31836.0
SGP,BGD,280429,13755.0
SGP,BGD,740311,30591098.0
SGP,BGD,850511,15223.0
SGP,BGR,850511,1241.0
SGP,BRA,280469,556744.0
SGP,BRA,740311,1355349.0
SGP,BRA,850511,31.0
SGP,BRN,251110,3230.0
SGP,BRN,280429,353377.0
SGP,BRN,280470,114.0
SGP,BRN,282200,153.0
SGP,BRN,810320,923.0
SGP,BRN,850511,3515.0
SGP,CAN,850511,33611.0
SGP,CHE,711011,6764651.0
SGP,CHE,711021,4588633.0
SGP,CHE,740311,3987.0
SGP,CHE,811292,591.0
SGP,CHE,850511,72055.0
SGP,CHL,850511,2577.0
SGP,CHN,252910,102.0
SGP,CHN,280429,2030659.0
SGP,CHN,280469,1.0
SGP,CHN,711011,39.0
SGP,CHN,720293,33045019.999999996
SGP,CHN,740311,73419025.0
SGP,CHN,750210,153525539.0
SGP,CHN,810194,94710.0
SGP,CHN,811292,5390978.0
SGP,CHN,850511,550388.0
SGP,COL,850511,3478.0
SGP,CZE,850511,2850.0
SGP,DEU,280429,86645.0
SGP,DEU,283692,108.0
SGP,DEU,711011,259212.0
SGP,DEU,740311,9667.0
SGP,DEU,750210,2372.0
SGP,DEU,850511,53813.0
SGP,DNK,850511,673.0
SGP,ECU,850511,282.0
SGP,EGY,280429,291.0
SGP,ESP,280469,926.0
SGP,ESP,850511,4858.0
SGP,FIN,850511,60.0
SGP,FRA,260200,37.0
SGP,FRA,280429,31420.0
SGP,FRA,280469,21.0
SGP,FRA,850511,414.0
SGP,GAB,850511,22.0
SGP,GBR,280429,250.0
SGP,GBR,711011,3234899.0
SGP,GBR,720292,1399.0
SGP,GBR,811292,11609.0
SGP,GBR,850511,42497.0
SGP,GHA,280429,21861.0
SGP,HKG,250490,6694.0
SGP,HKG,280429,6061037.0
SGP,HKG,711011,1182976.0
SGP,HKG,711021,5019.0
SGP,HKG,740311,55.0
SGP,HKG,811292,46067.0
SGP,HKG,850511,33104.0
SGP,HUN,850511,39239.0
SGP,IDN,250490,21736.0
SGP,IDN,251010,69528.0
SGP,IDN,251110,115.0
SGP,IDN,252910,159161.0
SGP,IDN,280429,2500304.0
SGP,IDN,280469,3017.0
SGP,IDN,282200,1816621.0
SGP,IDN,283691,113.0
SGP,IDN,711011,566.0
SGP,IDN,720292,781.0
SGP,IDN,720293,10895299.0
SGP,IDN,740311,3041.0
SGP,IDN,750210,3452213.0
SGP,IDN,810194,11133.0
SGP,IDN,810320,111.0
SGP,IDN,810411,103.0
SGP,IDN,811010,820.0
SGP,IDN,811292,56548.0
SGP,IDN,850511,3590532.0
SGP,IND,260200,109756292.0
SGP,IND,260600,3055871.0
SGP,IND,270112,13656083.0
SGP,IND,280429,8029620.0
SGP,IND,280469,7458261.0
SGP,IND,280480,29.0
SGP,IND,282200,98768.0
SGP,IND,711021,65397.00000000001
SGP,IND,720293,96614246.0
SGP,IND,750210,22388512.0
SGP,IND,810194,8584.0
SGP,IND,810411,5273731.0
SGP,IND,810820,6499.0
SGP,IND,811292,203.0
SGP,IND,850511,3989625.0
SGP,IOT,850511,48.0
SGP,IRL,850511,2779.0
SGP,IRN,280469,407040.0
SGP,IRN,810411,327389.0
SGP,ISL,850511,298.0
SGP,ISR,283691,39000.0
SGP,ISR,850511,4000.0
SGP,ITA,711011,278857.0
SGP,ITA,850511,154.0
SGP,JOR,850511,181.0
SGP,JPN,280429,2533955.0
SGP,JPN,280469,44652.0
SGP,JPN,283691,4304.0
SGP,JPN,711011,11075399.0
SGP,JPN,720293,36221130.0
SGP,JPN,740311,112739.0
SGP,JPN,750210,4954742.0
SGP,JPN,850511,4971.0
SGP,KHM,850511,1815.0
SGP,KOR,251110,4352.0
SGP,KOR,252910,10.0
SGP,KOR,270112,16302519.0
SGP,KOR,280429,2682838.0
SGP,KOR,282200,467140.0
SGP,KOR,283691,151.0
SGP,KOR,720293,8234473.0
SGP,KOR,740311,368951.0
SGP,KOR,750210,19207129.0
SGP,KOR,850511,122064.0
SGP,KWT,850511,10633.0
SGP,LAO,250490,187325.0
SGP,LKA,280429,23342.0
SGP,LKA,280469,138.0
SGP,LKA,850511,565.0
SGP,LUX,850511,287.0
SGP,MDV,280429,29187.0
SGP,MDV,283691,4352.0
SGP,MDV,850511,318.0
SGP,MEX,280469,2951.0
SGP,MEX,282200,44.0
SGP,MEX,750210,3081207.0
SGP,MEX,850511,5209.0
SGP,MLT,850511,5.0
SGP,MMR,280429,39749.0
SGP,MMR,850511,5809.0
SGP,MNG,850511,403.0
SGP,MOZ,280429,181752.0
SGP,MRT,280429,617192.0
SGP,MUS,280429,36936.0
SGP,MUS,280469,32897.0
SGP,MUS,811292,177.0
SGP,MUS,850511,7368.0
SGP,MYS,250490,5474.0
SGP,MYS,251110,62223.0
SGP,MYS,252910,1.0
SGP,MYS,252922,1.0
SGP,MYS,280429,7168269.0
SGP,MYS,280469,698198.0
SGP,MYS,280470,59608.0
SGP,MYS,282200,321836.0
SGP,MYS,711011,9748.0
SGP,MYS,711021,247291.0
SGP,MYS,720293,779096.0
SGP,MYS,740311,34045641.0
SGP,MYS,750210,7944079.0
SGP,MYS,810194,6626946.0
SGP,MYS,810820,19895.0
SGP,MYS,811292,1867.0
SGP,MYS,850511,271813.0
SGP,NCL,850511,141.0
SGP,NGA,280429,9978.0
SGP,NLD,251010,14501.0
SGP,NLD,260600,99778.0
SGP,NLD,283691,627173.0
SGP,NLD,720293,273729.0
SGP,NLD,750210,13501795.0
SGP,NLD,810820,2830.0
SGP,NLD,850511,81746.0
SGP,NOR,850511,8688.0
SGP,NZL,280429,25366.0
SGP,NZL,282200,146437.0
SGP,NZL,283691,43010.0
SGP,NZL,850511,30036.0
SGP,OMN,720293,2330824.0
SGP,PAK,282200,21990.0
SGP,PAK,850511,775.0
SGP,PHL,280429,21375635.0
SGP,PHL,280469,3216.0
SGP,PHL,282200,104.0
SGP,PHL,711021,1149.0
SGP,PHL,740311,3654728.0
SGP,PHL,750210,62697.0
SGP,PHL,810194,12124.0
SGP,PHL,811292,77.0
SGP,PHL,850511,44058.0
SGP,PNG,280429,327069.0
SGP,PNG,280469,27507.0
SGP,PNG,850511,1563.0
SGP,POL,850511,995.0
SGP,PRY,850511,59.0
SGP,QAT,280429,611937.0
SGP,QAT,850511,3379.0
SGP,ROU,850511,41.0
SGP,RUS,850511,18795.0
SGP,S19,280429,1326709.0
SGP,S19,280469,47630.0
SGP,S19,280470,66.0
SGP,S19,280480,66.0
SGP,S19,282200,39651.0
SGP,S19,720293,19265225.0
SGP,S19,750210,9125444.0
SGP,S19,810194,786644.0
SGP,S19,811212,67.0
SGP,S19,811292,68.0
SGP,S19,850511,43785.0
SGP,SAU,280429,920.0
SGP,SAU,750210,1513.0
SGP,SAU,850511,5711.0
SGP,SRB,850511,497.0
SGP,SVK,850511,2686.0
SGP,THA,251110,2904.0
SGP,THA,252910,1029.0
SGP,THA,252922,1.0
SGP,THA,280429,3766375.0
SGP,THA,280469,235794.0
SGP,THA,282200,335856.0
SGP,THA,711021,67861.0
SGP,THA,720293,348379.0
SGP,THA,740311,16614520.0
SGP,THA,750210,1748827.0
SGP,THA,810194,1643.0
SGP,THA,811292,2252.0
SGP,THA,850511,171602.0
SGP,TUR,720293,4360675.0
SGP,TUR,750210,1558055.0
SGP,TUR,850511,8777.0
SGP,URY,850511,4896.0
SGP,USA,250490,4580.0
SGP,USA,280429,106136.0
SGP,USA,280469,1839.0
SGP,USA,711011,39720891.0
SGP,USA,750210,20661571.0
SGP,USA,810194,73620.0
SGP,USA,810320,17001.0
SGP,USA,810411,430000.0
SGP,USA,811010,194.0
SGP,USA,811292,61008.0
SGP,USA,850511,343874.0
SGP,VNM,251110,1546.0
SGP,VNM,252910,3788.0
SGP,VNM,260200,93.0
SGP,VNM,280429,1947471.0
SGP,VNM,280470,29.0
SGP,VNM,282200,254526.0
SGP,VNM,283692,223.0
SGP,VNM,720293,6741913.0
SGP,VNM,740311,10355645.0
SGP,VNM,750210,4765468.0
SGP,VNM,810194,49969.0
SGP,VNM,811010,527.0
SGP,VNM,850511,29292.0
SGP,ZAF,850511,67.0
SLE,CHN,260600,12804553.0
SLE,HUN,260600,1.0
SLE,IND,260600,9836824.0
SLE,IRL,260600,23592588.0
SLE,ROU,260600,12548047.0
SLE,TUR,260600,7718.0
SLE,USA,850511,8574.0
SLV,CAN,850511,9.0
SLV,CRI,252800,15875.0
SLV,CRI,280429,134123.0
SLV,GTM,280429,58914.0
SLV,HND,280429,204445.0
SLV,HND,850511,176.0
SLV,NIC,280429,51266.0
SLV,PAN,280429,15074.0
SLV,USA,810320,3447.0
SLV,USA,811292,11612.0
SLV,USA,850511,81.0
SMR,AUT,850511,842.0
SRB,ALB,280429,34267.0
SRB,ALB,850511,202.0
SRB,ARE,850511,393.0
SRB,ARM,850511,1094.0
SRB,AUT,251010,711239.0
SRB,AUT,251110,45558.0
SRB,AUT,850511,267.0
SRB,BEL,850511,51.0
SRB,BGR,280429,296971.0
SRB,BGR,740311,27777143.0
SRB,BGR,850511,365.0
SRB,BIH,251110,953.0
SRB,BIH,252800,1176.0
SRB,BIH,280429,306721.0
SRB,BIH,750210,4899.0
SRB,BIH,850511,6560.0
SRB,CAN,850511,1118.0
SRB,CHE,711011,29683.0
SRB,CHE,711021,422403.0
SRB,CHE,850511,124613.0
SRB,CHN,740311,134559855.0
SRB,CHN,850511,36717.0
SRB,CYP,280429,68641.0
SRB,CZE,850511,2704.0
SRB,DEU,260600,5.0
SRB,DEU,740311,355140.0
SRB,DEU,850511,11212.0
SRB,DNK,850511,541.0
SRB,FIN,850511,3092.0
SRB,FRA,810411,332516.0
SRB,FRA,850511,66.0
SRB,GBR,850511,1583.0
SRB,GEO,850511,390.0
SRB,GRC,280429,156167.0
SRB,HKG,711011,238760.0
SRB,HKG,711021,7149562.0
SRB,HRV,280429,11054.0
SRB,HRV,750210,25104.0
SRB,HRV,850511,37874.0
SRB,HUN,280429,14136.0
SRB,HUN,850511,3055.0
SRB,IRL,850511,66.0
SRB,IRN,252800,166002.0
SRB,ISR,280469,4484.0
SRB,ISR,740311,9132.0
SRB,ITA,740311,10113.0
SRB,ITA,850511,13074.0
SRB,LBY,850511,26.0
SRB,LTU,850511,23.0
SRB,LUX,810820,5.0
SRB,MKD,251110,1069.0
SRB,MKD,280429,297454.0
SRB,MKD,280480,12735.0
SRB,MKD,720292,664.0
SRB,MKD,850511,1693.0
SRB,MLT,850511,4616.0
SRB,MNE,250490,2486.0
SRB,MNE,270112,159.0
SRB,MNE,280429,78353.0
SRB,MNE,283691,39.0
SRB,MNE,740311,3154.0
SRB,MNE,850511,4073.0000000000005
SRB,NLD,750210,9787.0
SRB,POL,850511,40.0
SRB,ROU,280429,1039732.0
SRB,ROU,850511,257.0
SRB,RUS,280429,54270.0
SRB,RUS,850511,8895.0
SRB,SUR,850511,209.0
SRB,SVN,260600,39.0
SRB,SVN,280429,50889.0
SRB,SVN,750210,19659.0
SRB,SVN,811010,3555.0
SRB,SVN,850511,29677.0
SRB,THA,850511,12.0
SRB,TUR,280429,2500.0
SRB,TUR,850511,62.0
SRB,USA,850511,4942.0
SVK,ARG,850511,9.0
SVK,AUS,260200,67.0
SVK,AUS,850511,18.0
SVK,AUT,252910,452.0
SVK,AUT,252922,1162327.0
SVK,AUT,260600,1192.0
SVK,AUT,280429,89478.0
SVK,AUT,740311,173382.0
SVK,AUT,850511,3530966.0
SVK,BEL,260200,38835.0
SVK,BEL,811292,1342.0
SVK,BGR,280469,763204.0
SVK,BGR,740311,8642.0
SVK,BGR,850511,960.0
SVK,BIH,280469,362608.0
SVK,BIH,850511,1937.0
SVK,BOL,850511,1.0
SVK,BRA,850511,342.0
SVK,CAN,280469,91491.0
SVK,CAN,850511,5274.0
SVK,CHE,740311,37580.0
SVK,CHE,850511,1.0
SVK,CHN,850511,1112079.0
SVK,CZE,251110,176323.0
SVK,CZE,252800,5.0
SVK,CZE,252910,918.0
SVK,CZE,260200,1077031.0
SVK,CZE,260600,9021.0
SVK,CZE,280429,33897.0
SVK,CZE,280469,1388960.0
SVK,CZE,720292,1503901.0
SVK,CZE,720293,3954798.0
SVK,CZE,740311,885531.0
SVK,CZE,750210,59969.0
SVK,CZE,810820,149852.0
SVK,CZE,811292,5705.0
SVK,CZE,850511,1321033.0
SVK,DEU,252922,223141.0
SVK,DEU,280429,438.0
SVK,DEU,280469,1366841.0
SVK,DEU,720292,1326.0
SVK,DEU,720293,573.0
SVK,DEU,740311,239702.0
SVK,DEU,750210,29254.0
SVK,DEU,810194,1077.0
SVK,DEU,810411,1491578.0
SVK,DEU,811292,2567427.0
SVK,DEU,850511,4053394.0
SVK,DNK,280429,9910.0
SVK,DNK,750210,66.0
SVK,DNK,850511,15.0
SVK,EGY,850511,12433.0
SVK,ESP,251110,163.0
SVK,ESP,280469,1244405.0
SVK,ESP,740311,1796495.0
SVK,ESP,810411,103989.0
SVK,ESP,850511,6653.0
SVK,FIN,280469,452149.0
SVK,FIN,810411,45409.0
SVK,FIN,850511,37.0
SVK,FRA,260200,112252.0
SVK,FRA,280469,140595.0
SVK,FRA,740311,637397.0
SVK,FRA,810411,368198.0
SVK,FRA,850511,7648.0
SVK,GBR,740311,653451.0
SVK,GBR,810411,143319.0
SVK,GBR,850511,265.0
SVK,GHA,850511,79.0
SVK,GRC,850511,98.0
SVK,HKG,850511,76.0
SVK,HRV,850511,1620.0
SVK,HUN,251110,3795.0
SVK,HUN,252910,142498.0
SVK,HUN,280429,391.0
SVK,HUN,280469,1066506.0
SVK,HUN,720293,1200731.0
SVK,HUN,740311,24618.0
SVK,HUN,850511,118378.0
SVK,IDN,850511,365.0
SVK,IND,280469,102903.0
SVK,IND,850511,10599.0
SVK,IRL,850511,117.0
SVK,ITA,251110,1.0
SVK,ITA,260200,3819.0
SVK,ITA,280469,1874458.0
SVK,ITA,711011,102546.0
SVK,ITA,740311,4543743.0
SVK,ITA,750210,171858.0
SVK,ITA,810411,398397.0
SVK,ITA,850511,2221.0
SVK,JPN,850511,52449.0
SVK,KAZ,850511,5338.0
SVK,KOR,850511,372.0
SVK,LTU,850511,8614.0
SVK,LVA,260600,10280.0
SVK,LVA,280469,76658.0
SVK,LVA,850511,1383.0
SVK,MAR,850511,11.0
SVK,MNE,280429,15444.0
SVK,NLD,250490,1.0
SVK,NLD,251010,1031.0
SVK,NLD,251110,1736.0
SVK,NLD,252800,179.0
SVK,NLD,252910,1035.0
SVK,NLD,252922,1738.0
SVK,NLD,260200,351.0
SVK,NLD,260600,2186.0
SVK,NLD,270112,4489.0
SVK,NLD,280429,2806.0
SVK,NLD,280469,853552.0
SVK,NLD,282200,1423.0
SVK,NLD,283691,12605.0
SVK,NLD,283692,511.0
SVK,NLD,711011,216.0
SVK,NLD,711021,1822.0
SVK,NLD,720292,2321.0
SVK,NLD,720293,3.0
SVK,NLD,740311,1809.0
SVK,NLD,750210,17668.0
SVK,NLD,810320,17.0
SVK,NLD,810411,1002.9999999999999
SVK,NLD,810820,7.0
SVK,NLD,811010,7.0
SVK,NLD,811292,121.0
SVK,NLD,850511,11974.0
SVK,NOR,850511,2949.0
SVK,PER,850511,1102.0
SVK,POL,251110,3453.0
SVK,POL,252922,11188.0
SVK,POL,260200,45.0
SVK,POL,280429,32791.0
SVK,POL,280469,207791.0
SVK,POL,711021,608.0
SVK,POL,740311,1463985.0
SVK,POL,810194,16.0
SVK,POL,810411,585625.0
SVK,POL,850511,36979.0
SVK,PRT,740311,253271.0
SVK,PRT,850511,2944.0
SVK,QAT,850511,129304.0
SVK,ROU,250490,2.0
SVK,ROU,260200,72446.0
SVK,ROU,280469,364186.0
SVK,ROU,720292,1938971.0
SVK,ROU,720293,277732.0
SVK,ROU,810320,1614.0
SVK,ROU,811292,552.0
SVK,ROU,850511,2033.0
SVK,RUS,850511,1584.0
SVK,S19,850511,926.0
SVK,SGP,810820,1445.0
SVK,SGP,850511,2383.0
SVK,SRB,720293,1280812.0
SVK,SRB,850511,98.0
SVK,SVN,280469,406780.0
SVK,SVN,810411,971295.0
SVK,SVN,811292,15861.0
SVK,SVN,850511,415.0
SVK,THA,720292,107922.0
SVK,THA,850511,2.0
SVK,TUN,850511,920.0
SVK,TUR,720292,107996.0
SVK,TUR,720293,342197.0
SVK,TUR,850511,6753.0
SVK,UKR,260200,136751.0
SVK,UKR,280469,159221.0
SVK,UKR,720292,1565.0
SVK,UKR,810194,917.0
SVK,UKR,850511,1494.0
SVK,URY,810194,34.0
SVK,USA,260200,27661.0
SVK,USA,280469,5521387.0
SVK,USA,711011,750605.0
SVK,USA,711021,187.0
SVK,USA,810411,998104.0
SVK,USA,811292,451166.0
SVK,USA,850511,1493805.0
SVK,ZAF,720292,151586.0
SVK,ZAF,720293,64211.0
SVK,ZAF,850511,5.0
SVN,ALB,850511,9.0
SVN,ARE,850511,631.0
SVN,ARG,850511,384.0
SVN,ARM,850511,4927.0
SVN,AUS,850511,2119.0
SVN,AUT,252800,2128111.0
SVN,AUT,280429,1717.0
SVN,AUT,810411,245379.0
SVN,AUT,850511,231348.0
SVN,AZE,850511,52.0
SVN,BEL,280429,189.0
SVN,BEL,850511,23424.0
SVN,BGR,280469,1950.0
SVN,BGR,720292,1398.0
SVN,BGR,750210,56832.0
SVN,BGR,810411,25.0
SVN,BGR,850511,92814.0
SVN,BHR,850511,83.0
SVN,BIH,252922,783.0
SVN,BIH,260600,972.0
SVN,BIH,280429,10672.0
SVN,BIH,280469,15263.0
SVN,BIH,282200,21.0
SVN,BIH,720293,2714.0
SVN,BIH,750210,20631.0
SVN,BIH,810411,37195.0
SVN,BIH,811010,67205.0
SVN,BIH,811292,126.0
SVN,BIH,850511,37695.0
SVN,BRA,252910,440.0
SVN,BRA,850511,44007.0
SVN,CAN,283691,318458.0
SVN,CAN,850511,17.0
SVN,CHE,810411,564.0
SVN,CHE,850511,4005546.0
SVN,CHN,850511,312782.0
SVN,CIV,850511,1354.0
SVN,CZE,280469,146886.0
SVN,CZE,720293,30116.0
SVN,CZE,810411,273863.0
SVN,CZE,850511,636300.0
SVN,DEU,260600,8568.0
SVN,DEU,280469,195410.0
SVN,DEU,711011,34827.0
SVN,DEU,711021,28717.0
SVN,DEU,720292,823.0
SVN,DEU,810411,74938.0
SVN,DEU,850511,6185670.0
SVN,DNK,850511,1294.0
SVN,ESP,280469,278763.0
SVN,ESP,850511,3686.0
SVN,EST,850511,2004.0
SVN,FIN,810820,400663.0
SVN,FIN,850511,94.0
SVN,FRA,720292,156378.0
SVN,FRA,850511,2197143.0
SVN,GBR,850511,7225.0
SVN,GRC,850511,4862.0
SVN,HRV,252910,121705.0
SVN,HRV,280429,50351.0
SVN,HRV,280469,2699.0
SVN,HRV,283691,28.0
SVN,HRV,720292,12317.0
SVN,HRV,720293,4935.0
SVN,HRV,750210,11613.0
SVN,HRV,810411,1306104.0
SVN,HRV,811292,10440.0
SVN,HRV,850511,128758.00000000001
SVN,HUN,280429,24248.0
SVN,HUN,280469,274034.0
SVN,HUN,750210,25252.0
SVN,HUN,810411,406443.0
SVN,HUN,850511,420564.0
SVN,IDN,850511,545.0
SVN,IND,283691,654071.0
SVN,IND,720292,489611.0
SVN,IND,850511,1031584.0000000001
SVN,IRL,850511,21669.0
SVN,ISL,850511,354.0
SVN,ISR,850511,7889.0
SVN,ITA,251110,378.0
SVN,ITA,252910,1260585.0
SVN,ITA,252922,21743.0
SVN,ITA,260600,244489.0
SVN,ITA,280429,159368.0
SVN,ITA,280469,3313826.0
SVN,ITA,280470,38744.0
SVN,ITA,283691,660034.0
SVN,ITA,720292,3258900.0
SVN,ITA,720293,191672.0
SVN,ITA,750210,18477347.0
SVN,ITA,810411,2907405.0
SVN,ITA,810820,1515121.0
SVN,ITA,850511,61768.0
SVN,JPN,283691,1148318.0
SVN,KAZ,251110,13049.0
SVN,KAZ,252922,3340.0
SVN,KAZ,260600,43328.0
SVN,KOR,283691,425922.0
SVN,KOR,850511,2280.0
SVN,KWT,850511,39.0
SVN,LTU,260600,9834.0
SVN,LTU,850511,963.0
SVN,LVA,850511,12970.0
SVN,MEX,283691,76130.0
SVN,MEX,740311,281.0
SVN,MEX,850511,106237.0
SVN,MKD,811010,57393.0
SVN,MKD,850511,2534.0
SVN,MNE,850511,173.0
SVN,NLD,250490,6.0
SVN,NLD,251010,1113.0
SVN,NLD,251110,95261.0
SVN,NLD,252800,251.0
SVN,NLD,252910,1044.0
SVN,NLD,252922,134.0
SVN,NLD,260200,296.0
SVN,NLD,260600,871.0
SVN,NLD,270112,4830.0
SVN,NLD,280429,4565.0
SVN,NLD,280469,2020.0
SVN,NLD,280470,1.0
SVN,NLD,282200,1933.0
SVN,NLD,283691,37694.0
SVN,NLD,283692,46.0
SVN,NLD,711011,334.0
SVN,NLD,711021,4518.0
SVN,NLD,720292,2959.0
SVN,NLD,720293,6.0
SVN,NLD,740311,7484.0
SVN,NLD,750210,12639.0
SVN,NLD,810320,252.0
SVN,NLD,810411,8426.0
SVN,NLD,810820,8.0
SVN,NLD,811010,21.0
SVN,NLD,811292,101.0
SVN,NLD,850511,24462.0
SVN,NOR,280429,182.0
SVN,NOR,850511,281.0
SVN,NZL,283691,80689.0
SVN,NZL,720292,211301.0
SVN,NZL,850511,1046.0
SVN,OMN,720292,1317282.0
SVN,POL,252910,1113.0
SVN,POL,252922,252.0
SVN,POL,280469,621870.0
SVN,POL,283692,56.0
SVN,POL,720292,2725.0
SVN,POL,720293,2017.9999999999998
SVN,POL,810411,133262.0
SVN,POL,850511,545847.0
SVN,PRT,850511,28996.0
SVN,ROU,280469,124932.0
SVN,ROU,720292,57049.0
SVN,ROU,810411,1605006.0
SVN,ROU,811010,4737.0
SVN,ROU,850511,1159223.0
SVN,RUS,252910,8832.0
SVN,RUS,850511,183.0
SVN,S19,850511,10375.0
SVN,SAU,850511,614.0
SVN,SGP,283691,17491.0
SVN,SRB,250490,8836.0
SVN,SRB,260600,90395.0
SVN,SRB,280429,134386.0
SVN,SRB,283692,61.0
SVN,SRB,720292,7120.0
SVN,SRB,720293,111265.0
SVN,SRB,740311,360.0
SVN,SRB,750210,1104171.0
SVN,SRB,810411,13599.0
SVN,SRB,810820,152.0
SVN,SRB,811292,405.0
SVN,SRB,850511,81605.0
SVN,SVK,252800,17525.0
SVN,SVK,280469,30012.0
SVN,SVK,283691,961832.0
SVN,SVK,810411,25137.0
SVN,SVK,850511,13807.0
SVN,SWE,850511,4331.0
SVN,THA,250490,1142.0
SVN,THA,850511,22.0
SVN,TUR,283691,834339.0
SVN,TUR,850511,881.0
SVN,UKR,251110,1591.0
SVN,UKR,850511,443.0
SVN,URY,850511,5.0
SVN,USA,850511,762928.0
SVN,ZAF,850511,499.0
SWE,ARE,280429,5636.0
SWE,ARE,810411,371.0
SWE,ARE,811292,11963.0
SWE,ARE,850511,5131.0
SWE,ARG,850511,5662.0
SWE,ARM,850511,5141.0
SWE,AUS,260600,3559.0
SWE,AUS,282200,1780.0
SWE,AUS,720293,390143.0
SWE,AUS,810320,12530.0
SWE,AUS,850511,14802.0
SWE,AUT,250490,12331.0
SWE,AUT,252800,10579.0
SWE,AUT,252910,2373.0
SWE,AUT,720293,101651.0
SWE,AUT,740311,231095.0
SWE,AUT,810820,6188.0
SWE,AUT,850511,13177.0
SWE,AZE,850511,93.0
SWE,BEL,252910,1088.0
SWE,BEL,711011,1537.0
SWE,BEL,711021,2171261.0
SWE,BEL,720292,293445.0
SWE,BEL,740311,4967051.0
SWE,BEL,810820,3940.0
SWE,BEL,811292,316.0
SWE,BEL,850511,220580.0
SWE,BGR,811010,69197.0
SWE,BGR,850511,25706.0
SWE,BHR,282200,14138.0
SWE,BIH,850511,341.0
SWE,BOL,720292,2256.0
SWE,BRA,252910,6402.0
SWE,BRA,740311,5322137.0
SWE,BRA,810194,6555.0
SWE,BRA,850511,154332.0
SWE,CAN,252910,198.0
SWE,CAN,270112,297.0
SWE,CAN,280429,1483.0
SWE,CAN,282200,3757.0
SWE,CAN,810820,462120.0
SWE,CAN,811010,534634.0
SWE,CAN,850511,84599.0
SWE,CHE,250490,198.0
SWE,CHE,251010,103.0
SWE,CHE,251110,99.0
SWE,CHE,280469,494.0
SWE,CHE,282200,99.0
SWE,CHE,711011,3782588.0
SWE,CHE,711021,28055155.0
SWE,CHE,810194,856.0
SWE,CHE,810320,198.0
SWE,CHE,810820,9091.0
SWE,CHE,850511,27014.0
SWE,CHL,280469,823.0
SWE,CHL,850511,23989.0
SWE,CHN,252800,198.0
SWE,CHN,252922,63630.0
SWE,CHN,280469,15819.0
SWE,CHN,282200,21751.0
SWE,CHN,740311,65667342.99999999
SWE,CHN,810194,198.0
SWE,CHN,810320,2735.0
SWE,CHN,810820,77353.0
SWE,CHN,811292,1034.0
SWE,CHN,850511,125544.0
SWE,CMR,850511,5275.0
SWE,COL,850511,624.0
SWE,CPV,850511,99.0
SWE,CRI,850511,3.0
SWE,CUB,850511,609.0
SWE,CZE,252910,17101.0
SWE,CZE,260600,1596.0
SWE,CZE,740311,3182934.0
SWE,CZE,810820,28608.0
SWE,CZE,850511,181497.0
SWE,DEU,251110,3658.0
SWE,DEU,252800,51907.0
SWE,DEU,252910,774016.0
SWE,DEU,280469,5534233.0
SWE,DEU,282200,4587.0
SWE,DEU,711011,309563.0
SWE,DEU,711021,162491.0
SWE,DEU,720292,612786.0
SWE,DEU,720293,1425316.0
SWE,DEU,740311,680175772.0
SWE,DEU,750210,460224.0
SWE,DEU,810320,223.0
SWE,DEU,810820,86806.0
SWE,DEU,811010,283148.0
SWE,DEU,811292,266507.0
SWE,DEU,850511,331167.0
SWE,DNK,250490,1445.0
SWE,DNK,252800,528.0
SWE,DNK,252910,2209.0
SWE,DNK,270112,1579.0
SWE,DNK,280429,676713.0
SWE,DNK,282200,12.0
SWE,DNK,750210,788524.0
SWE,DNK,810820,40.0
SWE,DNK,811010,651.0
SWE,DNK,850511,439393.0
SWE,DOM,850511,459.0
SWE,ECU,850511,513.0
SWE,EGY,850511,242.0
SWE,ESP,250490,1631.0
SWE,ESP,280469,395877.0
SWE,ESP,283691,79610.0
SWE,ESP,720292,791.0
SWE,ESP,810411,1249261.0
SWE,ESP,810820,2303.0
SWE,ESP,850511,8303.0
SWE,EST,251110,8404.0
SWE,EST,750210,3164.0
SWE,EST,810820,1681.0
SWE,EST,850511,48943.0
SWE,FIN,250490,17483.0
SWE,FIN,251110,5141.0
SWE,FIN,252800,30817.0
SWE,FIN,252910,41334.0
SWE,FIN,260200,20001.0
SWE,FIN,270112,2589348.0
SWE,FIN,280429,37565.0
SWE,FIN,280469,4044345.0
SWE,FIN,283691,41427.0
SWE,FIN,711011,3923.0
SWE,FIN,711021,134760.0
SWE,FIN,720292,1680845.0
SWE,FIN,720293,2543037.0
SWE,FIN,740311,13099699.0
SWE,FIN,750210,644635.0
SWE,FIN,810194,16615.0
SWE,FIN,810320,5084.0
SWE,FIN,810820,893.0
SWE,FIN,850511,794937.0
SWE,FRA,251110,8657.0
SWE,FRA,280469,41458965.0
SWE,FRA,720292,235091.0
SWE,FRA,810411,1298988.0
SWE,FRA,810820,1977.0
SWE,FRA,850511,53361.0
SWE,GAB,850511,39.0
SWE,GBR,251010,2532.0
SWE,GBR,251110,9887.0
SWE,GBR,252910,806606.0
SWE,GBR,270112,21393924.0
SWE,GBR,280429,6229.0
SWE,GBR,282200,297.0
SWE,GBR,283692,38230.0
SWE,GBR,711021,1273055.0
SWE,GBR,720292,8119.0
SWE,GBR,740311,1522489.0
SWE,GBR,810820,490686.0
SWE,GBR,811212,50721.0
SWE,GBR,850511,264561.0
SWE,GRC,850511,5876.0
SWE,HKG,280469,198.0
SWE,HKG,282200,395.0
SWE,HKG,810820,22481.0
SWE,HKG,850511,7020.0
SWE,HND,850511,99.0
SWE,HRV,252910,4022.0000000000005
SWE,HRV,850511,3135.0
SWE,HUN,280469,200707.0
SWE,HUN,850511,65033.0
SWE,IDN,252910,48134.0
SWE,IDN,280469,198.0
SWE,IDN,282200,198.0
SWE,IDN,850511,1678.0
SWE,IND,252922,5956.0
SWE,IND,283691,13842.0
SWE,IND,720292,726.0
SWE,IND,750210,989.0
SWE,IND,810820,47028.0
SWE,IND,850511,858191.0
SWE,IRL,720292,60608.0
SWE,IRL,720293,284944.0
SWE,IRL,850511,329.0
SWE,IRN,850511,25749.0
SWE,ISL,250490,662.0
SWE,ISL,252910,1879.0
SWE,ISL,280429,88095.0
SWE,ISL,280469,603570.0
SWE,ISL,810820,99.0
SWE,ISL,850511,2557.0
SWE,ISR,720292,1000.0
SWE,ISR,810820,61862.0
SWE,ISR,850511,8106.999999999999
SWE,ITA,250490,7371.0
SWE,ITA,252910,59166.0
SWE,ITA,280469,183998.0
SWE,ITA,711011,19972.0
SWE,ITA,711021,112292.0
SWE,ITA,740311,416245676.0
SWE,ITA,810411,36533.0
SWE,ITA,810820,43018.0
SWE,ITA,850511,424215.0
SWE,JPN,252922,11864.0
SWE,JPN,280429,2966.0
SWE,JPN,280469,236691.0
SWE,JPN,282200,3757.0
SWE,JPN,740311,3757.0
SWE,JPN,810820,99.0
SWE,JPN,850511,4877.0
SWE,KAZ,850511,6921.0
SWE,KGZ,850511,611.0
SWE,KOR,250490,44.0
SWE,KOR,252922,47179.0
SWE,KOR,280429,6031.0
SWE,KOR,280469,519.0
SWE,KOR,282200,4251.0
SWE,KOR,740311,215.0
SWE,KOR,810820,3662.0
SWE,KOR,850511,6383.0
SWE,LTU,810820,7965.0
SWE,LTU,850511,13119.0
SWE,LUX,252800,69704.0
SWE,LVA,252910,1120.0
SWE,LVA,280429,47164.0
SWE,LVA,280469,21379.0
SWE,LVA,750210,20651.0
SWE,LVA,850511,15517.0
SWE,MAR,850511,389.0
SWE,MDA,850511,253.0
SWE,MEX,850511,32082.0
SWE,MKD,850511,31.0
SWE,MNE,850511,116.0
SWE,MNG,850511,1879.0
SWE,MUS,850511,24.0
SWE,MYS,280429,8717.0
SWE,MYS,282200,297.0
SWE,MYS,720292,99739.0
SWE,MYS,850511,1977.0
SWE,NAM,850511,70.0
SWE,NLD,250490,19.0
SWE,NLD,251010,19939.0
SWE,NLD,251110,4051.0
SWE,NLD,252800,38984.0
SWE,NLD,252910,375192.0
SWE,NLD,252922,614.0
SWE,NLD,260200,2282.0
SWE,NLD,260600,5574.0
SWE,NLD,270112,152315.0
SWE,NLD,280429,18600.0
SWE,NLD,280469,144363.0
SWE,NLD,280470,2.0
SWE,NLD,280480,1.0
SWE,NLD,282200,5853.0
SWE,NLD,283691,35262.0
SWE,NLD,283692,117.0
SWE,NLD,711011,1166.0
SWE,NLD,711021,11014.0
SWE,NLD,720292,13390.0
SWE,NLD,720293,6415.0
SWE,NLD,740311,6685691.0
SWE,NLD,750210,3478952.0
SWE,NLD,810320,78.0
SWE,NLD,810411,5671.0
SWE,NLD,810820,29.0
SWE,NLD,811010,48.0
SWE,NLD,811292,517.0
SWE,NLD,850511,892800.0
SWE,NOR,250490,10934.0
SWE,NOR,252800,239860.0
SWE,NOR,252910,213074.0
SWE,NOR,252922,26102.0
SWE,NOR,260200,74054.0
SWE,NOR,260600,1285.0
SWE,NOR,270112,3955.0
SWE,NOR,280429,583566.0
SWE,NOR,280469,246.0
SWE,NOR,282200,494.0
SWE,NOR,283691,123.0
SWE,NOR,711011,1285.0
SWE,NOR,720292,417138.0
SWE,NOR,720293,443060.0
SWE,NOR,740311,219043.0
SWE,NOR,750210,387269.0
SWE,NOR,810194,3726.0
SWE,NOR,810411,1186.0
SWE,NOR,810820,164.0
SWE,NOR,811010,593.0
SWE,NOR,850511,515114.00000000006
SWE,NZL,850511,2692.0
SWE,OMN,720292,302369.0
SWE,PAN,850511,54082.0
SWE,PER,280469,13998.0
SWE,PER,750210,77514.0
SWE,PER,850511,6517.0
SWE,POL,251110,10692.0
SWE,POL,252800,1088.0
SWE,POL,252910,71263.0
SWE,POL,280429,1706.0
SWE,POL,280469,1471785.0
SWE,POL,283691,91455.0
SWE,POL,720292,27413.0
SWE,POL,740311,3222222.0
SWE,POL,810411,4269.0
SWE,POL,810820,494.0
SWE,POL,850511,64378.0
SWE,PRT,850511,1811.0
SWE,PYF,850511,83.0
SWE,QAT,283691,17302.0
SWE,QAT,740311,24736.0
SWE,ROU,720293,108568.0
SWE,ROU,850511,2670.0
SWE,RUS,280469,289690.0
SWE,RUS,720293,79294.0
SWE,RUS,810820,102627.0
SWE,RUS,850511,16116.0
SWE,S19,280429,9195.0
SWE,S19,720293,35692.0
SWE,S19,810820,234345.0
SWE,S19,850511,695.0
SWE,SAU,280429,198.0
SWE,SAU,740311,6301446.0
SWE,SAU,850511,446.0
SWE,SGP,280429,6360.0
SWE,SGP,280469,40.0
SWE,SGP,282200,2076.0
SWE,SGP,810820,18291.0
SWE,SGP,850511,6399.0
SWE,SRB,850511,32018.0
SWE,SVK,260600,24495.0
SWE,SVK,811010,83920.0
SWE,SVK,850511,4529.0
SWE,SVN,252910,10770.0
SWE,SVN,850511,1612.0
SWE,THA,850511,14552.0
SWE,TUR,251110,24026.0
SWE,TUR,280429,5734.0
SWE,TUR,720292,55269.0
SWE,TUR,720293,136540.0
SWE,TUR,740311,291.0
SWE,TUR,810194,56949.0
SWE,TUR,810820,16261.0
SWE,TUR,850511,16650.0
SWE,TZA,850511,99.0
SWE,UKR,850511,450.0
SWE,URY,250490,297.0
SWE,URY,850511,1456.0
SWE,USA,250490,38046.0
SWE,USA,260200,99.0
SWE,USA,260600,99.0
SWE,USA,270112,5042.0
SWE,USA,280429,72619.0
SWE,USA,282200,7637.0
SWE,USA,283691,8009.0
SWE,USA,720292,116161.0
SWE,USA,720293,123786.0
SWE,USA,740311,15712.0
SWE,USA,810194,7187.0
SWE,USA,810320,12422.0
SWE,USA,810411,21612.0
SWE,USA,810820,77271.0
SWE,USA,850511,481051.0
SWE,VNM,270112,791.0
SWE,VNM,280429,948.0
SWE,VNM,811292,99.0
SWE,VNM,850511,1285.0
SWE,ZAF,850511,16175.999999999998
SWZ,ISR,720292,253000.0
SWZ,THA,740311,10252388.0
SWZ,ZAF,250490,2.0
SWZ,ZAF,270112,55012.0
SWZ,ZAF,850511,3668.0
SXM,FRA,280429,1030.0
SYC,AUT,280429,22126.0
SYC,FRA,810194,437.0
SYC,IND,260200,2406959.0
SYC,ZAF,280469,149932.0
SYR,BGR,251010,3134925.0
SYR,ROU,251010,109046.0
SYR,SRB,251010,23162948.0
SYR,TUN,251010,1404035.0
TGO,AUS,251010,43222274.0
TGO,BEN,280429,1526.0
TGO,BGR,251010,49936330.0
TGO,CAN,251010,1.0
TGO,IND,251010,62538216.0
TGO,NLD,270112,5471.0
TGO,NZL,251010,26488602.0
TGO,ZAF,850511,315.0
THA,ARE,251110,122323.0
THA,ARE,280469,889609.0
THA,ARE,282200,120150.0
THA,ARE,711021,21.0
THA,ARE,740311,116282.0
THA,ARE,850511,10462.0
THA,ATG,850511,300.0
THA,AUS,251110,1077691.0
THA,AUS,252910,217011.0
THA,AUS,280429,59.0
THA,AUS,280469,110.0
THA,AUS,283691,2915.0
THA,AUS,711011,36302.0
THA,AUS,810194,71243.0
THA,AUS,850511,63127.0
THA,AUT,711021,2323721.0
THA,AUT,811010,290512.0
THA,AUT,850511,16967.0
THA,BEL,811010,2370600.0
THA,BEL,850511,2057.0
THA,BGD,252910,21182424.0
THA,BGD,811010,434410.0
THA,BIH,850511,33.0
THA,BRA,850511,2509.0
THA,BWA,711021,3763.0
THA,CAN,280469,431820.0
THA,CAN,711011,247.0
THA,CAN,811010,86627.0
THA,CAN,850511,132.0
THA,CHE,850511,481231.0
THA,CHL,850511,335.0
THA,CHN,251110,325.0
THA,CHN,252910,15329.0
THA,CHN,260200,1809865.0
THA,CHN,260600,1.0
THA,CHN,270112,57.0
THA,CHN,280469,3219231.0
THA,CHN,720292,51137.0
THA,CHN,720293,11167.0
THA,CHN,740311,53134096.0
THA,CHN,750210,884886.0
THA,CHN,810320,1248595.0
THA,CHN,810820,1.0
THA,CHN,850511,5522511.0
THA,CRI,850511,4.0
THA,CZE,810320,3547427.0
THA,CZE,850511,8195.0
THA,DEU,252800,480.0
THA,DEU,252910,10.0
THA,DEU,260600,2.0
THA,DEU,283691,193562.0
THA,DEU,711011,264092.0
THA,DEU,711021,1638444.0
THA,DEU,810320,3126856.0
THA,DEU,810820,450.0
THA,DEU,850511,506603.0
THA,DNK,711021,123.0
THA,DNK,850511,1600.0
THA,EGY,850511,53647.0
THA,ESP,252910,67.0
THA,ESP,711011,50656.0
THA,ESP,811010,3474675.0
THA,ESP,850511,444.0
THA,EST,850511,36.0
THA,FIN,850511,585.0
THA,FRA,251010,24.0
THA,FRA,711021,195217.0
THA,FRA,810320,62738.0
THA,FRA,811010,4357869.0
THA,FRA,850511,1128.0
THA,GBR,252910,5.0
THA,GBR,711011,13448.0
THA,GBR,850511,4377.0
THA,GIN,250490,1200.0
THA,GRC,850511,1148.0
THA,GTM,280429,1197.0
THA,GTM,711011,143.0
THA,HKG,251110,8.0
THA,HKG,252910,301.0
THA,HKG,260600,1133.0
THA,HKG,270112,2.0
THA,HKG,280469,16600.0
THA,HKG,711011,785393.0
THA,HKG,711021,385243.0
THA,HKG,740311,6.0
THA,HKG,810320,5.0
THA,HKG,810820,2250.0
THA,HKG,850511,1247789.0
THA,HUN,850511,896753.0
THA,IDN,250490,2744.0
THA,IDN,251110,2824670.0
THA,IDN,252910,5210322.0
THA,IDN,270112,634952.0
THA,IDN,280429,70035.0
THA,IDN,711021,7633.0
THA,IDN,750210,68729.0
THA,IDN,810194,25488.0
THA,IDN,810320,2775504.0
THA,IDN,810411,6518.0
THA,IDN,811292,924.0
THA,IDN,850511,195491.0
THA,IND,251110,55528.0
THA,IND,252910,8345900.0
THA,IND,252922,373448.0
THA,IND,260600,7963.0
THA,IND,280469,260664.0
THA,IND,750210,84391.0
THA,IND,811010,1930036.0
THA,IND,850511,1223399.0
THA,IRL,850511,2759.0
THA,ISR,251110,94217.0
THA,ISR,810320,7377270.0
THA,ITA,260600,5.0
THA,ITA,711021,2254801.0
THA,ITA,850511,10142.0
THA,JOR,251110,14651.0
THA,JPN,251110,194724.0
THA,JPN,252910,176739.0
THA,JPN,252922,534806.0
THA,JPN,260600,51008.0
THA,JPN,270112,335677.0
THA,JPN,280429,444057.0
THA,JPN,280469,86446.0
THA,JPN,283691,101460.0
THA,JPN,711011,1612027.0
THA,JPN,711021,1330535.0
THA,JPN,810320,3453842.0
THA,JPN,810820,43.0
THA,JPN,811010,6924176.0
THA,JPN,811292,30538.0
THA,JPN,850511,29803920.0
THA,KHM,251110,1172.0
THA,KHM,252910,11000.0
THA,KHM,280429,71638.0
THA,KHM,280469,46626.0
THA,KHM,811292,1223.0
THA,KHM,850511,2813542.0
THA,KOR,251110,151538.0
THA,KOR,252800,81.0
THA,KOR,252910,271853.0
THA,KOR,260600,11.0
THA,KOR,850511,3566.0
THA,LAO,250490,23530.0
THA,LAO,260600,1325.0
THA,LAO,280429,90788.0
THA,LAO,280469,21412.0
THA,LAO,282200,2814.0
THA,LAO,850511,45758.0
THA,LKA,252910,8.0
THA,LUX,850511,581.0
THA,MDG,810194,1886.0
THA,MDG,850511,316.0
THA,MDV,810820,543.0
THA,MDV,850511,5707.0
THA,MEX,260600,1275.0
THA,MEX,850511,315450.0
THA,MKD,850511,60.0
THA,MMR,250490,2110.0
THA,MMR,251010,445.0
THA,MMR,251110,330229.0
THA,MMR,252910,204887.0
THA,MMR,260200,320.0
THA,MMR,280429,23189.0
THA,MMR,280469,17877.0
THA,MMR,750210,302239.0
THA,MMR,850511,8326.0
THA,MUS,280429,20345.0
THA,MUS,850511,143.0
THA,MYS,251110,3163739.0
THA,MYS,252910,930078.0
THA,MYS,260200,1250.0
THA,MYS,260600,2.0
THA,MYS,280429,132996.0
THA,MYS,280469,28786.0
THA,MYS,750210,93706.0
THA,MYS,811010,14377.0
THA,MYS,850511,9728008.0
THA,NGA,850511,24750.0
THA,NLD,251110,78.0
THA,NLD,270112,105.0
THA,NLD,280469,702466.0
THA,NLD,282200,221357.0
THA,NLD,711011,140.0
THA,NLD,810820,544.0
THA,NLD,811010,3106200.0
THA,NLD,850511,118.0
THA,NZL,251110,280908.0
THA,NZL,252910,67012.0
THA,NZL,850511,656.0
THA,PAK,811010,1515947.0
THA,PAK,850511,10761.0
THA,PHL,251110,24396.0
THA,PHL,252910,27124.0
THA,PHL,280429,54631.0
THA,PHL,750210,162842.0
THA,PHL,810320,7741.0
THA,PHL,811292,73880.0
THA,PHL,850511,1698041.0
THA,PNG,251110,1544033.0
THA,PNG,850511,8511.0
THA,POL,850511,3190.0
THA,QAT,280469,2480.0
THA,ROU,850511,13123.0
THA,RUS,251010,33.0
THA,RUS,850511,3.0
THA,S19,251010,9600.0
THA,S19,251110,123668.0
THA,S19,252910,32579.0
THA,S19,260600,76.0
THA,S19,280469,58573.0
THA,S19,750210,4.0
THA,S19,810194,600121.0
THA,S19,811292,18768.0
THA,S19,850511,82990.0
THA,SAU,251110,93500.0
THA,SAU,810820,807.0
THA,SAU,850511,395.0
THA,SGP,251110,22723.0
THA,SGP,252800,1.0
THA,SGP,252910,49.0
THA,SGP,260600,6.0
THA,SGP,280429,127049.0
THA,SGP,280469,15619.0
THA,SGP,283691,1.0
THA,SGP,810820,1.0
THA,SGP,850511,32387.0
THA,SLV,810320,20385177.0
THA,SVK,850511,575535.0
THA,SVN,850511,1078.0
THA,SWE,260600,251.0
THA,SWE,850511,3909.0
THA,SYC,850511,4900.0
THA,TUR,810320,123329.0
THA,TUR,850511,9423.0
THA,UKR,850511,246.0
THA,USA,252910,15.0
THA,USA,260600,13.0
THA,USA,280469,29128206.0
THA,USA,711011,87774.0
THA,USA,711021,292.0
THA,USA,810320,35772200.0
THA,USA,810820,4896.0
THA,USA,811010,7471662.0
THA,USA,811292,23905.0
THA,USA,850511,616361.0
THA,VNM,251110,202959.0
THA,VNM,252910,415096.0
THA,VNM,280429,312552.0
THA,VNM,280469,609.0
THA,VNM,740311,7799121.0
THA,VNM,850511,548542.0
THA,ZAF,250490,38.0
THA,ZAF,260600,5.0
THA,ZAF,711011,3558.0
THA,ZAF,850511,201.0
TJK,BEL,811010,30922961.0
TJK,BRA,811010,325865.0
TJK,CHN,811010,2500816.0
TJK,ESP,811010,334590.0
TJK,FRA,811010,78251234.0
TJK,MKD,811010,45077.0
TJK,PAK,270112,157184.0
TLS,AUS,280429,153.0
TTO,BRB,280429,2640.0
TTO,DOM,270112,47283549.0
TTO,ESP,251110,500.0
TTO,GUY,280429,16268.999999999998
TTO,IND,260600,7412487.0
TUN,BEL,740311,203685.0
TUN,BRA,850511,154.0
TUN,CHN,850511,7475.0
TUN,CIV,280429,1814.0
TUN,DEU,740311,167542.0
TUN,DEU,850511,10823.0
TUN,DZA,251110,3882498.0
TUN,DZA,280469,22426.0
TUN,DZA,810411,139728.0
TUN,EGY,280429,1261.0
TUN,ESP,252910,1993.0
TUN,FRA,251010,2052935.0
TUN,FRA,251110,36.0
TUN,FRA,260600,107.0
TUN,FRA,280469,22.0
TUN,FRA,810820,5746.0
TUN,FRA,850511,197675.0
TUN,GAB,252800,2293.0
TUN,GHA,280429,5025.0
TUN,GRC,260600,28.0
TUN,ITA,251010,492050.0
TUN,ITA,251110,10.0
TUN,ITA,850511,6503.0
TUN,LBN,280429,22468.0
TUN,LBY,252800,989.0
TUN,LBY,280429,1433.0
TUN,MAR,251110,32.0
TUN,MAR,280429,18650.0
TUN,MRT,270112,41537.0
TUN,NGA,280429,72201.0
TUN,PAK,251010,12.0
TUN,ROU,850511,48.0
TUN,SEN,280429,2123.0
TUN,SEN,280469,3861.0
TUN,SGP,251010,33.0
TUN,THA,850511,1299.0
TUN,TUR,251010,7179166.0
TUN,USA,850511,3678.0
TUR,AGO,251010,16.0
TUR,AGO,251110,777607.0
TUR,AGO,252800,38510.0
TUR,AGO,850511,28199.0
TUR,ALB,251110,518929.0
TUR,ALB,270112,6415270.0
TUR,ALB,280469,204960.0
TUR,ALB,850511,3627.0
TUR,ARE,250490,19.0
TUR,ARE,251110,65257.99999999999
TUR,ARE,252800,33595.0
TUR,ARE,252910,4717983.0
TUR,ARE,720292,559541.0
TUR,ARE,740311,1848161.0
TUR,ARE,750210,2878313.0
TUR,ARE,810411,74.0
TUR,ARE,850511,1692.0
TUR,ARG,251110,25258.0
TUR,ARG,252910,78427.0
TUR,ARG,850511,658.0
TUR,ARM,252910,404489.0
TUR,ARM,811292,51.0
TUR,ARM,850511,13242.0
TUR,AUS,251110,253228.0
TUR,AUS,252800,71529.0
TUR,AUS,252910,28931.0
TUR,AUS,270112,225.0
TUR,AUS,280469,562.0
TUR,AUS,711011,113045.0
TUR,AUS,750210,28532.0
TUR,AUS,850511,2806.0
TUR,AUT,251010,3069.0
TUR,AUT,251110,28.0
TUR,AUT,252800,3700832.0
TUR,AUT,252910,5413.0
TUR,AUT,260200,36690.0
TUR,AUT,270112,163.0
TUR,AUT,850511,8669.0
TUR,AZE,251110,1386694.0
TUR,AZE,252910,25723.0
TUR,AZE,252922,3573.0
TUR,AZE,260200,151410.0
TUR,AZE,260600,92700.0
TUR,AZE,270112,577401.0
TUR,AZE,280429,357766.0
TUR,AZE,280469,893850.0
TUR,AZE,280470,228.0
TUR,AZE,282200,196.0
TUR,AZE,283691,8200.0
TUR,AZE,740311,4776.0
TUR,AZE,750210,649232.0
TUR,AZE,810411,336563.0
TUR,AZE,850511,22346.0
TUR,BEL,251110,114648.0
TUR,BEL,252800,126857.0
TUR,BEL,252910,73271.0
TUR,BEL,252922,624.0
TUR,BEL,270112,17.0
TUR,BEL,280469,158.0
TUR,BEL,282200,270.0
TUR,BEL,810411,6039081.0
TUR,BEL,811010,3010082.0
TUR,BEL,850511,1229.0
TUR,BFA,251110,3.0
TUR,BGD,252910,761385.0
TUR,BGR,251110,19011.0
TUR,BGR,252910,8619123.0
TUR,BGR,270112,11985384.0
TUR,BGR,280429,29340.0
TUR,BGR,280469,258.0
TUR,BGR,282200,3091.0
TUR,BGR,740311,6895392.0
TUR,BGR,810320,74.0
TUR,BGR,850511,21730.0
TUR,BHR,252910,180.0
TUR,BHR,850511,799.0
TUR,BHS,850511,141.0
TUR,BIH,251110,7117.0
TUR,BIH,252800,68.0
TUR,BIH,850511,16146.999999999998
TUR,BLR,251110,293882.0
TUR,BLR,252910,83.0
TUR,BLR,850511,658.0
TUR,BLZ,850511,246.0
TUR,BRA,251110,603560.0
TUR,BRA,252800,1387013.0
TUR,BRA,252910,164987.0
TUR,BRA,810411,351612.0
TUR,BRA,850511,2425.0
TUR,BTN,280429,22472.0
TUR,CAN,251110,3174971.0
TUR,CAN,252800,381591.0
TUR,CAN,252910,21.0
TUR,CAN,260600,6238228.0
TUR,CAN,810411,1571610.0
TUR,CAN,850511,424.0
TUR,CHE,251010,5694.0
TUR,CHE,251110,3772.0
TUR,CHE,252800,555.0
TUR,CHE,270112,456.0
TUR,CHE,282200,55598.0
TUR,CHE,711011,1496083.0
TUR,CHE,711021,16589146.0
TUR,CHE,811010,573509.0
TUR,CHE,850511,6901.0
TUR,CHL,250490,320.0
TUR,CHL,251110,5.0
TUR,CHL,252910,172327.0
TUR,CHL,270112,41721641.0
TUR,CHN,251110,2148.0
TUR,CHN,252800,114373267.0
TUR,CHN,252910,1350344.0
TUR,CHN,260200,1663727.0
TUR,CHN,260600,27240180.0
TUR,CHN,740311,826094.0
TUR,CHN,850511,12614.0
TUR,CIV,280429,13432.0
TUR,CIV,280469,674.0
TUR,CIV,810411,1276.0
TUR,CIV,850511,939.0
TUR,CMR,251010,7.0
TUR,CMR,270112,1301492.0
TUR,CMR,850511,1684.0
TUR,COD,251110,63674.0
TUR,COD,850511,4719.0
TUR,COG,850511,335.0
TUR,COL,251110,3012234.0
TUR,COL,252800,1233312.0
TUR,COL,252910,23104.0
TUR,COL,850511,1030.0
TUR,COM,850511,104.0
TUR,CRI,850511,220.0
TUR,CUB,251110,1596677.0
TUR,CUB,252910,5219.0
TUR,CYP,251010,110.0
TUR,CYP,251110,182339.0
TUR,CYP,252910,35.0
TUR,CYP,270112,550692.0
TUR,CYP,280429,17809.0
TUR,CYP,850511,1833.0
TUR,CZE,251110,310525.0
TUR,CZE,252800,8509175.0
TUR,CZE,252910,25835.0
TUR,CZE,280469,303.0
TUR,CZE,810411,475675.0
TUR,CZE,850511,5484.0
TUR,DEU,250490,13.0
TUR,DEU,251110,2042944.0
TUR,DEU,252800,64003.0
TUR,DEU,252910,5809160.0
TUR,DEU,260200,75760.0
TUR,DEU,260600,1598836.0
TUR,DEU,270112,17699537.0
TUR,DEU,280429,493.0
TUR,DEU,280469,1173.0
TUR,DEU,282200,35.0
TUR,DEU,711011,967.0
TUR,DEU,810320,140.0
TUR,DEU,810411,390.0
TUR,DEU,811010,1000.0
TUR,DEU,811212,188.0
TUR,DEU,811292,226.0
TUR,DEU,850511,2674397.0
TUR,DJI,282200,9.0
TUR,DNK,251010,22.0
TUR,DNK,251110,45736.0
TUR,DNK,252910,50.0
TUR,DNK,280469,10.0
TUR,DNK,850511,13553.0
TUR,DOM,252800,2861.0
TUR,DOM,252910,6.0
TUR,DOM,850511,704.0
TUR,DZA,251110,2085670.9999999998
TUR,DZA,252800,246240.0
TUR,DZA,252910,760925.0
TUR,DZA,260600,205599.0
TUR,DZA,280469,2592.0
TUR,DZA,720292,140000.0
TUR,DZA,720293,85986.0
TUR,DZA,810411,393117.0
TUR,DZA,811010,138500.0
TUR,DZA,850511,76510.0
TUR,ECU,252800,33000.0
TUR,ECU,252910,116807.0
TUR,ECU,850511,155.0
TUR,EGY,251110,4565225.0
TUR,EGY,252800,3593249.0
TUR,EGY,252910,8813090.0
TUR,EGY,270112,5376723.0
TUR,EGY,280429,889.0
TUR,EGY,282200,1500.0
TUR,EGY,750210,457381.0
TUR,EGY,850511,3990.0
TUR,ESP,251110,2214366.0
TUR,ESP,252800,10896499.0
TUR,ESP,252910,140398911.0
TUR,ESP,260200,89120.0
TUR,ESP,260600,1064051.0
TUR,ESP,270112,32103472.0
TUR,ESP,280469,791.0
TUR,ESP,850511,2138.0
TUR,EST,251110,122179.0
TUR,EST,280469,306.0
TUR,ETH,252910,4878.0
TUR,ETH,280469,5089.0
TUR,ETH,810411,70447.0
TUR,ETH,850511,42.0
TUR,FIN,251110,403131.0
TUR,FIN,252800,691013.0
TUR,FIN,252910,75245.0
TUR,FIN,850511,51921.0
TUR,FRA,250490,23.0
TUR,FRA,251110,474565.0
TUR,FRA,252800,7862.0
TUR,FRA,252910,15998.0
TUR,FRA,260200,608068.0
TUR,FRA,260600,9841224.0
TUR,FRA,270112,10196521.0
TUR,FRA,280469,20.0
TUR,FRA,282200,284.0
TUR,FRA,811010,659148.0
TUR,FRA,850511,48421.0
TUR,GAB,251110,716328.0
TUR,GAB,252910,461.0
TUR,GAB,282200,537.0
TUR,GBR,250490,93.0
TUR,GBR,251110,399869.0
TUR,GBR,252800,1689510.0
TUR,GBR,252910,1027012.0
TUR,GBR,260200,532.0
TUR,GBR,260600,415715.0
TUR,GBR,270112,33148581.0
TUR,GBR,280429,68768.0
TUR,GBR,280469,19357.0
TUR,GBR,280470,136.0
TUR,GBR,711011,22592.0
TUR,GBR,850511,4599.0
TUR,GEO,251110,17460.0
TUR,GEO,252910,35460.0
TUR,GEO,260200,2239975.0
TUR,GEO,260600,523083.99999999994
TUR,GEO,270112,1707993.0
TUR,GEO,280429,469861.0
TUR,GEO,282200,824.0
TUR,GEO,750210,15607.0
TUR,GEO,810820,114.0
TUR,GEO,850511,13545.0
TUR,GHA,252910,293936.0
TUR,GHA,280429,3486.0
TUR,GHA,280469,408.0
TUR,GHA,850511,418.0
TUR,GMB,280469,616.0
TUR,GRC,251110,213042.0
TUR,GRC,252800,1470430.0
TUR,GRC,260600,4614758.0
TUR,GRC,270112,7456725.0
TUR,GRC,280429,478981.0
TUR,GRC,810411,385299.0
TUR,GRC,850511,10510.0
TUR,GTM,252910,225.0
TUR,GUY,251110,10731498.0
TUR,HKG,280429,223.0
TUR,HRV,252910,93072.0
TUR,HRV,260600,4732909.0
TUR,HRV,850511,31965.0
TUR,HUN,250490,978.0
TUR,HUN,251110,41.0
TUR,HUN,252910,160240.0
TUR,HUN,260200,210.0
TUR,HUN,850511,4014.9999999999995
TUR,IDN,252800,608306.0
TUR,IDN,252910,1152913.0
TUR,IDN,280429,3753.0
TUR,IDN,850511,124.0
TUR,IND,251110,1340.0
TUR,IND,252800,25335460.0
TUR,IND,252910,399640.0
TUR,IND,260200,6.0
TUR,IND,260600,8513.0
TUR,IND,280469,66008.0
TUR,IND,282200,102.0
TUR,IND,750210,1977.0
TUR,IND,850511,4083.0
TUR,IRL,252800,5.0
TUR,IRL,260600,951829.0
TUR,IRL,280429,3369.0
TUR,IRL,850511,169.0
TUR,IRN,250490,1475.0
TUR,IRN,251010,1798.0
TUR,IRN,251110,9082.0
TUR,IRN,252910,281549.0
TUR,IRN,260200,2080482.0
TUR,IRN,260600,3657328.0
TUR,IRN,270112,41943.0
TUR,IRN,280429,322150.0
TUR,IRN,280469,516605.0
TUR,IRN,280480,7583.0
TUR,IRN,282200,224615.0
TUR,IRN,711011,1506859.0
TUR,IRN,720292,29208.0
TUR,IRN,720293,345834.0
TUR,IRN,750210,27605443.0
TUR,IRN,810194,10954.0
TUR,IRN,810411,440994.0
TUR,IRN,811010,847690.0
TUR,IRN,811212,152051.0
TUR,IRN,850511,1079.0
TUR,IRQ,251010,771.0
TUR,IRQ,251110,19656.0
TUR,IRQ,280429,795403.0
TUR,IRQ,280469,792.0
TUR,IRQ,282200,276.0
TUR,IRQ,740311,21303.0
TUR,IRQ,810411,462175.0
TUR,IRQ,810820,989.0
TUR,IRQ,850511,17019.0
TUR,ISL,850511,118.0
TUR,ISR,251110,917065.0
TUR,ISR,252800,41185.0
TUR,ISR,252910,3559347.0
TUR,ISR,260600,2618037.0
TUR,ISR,270112,33000.0
TUR,ISR,280429,404008.0
TUR,ISR,280469,2781.0
TUR,ISR,282200,239.0
TUR,ISR,750210,44606.0
TUR,ISR,810411,55337.0
TUR,ISR,850511,30582.0
TUR,ITA,251110,3304326.0
TUR,ITA,252800,920367.0
TUR,ITA,252910,120593237.0
TUR,ITA,260200,569081.0
TUR,ITA,260600,229197.0
TUR,ITA,270112,28841911.0
TUR,ITA,280429,327594.0
TUR,ITA,711011,1715788.0
TUR,ITA,711021,30844585.0
TUR,ITA,750210,2252240.0
TUR,ITA,810411,15906.0
TUR,ITA,850511,38168.0
TUR,JOR,251110,8285.0
TUR,JOR,252910,24456.0
TUR,JOR,750210,12602.0
TUR,JOR,850511,801.0
TUR,JPN,252800,8600371.0
TUR,JPN,252910,1266970.0
TUR,JPN,260600,10097.0
TUR,JPN,711011,1602959.0
TUR,JPN,810411,586569.0
TUR,KAZ,251110,10.0
TUR,KAZ,252910,2062.0
TUR,KAZ,280429,223.0
TUR,KAZ,280469,14837.0
TUR,KAZ,810411,81463.0
TUR,KAZ,850511,15921.0
TUR,KEN,251110,20039.0
TUR,KEN,252800,205200.0
TUR,KEN,252910,8189.999999999999
TUR,KEN,280429,35.0
TUR,KEN,811010,14964.0
TUR,KEN,850511,6824.0
TUR,KGZ,251110,6701.0
TUR,KGZ,850511,1295.0
TUR,KOR,252800,6249833.0
TUR,KOR,252910,55118.0
TUR,KOR,280469,655.0
TUR,KOR,282200,482.0
TUR,KOR,711011,658.0
TUR,KWT,251110,7.0
TUR,KWT,252910,732561.0
TUR,KWT,280469,5723.0
TUR,KWT,740311,8490.0
TUR,KWT,850511,1365.0
TUR,LBN,251110,146900.0
TUR,LBN,252910,54527.0
TUR,LBN,280429,12070.0
TUR,LBN,280469,11000.0
TUR,LBN,810411,53642.0
TUR,LBN,850511,2009.9999999999998
TUR,LBR,251010,177.0
TUR,LBR,280429,18014.0
TUR,LBY,251110,9800.0
TUR,LBY,252910,243.0
TUR,LBY,260200,15.0
TUR,LBY,280429,256541.0
TUR,LBY,711011,105.0
TUR,LBY,850511,1334.0
TUR,LKA,252910,88427.0
TUR,LTU,252910,323.0
TUR,LTU,270112,832.0
TUR,LTU,850511,347.0
TUR,LUX,251110,8.0
TUR,LUX,252800,4.0
TUR,LUX,260200,6.0
TUR,LUX,810411,282682.0
TUR,LVA,251110,25184.0
TUR,LVA,252800,3732877.0
TUR,LVA,850511,357.0
TUR,MAR,251110,149630.0
TUR,MAR,252800,10683.0
TUR,MAR,252910,252215.0
TUR,MAR,260600,257022.0
TUR,MAR,270112,14782601.0
TUR,MAR,280429,27465.0
TUR,MAR,750210,106621.0
TUR,MAR,850511,2185.0
TUR,MDA,252910,9949.0
TUR,MDA,260600,161484.0
TUR,MDA,850511,2166.0
TUR,MDV,810820,105.0
TUR,MDV,850511,219.0
TUR,MEX,251110,493605.0
TUR,MEX,252800,3136400.0
TUR,MEX,252910,2.0
TUR,MEX,850511,3377.0
TUR,MHL,280429,103.0
TUR,MKD,251110,14641.0
TUR,MKD,270112,28756.0
TUR,MKD,280429,46473.0
TUR,MKD,850511,6419.0
TUR,MLI,280469,169.0
TUR,MLT,252910,38.0
TUR,MLT,850511,176.0
TUR,MNE,810411,111623.0
TUR,MNE,850511,1159.0
TUR,MOZ,252800,306480.0
TUR,MRT,280429,554.0
TUR,MYS,252800,19992572.0
TUR,MYS,252910,2704485.0
TUR,MYS,260600,2797.0
TUR,MYS,750210,12826.0
TUR,NAM,280469,22.0
TUR,NAM,850511,517.0
TUR,NER,260200,5.0
TUR,NGA,251110,8542.0
TUR,NGA,252800,32490.000000000004
TUR,NGA,810411,189.0
TUR,NGA,850511,764.0
TUR,NLD,251010,55.0
TUR,NLD,251110,209170.0
TUR,NLD,252800,5097022.0
TUR,NLD,252910,6434059.0
TUR,NLD,252922,19.0
TUR,NLD,260200,34570.0
TUR,NLD,260600,327793.0
TUR,NLD,270112,29257820.0
TUR,NLD,720293,579890.0
TUR,NLD,740311,2802475.0
TUR,NLD,750210,51.0
TUR,NLD,810320,198.0
TUR,NLD,810411,2332297.0
TUR,NLD,810820,262.0
TUR,NLD,850511,12006.0
TUR,NOR,251110,1624892.0
TUR,NOR,252800,254075.0
TUR,NOR,252910,18.0
TUR,NOR,260600,16546.0
TUR,NOR,280469,27.0
TUR,NOR,711011,3068.0
TUR,NOR,810411,8100018.0
TUR,NOR,850511,16018.999999999998
TUR,NZL,252800,127351.0
TUR,NZL,252910,68429.0
TUR,NZL,850511,2082.0
TUR,OMN,252910,149393.0
TUR,OMN,270112,6350.0
TUR,OMN,280429,2887.0
TUR,OMN,282200,294.0
TUR,OMN,811010,594949.0
TUR,OMN,850511,1687.0
TUR,PAK,250490,56.0
TUR,PAK,251110,23409.0
TUR,PAK,252910,17572.0
TUR,PAK,750210,4096.0
TUR,PAK,850511,6000.0
TUR,PAN,251010,130.0
TUR,PER,252800,93600.0
TUR,PER,252910,10842.0
TUR,PER,260600,1713834.0
TUR,PER,850511,1100.0
TUR,PHL,252910,18035.0
TUR,POL,250490,209.0
TUR,POL,251110,1070446.0
TUR,POL,252800,810371.0
TUR,POL,252910,6468164.0
TUR,POL,260200,7940.0
TUR,POL,260600,876866.0
TUR,POL,270112,2216504.0
TUR,POL,280429,208286.0
TUR,POL,282200,403.0
TUR,POL,740311,63858.0
TUR,POL,810320,127.0
TUR,POL,810820,1058.0
TUR,POL,850511,1481.0
TUR,PRT,250490,758.0
TUR,PRT,251010,20.0
TUR,PRT,252910,2992971.0
TUR,PRT,282200,371.0
TUR,PRT,850511,215.0
TUR,QAT,251110,11178.0
TUR,QAT,252910,35975.0
TUR,QAT,280429,157.0
TUR,QAT,711011,85837.0
TUR,QAT,750210,66888.0
TUR,QAT,850511,3162.0
TUR,ROU,251010,585287.0
TUR,ROU,251110,60348.0
TUR,ROU,252800,7945427.0
TUR,ROU,252910,1669575.0
TUR,ROU,260600,597173.0
TUR,ROU,270112,19787899.0
TUR,ROU,280429,22270.0
TUR,ROU,850511,48125.0
TUR,RUS,251110,2802217.0
TUR,RUS,252800,13044821.0
TUR,RUS,252910,25010688.0
TUR,RUS,260200,79184.0
TUR,RUS,260600,162104.0
TUR,RUS,280429,421702.0
TUR,RUS,280469,64295.0
TUR,RUS,282200,337844.0
TUR,RUS,283691,2381870.0
TUR,RUS,720293,4054008.0
TUR,RUS,740311,8335.0
TUR,RUS,750210,33742.0
TUR,RUS,810194,45180.0
TUR,RUS,810411,1770710.0
TUR,RUS,810820,130.0
TUR,RUS,850511,49454.0
TUR,RWA,251110,56.0
TUR,S19,252800,11827241.0
TUR,S19,252910,685685.0
TUR,S19,280429,49280.0
TUR,S19,280469,31426.0
TUR,SAU,251010,397800.0
TUR,SAU,251110,1653843.0
TUR,SAU,252910,410408.0
TUR,SAU,750210,375000.0
TUR,SDN,850511,6726.0
TUR,SEN,251110,82710.0
TUR,SEN,252910,241436.0
TUR,SEN,850511,523.0
TUR,SGP,810820,7502.0
TUR,SLV,850511,355.0
TUR,SOM,282200,42.0
TUR,SOM,850511,2358.0
TUR,SRB,251110,36178.0
TUR,SRB,252800,53384.0
TUR,SRB,252910,99.0
TUR,SRB,270112,1645936.0
TUR,SRB,282200,2266.0
TUR,SRB,850511,4725.0
TUR,SUR,251110,1743915.0
TUR,SVK,251110,8023.999999999999
TUR,SVK,252800,3805560.0
TUR,SVK,252910,8034.000000000001
TUR,SVK,270112,58623.0
TUR,SVK,280469,65.0
TUR,SVK,810820,68.0
TUR,SVK,850511,494.0
TUR,SVN,251110,17408.0
TUR,SVN,252800,1711334.0
TUR,SVN,252910,8403.0
TUR,SVN,260600,48856.0
TUR,SVN,810411,268413.0
TUR,SVN,850511,49271.0
TUR,SWE,251110,169185.0
TUR,SWE,252800,926871.0
TUR,SWE,260600,80.0
TUR,SWE,280469,126.0
TUR,SWE,711011,99.0
TUR,SWE,850511,3151.0
TUR,SYR,251110,13701.0
TUR,SYR,270112,1134483.0
TUR,SYR,280429,1123.0
TUR,SYR,850511,3840.0
TUR,THA,252800,113927.0
TUR,THA,252910,209425.0
TUR,THA,750210,9429.0
TUR,THA,850511,2381.0
TUR,TJK,280469,67490.0
TUR,TJK,282200,50.0
TUR,TJK,810411,246798.0
TUR,TJK,850511,250.0
TUR,TKM,280429,2852.0
TUR,TKM,280469,4859.0
TUR,TKM,811010,171105.0
TUR,TKM,850511,3095.0
TUR,TLS,270112,6897602.0
TUR,TTO,251110,1335954.0
TUR,TUN,251110,86291.0
TUR,TUN,252910,4003815.0
TUR,TUN,280429,37857.0
TUR,TUN,280469,105300.0
TUR,TUN,750210,19130.0
TUR,TUN,810411,161911.0
TUR,TUN,850511,1742.0
TUR,TZA,252910,755969.0
TUR,TZA,280469,547.0
TUR,TZA,740311,317.0
TUR,TZA,750210,111.0
TUR,TZA,850511,369.0
TUR,UGA,252800,530707.0
TUR,UGA,280429,284.0
TUR,UGA,280469,18.0
TUR,UGA,850511,233.0
TUR,UKR,251010,1231690.0
TUR,UKR,251110,42642.0
TUR,UKR,252800,2.0
TUR,UKR,252910,2655268.0
TUR,UKR,260600,889473.0
TUR,UKR,270112,5788320.0
TUR,UKR,280429,8907744.0
TUR,UKR,720292,14893.0
TUR,UKR,850511,51846.0
TUR,URY,850511,57.0
TUR,USA,250490,146.0
TUR,USA,251110,1823870.0
TUR,USA,252800,15876745.0
TUR,USA,252910,16020266.0
TUR,USA,260200,415.0
TUR,USA,260600,10549754.0
TUR,USA,270112,1879.0
TUR,USA,280469,321370.0
TUR,USA,711011,20604.0
TUR,USA,750210,40101.0
TUR,USA,810411,102295257.0
TUR,USA,810820,8172.000000000001
TUR,USA,850511,36566.0
TUR,UZB,251110,41274.0
TUR,UZB,252800,149580.0
TUR,UZB,252910,107649.0
TUR,UZB,280429,4085.0
TUR,UZB,280469,303556.0
TUR,UZB,282200,561.0
TUR,UZB,750210,854397.0
TUR,UZB,810411,405308.0
TUR,UZB,811292,983.0
TUR,UZB,850511,6736.0
TUR,VNM,252800,2951116.0
TUR,VNM,252910,817808.0
TUR,VNM,750210,84500.0
TUR,ZAF,251110,38538.0
TUR,ZAF,252800,514054.99999999994
TUR,ZAF,252910,114661.0
TUR,ZAF,260600,1209486.0
TUR,ZAF,280469,52.0
TUR,ZAF,750210,51740.0
TUR,ZAF,811292,926.0
TUR,ZAF,850511,872.0
TUR,ZMB,850511,239.0
TUV,POL,850511,130.0
TZA,ARE,740311,6750886.0
TZA,AUS,282200,15017.0
TZA,AUT,850511,402.0
TZA,BGR,252910,95.0
TZA,BGR,740311,34013816.0
TZA,BHR,740311,2609802.0
TZA,CAN,250490,106554.0
TZA,CHN,250490,2169148.0
TZA,CHN,252910,16494.0
TZA,CHN,270112,150.0
TZA,CHN,740311,27222781.0
TZA,COD,280469,5600.0
TZA,COD,850511,29.0
TZA,ESP,740311,6058112.0
TZA,GBR,270112,17785773.0
TZA,GHA,270112,3447373.0
TZA,HKG,252910,13500.0
TZA,IDN,260200,2249490.0
TZA,IND,250490,208746.0
TZA,IND,260200,4221792.0
TZA,IND,270112,8283398.999999999
TZA,IND,282200,548988.0
TZA,IND,740311,202349077.0
TZA,IRN,260200,5375069.0
TZA,KEN,260600,424107.0
TZA,KEN,270112,525843.0
TZA,KOR,252910,19.0
TZA,MWI,280469,31.0
TZA,MYS,740311,6187793.0
TZA,NLD,270112,408907.0
TZA,NLD,740311,10495984.0
TZA,OMN,260200,101.0
TZA,OMN,740311,42618926.0
TZA,PAK,740311,7207224.0
TZA,POL,270112,77562702.0
TZA,S19,740311,17151170.0
TZA,THA,740311,29092965.0
TZA,TUR,740311,4947110.0
TZA,ZAF,250490,1.0
TZA,ZAF,260600,42544.0
UGA,BDI,250490,5927.0
UGA,CHN,260200,997.0
UGA,CHN,283691,6679.0
UGA,RWA,280429,1766.0
UGA,SSD,250490,4947.0
UGA,SSD,251110,134.0
UGA,TZA,280429,4822.0
UGA,ZAF,250490,1.0
UKR,ARE,850511,1.0
UKR,ARM,850511,1090.0
UKR,AUT,270112,19263.0
UKR,AUT,280429,292600.0
UKR,AUT,720292,91358.0
UKR,AUT,810820,331764.0
UKR,AUT,850511,54.0
UKR,AZE,850511,856.0
UKR,BEL,280429,55909.0
UKR,BEL,850511,89.0
UKR,BFA,850511,72.0
UKR,BGR,850511,109.0
UKR,BLR,850511,36.0
UKR,CAN,280429,1404.0
UKR,CHE,711021,98367.0
UKR,CHN,280429,3631791.0
UKR,CHN,810194,150.0
UKR,CHN,810820,2080985.0000000002
UKR,CHN,850511,197.0
UKR,CYP,850511,28.0
UKR,CZE,270112,2564322.0
UKR,CZE,810820,465528.0
UKR,CZE,850511,865.0
UKR,DEU,280429,4400300.0
UKR,DEU,740311,2089917.0
UKR,DEU,810820,1941370.0
UKR,DEU,850511,5816.0
UKR,ESP,711011,4372831.0
UKR,ESP,850511,514.0
UKR,FRA,270112,466.0
UKR,FRA,280429,4497.0
UKR,GBR,280469,3244.0
UKR,GBR,850511,258.0
UKR,GEO,251010,145.0
UKR,GEO,811010,2040.0
UKR,GEO,850511,520.0
UKR,HKG,280429,721008.0
UKR,HUN,252910,137.0
UKR,HUN,270112,33392642.0
UKR,HUN,850511,27890.0
UKR,IRL,850511,24.0
UKR,ISR,280429,4000.0
UKR,ISR,850511,65.0
UKR,ITA,810820,1859773.0
UKR,JOR,850511,5.0
UKR,JPN,280429,4457519.0
UKR,JPN,811292,622199.0
UKR,KAZ,270112,16605.0
UKR,KOR,280429,25099893.0
UKR,KOR,810820,45542.0
UKR,LBN,850511,43.0
UKR,LTU,850511,1897.0
UKR,LUX,252800,37.0
UKR,LVA,810820,75916.0
UKR,LVA,850511,2636.0
UKR,MDA,280429,441555.0
UKR,MDA,740311,197657.0
UKR,MDA,850511,5738.0
UKR,NLD,250490,93.0
UKR,NLD,720292,1334691.0
UKR,NLD,810820,1467722.0
UKR,NLD,850511,4706.0
UKR,NOR,850511,145.0
UKR,POL,252910,2597029.0
UKR,POL,270112,48775000.0
UKR,POL,280469,177148.0
UKR,POL,810820,367430.0
UKR,POL,850511,30085.0
UKR,PRT,850511,50.0
UKR,ROU,850511,35.0
UKR,RUS,252910,187987.0
UKR,RUS,280429,39.0
UKR,RUS,720293,29700.0
UKR,RUS,750210,21294.0
UKR,RUS,811292,205469.0
UKR,S19,280429,4689335.0
UKR,SGP,280429,187569.0
UKR,SRB,850511,35.0
UKR,SVK,270112,131667814.00000001
UKR,SVK,810820,74511.0
UKR,SVK,850511,3.0
UKR,SVN,810820,46925.0
UKR,SWE,810820,90980.0
UKR,TUR,252910,5.0
UKR,TUR,280429,45844.0
UKR,TUR,740311,4052841.0
UKR,TUR,810820,145200.0
UKR,TUR,850511,22243.0
UKR,USA,280429,14348119.0
UKR,USA,720292,2331757.0
UKR,USA,810820,78494.0
UKR,USA,850511,1167.0
UKR,UZB,850511,46.0
URY,DNK,850511,144.0
URY,FIN,711021,1.0
URY,FRA,260200,82.0
URY,MEX,850511,5.0
URY,PRY,251010,406326.0
URY,SVN,850511,73.0
URY,USA,850511,20.0
USA,ABW,280429,16853.0
USA,ABW,850511,6998.0
USA,AGO,251010,20768.0
USA,AGO,280429,34564.0
USA,AGO,850511,21769.0
USA,ALB,850511,26810.0
USA,ARE,250490,8582.0
USA,ARE,251010,1879.0
USA,ARE,251110,256.0
USA,ARE,252800,9393.0
USA,ARE,252910,11.0
USA,ARE,260600,19.0
USA,ARE,280429,1825853.0
USA,ARE,280469,5705.0
USA,ARE,280470,93.0
USA,ARE,280480,366.0
USA,ARE,283691,32962.0
USA,ARE,711011,817776.0
USA,ARE,720292,6.0
USA,ARE,740311,2539.0
USA,ARE,750210,508.0
USA,ARE,810194,6838.0
USA,ARE,810411,1279.0
USA,ARE,810820,202945.0
USA,ARE,811292,773.0
USA,ARE,850511,505795.0
USA,ARG,252800,89147.0
USA,ARG,260600,505345.0
USA,ARG,270112,176217566.0
USA,ARG,280429,4882619.0
USA,ARG,280469,7206.0
USA,ARG,280470,20.0
USA,ARG,280480,86.0
USA,ARG,282200,205.0
USA,ARG,283691,3387.0
USA,ARG,283692,440.0
USA,ARG,711011,1612538.0
USA,ARG,711021,20643.0
USA,ARG,720293,9735.0
USA,ARG,750210,530.0
USA,ARG,810194,12256.0
USA,ARG,810820,3324.0
USA,ARG,811010,9971.0
USA,ARG,811292,44.0
USA,ARG,850511,273163.0
USA,ARM,811010,134.0
USA,ARM,811292,365.0
USA,ARM,850511,3597.0
USA,ATG,280429,24459.0
USA,AUS,250490,6241.0
USA,AUS,251010,13872.0
USA,AUS,252800,211180.0
USA,AUS,252910,1075.0
USA,AUS,252922,24529.0
USA,AUS,260600,8395.0
USA,AUS,270112,10530.0
USA,AUS,280429,1811731.0
USA,AUS,280469,191658.0
USA,AUS,280470,1848.0
USA,AUS,282200,6485.0
USA,AUS,283691,418563.0
USA,AUS,711011,1321454.0
USA,AUS,711021,1566877.0
USA,AUS,750210,3800.0
USA,AUS,810194,4061.0
USA,AUS,810320,12685.0
USA,AUS,810820,548516.0
USA,AUS,811010,4488.0
USA,AUS,811292,329089.0
USA,AUS,850511,605815.0
USA,AUT,250490,306.0
USA,AUT,260200,124.0
USA,AUT,270112,242862463.0
USA,AUT,280429,413181.0
USA,AUT,282200,417.0
USA,AUT,283691,768315.0
USA,AUT,283692,71.0
USA,AUT,711011,683842.0
USA,AUT,740311,10262.0
USA,AUT,750210,131965.0
USA,AUT,810194,17402.0
USA,AUT,810820,54812.0
USA,AUT,811292,16154.0
USA,AUT,850511,700011.0
USA,AZE,280429,25908.0
USA,AZE,850511,1559.0
USA,BDI,280429,1435.0
USA,BEL,250490,2740.0
USA,BEL,251010,5461.0
USA,BEL,252800,2093.0
USA,BEL,260600,22828.0
USA,BEL,270112,188524054.0
USA,BEL,280429,52817925.0
USA,BEL,280469,732579.0
USA,BEL,280470,18000.0
USA,BEL,282200,81.0
USA,BEL,283691,22189.0
USA,BEL,711011,10554789.0
USA,BEL,711021,22949477.0
USA,BEL,740311,547607.0
USA,BEL,750210,3605.0
USA,BEL,810194,206.0
USA,BEL,810320,884544.0
USA,BEL,810411,98.0
USA,BEL,810820,182053.0
USA,BEL,811292,3310521.0
USA,BEL,850511,185490.0
USA,BFA,280429,2267.0
USA,BGR,270112,3161771.0
USA,BGR,280469,504.0
USA,BGR,283691,173146.0
USA,BGR,810194,45.0
USA,BGR,850511,780.0
USA,BHR,250490,6465.0
USA,BHR,280429,129435.0
USA,BHR,810194,838.0
USA,BHR,810411,1640353.0
USA,BHR,810820,126673.0
USA,BHR,850511,13919.0
USA,BHS,251010,12347.0
USA,BHS,252910,55.0
USA,BHS,260200,64.0
USA,BHS,270112,8597.0
USA,BHS,280429,295834.0
USA,BHS,280469,32594.0
USA,BHS,280470,21068.0
USA,BHS,280480,33.0
USA,BHS,282200,78.0
USA,BHS,711011,47.0
USA,BHS,740311,24.0
USA,BHS,810820,4220.0
USA,BHS,811292,1477.0
USA,BHS,850511,22369.0
USA,BIH,270112,377786469.0
USA,BIH,280429,78116.0
USA,BIH,850511,820.0
USA,BLR,850511,6954.0
USA,BLZ,251110,753.0
USA,BLZ,252800,32875.0
USA,BLZ,280429,11533.0
USA,BLZ,850511,16927.0
USA,BMU,251010,4689.0
USA,BMU,252910,75.0
USA,BMU,280429,35636.0
USA,BMU,280469,2785.0
USA,BMU,711011,8.0
USA,BMU,810820,450.0
USA,BMU,850511,27333.0
USA,BOL,280429,82996.0
USA,BOL,283691,3096.0
USA,BOL,810194,22578.0
USA,BOL,810820,4214.0
USA,BOL,850511,8935.0
USA,BRA,250490,65912.0
USA,BRA,251110,93178.0
USA,BRA,252910,5174.0
USA,BRA,252922,15983.0
USA,BRA,260200,51301.0
USA,BRA,260600,4179.0
USA,BRA,270112,1812252479.0
USA,BRA,280429,19677645.0
USA,BRA,280470,50758216.0
USA,BRA,280480,2574.0
USA,BRA,282200,51417.0
USA,BRA,283691,3272.0
USA,BRA,711011,1242596.0
USA,BRA,711021,67269988.0
USA,BRA,740311,14354.0
USA,BRA,750210,11265.0
USA,BRA,810194,164079.0
USA,BRA,810411,10608.0
USA,BRA,810820,182786.0
USA,BRA,811010,14940.0
USA,BRA,811292,31826.0
USA,BRA,850511,1308375.0
USA,BRB,250490,26.0
USA,BRB,251010,10.0
USA,BRB,251110,8550.0
USA,BRB,252910,180.0
USA,BRB,270112,12366.0
USA,BRB,280429,66701.0
USA,BRB,280469,2029.9999999999998
USA,BRB,282200,3122.0
USA,BRB,810194,63.0
USA,BRB,810820,93.0
USA,BRB,850511,10960.0
USA,BRN,251110,606.0
USA,BRN,280429,2390.0
USA,BRN,280469,23520.0
USA,BRN,850511,17291.0
USA,BWA,850511,96.0
USA,CAN,250490,80014.0
USA,CAN,251010,280283.0
USA,CAN,251110,10284171.0
USA,CAN,252800,1708837.0
USA,CAN,252910,277910.0
USA,CAN,252922,1572060.0
USA,CAN,260200,345462.0
USA,CAN,260600,1988674.0
USA,CAN,270112,630341225.0
USA,CAN,280429,28297620.0
USA,CAN,280469,595031.0
USA,CAN,280470,6617180.0
USA,CAN,280480,63718.0
USA,CAN,282200,237798.0
USA,CAN,283691,3141000.0
USA,CAN,283692,16831.0
USA,CAN,711011,10736350.0
USA,CAN,711021,314116501.0
USA,CAN,720292,5609364.0
USA,CAN,720293,1452245.0
USA,CAN,740311,156206727.0
USA,CAN,750210,4099928.0
USA,CAN,810194,1437952.0
USA,CAN,810320,32970.0
USA,CAN,810411,743953.0
USA,CAN,810820,3546391.0
USA,CAN,811010,3548423.0
USA,CAN,811212,65.0
USA,CAN,811292,2412881.0
USA,CAN,850511,14309211.0
USA,CHE,250490,7794.0
USA,CHE,251010,13892.0
USA,CHE,251110,164.0
USA,CHE,280429,941303.0
USA,CHE,280469,1607.0
USA,CHE,282200,882.0
USA,CHE,283691,113246.0
USA,CHE,283692,204.0
USA,CHE,711011,189915245.0
USA,CHE,711021,310067454.0
USA,CHE,740311,44544.0
USA,CHE,750210,460866.0
USA,CHE,810194,74554.0
USA,CHE,810320,19393.0
USA,CHE,810411,307.0
USA,CHE,810820,276574.0
USA,CHE,811010,3851.0
USA,CHE,811292,212470.0
USA,CHE,850511,940603.0
USA,CHL,250490,151105.0
USA,CHL,251010,138.0
USA,CHL,252910,260.0
USA,CHL,252922,1014.9999999999999
USA,CHL,260600,190433.0
USA,CHL,270112,129881483.0
USA,CHL,280429,4819123.0
USA,CHL,280469,3574.0
USA,CHL,280470,5840.0
USA,CHL,282200,85.0
USA,CHL,283691,7148.0
USA,CHL,711011,2941.0
USA,CHL,711021,162.0
USA,CHL,810194,2532.0
USA,CHL,810320,3060.0
USA,CHL,810411,43584.0
USA,CHL,810820,4035.9999999999995
USA,CHL,811292,943.0
USA,CHL,850511,467504.0
USA,CHN,250490,55887.0
USA,CHN,251010,5693.0
USA,CHN,251110,146685.0
USA,CHN,252800,39521.0
USA,CHN,252910,3030.0
USA,CHN,252922,8881.0
USA,CHN,260600,77311.0
USA,CHN,270112,1113795435.0
USA,CHN,280429,34957261.0
USA,CHN,280469,144492.0
USA,CHN,280470,47113.0
USA,CHN,280480,4365.0
USA,CHN,282200,242065.0
USA,CHN,283691,316818.0
USA,CHN,283692,1948.0
USA,CHN,711011,1264691.0
USA,CHN,711021,308530541.0
USA,CHN,740311,610182.0
USA,CHN,750210,3927358.0
USA,CHN,810194,86607.0
USA,CHN,810320,762990.0
USA,CHN,810820,499377.0
USA,CHN,811010,292066.0
USA,CHN,811212,84078.0
USA,CHN,811292,1112475.0
USA,CHN,850511,3512308.0
USA,CIV,850511,14185.0
USA,CMR,280429,783.0
USA,CMR,280469,746.0
USA,CMR,850511,167.0
USA,COG,850511,2951.0
USA,COL,250490,637.0
USA,COL,251010,14441.0
USA,COL,251110,200159.0
USA,COL,252800,28284.0
USA,COL,252910,417441.0
USA,COL,260600,82764.0
USA,COL,270112,23974.0
USA,COL,280429,2924619.0
USA,COL,280469,315.0
USA,COL,280470,10131.0
USA,COL,280480,6945.0
USA,COL,282200,27863.0
USA,COL,283691,213883.0
USA,COL,711021,282302.0
USA,COL,720292,45248.0
USA,COL,720293,7965.0
USA,COL,750210,28199.0
USA,COL,810194,6128.0
USA,COL,810820,29552.0
USA,COL,811292,146.0
USA,COL,850511,127372.0
USA,CRI,250490,27131.0
USA,CRI,251110,500.0
USA,CRI,252800,3598.0
USA,CRI,252910,8206.0
USA,CRI,270112,33314.0
USA,CRI,280429,4494662.0
USA,CRI,280469,48252.0
USA,CRI,711011,119579.0
USA,CRI,711021,1119622.0
USA,CRI,720292,18944.0
USA,CRI,740311,3652.0
USA,CRI,750210,118633.0
USA,CRI,810411,163.0
USA,CRI,810820,1979309.0
USA,CRI,811010,1037.0
USA,CRI,850511,1518353.0
USA,CUB,280429,3647.0
USA,CUW,280429,70946.0
USA,CYM,252800,13.0
USA,CYM,280429,54979.0
USA,CYM,811010,72.0
USA,CYM,811292,16659.0
USA,CYM,850511,25911.0
USA,CYP,280469,1898.0
USA,CYP,810194,217.0
USA,CYP,850511,13389.0
USA,CZE,250490,1323.0
USA,CZE,251010,1628.0
USA,CZE,260200,5439.0
USA,CZE,260600,89857.0
USA,CZE,270112,138399288.0
USA,CZE,280429,104103.0
USA,CZE,280469,762793.0
USA,CZE,282200,1270.0
USA,CZE,283691,106193.0
USA,CZE,283692,3032.0
USA,CZE,711011,35375.0
USA,CZE,711021,5267.0
USA,CZE,750210,45207.0
USA,CZE,810194,246.0
USA,CZE,810320,2054538.0
USA,CZE,810820,659.0
USA,CZE,811010,4345.0
USA,CZE,811292,7507.0
USA,CZE,850511,117900.0
USA,DEU,250490,30814.0
USA,DEU,251010,1108.0
USA,DEU,251110,57290.0
USA,DEU,252800,2618.0
USA,DEU,252910,5240.0
USA,DEU,260200,392868.0
USA,DEU,260600,155158.0
USA,DEU,270112,851406271.0
USA,DEU,280429,22040213.0
USA,DEU,280469,975065.0
USA,DEU,280470,6764774.0
USA,DEU,280480,10139.0
USA,DEU,282200,453363.0
USA,DEU,283691,4532953.0
USA,DEU,283692,6802.0
USA,DEU,711011,107493371.0
USA,DEU,711021,414147108.0
USA,DEU,720293,1991.0
USA,DEU,740311,26106.0
USA,DEU,750210,1128470.0
USA,DEU,810194,104602.0
USA,DEU,810320,37807862.0
USA,DEU,810411,388.0
USA,DEU,810820,2663843.0
USA,DEU,811010,37928.0
USA,DEU,811212,194630.0
USA,DEU,811292,7742187.0
USA,DEU,850511,4354072.0
USA,DMA,280429,4934.0
USA,DMA,280469,120.0
USA,DMA,280470,160.0
USA,DMA,810411,183.0
USA,DMA,850511,257.0
USA,DNK,251110,7.0
USA,DNK,260200,14.0
USA,DNK,270112,23958945.0
USA,DNK,280429,7227.0
USA,DNK,280469,2584.0
USA,DNK,282200,4112.0
USA,DNK,711021,17279.0
USA,DNK,720292,5.0
USA,DNK,810194,200.0
USA,DNK,810820,14.0
USA,DNK,811292,6217.0
USA,DNK,850511,44957.0
USA,DOM,251110,23844.0
USA,DOM,252800,8570.0
USA,DOM,252910,868.0
USA,DOM,270112,106493568.0
USA,DOM,280429,1425268.0
USA,DOM,280469,2246.0
USA,DOM,280470,117.0
USA,DOM,280480,2262.0
USA,DOM,711011,11757715.0
USA,DOM,810320,22139.0
USA,DOM,810411,5022.0
USA,DOM,850511,636923.0
USA,ECU,251110,100481.0
USA,ECU,252800,11988.0
USA,ECU,260200,10712.0
USA,ECU,260600,248.0
USA,ECU,270112,9738627.0
USA,ECU,280429,667087.0
USA,ECU,740311,4402.0
USA,ECU,750210,29057.0
USA,ECU,810194,660.0
USA,ECU,810411,2861.0
USA,ECU,811292,352.0
USA,ECU,850511,152165.0
USA,EGY,252800,152127.0
USA,EGY,270112,359850519.0
USA,EGY,280429,355330.0
USA,EGY,280469,7081.0
USA,EGY,850511,13048.0
USA,ESP,250490,11868.0
USA,ESP,251010,7190.0
USA,ESP,251110,816.0
USA,ESP,252910,74585.0
USA,ESP,260200,1418.0
USA,ESP,260600,98639.0
USA,ESP,270112,360266897.0
USA,ESP,280429,856346.0
USA,ESP,280469,895.0
USA,ESP,282200,55852.0
USA,ESP,283691,1455.0
USA,ESP,711011,11262.0
USA,ESP,711021,738.0
USA,ESP,810194,5561.0
USA,ESP,810320,159.0
USA,ESP,810411,9045.0
USA,ESP,810820,55390.0
USA,ESP,811010,14980.0
USA,ESP,811292,8394.0
USA,ESP,850511,208956.0
USA,EST,260600,1.0
USA,EST,280429,24024.0
USA,EST,282200,695.0
USA,EST,711011,372.0
USA,EST,711021,147750.0
USA,EST,810320,226072.0
USA,EST,810820,161.0
USA,EST,850511,29887.0
USA,ETH,251110,178.0
USA,ETH,280429,3674.0
USA,ETH,280470,815.0
USA,ETH,810194,114.0
USA,ETH,850511,14488.0
USA,FIN,250490,3443.0
USA,FIN,251010,54.0
USA,FIN,252910,2816.0
USA,FIN,270112,341365083.0
USA,FIN,280429,172885.0
USA,FIN,280469,611.0
USA,FIN,280470,51.0
USA,FIN,283691,306.0
USA,FIN,283692,95.0
USA,FIN,711011,225.0
USA,FIN,711021,9826.0
USA,FIN,810320,1207.0
USA,FIN,810820,1518.0
USA,FIN,811010,479.0
USA,FIN,811212,14285.0
USA,FIN,811292,16494.0
USA,FIN,850511,38316.0
USA,FJI,280429,2269.0
USA,FJI,850511,33.0
USA,FRA,250490,6090.0
USA,FRA,251010,4918.0
USA,FRA,251110,9631.0
USA,FRA,260200,759.0
USA,FRA,260600,485.0
USA,FRA,270112,446186517.0
USA,FRA,280429,4544261.0
USA,FRA,280469,27631.0
USA,FRA,280470,1008.0
USA,FRA,280480,37842.0
USA,FRA,282200,10607.0
USA,FRA,283691,1097.0
USA,FRA,283692,1731.0
USA,FRA,711011,103111.0
USA,FRA,711021,1253994.0
USA,FRA,740311,7620.0
USA,FRA,750210,1032.0
USA,FRA,810194,12810.0
USA,FRA,810320,445498.0
USA,FRA,810411,195759.0
USA,FRA,810820,14259023.0
USA,FRA,811010,13525.0
USA,FRA,811212,211433.0
USA,FRA,811292,326479.0
USA,FRA,850511,2216571.0
USA,GAB,280429,19504.0
USA,GAB,850511,2801.0
USA,GBR,250490,69587.0
USA,GBR,251010,103561.0
USA,GBR,251110,2671.0
USA,GBR,252800,2548.0
USA,GBR,260200,2605.0
USA,GBR,260600,147506.0
USA,GBR,270112,675049591.0
USA,GBR,280429,25815997.0
USA,GBR,280469,257322.0
USA,GBR,280470,253969.0
USA,GBR,282200,46699.0
USA,GBR,283691,15779.0
USA,GBR,283692,7023.0
USA,GBR,711011,15832570.0
USA,GBR,711021,287909218.0
USA,GBR,720292,7915.0
USA,GBR,740311,11947809.0
USA,GBR,750210,3909.0
USA,GBR,810194,30060.0
USA,GBR,810320,124597.0
USA,GBR,810411,36487.0
USA,GBR,810820,30955251.0
USA,GBR,811010,50194.0
USA,GBR,811212,5354.0
USA,GBR,811292,2269520.0
USA,GBR,850511,2470878.0
USA,GEO,850511,665.0
USA,GHA,250490,6557.0
USA,GHA,251110,261666.99999999997
USA,GHA,280429,1649.0
USA,GHA,850511,57516.0
USA,GIN,280469,4974.0
USA,GMB,280469,215.0
USA,GNQ,280470,5493.0
USA,GNQ,850511,2896.0
USA,GRC,252800,5668.0
USA,GRC,270112,257.0
USA,GRC,280429,103683.0
USA,GRC,810411,1385185.0
USA,GRC,811292,10970.0
USA,GRC,850511,39352.0
USA,GTM,250490,1786.0
USA,GTM,251010,75.0
USA,GTM,251110,20075.0
USA,GTM,252910,971.0
USA,GTM,252922,1232.0
USA,GTM,260600,303.0
USA,GTM,270112,105296509.0
USA,GTM,280429,1149959.0
USA,GTM,280469,19700.0
USA,GTM,283691,3008.0
USA,GTM,720292,3552.0
USA,GTM,750210,5755.0
USA,GTM,811010,1639.0
USA,GTM,850511,23629.0
USA,GUY,250490,6703.0
USA,GUY,251110,205160.0
USA,GUY,260200,138785.0
USA,GUY,260600,1992.0
USA,GUY,280429,112874.0
USA,GUY,280470,504.0
USA,GUY,810320,10.0
USA,GUY,810820,137551.0
USA,GUY,850511,12298.0
USA,HKG,250490,8064.0
USA,HKG,260200,1402.0
USA,HKG,280429,543848.0
USA,HKG,711011,75561392.0
USA,HKG,711021,41193367.0
USA,HKG,740311,198790.0
USA,HKG,810194,10700.0
USA,HKG,811010,16308.0
USA,HKG,811292,128871.00000000001
USA,HKG,850511,221874.0
USA,HND,251110,15680.0
USA,HND,270112,21012852.0
USA,HND,280429,217886.0
USA,HND,850511,7607.0
USA,HRV,270112,388245356.0
USA,HRV,280429,208701.0
USA,HRV,711011,2611525.0
USA,HRV,850511,8961.0
USA,HTI,251110,16064.0
USA,HTI,280429,37266.0
USA,HUN,250490,1.0
USA,HUN,270112,146695566.0
USA,HUN,280429,129514.99999999999
USA,HUN,711011,2574.0
USA,HUN,750210,21947.0
USA,HUN,810194,218.0
USA,HUN,811292,54449.0
USA,HUN,850511,89816.0
USA,IDN,251110,684.0
USA,IDN,260600,4781.0
USA,IDN,270112,39682403.0
USA,IDN,280429,2368527.0
USA,IDN,280469,6167.0
USA,IDN,283691,51130.0
USA,IDN,283692,205.0
USA,IDN,711021,2008.0
USA,IDN,810194,212.0
USA,IDN,811292,35000.0
USA,IDN,850511,168360.0
USA,IND,250490,168672.0
USA,IND,251010,1448.0
USA,IND,251110,2139.0
USA,IND,252800,101296.0
USA,IND,252910,1616.0
USA,IND,252922,5237.0
USA,IND,260200,116.0
USA,IND,260600,75460.0
USA,IND,270112,1052576662.0
USA,IND,280429,1962736.0
USA,IND,280469,466365.0
USA,IND,280470,466.0
USA,IND,280480,341.0
USA,IND,282200,5645.0
USA,IND,283691,2447216.0
USA,IND,283692,975.0
USA,IND,711011,5872528.0
USA,IND,711021,16160523.0
USA,IND,720292,323932.0
USA,IND,720293,618186.0
USA,IND,740311,26400.0
USA,IND,750210,844088.0
USA,IND,810194,372682.0
USA,IND,810320,53698.0
USA,IND,810411,2185.0
USA,IND,810820,4126.0
USA,IND,811010,9658.0
USA,IND,811212,21562.0
USA,IND,811292,25981.0
USA,IND,850511,1564057.0
USA,IRL,250490,230.0
USA,IRL,251110,925.0
USA,IRL,252800,339.0
USA,IRL,260600,302065.0
USA,IRL,270112,417015.0
USA,IRL,280429,13167674.0
USA,IRL,280469,129332.0
USA,IRL,280470,475.0
USA,IRL,283691,193.0
USA,IRL,711011,797431.0
USA,IRL,711021,45696615.0
USA,IRL,740311,165447.0
USA,IRL,810194,20616.0
USA,IRL,810320,103548.0
USA,IRL,810820,4042132.0
USA,IRL,811010,55.0
USA,IRL,811292,52637.0
USA,IRL,850511,761120.0
USA,IRQ,280429,170567.0
USA,ISL,250490,20.0
USA,ISL,252800,145.0
USA,ISL,280469,329840.0
USA,ISL,810820,53.0
USA,ISL,850511,52314.0
USA,ISR,250490,21205.0
USA,ISR,252800,21000.0
USA,ISR,260600,13670.0
USA,ISR,280429,2743159.0
USA,ISR,280469,2000.0
USA,ISR,283691,100231.0
USA,ISR,711011,4706.0
USA,ISR,711021,9731130.0
USA,ISR,740311,117430.0
USA,ISR,750210,1000.0
USA,ISR,810194,33333.0
USA,ISR,810320,2628647.0
USA,ISR,810411,15387.0
USA,ISR,810820,38525.0
USA,ISR,811010,119600.0
USA,ISR,811292,842811.0
USA,ISR,850511,353877.0
USA,ITA,250490,2077.0
USA,ITA,251110,2804.0
USA,ITA,252800,20483.0
USA,ITA,252910,33568.0
USA,ITA,252922,3772.0
USA,ITA,270112,545004829.0
USA,ITA,280429,3648622.0
USA,ITA,711011,172394913.0
USA,ITA,711021,727021098.0
USA,ITA,740311,56513.0
USA,ITA,750210,170611.0
USA,ITA,810194,4387.0
USA,ITA,810820,23234021.0
USA,ITA,811010,45000.0
USA,ITA,811212,16607.0
USA,ITA,811292,46705.0
USA,ITA,850511,152209.0
USA,JAM,250490,5530.0
USA,JAM,251110,16504.0
USA,JAM,252800,5805.0
USA,JAM,252910,3118.0
USA,JAM,260600,5727.0
USA,JAM,270112,1329666.0
USA,JAM,280429,185152.0
USA,JAM,280469,1492.0
USA,JAM,282200,10153.0
USA,JAM,740311,4309.0
USA,JAM,810194,1182.0
USA,JAM,810411,30900.0
USA,JAM,850511,19651.0
USA,JOR,260600,3296.0
USA,JOR,280429,3936.0
USA,JOR,811010,14173.0
USA,JOR,850511,2984.0
USA,JPN,250490,3020.0
USA,JPN,252800,9050.0
USA,JPN,260200,7232.0
USA,JPN,260600,3100.0
USA,JPN,270112,2027849740.0
USA,JPN,280429,76595302.0
USA,JPN,280469,9483.0
USA,JPN,280470,79200.0
USA,JPN,280480,4500.0
USA,JPN,282200,13123.0
USA,JPN,283691,13723538.0
USA,JPN,283692,12068.0
USA,JPN,711011,75686368.0
USA,JPN,711021,455397399.0
USA,JPN,740311,264869.0
USA,JPN,810194,6894.0
USA,JPN,810320,7154799.0
USA,JPN,810411,75696.0
USA,JPN,810820,137234.0
USA,JPN,811010,33218.0
USA,JPN,811212,412477.0
USA,JPN,811292,2701571.0
USA,JPN,850511,3570795.0
USA,KAZ,251110,1437.0
USA,KAZ,280429,62258.0
USA,KAZ,282200,414.0
USA,KAZ,711011,1073.0
USA,KAZ,810320,7776.0
USA,KAZ,811292,532397.0
USA,KAZ,850511,14803.0
USA,KEN,250490,161.0
USA,KEN,280469,139.0
USA,KEN,740311,1028.0
USA,KEN,850511,1712.0
USA,KHM,280429,8720.0
USA,KOR,250490,29005.0
USA,KOR,251010,2174.0
USA,KOR,252800,3217.0
USA,KOR,252910,28116.0
USA,KOR,252922,60450.0
USA,KOR,260200,188751.0
USA,KOR,260600,103.0
USA,KOR,270112,819206713.0
USA,KOR,280429,109619873.0
USA,KOR,280469,129505.0
USA,KOR,280470,3178.0
USA,KOR,280480,4355.0
USA,KOR,282200,4752.0
USA,KOR,283691,10491.0
USA,KOR,283692,1106.0
USA,KOR,711011,5918090.0
USA,KOR,711021,14003628.0
USA,KOR,740311,2278150.0
USA,KOR,750210,1413.0
USA,KOR,810194,14558.0
USA,KOR,810320,146868.0
USA,KOR,810411,102920.0
USA,KOR,810820,107504.0
USA,KOR,811010,10692.0
USA,KOR,811212,4314.0
USA,KOR,811292,794770.0
USA,KOR,850511,3847980.0
USA,KWT,251110,163.0
USA,KWT,252800,11473.0
USA,KWT,280429,41605.0
USA,KWT,280469,3624.0
USA,KWT,750210,498885.0
USA,KWT,811010,10000.0
USA,KWT,850511,71855.0
USA,LAO,282200,2248.0
USA,LAO,711011,457312.0
USA,LBN,251110,6897.0
USA,LBN,260200,4775.0
USA,LBN,280429,17680.0
USA,LBN,283692,32.0
USA,LBN,850511,2357.0
USA,LBR,270112,5218.0
USA,LCA,280429,5850.0
USA,LKA,280429,15877.0
USA,LKA,280469,2860.0
USA,LKA,850511,35770.0
USA,LTU,280429,15525.0
USA,LTU,810820,20320.0
USA,LTU,850511,20244.0
USA,LUX,711011,104.0
USA,LUX,850511,13163.0
USA,LVA,270112,429.0
USA,LVA,850511,12672.0
USA,MAR,250490,8640.0
USA,MAR,251110,441.0
USA,MAR,270112,179608739.0
USA,MAR,280429,2898.0
USA,MAR,283692,74.0
USA,MAR,750210,98405.0
USA,MAR,810820,129035.0
USA,MAR,850511,36812.0
USA,MDA,250490,2194.0
USA,MDA,850511,168.0
USA,MDG,850511,126.0
USA,MDV,280429,1519.0
USA,MDV,810194,1583.0
USA,MDV,810820,687.0
USA,MDV,850511,1336.0
USA,MEX,250490,692235.0
USA,MEX,251010,7424.0
USA,MEX,251110,2764835.0
USA,MEX,252800,386207.0
USA,MEX,252910,99754.0
USA,MEX,252922,123179.0
USA,MEX,260200,185685.0
USA,MEX,260600,1999009.0
USA,MEX,270112,45616471.0
USA,MEX,280429,21907199.0
USA,MEX,280469,1870294.0
USA,MEX,280470,32304.000000000004
USA,MEX,280480,182564.0
USA,MEX,282200,126002.0
USA,MEX,283691,102378.0
USA,MEX,283692,85036.0
USA,MEX,711011,866057.0
USA,MEX,711021,77468.0
USA,MEX,720292,1315873.0
USA,MEX,720293,15865539.0
USA,MEX,740311,335966608.0
USA,MEX,750210,33850388.0
USA,MEX,810194,391901.0
USA,MEX,810320,74248227.0
USA,MEX,810411,163378.0
USA,MEX,810820,2311335.0
USA,MEX,811010,3477692.0
USA,MEX,811212,153847.0
USA,MEX,811292,432114.0
USA,MEX,850511,47744695.0
USA,MKD,280429,87648.0
USA,MKD,810194,52212.0
USA,MKD,850511,31.0
USA,MLI,850511,483.0
USA,MLT,280429,10873.0
USA,MLT,280469,604.0
USA,MLT,720292,74.0
USA,MLT,850511,1733.0
USA,MMR,280480,33.0
USA,MNE,270112,9580304.0
USA,MNE,280429,91781.0
USA,MNE,850511,22.0
USA,MNG,850511,5775.0
USA,MOZ,850511,2092.0
USA,MSR,280429,1744.0
USA,MUS,252800,921.0
USA,MUS,850511,383.0
USA,MWI,280429,5850.0
USA,MYS,250490,31908.0
USA,MYS,251110,147997.0
USA,MYS,252910,34025.0
USA,MYS,270112,32742703.0
USA,MYS,280429,1815362.0
USA,MYS,280469,18731485.0
USA,MYS,280470,2934.0
USA,MYS,280480,88479.0
USA,MYS,711011,7006.0
USA,MYS,711021,65166.0
USA,MYS,740311,6152.0
USA,MYS,750210,49893.0
USA,MYS,810194,76554.0
USA,MYS,810820,213419.0
USA,MYS,811010,8722.0
USA,MYS,811212,56438.0
USA,MYS,811292,108332.0
USA,MYS,850511,487731.0
USA,NAM,280469,62.0
USA,NAM,850511,8183.999999999999
USA,NGA,252800,389.0
USA,NGA,280429,263616.0
USA,NGA,810194,446.0
USA,NGA,810411,89.0
USA,NGA,850511,8632.0
USA,NIC,251010,8940.0
USA,NIC,252800,54761.0
USA,NIC,280429,198684.0
USA,NIC,280469,3128.0
USA,NIC,850511,18261.0
USA,NLD,250490,9893.0
USA,NLD,251010,37800.0
USA,NLD,251110,126.0
USA,NLD,252922,73.0
USA,NLD,260200,112988.0
USA,NLD,260600,79895.0
USA,NLD,270112,2375745762.0
USA,NLD,280429,1768896.0
USA,NLD,280469,458005.0
USA,NLD,280470,663.0
USA,NLD,280480,1.0
USA,NLD,282200,102729.0
USA,NLD,283691,37536.0
USA,NLD,711011,340714.0
USA,NLD,711021,202496.0
USA,NLD,720292,1192389.0
USA,NLD,740311,7712851.0
USA,NLD,810194,59498.0
USA,NLD,810320,2470.0
USA,NLD,810820,92437.0
USA,NLD,811010,1686.0
USA,NLD,811292,562393.0
USA,NLD,850511,2378936.0
USA,NOR,250490,832.0
USA,NOR,251010,7680.0
USA,NOR,251110,1895.0
USA,NOR,252910,30000.0
USA,NOR,270112,11637024.0
USA,NOR,280429,65251.99999999999
USA,NOR,280469,2420.0
USA,NOR,280480,604.0
USA,NOR,282200,1500.0
USA,NOR,283691,197.0
USA,NOR,711011,1679773.0
USA,NOR,750210,8298.0
USA,NOR,810194,10668.0
USA,NOR,810820,78503.0
USA,NOR,811010,993.0
USA,NOR,811292,9802.0
USA,NOR,850511,418800.0
USA,NPL,270112,6891117.0
USA,NPL,850511,86.0
USA,NZL,260200,2187.0
USA,NZL,260600,36632.0
USA,NZL,280429,113076.0
USA,NZL,280469,1866.0
USA,NZL,280470,2128.0
USA,NZL,280480,706.0
USA,NZL,283692,457.0
USA,NZL,711011,2110.0
USA,NZL,711021,14928.0
USA,NZL,810320,84588.0
USA,NZL,810820,66.0
USA,NZL,811010,1192.0
USA,NZL,811292,9283.0
USA,NZL,850511,152635.0
USA,OMN,252800,158797.0
USA,OMN,260600,1678221.0
USA,OMN,283691,146.0
USA,OMN,850511,25129.0
USA,PAK,251110,9163.0
USA,PAK,260200,55.0
USA,PAK,270112,8237402.0
USA,PAK,280429,145192.0
USA,PAK,280469,11775.0
USA,PAK,280480,76.0
USA,PAK,282200,76.0
USA,PAK,750210,4980.0
USA,PAK,850511,7288.0
USA,PAN,251110,4009.0000000000005
USA,PAN,252910,8423.0
USA,PAN,270112,1133524.0
USA,PAN,280429,425707.0
USA,PAN,280469,1508.0
USA,PAN,280470,13646.0
USA,PAN,280480,14877.0
USA,PAN,711011,2277.0
USA,PAN,740311,3977.0
USA,PAN,750210,4050.0
USA,PAN,850511,34627.0
USA,PER,250490,7786.0
USA,PER,251110,52349.0
USA,PER,252910,39679.0
USA,PER,260600,854.0
USA,PER,270112,36457639.0
USA,PER,280429,596261.0
USA,PER,280480,189.0
USA,PER,283692,35.0
USA,PER,720292,115698.0
USA,PER,750210,58422.0
USA,PER,810194,901.0
USA,PER,811292,14633.0
USA,PER,850511,150838.0
USA,PHL,250490,7790.0
USA,PHL,252910,1359.0
USA,PHL,260600,29200.0
USA,PHL,280429,3398032.0
USA,PHL,280469,30475.0
USA,PHL,282200,623.0
USA,PHL,283691,867.0
USA,PHL,283692,663.0
USA,PHL,711011,9855.0
USA,PHL,740311,22871.0
USA,PHL,750210,3967.0
USA,PHL,810194,11020.0
USA,PHL,810320,2825.0
USA,PHL,810820,1791.0
USA,PHL,811010,64105.00000000001
USA,PHL,811292,9264.0
USA,PHL,850511,102888.0
USA,PNG,280429,3607.0
USA,PNG,850511,480.0
USA,POL,250490,11934.0
USA,POL,251110,9767.0
USA,POL,252800,665.0
USA,POL,270112,444239791.0
USA,POL,280429,34664.0
USA,POL,280469,9097.0
USA,POL,280470,70.0
USA,POL,280480,27.0
USA,POL,282200,180.0
USA,POL,283691,1631.0
USA,POL,283692,95.0
USA,POL,711021,1228.0
USA,POL,810194,88364.0
USA,POL,810820,74304.0
USA,POL,811010,2938.0
USA,POL,811292,42405.0
USA,POL,850511,604721.0
USA,PRT,270112,2000000.0
USA,PRT,750210,98.0
USA,PRT,810194,11.0
USA,PRT,810820,226.0
USA,PRT,811292,1513.0
USA,PRT,850511,14637.0
USA,PRY,280429,176851.0
USA,PRY,711011,558.0
USA,PRY,850511,4717.0
USA,PYF,250490,10.0
USA,PYF,252910,23742.0
USA,PYF,280429,18102.0
USA,PYF,280469,116.0
USA,PYF,282200,68.0
USA,PYF,720292,109.0
USA,PYF,850511,2165.0
USA,QAT,280429,95884.0
USA,QAT,740311,5556.0
USA,QAT,810820,45063.0
USA,QAT,811010,16376.999999999998
USA,QAT,850511,20048.0
USA,ROU,250490,32.0
USA,ROU,270112,4036767.0
USA,ROU,280429,10213.0
USA,ROU,711011,24997.0
USA,ROU,810194,6476.0
USA,ROU,810820,624231.0
USA,ROU,811292,68052.0
USA,ROU,850511,13098.0
USA,RUS,280429,319599.0
USA,RUS,283691,1128950.0
USA,RUS,810194,11820.0
USA,RUS,810320,6912.0
USA,RUS,811292,210832.0
USA,RUS,850511,10658.0
USA,S19,250490,4835.0
USA,S19,251010,6265.0
USA,S19,252800,2048.0
USA,S19,252910,235.0
USA,S19,260600,19186.0
USA,S19,270112,120080.0
USA,S19,280429,36051142.0
USA,S19,280469,4187075.0
USA,S19,280470,518735.0
USA,S19,280480,772.0
USA,S19,282200,5334.0
USA,S19,283691,213829.0
USA,S19,283692,571.0
USA,S19,711011,385677.0
USA,S19,711021,78097547.0
USA,S19,720292,168.0
USA,S19,750210,92869.0
USA,S19,810194,1567464.0
USA,S19,810320,66621.0
USA,S19,810411,2283.0
USA,S19,810820,453395.0
USA,S19,811010,43618.0
USA,S19,811212,839.0
USA,S19,811292,29330171.0
USA,S19,850511,791912.0
USA,SAU,250490,791.0
USA,SAU,251110,1153.0
USA,SAU,252800,213138.0
USA,SAU,280429,153452.0
USA,SAU,280469,3075.0
USA,SAU,280480,990.0
USA,SAU,282200,5933.0
USA,SAU,283692,1494.0
USA,SAU,711011,3231.0
USA,SAU,740311,4105674.0
USA,SAU,810194,62285.0
USA,SAU,810320,10788.0
USA,SAU,810411,881.0
USA,SAU,810820,8416.0
USA,SAU,811010,15065.0
USA,SAU,811292,1973.0
USA,SAU,850511,251144.0
USA,SEN,251110,200814.0
USA,SEN,850511,3136.0
USA,SGP,250490,21786.0
USA,SGP,251010,10121.0
USA,SGP,251110,22775.0
USA,SGP,260200,95006.0
USA,SGP,260600,19662.0
USA,SGP,270112,27115000.0
USA,SGP,280429,8131263.0
USA,SGP,280469,31871.0
USA,SGP,280480,4073.0000000000005
USA,SGP,282200,21303.0
USA,SGP,283691,99069.0
USA,SGP,711011,41230242.0
USA,SGP,711021,84216.0
USA,SGP,740311,1135157.0
USA,SGP,750210,673776.0
USA,SGP,810194,26917.0
USA,SGP,810411,8786757.0
USA,SGP,810820,349603.0
USA,SGP,811010,2966.0
USA,SGP,811292,15304.0
USA,SGP,850511,3575311.0
USA,SLV,251110,149284.0
USA,SLV,252800,15620.0
USA,SLV,252910,69214.0
USA,SLV,280429,948327.0
USA,SLV,280469,13692.0
USA,SLV,720292,514.0
USA,SLV,750210,6577.0
USA,SLV,810320,9592629.0
USA,SLV,850511,31822.0
USA,SRB,270112,62850.0
USA,SRB,280429,256910.00000000003
USA,SRB,850511,31494.0
USA,SUR,280429,34505.0
USA,SUR,282200,13260.0
USA,SUR,850511,4042.0
USA,SVK,250490,305.0
USA,SVK,260600,1.0
USA,SVK,270112,118502164.0
USA,SVK,810820,1275.0
USA,SVK,811292,721.0
USA,SVK,850511,11021.0
USA,SVN,270112,46406264.0
USA,SVN,280429,28030.0
USA,SVN,280469,1387.0
USA,SVN,283691,7308.0
USA,SVN,850511,26099.0
USA,SWE,250490,64230.99999999999
USA,SWE,251010,4567.0
USA,SWE,260600,395.0
USA,SWE,270112,214245956.0
USA,SWE,280429,85673.0
USA,SWE,280469,2653.0
USA,SWE,282200,5636.0
USA,SWE,283691,10777.0
USA,SWE,711011,2966.0
USA,SWE,810194,395.0
USA,SWE,810820,10242.0
USA,SWE,811010,989.0
USA,SWE,811292,37992.0
USA,SWE,850511,105594.0
USA,SXM,280429,43347.0
USA,SXM,280469,2576.0
USA,SYC,850511,237.0
USA,TCA,811292,5803.0
USA,TGO,270112,10560970.0
USA,THA,250490,119.0
USA,THA,251110,268889.0
USA,THA,270112,429673.0
USA,THA,280429,413262.0
USA,THA,280469,973.0
USA,THA,282200,2681.0
USA,THA,283691,32275.0
USA,THA,283692,207.0
USA,THA,711011,868174.0
USA,THA,711021,1861370.0
USA,THA,750210,218601.0
USA,THA,810194,69094.0
USA,THA,810411,485851.0
USA,THA,810820,9088.0
USA,THA,811010,8398.0
USA,THA,811212,1890.0
USA,THA,811292,814413.0
USA,THA,850511,134385.0
USA,TLS,850511,17.0
USA,TON,850511,10.0
USA,TTO,250490,4105.0
USA,TTO,251010,4414.0
USA,TTO,251110,19180.0
USA,TTO,252800,10080.0
USA,TTO,270112,32197918.0
USA,TTO,280429,329869.0
USA,TTO,280469,60070.0
USA,TTO,850511,13904.0
USA,TUN,252800,76499.0
USA,TUN,280429,4738.0
USA,TUN,280469,712.0
USA,TUN,750210,19156.0
USA,TUN,810411,10949.0
USA,TUN,850511,2661.0
USA,TUR,250490,5857.0
USA,TUR,251110,2351.0
USA,TUR,252910,10.0
USA,TUR,260200,2.0
USA,TUR,260600,44641.0
USA,TUR,270112,562975833.0
USA,TUR,280429,488591.0
USA,TUR,280469,160778.0
USA,TUR,280470,233.0
USA,TUR,280480,5480.0
USA,TUR,282200,877.0
USA,TUR,711011,28770.0
USA,TUR,711021,1648.0
USA,TUR,740311,7758.0
USA,TUR,750210,198920.0
USA,TUR,810194,23307.0
USA,TUR,810320,31084.0
USA,TUR,810411,33039.0
USA,TUR,810820,309815.0
USA,TUR,811010,2157.0
USA,TUR,811212,22508.0
USA,TUR,811292,190628.0
USA,TUR,850511,322766.0
USA,TZA,280429,10704.0
USA,TZA,850511,2550.0
USA,UGA,280429,2625.0
USA,UGA,280469,1434.0
USA,UGA,850511,34.0
USA,UKR,270112,137418767.0
USA,UKR,280429,18672.0
USA,UKR,280470,7143.0
USA,UKR,740311,579.0
USA,UKR,850511,66309.0
USA,URY,280429,146024.0
USA,URY,280469,9981.0
USA,URY,283691,515.0
USA,URY,711011,33718.0
USA,URY,740311,311.0
USA,URY,850511,9726.0
USA,UZB,850511,3656.0
USA,VCT,280429,10200.0
USA,VEN,252800,91095.0
USA,VEN,280429,411793.0
USA,VEN,280480,7673.0
USA,VEN,750210,28180.0
USA,VEN,850511,14074.0
USA,VGB,280429,2761.0
USA,VGB,810820,9800.0
USA,VNM,260200,88646.0
USA,VNM,270112,30350498.0
USA,VNM,280429,26170.0
USA,VNM,280469,824.0
USA,VNM,283691,20000.0
USA,VNM,711011,2251167.0
USA,VNM,711021,34651.0
USA,VNM,740311,10468.0
USA,VNM,810320,804114.0
USA,VNM,811010,752.0
USA,VNM,811292,99600.0
USA,VNM,850511,916688.0
USA,WSM,280429,844.0
USA,WSM,280469,2893.0
USA,ZAF,250490,84961.0
USA,ZAF,251110,2934.0
USA,ZAF,252800,41208.0
USA,ZAF,260200,1.0
USA,ZAF,260600,66.0
USA,ZAF,270112,6335187.0
USA,ZAF,280429,27846.0
USA,ZAF,280469,128318.99999999999
USA,ZAF,280480,2633.0
USA,ZAF,282200,2131.0
USA,ZAF,283691,805.0
USA,ZAF,711011,1994.0
USA,ZAF,711021,14880.0
USA,ZAF,810194,8868.0
USA,ZAF,810820,57084.0
USA,ZAF,811010,256.0
USA,ZAF,811292,10183.0
USA,ZAF,850511,103089.0
USA,ZMB,850511,5228.0
USA,ZWE,251010,66.0
USA,ZWE,810820,83.0
UZB,AUT,850511,40.0
UZB,BLR,810194,29539.0
UZB,CHN,740311,316177059.0
UZB,DEU,711021,3932623.0
UZB,FRA,711011,5056259.0
UZB,IRL,850511,7.0
UZB,KAZ,810411,898.0
UZB,MLT,850511,2.0
UZB,PAK,270112,32308.999999999996
UZB,RUS,260200,5800.0
UZB,RUS,711021,831296.0
UZB,RUS,740311,10921681.0
UZB,RUS,810194,99171.0
UZB,RUS,850511,2986.0
UZB,TUR,252910,150.0
UZB,TUR,740311,242427183.0
UZB,UKR,260200,90.0
UZB,UKR,810194,185650.0
VEN,COL,270112,609334.0
VEN,COL,280469,22700.0
VEN,COL,810411,16610.0
VEN,DOM,270112,10593384.0
VEN,DOM,850511,58.0
VEN,GBR,270112,9219865.0
VEN,POL,270112,20445959.0
VGB,IND,810411,1269365.0
VNM,ARE,252922,20201552.0
VNM,ARE,720292,684.0
VNM,ARE,850511,3399.0
VNM,ARG,850511,1006.0
VNM,AUS,251110,22391.0
VNM,AUS,850511,3106.0
VNM,AUT,280429,1579553.0
VNM,AUT,811010,328782.0
VNM,BEL,252922,1273162.0
VNM,BEL,280470,3064891.0
VNM,BEL,811010,1969179.0
VNM,BHR,850511,72.0
VNM,BRA,811010,208494.0
VNM,BRA,850511,649.0
VNM,CAN,252800,3546.0
VNM,CAN,252922,6736922.0
VNM,CAN,720292,416.0
VNM,CAN,850511,10729.0
VNM,CHE,280470,5672006.0
VNM,CHE,850511,915.0
VNM,CHL,280470,14521081.0
VNM,CHN,252910,502393.0
VNM,CHN,280429,185117.0
VNM,CHN,280469,21782.0
VNM,CHN,282200,18752.0
VNM,CHN,740311,44283044.0
VNM,CHN,810411,4569.0
VNM,CHN,811010,1164124.0
VNM,CHN,850511,47118934.0
VNM,COL,280470,56627.0
VNM,COL,850511,7.0
VNM,CUB,850511,130.0
VNM,CYP,850511,8.0
VNM,CZE,280470,11158.0
VNM,CZE,850511,87.0
VNM,DEU,252922,10486424.0
VNM,DEU,280429,1513096.0
VNM,DEU,280470,21204159.0
VNM,DEU,811010,140990.0
VNM,DEU,850511,6452382.0
VNM,DNK,280470,1740256.0
VNM,DNK,850511,74.0
VNM,ESP,811010,8736162.0
VNM,EST,280470,82843.0
VNM,FIN,850511,8756.0
VNM,FRA,251010,48.0
VNM,FRA,270112,211.0
VNM,FRA,280469,112.0
VNM,FRA,811010,19376443.0
VNM,FRA,850511,369.0
VNM,GBR,280470,2457460.0
VNM,GBR,850511,11886.0
VNM,GTM,850511,349.0
VNM,HKG,850511,222624.0
VNM,IDN,251110,2240506.0
VNM,IDN,252910,46800.0
VNM,IDN,252922,29.0
VNM,IDN,810411,2185.0
VNM,IDN,850511,277595.0
VNM,IND,252922,530897.0
VNM,IND,280470,233089400.0
VNM,IND,811010,1988199.0
VNM,IND,850511,22908.0
VNM,IRL,850511,831.0
VNM,ISL,280469,66692.0
VNM,ISL,850511,157.0
VNM,ITA,252910,1035.0
VNM,ITA,252922,11032799.0
VNM,ITA,280470,54869179.0
VNM,ITA,850511,100820.0
VNM,JPN,252922,5257727.0
VNM,JPN,280429,292341.0
VNM,JPN,280470,185107919.0
VNM,JPN,282200,33954.0
VNM,JPN,711011,19282.0
VNM,JPN,740311,850909.0
VNM,JPN,750210,17149.0
VNM,JPN,810411,158044.0
VNM,JPN,811010,19359695.0
VNM,JPN,850511,141065312.0
VNM,KHM,252910,42529.0
VNM,KHM,280429,93732.0
VNM,KHM,280469,15435.0
VNM,KHM,850511,5212.0
VNM,KOR,252910,24.0
VNM,KOR,280429,2613411.0
VNM,KOR,280469,3268.0
VNM,KOR,280470,94027601.0
VNM,KOR,750210,3916.0
VNM,KOR,810820,983961.0
VNM,KOR,811010,11152247.0
VNM,KOR,850511,323885.0
VNM,LAO,270112,206821.0
VNM,LAO,280469,26000.0
VNM,MEX,850511,1477883.0
VNM,MMR,280469,2803.0
VNM,MMR,280470,104880.0
VNM,MMR,850511,215335.0
VNM,MYS,251110,3164952.0
VNM,MYS,280470,1365329.0
VNM,MYS,850511,17094243.0
VNM,NLD,252922,14785988.0
VNM,NLD,260200,499.0
VNM,NLD,280470,22324726.0
VNM,NLD,283691,2873.0
VNM,NLD,811010,188881.0
VNM,NLD,850511,5223.0
VNM,NOR,850511,2377.0
VNM,NZL,850511,25462.0
VNM,PHL,282200,144063.0
VNM,PHL,810411,845.0
VNM,PHL,850511,188725391.0
VNM,POL,280470,37039788.0
VNM,POL,850511,487.0
VNM,S19,280429,91653.0
VNM,S19,280470,67171476.0
VNM,S19,850511,4499.0
VNM,SGP,251110,39941.0
VNM,SGP,260200,50557.0
VNM,SGP,850511,19671.0
VNM,SRB,280429,4773.0
VNM,SRB,280470,174501.0
VNM,SVK,811010,85026.0
VNM,SVK,811292,14403.0
VNM,SVK,850511,381.0
VNM,SVN,850511,7.0
VNM,SWE,850511,99.0
VNM,THA,252910,12.0
VNM,THA,740311,3687521.0
VNM,THA,810411,1710.0
VNM,THA,811010,279250.0
VNM,THA,850511,16614744.999999998
VNM,TUR,252922,368136.0
VNM,TUR,280470,9148.0
VNM,TUR,811010,305875.0
VNM,TUR,850511,667.0
VNM,USA,251110,24396553.0
VNM,USA,252922,23976901.0
VNM,USA,280470,11469674.0
VNM,USA,711011,1350.0
VNM,USA,750210,697.0
VNM,USA,811010,9904098.0
VNM,USA,850511,361502.0
VNM,VEN,280470,919200.0
VNM,ZAF,251010,1420.0
VNM,ZAF,280470,9333278.0
VUT,IRL,850511,7.0
WSM,NZL,850511,469.0
ZAF,AGO,250490,2137.0
ZAF,AGO,260200,806443.0
ZAF,AGO,280429,141552.0
ZAF,AGO,280469,274.0
ZAF,AGO,283691,46720.0
ZAF,AGO,810820,1377.0
ZAF,AGO,850511,34460.0
ZAF,ARE,252922,15298342.0
ZAF,ARE,260600,3.0
ZAF,ARE,270112,44047784.0
ZAF,ARE,280429,13458.0
ZAF,ARE,711011,23673938.0
ZAF,ARE,720292,1023952.0
ZAF,ARE,740311,8833664.0
ZAF,ARE,850511,4180.0
ZAF,ARG,711011,6796909.0
ZAF,ARG,720292,3795406.0
ZAF,ARG,750210,524692.0
ZAF,AUS,250490,6.0
ZAF,AUS,251010,2628797.0
ZAF,AUS,260200,15765915.0
ZAF,AUS,282200,21529.0
ZAF,AUS,711011,12082608.0
ZAF,AUS,720292,368859.0
ZAF,AUS,740311,564.0
ZAF,AUS,750210,570783.0
ZAF,AUS,850511,49716.0
ZAF,AUT,252910,28519.0
ZAF,AUT,750210,2501265.0
ZAF,AUT,850511,1236.0
ZAF,BEL,251010,8203044.0
ZAF,BEL,260200,439389.0
ZAF,BEL,270112,108165887.0
ZAF,BEL,711011,427438.0
ZAF,BEL,740311,2008094.0
ZAF,BEL,750210,46785581.0
ZAF,BEL,850511,992.0
ZAF,BEN,270112,3816347.0
ZAF,BFA,280429,11855.0
ZAF,BFA,740311,6242.0
ZAF,BGD,260200,3072124.0
ZAF,BGD,270112,38687913.0
ZAF,BGR,270112,13131024.0
ZAF,BGR,740311,14141825.0
ZAF,BGR,850511,830.0
ZAF,BHR,720292,516620.0
ZAF,BHR,740311,5120301.0
ZAF,BOL,720292,17247.0
ZAF,BRA,251010,6550560.0
ZAF,BRA,260200,6053347.0
ZAF,BRA,270112,32849783.000000004
ZAF,BRA,282200,640604.0
ZAF,BRA,711011,17261280.0
ZAF,BRA,711021,112558353.0
ZAF,BRA,720292,3634612.0
ZAF,BRA,750210,4563257.0
ZAF,BRA,850511,46.0
ZAF,BTN,260200,9938912.0
ZAF,BWA,250490,12074.0
ZAF,BWA,251110,739.0
ZAF,BWA,252800,1875.0
ZAF,BWA,252910,2156.0
ZAF,BWA,252922,110.0
ZAF,BWA,260200,41917.0
ZAF,BWA,270112,22802.0
ZAF,BWA,280429,237667.0
ZAF,BWA,280469,11659.0
ZAF,BWA,280470,39.0
ZAF,BWA,283691,2522.0
ZAF,BWA,810194,41.0
ZAF,BWA,850511,18487.0
ZAF,CAN,260200,218659.0
ZAF,CAN,711011,12787590.0
ZAF,CAN,711021,121079729.0
ZAF,CAN,720292,963281.0
ZAF,CAN,750210,2249271.0
ZAF,CAN,850511,2342.0
ZAF,CHE,270112,100108.0
ZAF,CHE,711011,133352980.00000001
ZAF,CHE,711021,96443204.0
ZAF,CHE,720292,110.0
ZAF,CHE,740311,3547962.0
ZAF,CHE,750210,10317323.0
ZAF,CHE,850511,1513.0
ZAF,CHL,720292,17378.0
ZAF,CHL,750210,100821.0
ZAF,CHN,252910,1274664.0
ZAF,CHN,260200,1777704460.0
ZAF,CHN,270112,100925861.0
ZAF,CHN,280469,26579.0
ZAF,CHN,282200,56419090.0
ZAF,CHN,711011,1307965765.0
ZAF,CHN,711021,71866978.0
ZAF,CHN,720292,7368.0
ZAF,CHN,740311,116890056.0
ZAF,CHN,750210,140081320.0
ZAF,CHN,850511,101155.0
ZAF,CIV,282200,323.0
ZAF,CIV,850511,7.0
ZAF,CMR,850511,59.0
ZAF,COD,251110,6744.0
ZAF,COD,252800,3330.0
ZAF,COD,260200,920.0
ZAF,COD,270112,3778380.0
ZAF,COD,280429,4983.0
ZAF,COD,280480,1954.0
ZAF,COD,282200,2774.0
ZAF,COD,283692,443.0
ZAF,COD,711011,495.0
ZAF,COD,740311,199551.0
ZAF,COD,810411,2067.0
ZAF,COD,850511,165024.0
ZAF,COG,252910,230012.0
ZAF,COG,270112,16671983.0
ZAF,COG,850511,2901.0
ZAF,COL,251010,12441690.0
ZAF,COL,260200,259065.99999999997
ZAF,COL,720292,948562.0
ZAF,COL,750210,523164.0
ZAF,CYP,270112,6012.0
ZAF,CYP,850511,1313.0
ZAF,CZE,252922,16809.0
ZAF,CZE,260200,1097604.0
ZAF,CZE,720292,50966.0
ZAF,CZE,750210,1952163.0
ZAF,CZE,850511,716.0
ZAF,DEU,252910,9174.0
ZAF,DEU,252922,16419730.0
ZAF,DEU,260200,70880.0
ZAF,DEU,270112,343831931.0
ZAF,DEU,282200,7021076.0
ZAF,DEU,711011,408504587.0
ZAF,DEU,711021,219788480.0
ZAF,DEU,720292,2459746.0
ZAF,DEU,720293,167298.0
ZAF,DEU,740311,16560936.000000002
ZAF,DEU,750210,36796172.0
ZAF,DEU,811292,219613.0
ZAF,DEU,850511,6920.0
ZAF,DJI,270112,31796832.0
ZAF,DNK,270112,259543195.0
ZAF,DNK,850511,720.0
ZAF,EGY,251010,1.0
ZAF,EGY,270112,3227971.0
ZAF,EGY,280429,6374.0
ZAF,EGY,720292,1819357.0
ZAF,EGY,750210,4840.0
ZAF,ESP,252910,728852.0
ZAF,ESP,260200,16056909.0
ZAF,ESP,270112,174624745.0
ZAF,ESP,282200,58.0
ZAF,ESP,711021,23157985.0
ZAF,ESP,720292,641957.0
ZAF,ESP,740311,4134560.0000000005
ZAF,ESP,750210,28373386.0
ZAF,ESP,850511,345.0
ZAF,EST,260200,15848.0
ZAF,EST,850511,7.0
ZAF,ETH,850511,354.0
ZAF,FIN,260200,150172.0
ZAF,FIN,270112,100297020.0
ZAF,FIN,282200,50488148.0
ZAF,FIN,720292,1777562.0
ZAF,FIN,750210,9049344.0
ZAF,FIN,850511,1261.0
ZAF,FRA,260200,31879069.0
ZAF,FRA,270112,305243863.0
ZAF,FRA,280429,70138.0
ZAF,FRA,280469,61919.0
ZAF,FRA,750210,5164129.0
ZAF,FRA,850511,195.0
ZAF,GAB,280429,22.0
ZAF,GBR,252922,186746.0
ZAF,GBR,260200,577602.0
ZAF,GBR,260600,56828.0
ZAF,GBR,270112,181491007.0
ZAF,GBR,711011,406711857.0
ZAF,GBR,711021,506127057.0
ZAF,GBR,720292,638410.0
ZAF,GBR,750210,7211546.0
ZAF,GBR,810820,2448.0
ZAF,GBR,850511,48908.0
ZAF,GHA,270112,4398200.0
ZAF,GHA,850511,73139.0
ZAF,GIN,280429,399.0
ZAF,GIN,850511,41189.0
ZAF,GNQ,280429,2228.0
ZAF,GNQ,850511,552.0
ZAF,GRC,270112,5491054.0
ZAF,GRC,740311,53.0
ZAF,HKG,252910,91824.0
ZAF,HKG,260200,687489.0
ZAF,HKG,711011,72303764.0
ZAF,HKG,711021,28540648.0
ZAF,HKG,740311,2157181.0
ZAF,HKG,850511,82.0
ZAF,IDN,260200,7089271.0
ZAF,IDN,720292,1680954.0
ZAF,IDN,750210,444060.0
ZAF,IND,251010,10744403.0
ZAF,IND,252910,58984335.0
ZAF,IND,252922,87637133.0
ZAF,IND,260200,409718650.0
ZAF,IND,270112,2018419261.0
ZAF,IND,282200,5877777.0
ZAF,IND,283692,63441.0
ZAF,IND,711011,27836226.0
ZAF,IND,711021,3290415.0
ZAF,IND,740311,5784906.0
ZAF,IND,750210,81828270.0
ZAF,IND,850511,3511.0
ZAF,IRL,270112,31610061.0
ZAF,IRL,280429,247617.0
ZAF,IRL,711011,13309973.0
ZAF,IRL,711021,48282420.0
ZAF,IRL,810820,8610.0
ZAF,IRL,850511,1.0
ZAF,IRN,260200,588500.0
ZAF,IRN,270112,4503700.0
ZAF,ISR,270112,184497237.0
ZAF,ITA,252922,28241233.0
ZAF,ITA,260200,20090.0
ZAF,ITA,270112,813993968.0
ZAF,ITA,711011,101614561.0
ZAF,ITA,711021,90606461.0
ZAF,ITA,720292,1336450.0
ZAF,ITA,740311,34415372.0
ZAF,ITA,750210,43005309.0
ZAF,ITA,850511,3.0
ZAF,JOR,270112,4489960.0
ZAF,JPN,251010,10380746.0
ZAF,JPN,260200,125136722.0
ZAF,JPN,270112,296636736.0
ZAF,JPN,280469,42815.0
ZAF,JPN,711011,1209040103.0
ZAF,JPN,711021,1695309290.0
ZAF,JPN,720292,6109492.0
ZAF,JPN,750210,39010218.0
ZAF,KEN,250490,12.0
ZAF,KEN,251010,57480.0
ZAF,KEN,260600,1111.0
ZAF,KEN,270112,28235051.0
ZAF,KEN,280429,1104.0
ZAF,KEN,280469,256.0
ZAF,KEN,280480,25065.0
ZAF,KEN,750210,6666.0
ZAF,KEN,811010,64400.00000000001
ZAF,KEN,850511,824.0
ZAF,KOR,251010,29.0
ZAF,KOR,260200,113002258.0
ZAF,KOR,270112,1312316406.0
ZAF,KOR,280470,10.0
ZAF,KOR,282200,98.0
ZAF,KOR,283691,11.0
ZAF,KOR,711011,55905628.0
ZAF,KOR,711021,141453065.0
ZAF,KOR,720292,2560008.0
ZAF,KOR,750210,20933673.0
ZAF,KOR,850511,682.0
ZAF,KWT,270112,6399257.0
ZAF,LBN,850511,1489.0
ZAF,LBR,850511,2.0
ZAF,LKA,270112,219381994.0
ZAF,LSO,251010,2334.0
ZAF,LSO,260600,1954.0
ZAF,LSO,270112,156141.0
ZAF,LSO,280429,1794.0
ZAF,LSO,280469,37623.0
ZAF,LSO,280470,19.0
ZAF,LSO,280480,888.0
ZAF,LSO,283691,81.0
ZAF,LSO,750210,56.0
ZAF,LSO,850511,5151.0
ZAF,LTU,252910,224615.0
ZAF,LUX,252922,15085798.0
ZAF,LUX,720292,9065389.0
ZAF,LVA,260200,67197928.0
ZAF,LVA,270112,13279896.0
ZAF,MAR,270112,311645422.0
ZAF,MDG,270112,117978136.0
ZAF,MDG,280429,4576.0
ZAF,MDG,811292,5709.0
ZAF,MDG,850511,75.0
ZAF,MDV,850511,2.0
ZAF,MEX,260200,13592.0
ZAF,MEX,720292,4803792.0
ZAF,MEX,750210,1043155.0
ZAF,MKD,711011,7248958.0
ZAF,MKD,711021,10467079.0
ZAF,MLT,270112,22991315.0
ZAF,MOZ,250490,148.0
ZAF,MOZ,251010,1407659.0
ZAF,MOZ,251110,4789.0
ZAF,MOZ,252800,31266.0
ZAF,MOZ,252910,411.0
ZAF,MOZ,270112,651553553.0
ZAF,MOZ,280429,127551.0
ZAF,MOZ,280469,96428.0
ZAF,MOZ,282200,275.0
ZAF,MOZ,810320,220.0
ZAF,MOZ,850511,79298.0
ZAF,MRT,850511,148066.0
ZAF,MUS,251010,1238.0
ZAF,MUS,270112,255071754.0
ZAF,MUS,280469,25543.0
ZAF,MUS,850511,3182.0
ZAF,MWI,250490,1196.0
ZAF,MWI,252800,85659.0
ZAF,MWI,280429,3188.0
ZAF,MWI,280469,166.0
ZAF,MWI,850511,37486.0
ZAF,MYS,260200,119905987.0
ZAF,MYS,270112,262663957.99999997
ZAF,MYS,740311,2784689.0
ZAF,NAM,250490,2079.0
ZAF,NAM,251110,3159.0
ZAF,NAM,252910,3272.0
ZAF,NAM,252922,597.0
ZAF,NAM,260200,4732572.0
ZAF,NAM,260600,1208.0
ZAF,NAM,270112,47637.0
ZAF,NAM,280429,389442.0
ZAF,NAM,280469,25116.0
ZAF,NAM,282200,10734.0
ZAF,NAM,711011,1418.0
ZAF,NAM,720292,79.0
ZAF,NAM,740311,121.0
ZAF,NAM,810820,166.0
ZAF,NAM,850511,40579.0
ZAF,NGA,280470,15436.0
ZAF,NGA,850511,338.0
ZAF,NLD,251010,103424712.0
ZAF,NLD,252922,18461392.0
ZAF,NLD,260200,4705309.0
ZAF,NLD,260600,2408240.0
ZAF,NLD,270112,1226273588.0
ZAF,NLD,280469,70845.0
ZAF,NLD,282200,142787.0
ZAF,NLD,720292,386454.0
ZAF,NLD,720293,139947.0
ZAF,NLD,740311,14475135.0
ZAF,NLD,750210,144121211.0
ZAF,NLD,850511,737.0
ZAF,NOR,260200,125032400.0
ZAF,NOR,711011,1227311.0
ZAF,NOR,711021,8589701.0
ZAF,NZL,260200,11541.0
ZAF,NZL,720292,485301.0
ZAF,NZL,850511,215.0
ZAF,OMN,720292,797067.0
ZAF,PAK,260200,513890.0
ZAF,PAK,270112,640262682.0
ZAF,PAN,270112,5266305.0
ZAF,PER,260200,12781.0
ZAF,PER,720292,159028.0
ZAF,PER,750210,452859.0
ZAF,POL,252910,220806.0
ZAF,POL,260200,8608675.0
ZAF,POL,270112,204086588.0
ZAF,POL,711011,22.0
ZAF,POL,720292,5534173.0
ZAF,POL,750210,1947717.0
ZAF,POL,810820,41.0
ZAF,POL,850511,75.0
ZAF,PRT,850511,16.0
ZAF,RUS,260200,11133553.0
ZAF,RWA,280429,79.0
ZAF,RWA,282200,10685.0
ZAF,RWA,750210,562.0
ZAF,RWA,850511,5447.0
ZAF,S19,270112,500898883.0
ZAF,S19,282200,7819115.0
ZAF,S19,711011,1425867.0
ZAF,S19,711021,8342339.0
ZAF,S19,720292,577693.0
ZAF,S19,740311,7962705.0
ZAF,S19,750210,3534853.0
ZAF,SAU,260200,25837495.0
ZAF,SAU,740311,5538718.0
ZAF,SAU,750210,53670.0
ZAF,SAU,850511,4209.0
ZAF,SEN,270112,61051539.0
ZAF,SEN,280469,482.0
ZAF,SGP,260200,104485705.0
ZAF,SGP,270112,7314060.0
ZAF,SGP,280429,74739.0
ZAF,SGP,711011,3216753.0
ZAF,SGP,711021,32378.999999999996
ZAF,SGP,740311,1704431.0
ZAF,SGP,750210,3188497.0
ZAF,SGP,850511,514.0
ZAF,SHN,270112,10977.0
ZAF,SHN,280429,2888.0
ZAF,SHN,850511,827.0
ZAF,SLE,260200,19548.0
ZAF,SLE,280429,279.0
ZAF,SLE,850511,32.0
ZAF,SRB,750210,30699.0
ZAF,SSD,850511,6657.0
ZAF,SVK,260200,9293383.0
ZAF,SVK,270112,1949842.0
ZAF,SVN,720292,3478107.0
ZAF,SVN,750210,1762975.0
ZAF,SVN,850511,5246.0
ZAF,SWE,270112,11263315.0
ZAF,SWE,720292,10681796.0
ZAF,SWE,750210,8582261.0
ZAF,SWE,850511,21949.0
ZAF,SWZ,250490,1051.0
ZAF,SWZ,251010,106.0
ZAF,SWZ,251110,400.0
ZAF,SWZ,252910,1247.0
ZAF,SWZ,260200,21168.0
ZAF,SWZ,270112,2272535.0
ZAF,SWZ,280429,71068.0
ZAF,SWZ,280469,270859.0
ZAF,SWZ,280470,443.0
ZAF,SWZ,280480,15615.0
ZAF,SWZ,283691,1045.0
ZAF,SWZ,720292,220.0
ZAF,SWZ,750210,3187.0
ZAF,SWZ,811010,36.0
ZAF,SWZ,850511,9400.0
ZAF,SYC,252910,64.0
ZAF,SYC,850511,580.0
ZAF,TGO,270112,6842624.0
ZAF,THA,252910,17062.0
ZAF,THA,270112,76464.0
ZAF,THA,711021,17659199.0
ZAF,THA,740311,16481264.0
ZAF,THA,750210,754042.0
ZAF,TUR,260200,360291.0
ZAF,TUR,270112,64061211.0
ZAF,TUR,720292,4264289.0
ZAF,TUR,750210,5302849.0
ZAF,TUR,850511,243.0
ZAF,TZA,252910,1201.0
ZAF,TZA,280429,1242.0
ZAF,TZA,280469,70.0
ZAF,TZA,810194,118.0
ZAF,TZA,850511,39069.0
ZAF,UGA,251110,192.0
ZAF,UGA,280429,2007.0000000000002
ZAF,UGA,280480,5750.0
ZAF,UGA,850511,603.0
ZAF,UKR,252922,11028000.0
ZAF,UKR,270112,2627222.0
ZAF,UKR,720292,1225752.0
ZAF,UKR,750210,1052992.0
ZAF,USA,250490,9970.0
ZAF,USA,252922,11859247.0
ZAF,USA,260200,44514529.0
ZAF,USA,270112,98402973.0
ZAF,USA,280469,77551.0
ZAF,USA,711011,553189556.0
ZAF,USA,711021,1118393371.0
ZAF,USA,720292,1000893.0
ZAF,USA,750210,140794746.0
ZAF,USA,810820,205454.0
ZAF,USA,850511,56875.0
ZAF,UZB,750210,421550.0
ZAF,VNM,260200,2561643.0
ZAF,VNM,270112,15351132.0
ZAF,VNM,282200,26033.0
ZAF,VNM,750210,170000.0
ZAF,YEM,270112,28419338.0
ZAF,ZMB,251110,244398.0
ZAF,ZMB,252800,50327.0
ZAF,ZMB,252910,2197.0
ZAF,ZMB,252922,1678.0
ZAF,ZMB,260200,2168.0
ZAF,ZMB,280429,43791.0
ZAF,ZMB,280469,1247.0
ZAF,ZMB,282200,1532.0
ZAF,ZMB,711011,8.0
ZAF,ZMB,740311,75629.0
ZAF,ZMB,810820,68184.0
ZAF,ZMB,850511,15557.0
ZAF,ZWE,251110,91655.0
ZAF,ZWE,252800,100268.0
ZAF,ZWE,252910,10526.0
ZAF,ZWE,252922,675.0
ZAF,ZWE,260200,6975.0
ZAF,ZWE,280429,42184.0
ZAF,ZWE,280470,108.0
ZAF,ZWE,282200,581.0
ZAF,ZWE,711011,368.0
ZAF,ZWE,711021,9103.0
ZAF,ZWE,740311,13410.0
ZAF,ZWE,750210,5072.0
ZAF,ZWE,810194,3492.0
ZAF,ZWE,811010,283768.0
ZAF,ZWE,850511,82139.0
ZMB,ARE,260200,299275.0
ZMB,ARE,711011,337438.0
ZMB,ARE,740311,55703587.0
ZMB,BHR,740311,68175945.0
ZMB,BRA,282200,874943.0
ZMB,CAN,740311,6763264.0
ZMB,CHE,282200,980198.0
ZMB,CHE,740311,1040182674.0
ZMB,CHN,252910,113671.0
ZMB,CHN,260200,5026065.0
ZMB,CHN,260600,11454.0
ZMB,CHN,282200,321339.0
ZMB,CHN,740311,727020871.0
ZMB,CIV,260200,297767.0
ZMB,COD,270112,8261958.000000001
ZMB,COG,270112,99331.0
ZMB,DEU,740311,866944.0
ZMB,EGY,740311,289093432.0
ZMB,ESP,740311,42785813.0
ZMB,GRC,740311,34429282.0
ZMB,HKG,740311,33806467.0
ZMB,IDN,260200,406814.0
ZMB,IND,260200,942343.0
ZMB,IND,740311,8965335.0
ZMB,IRN,260200,4562.0
ZMB,ITA,740311,73023684.0
ZMB,JPN,740311,5395042.0
ZMB,KOR,740311,39423125.0
ZMB,LKA,740311,3885133.0
ZMB,MUS,740311,22153145.0
ZMB,MYS,740311,40018269.0
ZMB,NAM,270112,68095.0
ZMB,NAM,282200,1881036.0
ZMB,NLD,282200,212.0
ZMB,NLD,740311,4048155.0
ZMB,PAK,260200,39071.0
ZMB,PAK,740311,96460682.0
ZMB,PAN,740311,261329.0
ZMB,S19,740311,77171569.0
ZMB,SAU,740311,156057102.0
ZMB,SGP,260200,89031.0
ZMB,SGP,740311,305583730.0
ZMB,THA,740311,64553402.0
ZMB,TZA,260200,3894.0
ZMB,TZA,282200,81825517.0
ZMB,USA,260200,69461.0
ZMB,USA,740311,6772859.0
ZMB,ZAF,250490,272.0
ZMB,ZAF,252910,817973.0
ZMB,ZAF,252922,2643.0
ZMB,ZAF,260200,1820132.0
ZMB,ZAF,282200,9085.0
ZMB,ZAF,740311,99821009.0
ZMB,ZAF,850511,216.0
ZMB,ZWE,740311,10442223.0
ZWE,ARE,270112,1064856.0
ZWE,BRA,252910,20800.0
ZWE,BWA,270112,54981.0
ZWE,CHN,252910,10390141.0
ZWE,CHN,270112,156621.0
ZWE,CHN,283691,89.0
ZWE,CHN,750210,796381.0
ZWE,COD,270112,2327586.0
ZWE,DEU,252910,99758.0
ZWE,ESP,750210,5648.0
ZWE,IND,750210,591155.0
ZWE,KHM,270112,247158.0
ZWE,LKA,252910,3155.0
ZWE,MOZ,270112,175578.0
ZWE,MWI,270112,684565.0
ZWE,NAM,270112,126105.0
ZWE,NLD,750210,271390.0
ZWE,NZL,850511,1591.0
ZWE,THA,750210,1223795.0
ZWE,ZAF,250490,12.0
ZWE,ZAF,251110,11223.0
ZWE,ZAF,252910,163236.0
ZWE,ZAF,260200,105207.0
ZWE,ZAF,270112,7270974.0
ZWE,ZAF,283691,11578.0
ZWE,ZAF,711011,29661325.0
ZWE,ZMB,270112,14260377.0
