i,j,cmd,value
ABW,NLD,850511,230.22549019607845
AFG,AUS,280429,8121.000795567526
AFG,PAK,251110,1609.146610884194
AFG,PAK,270112,161279023.37745097
AGO,CHN,260200,7092838.20691525
AGO,COD,250490,13.028
AGO,COD,280470,141.998
AGO,GBR,280429,39200.572
AGO,GEO,260200,19676.446
AGO,IND,260200,1846.024
AGO,MRT,251110,237303.528
AGO,MRT,280429,18454.122
AGO,NAM,251110,819510.276
AGO,NLD,740311,4709312.968627451
AGO,STP,251110,321865.436
AGO,STP,280429,21001.274
AGO,STP,280470,236.36856980570582
AGO,ZAF,251010,243.178
AGO,ZAF,280429,266.76749392793687
ALB,BIH,810411,138119.6923076923
ALB,CHE,280429,81826.49434552716
ALB,DEU,750210,3878.407843137255
ALB,FRA,251010,36125.759999999995
ALB,FRA,850511,1415.9921568627449
ALB,MAR,850511,26.823529411764707
ALB,MKD,270112,4556882.68627451
ALB,MKD,280429,749.5286525686477
ALB,NLD,270112,38.19901960784314
ALB,SRB,270112,217074.50980392157
AND,PNG,280429,547.5816984479317
AND,SWZ,280469,16.867773444051895
ARE,AFG,280429,792291.605
ARE,AFG,850511,2576.049
ARE,AGO,280429,1291122.0331620171
ARE,AGO,280469,93095.93151521517
ARE,AGO,850511,10791.227815717068
ARE,ALB,850511,2207.926
ARE,ARM,850511,6414.608
ARE,AUS,280429,889875.2029549753
ARE,AUS,811010,360.501
ARE,AUS,850511,3945.386
ARE,AUT,850511,52.65196078431372
ARE,AZE,252910,513.25
ARE,AZE,280429,539511.6279952455
ARE,AZE,720293,55521.305
ARE,AZE,750210,1083046.94
ARE,BDI,251010,1088.3015384615383
ARE,BDI,280429,89307.20535814141
ARE,BEL,270112,20.534313725490197
ARE,BEL,711011,457128.5374799661
ARE,BEL,850511,18.611
ARE,BFA,280429,45885.091
ARE,BGD,251110,136.76
ARE,BGD,280429,840375.062
ARE,BGD,711011,287866.568
ARE,BHR,250490,5129.325420830294
ARE,BHR,252800,544.588
ARE,BHR,252910,152.212
ARE,BHR,280429,55224.05346870139
ARE,BHR,280469,278.79770060736786
ARE,BHR,283692,680.735
ARE,BHR,720292,162885.223
ARE,BHR,720293,7164.765
ARE,BHR,740311,7490183.589
ARE,BHR,750210,21840.435
ARE,BHR,810194,274.399
ARE,BHR,810411,61.266
ARE,BHR,850511,23527.398
ARE,BOL,280429,153909.87722969856
ARE,BRA,282200,138497.28966300646
ARE,BRA,720293,91679.262
ARE,BTN,260200,212647.28688026287
ARE,BWA,280429,41236.976190466296
ARE,CAN,720293,607777.791
ARE,CAN,750210,1437.982
ARE,CAN,850511,365539.9936066666
ARE,CHE,711011,18923634.303597584
ARE,CHL,260600,90.77450980392157
ARE,CHL,280429,82060.393
ARE,CHL,850511,3863.7554898863204
ARE,CHN,251010,5568.414
ARE,CHN,252922,383.3333333333333
ARE,CHN,280429,9097097.141676996
ARE,CHN,280469,18490.763
ARE,CHN,283692,305429.09450917674
ARE,CHN,720292,73395.233
ARE,CHN,720293,20178.352
ARE,CHN,740311,15947294.815138385
ARE,CHN,750210,101020146.941
ARE,CHN,810820,397.707
ARE,CHN,811292,21844.329
ARE,CHN,850511,28935.068
ARE,CIV,280429,26938.89994744025
ARE,CIV,850511,38.402
ARE,CMR,280429,30565.478287922782
ARE,CMR,850511,4133.966
ARE,COD,280429,6466.21008732038
ARE,COD,280469,404.357
ARE,COD,810820,1044.53239891427
ARE,COD,850511,1.5646736148701952
ARE,COG,280429,19113.393880818996
ARE,COG,280469,3722.666
ARE,COG,850511,2324.019
ARE,COL,850511,19990.983319083873
ARE,CZE,850511,2447.0588235294117
ARE,DEU,250490,16035.125
ARE,DEU,280470,1406133.759534478
ARE,DEU,711011,160553.8439317657
ARE,DEU,850511,3494.815
ARE,DJI,250490,123.183
ARE,DJI,252910,575.997
ARE,DJI,280429,6873.91534090787
ARE,DJI,280469,138.4302245038224
ARE,DJI,811212,16366.857843137253
ARE,DNK,280429,359247.31331208296
ARE,DZA,280429,14631.232
ARE,DZA,850511,2331.05
ARE,ECU,280429,43742.953
ARE,EGY,251110,1231.259
ARE,EGY,280429,105809.56722766814
ARE,EGY,850511,102309.329
ARE,ESP,280429,7701453.795808344
ARE,ESP,750210,365130.01
ARE,ESP,850511,1086.029
ARE,EST,810411,13.615
ARE,EST,850511,21.098039215686274
ARE,ETH,260600,56277.496
ARE,ETH,280429,42310.08872182984
ARE,ETH,280469,58.87936354853132
ARE,ETH,711011,189843.426
ARE,ETH,811010,1005.582
ARE,ETH,850511,454.5143701646902
ARE,FIN,850511,805.2777690404881
ARE,FRA,280429,6316.678
ARE,FRA,280469,7843.54
ARE,FRA,850511,312.5943786401255
ARE,GAB,280469,1393.4097783976022
ARE,GBR,280429,136357.42399627782
ARE,GBR,280469,1659.21
ARE,GBR,711011,110.791
ARE,GBR,720292,1.005
ARE,GBR,810820,121205.30640582526
ARE,GBR,850511,23239.46
ARE,GEO,280429,298300.2162464458
ARE,GEO,850511,1568.6599166945534
ARE,GHA,251010,3135.1661538461535
ARE,GHA,251110,82860.47760663269
ARE,GHA,280429,150517.9881266436
ARE,GHA,280469,159118.22832029097
ARE,GHA,850511,478.938
ARE,GIN,280429,65161.605
ARE,GIN,850511,146.045
ARE,GMB,280469,2550.27285086601
ARE,GNB,850511,40.844
ARE,GNQ,850511,103.575
ARE,GRC,850511,84.65686274509804
ARE,HKG,280429,1218897.0731636398
ARE,HKG,711011,3057381.5632390277
ARE,HKG,811010,177.683
ARE,HKG,850511,5615.85
ARE,HUN,251010,153.84615384615384
ARE,IDN,850511,1855.447
ARE,IND,251110,184576.74440516956
ARE,IND,252910,50.647
ARE,IND,260200,102728788.29526003
ARE,IND,260600,11483.551960784314
ARE,IND,270112,25724672.337254904
ARE,IND,280429,2332018.127804233
ARE,IND,280469,10406.493521912918
ARE,IND,280470,3696011.2550960123
ARE,IND,282200,73117.95631262552
ARE,IND,283692,960884.9425877694
ARE,IND,711011,41540657.482048325
ARE,IND,711021,32422.872
ARE,IND,720292,394373.54858475353
ARE,IND,720293,388799.4751239891
ARE,IND,740311,19039720.88669063
ARE,IND,750210,59607833.56255903
ARE,IND,810194,1641.661
ARE,IND,810820,10017.246707235923
ARE,IND,850511,41574.893329483144
ARE,IRL,280429,355.888
ARE,IRN,252910,121579.82327157511
ARE,IRN,260200,24370485.825299356
ARE,IRN,260600,8073362.7450980395
ARE,IRN,280429,4242038.500036014
ARE,IRN,280469,1398850.2424237153
ARE,IRN,280480,4263.846153846153
ARE,IRN,282200,1370279.713918402
ARE,IRN,283691,211026.4705882353
ARE,IRN,711011,300983.3532304389
ARE,IRN,720292,11270391.176470589
ARE,IRN,720293,2534057.843137255
ARE,IRN,750210,10601694.11764706
ARE,IRN,811010,698478.7205055758
ARE,IRN,850511,63053.30382097225
ARE,IRQ,252800,16880.217
ARE,IRQ,280429,2438625.125
ARE,IRQ,711011,11491400.632
ARE,IRQ,711021,700871.321
ARE,IRQ,810820,1491.012
ARE,IRQ,811292,60.536
ARE,IRQ,850511,107757.541
ARE,ISL,810820,21628.546608220702
ARE,ISR,280429,963248.441
ARE,ISR,850511,980.3921568627451
ARE,ITA,252910,3.978
ARE,ITA,280429,34230.088
ARE,ITA,280469,37441.796
ARE,ITA,711011,24035.646475463127
ARE,ITA,711021,28191.65619791725
ARE,ITA,850511,1014.358
ARE,JOR,250490,2707.3460784313725
ARE,JOR,251110,4444.683
ARE,JOR,280429,460841.30657703546
ARE,JOR,280469,1666.44
ARE,JOR,850511,6461.241
ARE,JPN,280429,1968862.9446927991
ARE,JPN,711011,558404.8956847177
ARE,KAZ,280429,2135.856
ARE,KAZ,810320,208784.473
ARE,KAZ,810411,45.253
ARE,KAZ,850511,386.916
ARE,KEN,251110,750.375970171313
ARE,KEN,280429,181408.43979025903
ARE,KEN,280469,1012.934
ARE,KEN,283691,72.11470588235294
ARE,KEN,750210,5724.786881833615
ARE,KEN,850511,3263.6225521283286
ARE,KGZ,850511,75.327
ARE,KOR,270112,8499183.333333334
ARE,KOR,280429,113128.111
ARE,KOR,283692,7.840986977381768
ARE,KOR,750210,2336492.787
ARE,KOR,810820,88521.168
ARE,KOR,850511,102.93114993634423
ARE,KWT,250490,16866.411578210584
ARE,KWT,260600,123568.41
ARE,KWT,270112,3746.766
ARE,KWT,280429,365764.99302876607
ARE,KWT,280469,6262.764
ARE,KWT,711011,118158.472
ARE,KWT,850511,7001.211727923215
ARE,LAO,270112,2939360.0
ARE,LBN,280429,146224.03982401357
ARE,LBN,850511,13984.073
ARE,LBY,280429,17590.197
ARE,LBY,850511,1576.52
ARE,LKA,250490,34.94117647058823
ARE,LKA,252910,4.764705882352941
ARE,LKA,280429,174694.4350826263
ARE,LKA,280469,266.2978717811781
ARE,LKA,711011,98612.387
ARE,LKA,810820,6.14970094051653
ARE,LKA,850511,295.85294117647055
ARE,LTU,850511,2107.243
ARE,LUX,850511,37.626
ARE,LVA,850511,8078.336
ARE,MAR,280429,282329.14249533886
ARE,MDA,850511,247.788
ARE,MDG,280429,143943.146
ARE,MDG,850511,16.041
ARE,MDV,252800,106.09509803921569
ARE,MDV,280429,23912.207483081154
ARE,MDV,810194,133.27461538461537
ARE,MDV,850511,83.93084787495944
ARE,MEX,850511,2635.167
ARE,MMR,280429,179479.97908711366
ARE,MOZ,850511,337.6086904390113
ARE,MRT,280429,44748.535
ARE,MRT,850511,1086.029
ARE,MUS,280429,179635.30988606348
ARE,MUS,282200,14283.502983875262
ARE,MUS,850511,120.67
ARE,MWI,280429,109349.98802884901
ARE,MYS,251010,19180.972307692307
ARE,MYS,280429,234679.47453933235
ARE,MYS,720292,968272.267
ARE,MYS,740311,5433210.460784313
ARE,MYS,850511,16789.723
ARE,NAM,280429,21564.140853502395
ARE,NER,850511,147696.54705882352
ARE,NGA,280429,112760.46724141462
ARE,NGA,810194,40.223
ARE,NGA,850511,5136.484554094122
ARE,NLD,260200,59.55520672608891
ARE,NLD,260600,2.064705882352941
ARE,NLD,280429,20724.243156572797
ARE,NLD,720293,7762.620588235293
ARE,NLD,750210,19875370.446
ARE,NLD,850511,421.311420394279
ARE,NOR,850511,12021.702
ARE,NPL,280429,61522.122
ARE,NZL,850511,505.383
ARE,OMN,250490,13705.572847096639
ARE,OMN,251010,26899.861587805168
ARE,OMN,251110,4426936.304680103
ARE,OMN,252910,26334.030796122956
ARE,OMN,260200,1561.5740360142968
ARE,OMN,260600,522312.7630637132
ARE,OMN,270112,77043.701
ARE,OMN,280429,1251021.687491712
ARE,OMN,280469,9734.090255151548
ARE,OMN,282200,8491.904272602538
ARE,OMN,283691,1251.9441176470586
ARE,OMN,711011,1453.377450980392
ARE,OMN,720292,931487.288235294
ARE,OMN,740311,59067260.6745098
ARE,OMN,750210,41724.67450980392
ARE,OMN,810194,1062.5094685406455
ARE,OMN,810411,196725.0169230769
ARE,OMN,850511,255353.27407873177
ARE,PAK,250490,43.922637298439966
ARE,PAK,260200,53.296
ARE,PAK,280429,409070.1731962548
ARE,PAK,280469,427.6567830845076
ARE,PAK,280470,29775.357
ARE,PAK,282200,79943.905
ARE,PAK,711011,30796.459
ARE,PAK,720292,73395.233
ARE,PAK,740311,1513017.0098773607
ARE,PAK,850511,3275.6838414091662
ARE,PHL,280429,4546.5252569912855
ARE,PHL,283691,958.32
ARE,PNG,280429,39217.698
ARE,PNG,280469,204.9116918470524
ARE,PNG,850511,62.06078431372549
ARE,POL,280469,65214.484
ARE,POL,810820,69731.72469233534
ARE,POL,850511,1009.8039215686274
ARE,QAT,251110,23689.584
ARE,QAT,260600,108.918
ARE,QAT,270112,19999.999
ARE,QAT,280429,224178.27559788953
ARE,QAT,280469,69.707
ARE,QAT,711011,69640.298
ARE,QAT,720292,2140.161
ARE,QAT,810194,7198.067
ARE,QAT,810820,810.619
ARE,QAT,850511,97786.41
ARE,ROU,810194,10688.432438937627
ARE,ROU,850511,2851.380580568369
ARE,RUS,711011,10900878.116
ARE,RUS,711021,862057.158
ARE,RUS,720292,513135.452
ARE,RUS,750210,572176.703
ARE,RUS,810820,242740.361
ARE,RUS,850511,8944.316
ARE,RWA,280429,45049.965
ARE,RWA,280469,7027.267590371468
ARE,RWA,740311,419.2647058823529
ARE,RWA,850511,163.376
ARE,S19,280429,1673135.299414794
ARE,SAU,250490,1258.7881629835163
ARE,SAU,251110,18066.528994402826
ARE,SAU,252800,16985.976
ARE,SAU,252910,16354.178966894742
ARE,SAU,252922,729.204
ARE,SAU,260600,1361.47
ARE,SAU,270112,4051.736
ARE,SAU,280429,88438.29803408601
ARE,SAU,280469,2021.596
ARE,SAU,282200,5543.6041718326605
ARE,SAU,740311,4823.391997606253
ARE,SAU,750210,3370536.053
ARE,SAU,810194,701.7699638919313
ARE,SAU,810320,615.2697589902876
ARE,SAU,810820,32.675
ARE,SAU,850511,56759.121847382616
ARE,SDN,251110,1837.985
ARE,SDN,280429,402127.885
ARE,SDN,850511,792.681
ARE,SEN,280429,28334.581835215347
ARE,SEN,280469,3134.636594355469
ARE,SEN,850511,4.918
ARE,SGP,280429,136923.8913510804
ARE,SGP,850511,679.8462601804085
ARE,SOM,850511,81.688
ARE,SVN,850511,29.215686274509803
ARE,SYC,280429,462.9
ARE,SYC,850511,508.4735767726154
ARE,SYR,280429,186384.474
ARE,TGO,850511,16.011
ARE,THA,270112,441109.3019607843
ARE,THA,850511,194.62745098039215
ARE,TJK,280469,285.909
ARE,TKM,280429,80733.694
ARE,TKM,850511,3114.772
ARE,TTO,280429,70597.003
ARE,TTO,282200,4991.398650166806
ARE,TUN,280429,311491.183
ARE,TUN,850511,20.634
ARE,TUR,252800,108823.55
ARE,TUR,280429,264828.039
ARE,TUR,711011,666396.06
ARE,TUR,850511,1190.9320554737442
ARE,TZA,280429,133798.8426458588
ARE,TZA,280469,282.7260855426106
ARE,TZA,740311,45296.119
ARE,TZA,850511,607.5091707028963
ARE,UGA,280429,157947.10862310708
ARE,UGA,280469,70.28729710768056
ARE,UGA,711021,254.5303938953731
ARE,UGA,850511,2478.53
ARE,USA,251110,3.017
ARE,USA,280429,22199.200332069566
ARE,USA,711011,451.507
ARE,USA,810194,6381.487
ARE,USA,850511,2734.32
ARE,UZB,280429,105049.7773928794
ARE,UZB,282200,213183.384
ARE,VNM,280429,287469.9562529606
ARE,VNM,810194,1746.293
ARE,VNM,850511,325.084
ARE,YEM,251110,76625.457
ARE,YEM,252800,57540.094
ARE,YEM,260200,2106.099
ARE,YEM,280429,2095.303
ARE,YEM,280469,365.146
ARE,YEM,850511,693.852
ARE,ZAF,280429,1929027.7534271649
ARE,ZAF,711011,47887982.325
ARE,ZAF,711021,4833764.331
ARE,ZAF,850511,5686.159670654022
ARE,ZMB,280429,693434.2812117662
ARE,ZMB,280469,13701.492275885485
ARE,ZMB,850511,112.83998434544635
ARE,ZWE,280429,31641.111785004796
ARG,ARE,260200,648.6279600728692
ARG,AUS,252800,409242.87160684244
ARG,AUS,283691,2317379.9
ARG,BOL,251110,141.3256624382115
ARG,BRA,252800,29008134.374873362
ARG,BRA,252910,11342.01459336569
ARG,BRA,270112,390982.35294117645
ARG,BRA,850511,66.09765134031026
ARG,CAN,252800,906740.5882352941
ARG,CAN,283691,798423.6784313725
ARG,CAN,720292,231017.82352941175
ARG,CHE,283691,800132.3137254901
ARG,CHE,850511,973.2666666666667
ARG,CHL,252910,2428637.511764706
ARG,CHL,720292,96833.33333333333
ARG,CHL,850511,476.45098039215685
ARG,CHN,283691,283816040.1960784
ARG,CHN,850511,2450.0
ARG,COL,850511,1536.7843137254902
ARG,DEU,283691,39336256.294117644
ARG,DEU,711011,3288.7607843137257
ARG,ECU,252910,293934.50980392157
ARG,EGY,252800,528950.038235294
ARG,ESP,252800,1357319.3882352943
ARG,ESP,283691,34112915.544117644
ARG,ESP,850511,2001.8666666666666
ARG,FIN,270112,10.323529411764705
ARG,FRA,283691,42995092.76666666
ARG,GBR,283691,21103266.3254902
ARG,IDN,252800,591379.4049360829
ARG,IND,252800,46084.82745098039
ARG,IND,283691,521085.84509803925
ARG,JPN,283691,189752240.2735294
ARG,KOR,283691,95816506.86274509
ARG,MLT,850511,82.5921568627451
ARG,MOZ,850511,2800.4549019607844
ARG,MYS,252800,152341.51764705882
ARG,NIC,252800,87908.3137254902
ARG,NOR,283691,925.3627450980392
ARG,NZL,252800,931620.7951236255
ARG,PER,252800,688029.1352941176
ARG,POL,280469,8046.282847204158
ARG,PRT,283691,1901.8352941176472
ARG,PRY,251110,372.7296101971592
ARG,PRY,252800,423930.2946573081
ARG,PRY,252910,72770.37254901961
ARG,PRY,252922,24014.70588235294
ARG,PRY,850511,1966.7254901960785
ARG,S19,260200,886.122055666812
ARG,S19,283691,724.156862745098
ARG,SAU,252800,333894.1088235294
ARG,SAU,283691,8540.392156862747
ARG,SWE,283691,353994.768627451
ARG,URY,251110,461.7311285659853
ARG,URY,252800,612495.2156862745
ARG,URY,252910,10414.078431372549
ARG,URY,850511,5447.565553298228
ARG,USA,252800,1309000.9803921569
ARG,USA,280429,2936.7645260883983
ARG,USA,283691,53498710.78431372
ARG,USA,711011,3283747.058823529
ARG,USA,850511,788.39
ARG,VNM,283691,2544.5372549019608
ARG,ZAF,283691,2659.956862745098
ARM,BLR,810194,301.0
ARM,BLR,850511,104.0
ARM,DEU,280469,222132.638734019
ARM,DEU,850511,26127.595732895228
ARM,DNK,850511,99.37709135612539
ARM,FRA,850511,1328.792156862745
ARM,IRN,850511,45.04
ARM,KAZ,711011,130216.8
ARM,RUS,711011,318422.08
ARM,RUS,810411,158.04
ARM,RUS,850511,46365.84
ASM,S19,811292,7702.509803921569
ATG,COL,850511,167.276
ATG,CRI,850511,30865.984
ATG,GBR,280429,5066052.66542472
ATG,KNA,280429,10212.0
ATG,SEN,280429,21224.314322556133
ATG,SXM,280429,29950.784
ATG,USA,280429,592.592
ATG,USA,850511,258.948
AUS,AGO,850511,1432.0411334092187
AUS,ARE,270112,12834145.014523366
AUS,ARE,280469,1174737.9920848557
AUS,ARE,711011,210223.30196078433
AUS,ARE,750210,5710780.817647059
AUS,ARE,811010,291.47877518930693
AUS,ARE,850511,1511.3999999999999
AUS,ARG,270112,589347696.8212864
AUS,ARG,740311,25200.038
AUS,ARG,750210,7817450.352941177
AUS,AUT,270112,133201674.97156861
AUS,AUT,280469,6791.287813483279
AUS,AUT,711011,753.6519607843137
AUS,AUT,750210,3034100.495098039
AUS,AUT,850511,5960.049019607843
AUS,AZE,850511,2365.0196078431372
AUS,BEL,270112,592878032.4249543
AUS,BEL,740311,827536.2039215686
AUS,BEL,850511,2901.164215223146
AUS,BFA,280429,2866.307544863499
AUS,BFA,740311,28971.43137254902
AUS,BGD,270112,124149685.944
AUS,BGD,740311,150976173.702
AUS,BIH,270112,50290886.11764706
AUS,BRA,270112,3531522713.38934
AUS,BRA,280429,93917.92467816254
AUS,BRA,720293,6313.536
AUS,BRA,750210,4851329.411764706
AUS,BRA,850511,5087.713139424776
AUS,BRN,270112,4316.990196078431
AUS,CAN,270112,54.23529411764706
AUS,CAN,280469,12780737.62896532
AUS,CAN,282200,793349.654
AUS,CAN,720292,261286.29803921565
AUS,CAN,740311,13907.536
AUS,CAN,750210,11025872.050980393
AUS,CAN,850511,16759.923387144987
AUS,CHE,270112,4058905.6431372548
AUS,CHE,711011,35193731.89019608
AUS,CHE,711021,29551203.089933157
AUS,CHE,850511,47041.318179943475
AUS,CHL,270112,873672709.2717582
AUS,CHL,850511,5407.936262213666
AUS,CHN,250490,14481.027603317702
AUS,CHN,252910,2776.470588235294
AUS,CHN,260200,976516666.3870139
AUS,CHN,260600,1564106420.5039535
AUS,CHN,270112,343359208.8235294
AUS,CHN,280429,11384687.704904785
AUS,CHN,280469,13623.108718435271
AUS,CHN,740311,2401940568.020643
AUS,CHN,750210,1245126145.0980392
AUS,CHN,850511,53433.32037559923
AUS,COK,850511,388.44
AUS,CRI,850511,1914.5882352941178
AUS,CZE,260200,2281.050286898931
AUS,CZE,270112,401432027.45098037
AUS,CZE,280469,2873726.8834269335
AUS,CZE,740311,858.8235294117646
AUS,CZE,750210,30084164.70588235
AUS,CZE,850511,6418.999767451946
AUS,DEU,270112,1629805065.0863504
AUS,DEU,280469,71278428.7070024
AUS,DEU,280470,31332.141530344332
AUS,DEU,711011,255685.82835656783
AUS,DEU,750210,754690788.0588235
AUS,DEU,811292,19051.55294117647
AUS,DEU,850511,1563.831882450394
AUS,DNK,270112,52746913.09
AUS,DNK,850511,27093.185294117644
AUS,ECU,850511,1368.627450980392
AUS,EGY,270112,36407.916
AUS,EGY,280429,2418.6841395924052
AUS,EGY,850511,3331.1098039215685
AUS,ESP,250490,2823.576470588235
AUS,ESP,251110,481.1936912217618
AUS,ESP,270112,1725674391.5321293
AUS,ESP,750210,75995896.00784314
AUS,ESP,850511,9225.945098039216
AUS,EST,750210,24935.607843137255
AUS,EST,850511,9460.313725490196
AUS,ETH,252910,10387.992
AUS,FIN,270112,368807230.6971476
AUS,FIN,280469,169927.196
AUS,FIN,810820,339.78616141030494
AUS,FIN,850511,20.64705882352941
AUS,FJI,251010,177.15923076923076
AUS,FJI,280429,7843.7994943831145
AUS,FJI,280480,59457.664
AUS,FJI,810194,104.47846153846153
AUS,FJI,850511,329.4104613032114
AUS,FRA,260200,187.63806550099025
AUS,FRA,260600,4505.435294117647
AUS,FRA,270112,2189904002.1045227
AUS,FRA,280469,12496.741198055553
AUS,FRA,720292,12606.913725490196
AUS,FRA,750210,216483630.04705882
AUS,FRA,850511,662.5535070855159
AUS,GBR,252800,9267.96862745098
AUS,GBR,270112,487190767.8427786
AUS,GBR,280469,5558347.7227892475
AUS,GBR,711011,11048.796078431373
AUS,GBR,750210,202938087.91862744
AUS,GBR,811231,2185650.964006818
AUS,GBR,850511,249776.4710073833
AUS,GHA,740311,1609574.7882352942
AUS,GHA,850511,3056.4841800262234
AUS,GRC,850511,2448.854901960784
AUS,GTM,850511,154.90196078431373
AUS,HKG,251110,4400.47
AUS,HKG,270112,83137548.808871
AUS,HKG,280429,277254.34246902843
AUS,HKG,711011,1090171.4323529413
AUS,HKG,740311,26358.422
AUS,HKG,850511,8357.008
AUS,HUN,270112,564117.6470588235
AUS,HUN,850511,188429.7956764483
AUS,IDN,252910,20820.66707015249
AUS,IDN,260200,65790214.498974234
AUS,IDN,260600,9676.470588235294
AUS,IDN,270112,3510629423.766943
AUS,IDN,283691,7188.3959290805815
AUS,IDN,711021,595.4696299987695
AUS,IDN,740311,41895353.76901668
AUS,IDN,750210,5918017.647058823
AUS,IDN,850511,281780.099882915
AUS,IND,260200,141359917.81856108
AUS,IND,270112,5027649161.8972435
AUS,IND,280469,8044634.013705009
AUS,IND,282200,143794.8566131953
AUS,IND,711011,10032.54234011645
AUS,IND,740311,5202530.968
AUS,IND,750210,5346563.883333334
AUS,IND,850511,409.1092551107924
AUS,IRL,270112,103298685.712
AUS,IRL,280469,953355.4221463612
AUS,IRL,282200,477.46477193556797
AUS,IRL,850511,3756.905882352941
AUS,ISL,850511,519.2647058823529
AUS,ITA,270112,485719564.29562324
AUS,ITA,280469,1994793.2896269248
AUS,ITA,750210,5598228.483333333
AUS,JPN,260200,46853590.014131114
AUS,JPN,270112,46912496273.452065
AUS,JPN,280469,66722051.744133964
AUS,JPN,740311,8143346.016706089
AUS,JPN,750210,435844930.7764706
AUS,JPN,850511,3960.7
AUS,KAZ,252922,6590.254901960785
AUS,KAZ,850511,2900.814
AUS,KHM,270112,18055326.128
AUS,KHM,740311,4644.894284585557
AUS,KOR,260200,130636549.24088496
AUS,KOR,260600,21911838.767643295
AUS,KOR,270112,18926289668.841614
AUS,KOR,280429,1489560.14038748
AUS,KOR,280469,29.887527697101923
AUS,KOR,740311,189170371.62483785
AUS,KOR,750210,254049244.11764705
AUS,KOR,850511,428.4921685144353
AUS,KWT,850511,2653.151960784314
AUS,LAO,270112,9913200.235294119
AUS,LAO,282200,336950.75562949956
AUS,LBN,850511,298.03921568627453
AUS,LKA,850511,8452.575240462946
AUS,LUX,750210,2197022.8470588233
AUS,LUX,850511,6671.866666666667
AUS,MAR,850511,60.595098039215685
AUS,MDG,252800,5757.234
AUS,MDG,810194,65139.9323076923
AUS,MEX,270112,16101365.218
AUS,MKD,750210,739980.8235294117
AUS,MLT,850511,161.05490196078432
AUS,MNG,740311,7591684.682
AUS,MOZ,270112,37896564.352
AUS,MYS,251010,7551881.499999999
AUS,MYS,251110,13226.161074656411
AUS,MYS,252910,3815.8342449345123
AUS,MYS,260200,159779150.11505672
AUS,MYS,270112,3238461733.2566876
AUS,MYS,280429,573252.1659636957
AUS,MYS,720293,118467.00784313725
AUS,MYS,740311,1650289590.2079222
AUS,MYS,750210,26434217.078431375
AUS,MYS,850511,5888.0778475282705
AUS,NCL,270112,753103260.706
AUS,NCL,850511,8252.96
AUS,NIC,850511,404.19607843137254
AUS,NLD,250490,99.11078431372549
AUS,NLD,260200,94.29597962866491
AUS,NLD,270112,2157618008.0872316
AUS,NLD,280469,8135111.46794563
AUS,NLD,711011,240.54901960784315
AUS,NLD,750210,414856589.4205882
AUS,NLD,810411,11520.352307692308
AUS,NLD,850511,379.0149112208125
AUS,NPL,270112,7810261.2
AUS,NRU,280469,7061.282
AUS,NZL,250490,45815.00732234634
AUS,NZL,251010,3329466.0371247837
AUS,NZL,251110,96228.28271781142
AUS,NZL,252800,2109.742156862745
AUS,NZL,252910,21269.86
AUS,NZL,260600,6133.188
AUS,NZL,270112,86370840.48980407
AUS,NZL,280429,1228234.096469382
AUS,NZL,280469,4081694.1587802456
AUS,NZL,282200,537.5974782994751
AUS,NZL,283691,72227.78014089956
AUS,NZL,283692,1849.95542152159
AUS,NZL,711011,6342.90294117647
AUS,NZL,711021,4021.74
AUS,NZL,810194,77721.276
AUS,NZL,810411,8968.763846153846
AUS,NZL,811010,12874.008
AUS,NZL,850511,365267.25115837145
AUS,OMN,270112,370975.366
AUS,PAK,270112,19434821.895141885
AUS,PAN,850511,16986.72610729081
AUS,PER,750210,463103.85000000003
AUS,PER,850511,7948.673161445006
AUS,PHL,252910,4047.4914842750304
AUS,PHL,270112,9295057.020870633
AUS,PHL,280429,595701.7072275595
AUS,PHL,280469,927.4473438506941
AUS,PHL,283691,25438.951469986707
AUS,PHL,850511,1243.7576794832805
AUS,PNG,250490,125.90882352941175
AUS,PNG,251110,7420.519259708677
AUS,PNG,252910,7750.764
AUS,PNG,280429,221008.08379311863
AUS,PNG,280469,6293.641019691206
AUS,PNG,711011,5.1686274509803924
AUS,PNG,810194,8948.526923076923
AUS,PNG,850511,2054.436746456134
AUS,POL,270112,1124922973.5238395
AUS,POL,280469,5543534.49934348
AUS,POL,750210,2238834.31372549
AUS,POL,850511,3654.4599946798785
AUS,PRT,850511,2142.6745098039214
AUS,PYF,280429,4578.13295208126
AUS,PYF,850511,602.5019607843137
AUS,QAT,280469,8749710.611079847
AUS,QAT,811010,26486.119422598862
AUS,S19,252800,24851.83
AUS,S19,270112,15710591880.943123
AUS,S19,280429,6056204.372075754
AUS,S19,740311,670011671.4148123
AUS,S19,750210,167300790.3333333
AUS,S19,811292,17275707.31372549
AUS,S19,850511,13883.952
AUS,SAU,711011,10646.274509803921
AUS,SAU,750210,2716879.1480392157
AUS,SAU,850511,17651.59129906678
AUS,SEN,270112,21517439.634
AUS,SEN,740311,14916.092
AUS,SGP,250490,13953.736849138573
AUS,SGP,252910,140.09019607843138
AUS,SGP,260600,893.8725490196078
AUS,SGP,270112,376777741.912
AUS,SGP,280429,193180.3939421575
AUS,SGP,283691,1155.563725490196
AUS,SGP,283692,69.51209199603991
AUS,SGP,740311,11925334.78078788
AUS,SGP,750210,43979644.93235294
AUS,SGP,850511,223114.37863663275
AUS,SLV,850511,67.36274509803921
AUS,SRB,750210,4585568.62745098
AUS,SRB,850511,1545.0980392156862
AUS,SVK,270112,10803.043137254901
AUS,SVK,850511,256.03921568627453
AUS,SVN,260600,28398.823529411762
AUS,SVN,270112,174044971.548
AUS,SVN,750210,81774425.00392155
AUS,SVN,850511,286.4
AUS,SWE,270112,1290522459.0261395
AUS,SWE,750210,62661339.09411765
AUS,SWE,850511,1817.6930960684617
AUS,THA,252910,3745716.0098039214
AUS,THA,270112,1109044350.1189165
AUS,THA,280469,201601360.75772578
AUS,THA,720292,1990174.619607843
AUS,THA,740311,655448153.0360104
AUS,THA,850511,75598.27756435964
AUS,TLS,251110,82311.50961876874
AUS,TLS,270112,53401746.462
AUS,TLS,280429,1268.0188201613043
AUS,TLS,280469,18130.432
AUS,TLS,850511,363.5294117647059
AUS,TUN,740311,1605.8607843137256
AUS,TUR,252910,17011.764705882353
AUS,TUR,270112,2959011410.305652
AUS,TUR,280469,299958.6998500392
AUS,TUR,750210,45663066.666666664
AUS,TUR,850511,367341.17647058825
AUS,TZA,252922,3747.0588235294117
AUS,TZA,280429,3305.0991918322165
AUS,UKR,270112,286866011.4901961
AUS,URY,270112,122699474.708
AUS,URY,850511,4114.980392156863
AUS,USA,250490,11803.024
AUS,USA,252800,162438.63
AUS,USA,260600,3729633.6594615853
AUS,USA,280429,18818.709029632235
AUS,USA,280469,16358756.594059283
AUS,USA,282200,470801.80782185565
AUS,USA,750210,252716802.94117647
AUS,USA,810320,653257.0356432481
AUS,USA,810820,13104.684368575761
AUS,USA,811231,1056365.1568508695
AUS,USA,850511,1379442.4780550862
AUS,VNM,260200,81597445.47905052
AUS,VNM,270112,7159442646.071864
AUS,VNM,280469,1883507.9847798224
AUS,VNM,711011,13793.778
AUS,VNM,711021,113350.924
AUS,VNM,720292,121294.11764705883
AUS,VNM,740311,353063834.62646204
AUS,VNM,750210,12246319.37254902
AUS,VNM,850511,8451.342
AUS,WSM,850511,16578.43039215686
AUS,ZAF,250490,720.4941176470588
AUS,ZAF,260200,147.99303448158156
AUS,ZAF,270112,260079858.0370668
AUS,ZAF,280469,37107.57357706066
AUS,ZAF,283691,655.756862745098
AUS,ZAF,810820,79274.8306118289
AUS,ZAF,850511,9977.6
AUS,ZMB,850511,2144.109803921569
AUT,ALB,850511,160.063
AUT,AND,850511,7.371
AUT,ARE,250490,58.94411764705882
AUT,ARE,280429,1173.247184865093
AUT,ARE,811010,75.3124260636855
AUT,ARE,811292,84.78540802951059
AUT,ARE,850511,22434.700777081664
AUT,ARG,270112,54205624.03921569
AUT,ARG,720292,655316.8823529411
AUT,ARG,850511,12320.875307723783
AUT,ARM,280429,3886.36392075661
AUT,ARM,811292,343.294
AUT,AUS,260600,1795.3506008948261
AUT,AUS,850511,38656.12820984567
AUT,AZE,850511,1311.046
AUT,BEL,252800,1283689.447
AUT,BEL,280429,332786.1269808662
AUT,BEL,280469,10539.72923408033
AUT,BEL,711021,73436.87354872355
AUT,BEL,720292,59450.81862745098
AUT,BEL,810411,744550.0061538462
AUT,BEL,811292,19375.985294117647
AUT,BEL,850511,21033.598397977745
AUT,BGD,850511,787.68
AUT,BGR,280429,166894.6467374803
AUT,BGR,280480,117655.2246153846
AUT,BGR,283691,2925.029163227552
AUT,BGR,720292,6436627.580392157
AUT,BGR,810411,336932.15076923074
AUT,BGR,811010,300.119
AUT,BGR,850511,506610.4198470423
AUT,BHR,720292,160427.43529411763
AUT,BIH,283691,24.22
AUT,BIH,810820,35210.16326778124
AUT,BIH,850511,172535.00323846337
AUT,BLR,850511,213.769
AUT,BRA,280429,9614.284144779685
AUT,BRA,720292,1450374.5098039214
AUT,BRA,850511,20786.37878352822
AUT,CAN,250490,3757.196078431373
AUT,CAN,280469,642.9629114658294
AUT,CAN,283691,2605643.8705882356
AUT,CAN,720292,19220569.05490196
AUT,CAN,810320,485.455
AUT,CAN,810411,89.83384615384615
AUT,CAN,811292,395.946
AUT,CAN,850511,67134.39811141894
AUT,CHE,251110,2095.742400503797
AUT,CHE,252800,610.768
AUT,CHE,260600,1209.953
AUT,CHE,280429,691472.6335875498
AUT,CHE,280469,2111.808796164042
AUT,CHE,283691,77.89143859514873
AUT,CHE,711011,524159.76274509804
AUT,CHE,720292,1896913.9686274508
AUT,CHE,740311,9552663.767165123
AUT,CHE,750210,177112.74145186067
AUT,CHE,810194,896.1335787139259
AUT,CHE,810320,1489.332009935854
AUT,CHE,810411,527031.0430769231
AUT,CHE,810820,536.0944887133247
AUT,CHE,850511,493837.19943749334
AUT,CHL,850511,7025.129593621334
AUT,CHN,251110,1325.7809507600086
AUT,CHN,280429,8941.033261486406
AUT,CHN,720292,13317345.098039215
AUT,CHN,850511,175178.73392099634
AUT,CIV,850511,7734.285473804524
AUT,COL,280429,613144.6835487646
AUT,COL,720292,2028928.3137254901
AUT,COL,850511,5557.914029314879
AUT,CRI,850511,559.1810948683424
AUT,CYP,283691,60.024
AUT,CYP,850511,24169.248390332144
AUT,CZE,251110,64768.809
AUT,CZE,252800,8522601.62
AUT,CZE,260600,115294.11764705883
AUT,CZE,280429,3176066.702385308
AUT,CZE,282200,26083.075870214027
AUT,CZE,283691,158176.9795525017
AUT,CZE,711011,3197.056
AUT,CZE,711021,98874.948
AUT,CZE,720292,22169470.588235293
AUT,CZE,740311,4548935.252
AUT,CZE,810194,92658.46153846153
AUT,CZE,810411,473.8461538461538
AUT,CZE,810820,142.162
AUT,CZE,811231,14455.384615384615
AUT,CZE,850511,803776.8384283222
AUT,DEU,251010,193.761
AUT,DEU,251110,158541.736
AUT,DEU,252800,317008.7402809785
AUT,DEU,252910,134981.48472797716
AUT,DEU,260200,163.223
AUT,DEU,260600,5374.76
AUT,DEU,270112,58483.45098039216
AUT,DEU,280429,2466522.327351825
AUT,DEU,280469,681138.4210552099
AUT,DEU,280470,14652.807739561358
AUT,DEU,283691,191241.16430978407
AUT,DEU,711011,14774176.364393184
AUT,DEU,711021,57283060.578725144
AUT,DEU,720292,403047395.4
AUT,DEU,740311,478743715.47316957
AUT,DEU,750210,15750587.721561503
AUT,DEU,810194,264540.0697975635
AUT,DEU,810320,272712.9638896358
AUT,DEU,810411,31290805.24
AUT,DEU,810820,112581.61378076026
AUT,DEU,811010,162123.74510892353
AUT,DEU,811231,383738.4553846154
AUT,DEU,811292,227228.59971759093
AUT,DEU,850511,5883174.030730564
AUT,DNK,280429,33857.70747426876
AUT,DNK,711011,808.741
AUT,DNK,850511,7708.503545916129
AUT,DOM,850511,6534.894117647058
AUT,ECU,850511,21527.7878384781
AUT,EGY,720292,2509521.660784314
AUT,EGY,850511,5611.310295474774
AUT,ESP,251110,23177.440937877036
AUT,ESP,280429,263672.35169742495
AUT,ESP,280469,9749754.497842645
AUT,ESP,282200,32.645
AUT,ESP,720292,47604543.615686275
AUT,ESP,740311,633588.822
AUT,ESP,750210,1078103.5921568628
AUT,ESP,810411,13378936.572307691
AUT,ESP,810820,15190.459807627096
AUT,ESP,811010,98058.835
AUT,ESP,850511,144690.6314496382
AUT,EST,280429,2408796.9412921085
AUT,EST,850511,3596.9062643559473
AUT,FIN,280429,52998.422473742205
AUT,FIN,280469,596860.2549271447
AUT,FIN,810820,6360.007426291274
AUT,FIN,850511,4199.320290517689
AUT,FRA,250490,41856.94117647059
AUT,FRA,252800,566044.177
AUT,FRA,260600,2348581.337254902
AUT,FRA,280429,2669095.5148097756
AUT,FRA,280469,4414.754795264236
AUT,FRA,711021,402525.7070059094
AUT,FRA,720292,7124616.107843137
AUT,FRA,740311,7727540.0732107265
AUT,FRA,750210,38149620.32156862
AUT,FRA,810194,325936.5876923077
AUT,FRA,810320,89243.26933813684
AUT,FRA,810411,1521.5292307692307
AUT,FRA,810820,33447.34271755694
AUT,FRA,811010,39159.820531413156
AUT,FRA,850511,218546.63296009228
AUT,GBR,252800,10225.403921568628
AUT,GBR,280469,408.583
AUT,GBR,711011,1186404.075244393
AUT,GBR,720292,1077176.4176470588
AUT,GBR,810194,47435.666153846156
AUT,GBR,810411,495679.9938461538
AUT,GBR,810820,887707.766765544
AUT,GBR,811231,3650.2356555387437
AUT,GBR,811292,3575.1
AUT,GBR,850511,202762.4167413607
AUT,GEO,850511,1513.1351865695867
AUT,GNB,850511,4892.464
AUT,GRC,260600,1853.366
AUT,GRC,280469,313951.24456239736
AUT,GRC,280470,117966.93672736887
AUT,GRC,850511,1904.4796962119065
AUT,GTM,850511,552.9411764705882
AUT,HKG,850511,15280.822235401842
AUT,HRV,251110,7070.523140568056
AUT,HRV,252910,1008618.7326624806
AUT,HRV,260200,132.90416960857408
AUT,HRV,280429,24383.51896859656
AUT,HRV,280480,470.68241274711073
AUT,HRV,283691,11.700927747760494
AUT,HRV,283692,153.83347539880486
AUT,HRV,740311,209440.24514365615
AUT,HRV,750210,36715.72464416777
AUT,HRV,811231,484.6153846153846
AUT,HRV,811292,605.6332559885282
AUT,HRV,850511,61086.18230144018
AUT,HUN,251110,122160.29232542375
AUT,HUN,252910,2142.954
AUT,HUN,260600,13596.964
AUT,HUN,280429,2945309.2582466872
AUT,HUN,280469,8890381.348189559
AUT,HUN,280480,6338.461538461538
AUT,HUN,283691,3953.074379028394
AUT,HUN,711011,15577.748
AUT,HUN,711021,72019.65858674694
AUT,HUN,720292,3220815.68627451
AUT,HUN,740311,6651289.749143117
AUT,HUN,750210,15082.35294117647
AUT,HUN,811010,38873.38386982669
AUT,HUN,811292,658.8235294117646
AUT,HUN,850511,611407.3982855254
AUT,IDN,810320,4070806.0559151457
AUT,IDN,850511,2017.6906063329272
AUT,IND,250490,2197.9500000000003
AUT,IND,251110,2476.77
AUT,IND,810820,67361.1839544611
AUT,IND,850511,59940.61837208539
AUT,IRL,280429,999.686352711824
AUT,IRL,810411,42.12230769230769
AUT,IRL,850511,4996.9334194648
AUT,IRN,850511,2111.363
AUT,IRQ,850511,630.776
AUT,ISL,850511,748.6755015904657
AUT,ISR,720292,255882.35294117648
AUT,ISR,750210,38674.264
AUT,ISR,810820,34165.00522509183
AUT,ISR,850511,7096.111637293598
AUT,ITA,250490,27478.37450980392
AUT,ITA,251110,745.7392369797458
AUT,ITA,270112,4352.600980392157
AUT,ITA,280429,952327.9180604701
AUT,ITA,280469,2758185.3252126705
AUT,ITA,280470,129209.54402644138
AUT,ITA,282200,47485.122
AUT,ITA,283691,115538.31027145465
AUT,ITA,711011,2017464.263
AUT,ITA,711021,5651636.178
AUT,ITA,720292,10572899.38235294
AUT,ITA,740311,313373855.6769479
AUT,ITA,750210,2634638.8447905616
AUT,ITA,810411,908843.3407692309
AUT,ITA,850511,1769920.071799918
AUT,JOR,720292,587768.7088235294
AUT,JOR,850511,345.4
AUT,JPN,280429,100349.216
AUT,JPN,720292,9152794.42254902
AUT,JPN,740311,10347509.795971492
AUT,JPN,810820,5492.1707402336415
AUT,JPN,850511,45401.1193828411
AUT,KAZ,283692,29.485
AUT,KAZ,850511,2352.511
AUT,KEN,850511,344.33393365003195
AUT,KOR,280429,1682070.8094954246
AUT,KOR,280470,1164.5210045595927
AUT,KOR,282200,10.456043533977926
AUT,KOR,720292,5401395.098039215
AUT,KOR,740311,429166.81
AUT,KOR,810411,1870.7692307692307
AUT,KOR,850511,2560.7171682648222
AUT,KWT,850511,2436.9532071013764
AUT,LBN,850511,2242.994
AUT,LBY,850511,676.057
AUT,LKA,850511,596.1203333375513
AUT,LTU,280429,28106.311977990987
AUT,LTU,283691,30072.565569662376
AUT,LTU,850511,42834.5118203507
AUT,LUX,810194,10776.738461538462
AUT,LUX,810820,50528.273739862496
AUT,LUX,850511,617.086
AUT,LVA,252800,213994.224
AUT,LVA,260200,103.22789389257163
AUT,LVA,260600,379894.52156862745
AUT,LVA,280429,1498921.1746814372
AUT,LVA,280469,1021004.4436542165
AUT,LVA,283691,97.75698757068619
AUT,LVA,720292,209085.9019607843
AUT,LVA,850511,15819.456613898825
AUT,MAR,850511,17743.869
AUT,MDA,850511,666.2929144858114
AUT,MDG,282200,3143.2767961962004
AUT,MDG,850511,1472.936744941739
AUT,MEX,850511,32352.684622944224
AUT,MKD,280429,1792.289
AUT,MKD,850511,758.195
AUT,MLI,850511,203.238
AUT,MLT,750210,1681.719
AUT,MLT,850511,301.6617475071422
AUT,MNE,850511,439.59160865540633
AUT,MNG,850511,22.21049405656006
AUT,MUS,850511,4.212
AUT,MYS,720292,347125.862745098
AUT,MYS,810820,4455.449
AUT,MYS,850511,103589.41705638569
AUT,NAM,850511,9.585095846776692
AUT,NGA,850511,23.997474332962504
AUT,NLD,250490,16.518627450980393
AUT,NLD,251010,7246.594615384615
AUT,NLD,251110,8406.715810152135
AUT,NLD,252800,47788.10624837262
AUT,NLD,252910,54044.10784313725
AUT,NLD,252922,442.9
AUT,NLD,260200,19755.42906670044
AUT,NLD,260600,4196.708823529411
AUT,NLD,270112,83866.03137254901
AUT,NLD,280429,23598.596875942778
AUT,NLD,280469,72133.83890467636
AUT,NLD,280470,1.7078560136507674
AUT,NLD,280480,0.8099999999999999
AUT,NLD,282200,5002.8717815718155
AUT,NLD,283691,13826.941176470587
AUT,NLD,283692,89.90911278653567
AUT,NLD,711011,12558.065131828547
AUT,NLD,711021,8900.472349646514
AUT,NLD,720292,11495520.712745098
AUT,NLD,720293,90.85098039215687
AUT,NLD,740311,219555.9084355681
AUT,NLD,750210,265807.40096209105
AUT,NLD,810320,1936.7895211265964
AUT,NLD,810411,824409.9015384614
AUT,NLD,810820,33.978995752199666
AUT,NLD,811010,39.573092686041996
AUT,NLD,811292,137.30882352941177
AUT,NLD,850511,29755.882393269607
AUT,NOR,260200,187.443
AUT,NOR,280429,1957.6647951375262
AUT,NOR,280469,2117.859902934059
AUT,NOR,711011,1607789.8549019608
AUT,NOR,720292,237049.28235294117
AUT,NOR,810194,2702.3615384615387
AUT,NOR,850511,5047.719244002343
AUT,NPL,850511,42.122
AUT,NZL,251110,280.5533117685605
AUT,NZL,720292,890038.5088235294
AUT,NZL,850511,3902.293877385486
AUT,OMN,250490,89.24215686274509
AUT,OMN,850511,176.1193019141572
AUT,PAK,850511,47.387
AUT,PAN,850511,6.318
AUT,PER,720292,1231308.6960784316
AUT,PER,850511,35.887634176648426
AUT,PHL,850511,2159.803
AUT,POL,251110,8782.426
AUT,POL,252910,48404.68814724227
AUT,POL,280429,3487684.879032155
AUT,POL,280469,230687.68411199414
AUT,POL,283691,57468.28798897588
AUT,POL,720292,3833478.431372549
AUT,POL,740311,942428.4633707048
AUT,POL,750210,744.505
AUT,POL,810194,668.1674714811621
AUT,POL,850511,5063863.808409767
AUT,PRT,280469,483887.7333272304
AUT,PRT,810411,210472.95384615386
AUT,PRT,850511,94674.5560324246
AUT,PRY,850511,454.917
AUT,PSE,850511,35.804
AUT,PYF,850511,19.687142581947118
AUT,QAT,850511,2169.28
AUT,ROU,250490,16727.63760208422
AUT,ROU,280429,2925624.243892017
AUT,ROU,280469,121718.56300106131
AUT,ROU,282200,1714.0687220191232
AUT,ROU,283691,225.88128535733958
AUT,ROU,711021,136384.54
AUT,ROU,720292,249648.54901960783
AUT,ROU,740311,1089738.6098538206
AUT,ROU,810194,15018.153846153844
AUT,ROU,810820,442.1744351389115
AUT,ROU,811292,393.84
AUT,ROU,850511,349029.43271655065
AUT,RUS,280429,27865.773
AUT,RUS,850511,13368.452
AUT,S19,720292,21512654.980392154
AUT,S19,810411,1988.6769230769232
AUT,S19,810820,27.379
AUT,S19,811010,28.432
AUT,S19,850511,6835.2156224531445
AUT,SAU,280429,2404.0491004258515
AUT,SAU,850511,907.8887820009048
AUT,SGP,280429,3030.3302341572858
AUT,SGP,711021,22302.610160445318
AUT,SGP,850511,772.1533510645567
AUT,SMR,850511,92.668
AUT,SRB,250490,29759.154
AUT,SRB,280429,95966.67994469224
AUT,SRB,850511,120099.86731066249
AUT,SVK,252800,3658468.906
AUT,SVK,280429,970222.4612421524
AUT,SVK,280469,290425.16132145375
AUT,SVK,283691,99888.13059209264
AUT,SVK,711011,20453.364
AUT,SVK,711021,3886.802
AUT,SVK,720292,33645985.686274506
AUT,SVK,740311,9030146.468704475
AUT,SVK,810194,497790.6676923077
AUT,SVK,850511,152452.99520622598
AUT,SVN,251010,69093.68
AUT,SVN,260600,122202.8705882353
AUT,SVN,280429,1230022.8539105088
AUT,SVN,280469,29109.52595293105
AUT,SVN,283691,52288.077
AUT,SVN,711011,34399.00186845905
AUT,SVN,711021,2150630.4399763644
AUT,SVN,720292,105308233.67058824
AUT,SVN,740311,500910.03921568627
AUT,SVN,750210,117612458.03921568
AUT,SVN,810194,34915.735384615386
AUT,SVN,810411,6259039.907692308
AUT,SVN,810820,28028.378093241437
AUT,SVN,811292,341.11053551517296
AUT,SVN,850511,553822.0855458316
AUT,SWE,280469,2049286.619852788
AUT,SWE,720292,16761826.784313725
AUT,SWE,810411,43807.187692307685
AUT,SWE,850511,31129.10556847691
AUT,THA,280429,11689.942424832923
AUT,THA,280469,10.53
AUT,THA,720292,8615505.7372549
AUT,THA,740311,2564.152941176471
AUT,THA,810194,2564.173
AUT,THA,850511,3039.1932011006384
AUT,TJK,850511,110.57
AUT,TUN,850511,2333.556
AUT,TUR,250490,901.9607843137255
AUT,TUR,252910,90.562
AUT,TUR,280429,128.472
AUT,TUR,280469,10.53
AUT,TUR,283691,41503.806
AUT,TUR,720292,49327960.78431372
AUT,TUR,740311,12243.13725490196
AUT,TUR,750210,249581.1554836362
AUT,TUR,810820,2986.365266876166
AUT,TUR,850511,37412.36099629095
AUT,TZA,850511,334.84546655711193
AUT,UGA,850511,33.698
AUT,UKR,280429,817653.016359124
AUT,UKR,720292,328639.4705882353
AUT,UKR,850511,1411.1318863950341
AUT,URY,850511,212.86274509803923
AUT,USA,250490,97647.05882352941
AUT,USA,252910,43.175
AUT,USA,260600,8727.667
AUT,USA,280429,4024.5400848725562
AUT,USA,280469,19856.889898598816
AUT,USA,283691,38.963
AUT,USA,720292,56321139.21568628
AUT,USA,810320,6693.022019147846
AUT,USA,810411,3430.0
AUT,USA,810820,42825.882186871415
AUT,USA,811292,11450.17414345353
AUT,USA,850511,976204.0149370512
AUT,UZB,280429,6032.417670034628
AUT,UZB,850511,169.61738865779841
AUT,VNM,283691,1199.422
AUT,VNM,740311,4043311.6666666665
AUT,VNM,850511,572.0242636367457
AUT,ZAF,280429,5.265
AUT,ZAF,810194,1929.9599999999998
AUT,ZAF,810411,1593.0307692307692
AUT,ZAF,850511,22714.543624481412
AZE,CHE,280429,94851.21868786064
AZE,CHN,251110,153.10280097472912
AZE,DNK,280429,1065.794440456792
AZE,GBR,280469,5381.477254261892
AZE,GBR,850511,31.6
AZE,GEO,251110,169990.90896268256
AZE,GEO,270112,34775.593523082556
AZE,NLD,850511,168.64
AZE,TUR,260600,31.372549019607842
AZE,TUR,740311,68324657.8335504
AZE,UKR,850511,9.921568627450979
AZE,USA,280429,2560.0
BDI,ZAF,250490,3.8352941176470585
BEL,AGO,260200,19784.34656329208
BEL,AGO,280429,751.4668877804896
BEL,AGO,850511,4002.506760185746
BEL,ARE,280429,3481.3255524523533
BEL,ARE,282200,128944.26541034374
BEL,ARE,283691,1593.4359782095141
BEL,ARE,720292,439.45588235294116
BEL,ARE,740311,37.728
BEL,ARE,850511,7898.100216183972
BEL,ARG,282200,1176312.1202696671
BEL,ARG,711011,11677204.176470587
BEL,ARG,740311,2.266
BEL,ARG,750210,102780.55827219368
BEL,ARG,810820,42355.238
BEL,ARG,811292,1513.469
BEL,ARG,850511,106.27305204526708
BEL,ARM,850511,206.545
BEL,ATG,282200,89024.844
BEL,AUS,282200,154055.9613825111
BEL,AUS,283691,31.735
BEL,AUS,283692,251295.70800091384
BEL,AUS,711011,311242.42156862747
BEL,AUS,740311,0.508
BEL,AUS,750210,29545.11176470588
BEL,AUS,811292,105.507
BEL,AUS,850511,15490.444
BEL,AUT,251010,24979.933846153846
BEL,AUT,251110,19213.20025419778
BEL,AUT,252800,439.277
BEL,AUT,252910,123.349
BEL,AUT,260200,30658.553
BEL,AUT,280429,351528.24185833865
BEL,AUT,280469,10022.6151117933
BEL,AUT,282200,50735.232
BEL,AUT,283691,1747.6381106535537
BEL,AUT,283692,105.92
BEL,AUT,720292,5704576.467691862
BEL,AUT,720293,700479.217
BEL,AUT,740311,9527503.279777005
BEL,AUT,750210,614.627
BEL,AUT,811292,140.206
BEL,AUT,850511,1161.5932270354494
BEL,AZE,850511,52.552
BEL,BDI,250490,32.61960784313725
BEL,BEN,280429,17741.991636101895
BEL,BFA,251110,9234.33319020138
BEL,BFA,280429,2353.7435924640185
BEL,BGD,260200,5571.344
BEL,BGD,282200,1420447.657
BEL,BGD,850511,222.577
BEL,BGR,260200,113615.05406581998
BEL,BGR,282200,240539.69756009965
BEL,BGR,720293,12613.199
BEL,BGR,850511,9354.506418884097
BEL,BHR,280469,2065.200144312527
BEL,BHR,850511,21.813
BEL,BIH,252800,7678.666666666666
BEL,BIH,260200,109072.68674013106
BEL,BIH,280469,333.1712150034437
BEL,BIH,810411,29090.115490362066
BEL,BIH,811292,1043.6078431372548
BEL,BIH,850511,611.599
BEL,BLR,283692,51.991
BEL,BLR,850511,49.026
BEL,BOL,283691,103.89757802394017
BEL,BOL,850511,760.435
BEL,BRA,251110,14816.551
BEL,BRA,280429,22621.8678743806
BEL,BRA,280469,348852.8271920169
BEL,BRA,282200,3937654.0384021136
BEL,BRA,711011,5242690.196078431
BEL,BRA,711021,408249851.36571443
BEL,BRA,740311,33053.763742778254
BEL,BRA,750210,1648401.578
BEL,BRA,810820,208778.5508188445
BEL,BRA,850511,13782.79833463998
BEL,BRB,850511,6.989
BEL,BRN,850511,275.309
BEL,CAN,252910,139.349
BEL,CAN,280429,15.195
BEL,CAN,282200,2225.588
BEL,CAN,283691,2315.063312497979
BEL,CAN,711011,1961189.8901960785
BEL,CAN,711021,46237541.34905398
BEL,CAN,720292,13675348.866666667
BEL,CAN,740311,48479.06980103695
BEL,CAN,811292,57100.219
BEL,CAN,850511,43865.13020341771
BEL,CHE,260200,317.664
BEL,CHE,270112,8754.939166855094
BEL,CHE,280429,81761.0269975211
BEL,CHE,280469,42.281
BEL,CHE,280470,34.837
BEL,CHE,282200,93.976
BEL,CHE,283691,28900.461
BEL,CHE,711011,11923638.139345022
BEL,CHE,711021,16756293.743905695
BEL,CHE,740311,76.748
BEL,CHE,810411,22.385
BEL,CHE,810820,141742.65069318123
BEL,CHE,811292,38415.07118536775
BEL,CHE,850511,59061.94454627773
BEL,CHL,850511,1268.1823675050068
BEL,CHN,252800,88866.584
BEL,CHN,252910,1.546
BEL,CHN,252922,5.432
BEL,CHN,260200,1677.606
BEL,CHN,280429,11648.49189234488
BEL,CHN,280469,135.505
BEL,CHN,282200,1388278.6315842743
BEL,CHN,283691,13588.778
BEL,CHN,711011,1759588.4832187693
BEL,CHN,711021,59324586.21095956
BEL,CHN,720293,36.044
BEL,CHN,740311,136353746.62289453
BEL,CHN,750210,44043.984
BEL,CHN,811292,1601284.6767347802
BEL,CHN,850511,38437.126206455025
BEL,CIV,280429,67328.59774037288
BEL,CIV,850511,3476.719
BEL,CMR,280429,28557.644249182875
BEL,CMR,850511,444.952
BEL,COD,251010,345.418
BEL,COD,251110,6683.169
BEL,COD,280429,3077.468
BEL,COD,282200,2552.962
BEL,COD,850511,4936.799
BEL,COG,251010,4671.969230769231
BEL,COG,251110,12318.895624484192
BEL,COG,280429,1196.694
BEL,COG,850511,749.1211206563914
BEL,COL,260600,4757.319
BEL,COL,282200,52272.25583939461
BEL,COL,850511,1466.0009381030652
BEL,CRI,850511,9.735180907552564
BEL,CUB,850511,39008.25490196078
BEL,CYP,252800,569.8862745098039
BEL,CYP,260200,70751.72712075812
BEL,CYP,850511,1421.2938150507794
BEL,CZE,251110,48197.86024524522
BEL,CZE,252800,24603.92156862745
BEL,CZE,260200,637685.1054457938
BEL,CZE,280429,129635.25317015497
BEL,CZE,280469,175761.8276855653
BEL,CZE,282200,67687.93704706986
BEL,CZE,283691,385.4485991740196
BEL,CZE,750210,25.254
BEL,CZE,810411,17.164
BEL,CZE,811010,78.57688583421377
BEL,CZE,850511,12437.05359928252
BEL,DEU,251110,27409.628374110747
BEL,DEU,252800,255797.73835088374
BEL,DEU,252910,938.4627450980391
BEL,DEU,252922,695.049
BEL,DEU,260200,5509951.279418481
BEL,DEU,260600,40751.557233044594
BEL,DEU,270112,84406936.93367764
BEL,DEU,280429,39336597.355371505
BEL,DEU,280469,6666581.138793723
BEL,DEU,280470,372.52982124755675
BEL,DEU,280480,413918.649
BEL,DEU,282200,23323034.77376179
BEL,DEU,283691,20087264.774415534
BEL,DEU,283692,108.726
BEL,DEU,711011,210669180.009
BEL,DEU,711021,891906528.712
BEL,DEU,720292,10472291.48030702
BEL,DEU,720293,914149.5855179719
BEL,DEU,740311,2572952477.9997625
BEL,DEU,750210,14146908.349176925
BEL,DEU,810194,63643.63076923077
BEL,DEU,810411,845008.1607444783
BEL,DEU,810820,67725.05782824624
BEL,DEU,811292,216199.5824984184
BEL,DEU,850511,307024.8343053331
BEL,DJI,850511,3.261
BEL,DNK,260200,56575.151
BEL,DNK,260600,47059.0137254902
BEL,DNK,270112,20367.681
BEL,DNK,280429,299954.3299053718
BEL,DNK,282200,23457.294
BEL,DNK,283691,66.33836540215698
BEL,DNK,750210,112094.83235880142
BEL,DNK,810820,59.806
BEL,DNK,850511,15627.489692244177
BEL,DOM,740311,15735.892
BEL,DOM,850511,3.198
BEL,DZA,850511,178.316
BEL,ECU,260200,31395.121
BEL,ECU,850511,434.33710667418103
BEL,EGY,251110,3571.11778539047
BEL,EGY,280480,7919.230769230769
BEL,EGY,282200,227678.08340925522
BEL,EGY,283691,103.093
BEL,EGY,750210,11939.206476832509
BEL,EGY,850511,140.619
BEL,ESP,252910,95146.03921568628
BEL,ESP,260200,178551.45337088354
BEL,ESP,260600,3396761.1529411767
BEL,ESP,280429,508634.67724934535
BEL,ESP,280469,1205978.8785276492
BEL,ESP,282200,130870999.67376183
BEL,ESP,283691,5877120.518173676
BEL,ESP,711011,369.7771026326902
BEL,ESP,720292,438674.524
BEL,ESP,740311,3424346.821941864
BEL,ESP,750210,994427.739476331
BEL,ESP,810820,2354.792
BEL,ESP,811292,20923.821744465942
BEL,ESP,850511,235691.03682569112
BEL,EST,280429,75.043
BEL,EST,280469,1262.0863991092488
BEL,EST,282200,60485.271
BEL,EST,810820,1016.399
BEL,EST,850511,9825.49694442141
BEL,FIN,260200,56660.74996922891
BEL,FIN,270112,4705760.896585911
BEL,FIN,280429,10639.985
BEL,FIN,282200,2993.859
BEL,FIN,283691,350.1567366163173
BEL,FIN,740311,110114309.6774852
BEL,FIN,750210,421605.882
BEL,FIN,811292,190.757
BEL,FIN,850511,2501.689765994384
BEL,FRA,250490,1295.827
BEL,FRA,251010,86225.32535726448
BEL,FRA,252800,171925.1232730307
BEL,FRA,252910,337359.47058823524
BEL,FRA,260200,985809.7405433994
BEL,FRA,260600,1387448.475396862
BEL,FRA,270112,89983293.09662454
BEL,FRA,280429,14826059.31855465
BEL,FRA,280469,1345500.208357361
BEL,FRA,280470,280.24283697141976
BEL,FRA,280480,214.201
BEL,FRA,282200,3012417.7293347996
BEL,FRA,283691,27225850.03861977
BEL,FRA,283692,51.65990709009215
BEL,FRA,711011,1572650.072
BEL,FRA,711021,45934.171
BEL,FRA,720292,364224.94776268257
BEL,FRA,720293,2089581.4521467707
BEL,FRA,740311,484717314.89130247
BEL,FRA,750210,48694843.86576585
BEL,FRA,810320,209495.8711617153
BEL,FRA,810411,50.72
BEL,FRA,810820,129800.5302821193
BEL,FRA,811010,1609.0973242923537
BEL,FRA,811292,2608024.9889216754
BEL,FRA,850511,310516.7685413887
BEL,GAB,280429,31950.719917087896
BEL,GAB,850511,85.95208538405927
BEL,GBR,250490,5320.682047131898
BEL,GBR,251110,379.905
BEL,GBR,252800,2460.077
BEL,GBR,252910,1235.089
BEL,GBR,252922,5277.357
BEL,GBR,260200,89732.93428147359
BEL,GBR,260600,255081.05218562495
BEL,GBR,270112,6720139.337254901
BEL,GBR,280429,59230.58207180545
BEL,GBR,280469,72289.802
BEL,GBR,280470,12161.584361253328
BEL,GBR,280480,13.109
BEL,GBR,282200,791623.5844275905
BEL,GBR,283691,22280831.554782476
BEL,GBR,283692,189047.91755692635
BEL,GBR,711011,548161645.2242731
BEL,GBR,711021,818122038.3883862
BEL,GBR,740311,313512869.8026164
BEL,GBR,750210,931554.465
BEL,GBR,810411,172545.964
BEL,GBR,810820,47569.27653031969
BEL,GBR,811292,457421.69077105296
BEL,GBR,850511,489211.02381126926
BEL,GEO,850511,685.1862582368833
BEL,GHA,740311,511.037
BEL,GHA,850511,7128.541176470588
BEL,GIN,850511,543.958
BEL,GMB,280469,959.749
BEL,GNQ,850511,881.561
BEL,GRC,252800,7585.920830678947
BEL,GRC,260200,216282.2203357136
BEL,GRC,280429,4510.405967662319
BEL,GRC,280480,26103.64510174462
BEL,GRC,282200,102931.61286205394
BEL,GRC,283691,221.56140968997815
BEL,GRC,740311,8850508.264705881
BEL,GRC,850511,696.7820005471445
BEL,GRD,850511,1.705
BEL,GRL,850511,113.851
BEL,GTM,850511,119.6078431372549
BEL,HKG,280429,2822.606
BEL,HKG,282200,26149.03700203666
BEL,HKG,283691,29.024
BEL,HKG,850511,669.266
BEL,HND,850511,0.498
BEL,HRV,282200,12383.803
BEL,HRV,850511,1091.8334964289684
BEL,HUN,260200,97111.22343450517
BEL,HUN,280429,25943.70164472662
BEL,HUN,280470,326.993
BEL,HUN,282200,3036.627
BEL,HUN,283691,2023372.3868489582
BEL,HUN,283692,229.16923576145788
BEL,HUN,720292,7495.818008072836
BEL,HUN,720293,36548.746012195166
BEL,HUN,810194,713.8461538461538
BEL,HUN,810411,18865.216349335566
BEL,HUN,811212,91850.98039215687
BEL,HUN,811292,330.06868914801726
BEL,HUN,850511,559799.65638524
BEL,IDN,282200,2399334.601604442
BEL,IDN,850511,1960.949209488837
BEL,IND,250490,1387.5882352941176
BEL,IND,251110,3494.1502059746254
BEL,IND,252800,19456.937
BEL,IND,252922,636644.4068627452
BEL,IND,260600,915.2294117647059
BEL,IND,280469,61198.80544332553
BEL,IND,282200,7071424.321094942
BEL,IND,283691,8028447.45309896
BEL,IND,283692,1304680.3270245984
BEL,IND,711021,6959.235575081223
BEL,IND,740311,46417.75570917384
BEL,IND,750210,7002873.357139736
BEL,IND,811212,242302.02647058823
BEL,IND,811292,1790.6588333102904
BEL,IND,850511,6481.519926158036
BEL,IRL,260200,27440.02544525477
BEL,IRL,270112,24396.65882352941
BEL,IRL,280429,188345.72004770476
BEL,IRL,282200,14982.590252359376
BEL,IRL,283691,3936.8789621745323
BEL,IRL,711011,176.42
BEL,IRL,720293,1868.6450980392158
BEL,IRL,850511,18771.36794061978
BEL,IRN,280429,12643.698170624437
BEL,IRN,282200,52390.481401702484
BEL,IRN,750210,1137099.0196078431
BEL,IRN,850511,728.912
BEL,ISL,280429,20010.107
BEL,ISL,283691,302.70284560121377
BEL,ISL,850511,440.1917189628398
BEL,ISR,251010,769.2307692307692
BEL,ISR,251110,39537.536515452026
BEL,ISR,252910,879.6575714943873
BEL,ISR,280429,100115.105190258
BEL,ISR,280469,139.211
BEL,ISR,280470,4761.537859053431
BEL,ISR,283691,5839.083
BEL,ISR,740311,3028.447349712674
BEL,ISR,811010,36.711
BEL,ISR,811292,830.2789872773188
BEL,ISR,850511,1348.3742314800081
BEL,ITA,251010,107.836
BEL,ITA,251110,55201.74065655183
BEL,ITA,252910,15079.403698883605
BEL,ITA,260200,715640.1732733713
BEL,ITA,260600,55392.422549019604
BEL,ITA,270112,3006799.1248282483
BEL,ITA,280429,843877.7466355143
BEL,ITA,280469,16123.006068309109
BEL,ITA,280470,961.6531268536496
BEL,ITA,282200,11898660.047283757
BEL,ITA,283691,808763.7903660149
BEL,ITA,711011,978208.2282557355
BEL,ITA,711021,17939197.8941512
BEL,ITA,720292,632736.1563059071
BEL,ITA,720293,777324.9868254702
BEL,ITA,740311,35054951.44363489
BEL,ITA,750210,13416787.704055175
BEL,ITA,810411,15.195
BEL,ITA,810820,17988.705650443404
BEL,ITA,811010,31.94217864202536
BEL,ITA,811292,48018.604784191346
BEL,ITA,850511,72821.22716544986
BEL,JOR,260200,42590.098
BEL,JPN,282200,9284191.347532822
BEL,JPN,711011,42596075.694274016
BEL,JPN,711021,34772880.433424525
BEL,JPN,740311,10031.541841645349
BEL,JPN,810820,42033.232
BEL,JPN,811292,122362.949707185
BEL,JPN,850511,17564.41
BEL,KAZ,282200,83280.987
BEL,KAZ,850511,282.509
BEL,KEN,283691,950.43
BEL,KEN,850511,929.539
BEL,KGZ,850511,94.95
BEL,KOR,280469,118.806
BEL,KOR,280470,26049.361
BEL,KOR,280480,38.82487918252616
BEL,KOR,282200,38892906.31484301
BEL,KOR,283691,7264.474
BEL,KOR,711011,6515151.5112442905
BEL,KOR,711021,93891322.54955065
BEL,KOR,740311,8144.881
BEL,KOR,750210,10.981
BEL,KOR,810820,145347.114
BEL,KOR,811292,44.261
BEL,KOR,850511,9560.140007904201
BEL,KWT,280429,44.378
BEL,KWT,711021,175.552
BEL,KWT,850511,393.787
BEL,LBN,850511,21.834
BEL,LKA,280469,30.815963666767562
BEL,LKA,283691,166.6313725490196
BEL,LKA,850511,175.21323648514257
BEL,LTU,252800,63322.982811198424
BEL,LTU,280429,126.83700611013016
BEL,LTU,280470,43.34
BEL,LTU,283691,252.84
BEL,LTU,811292,340.494
BEL,LTU,850511,749.1844215736032
BEL,LUX,251110,1411822.1150700196
BEL,LUX,252800,84037.98243404723
BEL,LUX,252910,56700.197684505474
BEL,LUX,260600,1318.8256604012256
BEL,LUX,270112,144435.21836639868
BEL,LUX,280429,639214.0313832744
BEL,LUX,280469,63734.44298528705
BEL,LUX,280470,38.628
BEL,LUX,283691,1254.1294971404789
BEL,LUX,283692,389.7284167237834
BEL,LUX,720292,28853.468
BEL,LUX,740311,656518.6666666667
BEL,LUX,810194,486.02461538461534
BEL,LUX,850511,106604.93885099873
BEL,LVA,270112,84313.459
BEL,LVA,811292,4087001.5973256617
BEL,LVA,850511,1216.9236447681765
BEL,MAR,280429,19043.791696540484
BEL,MAR,280469,2097.13577667874
BEL,MAR,282200,3157.7517626448744
BEL,MAR,283691,218.54767676056787
BEL,MAR,740311,26.313
BEL,MAR,810820,497.674
BEL,MAR,850511,1470.7348193105233
BEL,MDA,850511,4159.96073359706
BEL,MDG,850511,374.0
BEL,MDV,850511,25.928816625432578
BEL,MEX,260600,16762.001
BEL,MEX,280469,82910.378
BEL,MEX,282200,6711945.323
BEL,MEX,750210,1584011.832
BEL,MEX,850511,33417.584
BEL,MKD,850511,970.0615395261391
BEL,MLT,850511,382.362
BEL,MNE,850511,86.585
BEL,MRT,280429,26141.737241651266
BEL,MRT,850511,654.42
BEL,MUS,850511,0.042
BEL,MYS,280429,297724.93178545224
BEL,MYS,282200,3750821.549746644
BEL,MYS,283691,136.797
BEL,MYS,750210,81.502
BEL,MYS,811292,93.107
BEL,MYS,850511,9901.827530996392
BEL,NAM,850511,20486.81568627451
BEL,NGA,251110,15060.464
BEL,NGA,260600,401.316
BEL,NGA,280429,9558.187217358243
BEL,NGA,282200,474061.63166019757
BEL,NGA,850511,412.52679381019755
BEL,NLD,250490,163.11960784313726
BEL,NLD,251010,32916.56270501903
BEL,NLD,251110,9380.011972030828
BEL,NLD,252800,10398.339215686276
BEL,NLD,252910,32675.900621159013
BEL,NLD,252922,4741.81568627451
BEL,NLD,260200,615852.5518350425
BEL,NLD,260600,75865.95980392156
BEL,NLD,270112,3226466.0248142206
BEL,NLD,280429,12584917.868044414
BEL,NLD,280469,959644.8300068391
BEL,NLD,280470,22.202939125234742
BEL,NLD,280480,11.340769230769231
BEL,NLD,282200,287398.3291258936
BEL,NLD,283691,19500665.114199385
BEL,NLD,283692,1329.3670306907318
BEL,NLD,711011,61286.60912427921
BEL,NLD,711021,76334.95277808627
BEL,NLD,720292,77185.12355217311
BEL,NLD,720293,349.98333333333335
BEL,NLD,740311,9785320.52354033
BEL,NLD,750210,6228442.060531702
BEL,NLD,810194,6.4799999999999995
BEL,NLD,810320,1173.8114710545162
BEL,NLD,810411,314.56044045297887
BEL,NLD,810820,422.73499798513626
BEL,NLD,811010,120964.95927378972
BEL,NLD,811292,733.3469497977203
BEL,NLD,850511,281186.6922471052
BEL,NOR,280429,460063.33857381635
BEL,NOR,283691,21219.976470588233
BEL,NOR,711011,4683851.519607843
BEL,NOR,711021,757983.0186555415
BEL,NOR,740311,0.106
BEL,NOR,810820,3323.721
BEL,NOR,811292,68.234
BEL,NOR,850511,17326.527527492977
BEL,NZL,280480,24.968
BEL,NZL,283691,31.745
BEL,NZL,740311,93.362
BEL,NZL,850511,2439.796494448984
BEL,OMN,850511,2383.142300082998
BEL,PAK,850511,50.805
BEL,PAN,850511,3.441
BEL,PER,750210,100944.48747817357
BEL,PER,810411,3915.392
BEL,PER,850511,394.24099418785033
BEL,PHL,260200,40950.569
BEL,PHL,750210,954591.458
BEL,PHL,810320,779.362012089416
BEL,PHL,850511,79.40376731405246
BEL,POL,251110,3237.0306491799874
BEL,POL,260200,1093305.53
BEL,POL,260600,22015.687525241956
BEL,POL,270112,1595407.043
BEL,POL,280429,256624.26102167525
BEL,POL,280469,283954.68909543025
BEL,POL,280470,256337.734
BEL,POL,280480,82.3076923076923
BEL,POL,282200,25860.45300324038
BEL,POL,283691,13345.962317595664
BEL,POL,720292,457174.05322055815
BEL,POL,720293,216030.202
BEL,POL,740311,7024932.119756339
BEL,POL,750210,153831.47581386735
BEL,POL,811010,27.016217885086448
BEL,POL,811292,130.242
BEL,POL,850511,25494.08122941729
BEL,PRT,260200,1892.3668586734586
BEL,PRT,260600,3369616.6352941175
BEL,PRT,280429,2834.953
BEL,PRT,280470,96.041
BEL,PRT,282200,603.9106569413752
BEL,PRT,283691,6773.1934037577985
BEL,PRT,740311,5114777.013725489
BEL,PRT,850511,45137.14280187822
BEL,PRY,283691,57352.94117647059
BEL,PSE,850511,21.749
BEL,PYF,850511,1.747
BEL,QAT,280429,5895.468
BEL,QAT,850511,4415.354
BEL,ROU,260200,163124.348
BEL,ROU,280429,7700.804399172715
BEL,ROU,280469,212.02330162939305
BEL,ROU,282200,10533.532322058823
BEL,ROU,283691,1262.228
BEL,ROU,740311,970300.1176470588
BEL,ROU,810194,16.861538461538462
BEL,ROU,810820,33932.32737607121
BEL,ROU,811010,4145882.855398927
BEL,ROU,850511,19305.475474328665
BEL,RUS,260200,15590.963
BEL,RUS,283691,63413172.703
BEL,RUS,811010,5.294
BEL,RUS,850511,2067.55
BEL,RWA,250490,2038.0980392156864
BEL,RWA,850511,212.17647058823528
BEL,S19,280429,2275.683
BEL,S19,282200,1808874.3529290485
BEL,S19,283691,3415.188
BEL,S19,283692,58.143
BEL,S19,711011,15974.37487567376
BEL,S19,711021,3635.795
BEL,S19,811292,757.82
BEL,S19,850511,3294.2180358620944
BEL,SAU,282200,23738.12844918957
BEL,SAU,283691,146.528
BEL,SAU,283692,119.654
BEL,SAU,740311,3.42
BEL,SAU,850511,675.174
BEL,SEN,282200,874.731
BEL,SEN,850511,124.08
BEL,SGP,280429,86232.42097579878
BEL,SGP,282200,25055.342796314624
BEL,SGP,711011,930799.399
BEL,SGP,750210,259470.88683434657
BEL,SGP,810820,505.94956237838494
BEL,SGP,811292,66.03749314669693
BEL,SGP,850511,657.6614886784328
BEL,SLV,850511,29.54901960784314
BEL,SRB,260200,82715.354
BEL,SRB,850511,2917.561904254375
BEL,SVK,250490,1418.646
BEL,SVK,252910,642.1878365261373
BEL,SVK,260200,166.75420179994367
BEL,SVK,280429,216425.4803244066
BEL,SVK,280469,119490.98499434067
BEL,SVK,282200,703235.505
BEL,SVK,283691,216.139
BEL,SVK,720292,101621.059
BEL,SVK,720293,61117.38
BEL,SVK,740311,1532.296
BEL,SVK,810820,820205.0429363275
BEL,SVK,850511,2791.943956457724
BEL,SVN,260600,2062051.0274509804
BEL,SVN,280469,150.1054156100545
BEL,SVN,282200,313059.50676602795
BEL,SVN,283691,1259.1727824433501
BEL,SVN,720292,446138.332
BEL,SVN,720293,91591.91
BEL,SVN,750210,1006298.2560301052
BEL,SVN,811292,475.82825976109046
BEL,SVN,850511,4146.580024058227
BEL,SWE,260600,1511747.6509803922
BEL,SWE,270112,289941.68
BEL,SWE,280429,345479.4925085664
BEL,SWE,280469,4.151
BEL,SWE,280470,320.7136259632505
BEL,SWE,280480,28.018
BEL,SWE,282200,22039.831923466736
BEL,SWE,283691,1828378.9991093462
BEL,SWE,750210,12200218.399999999
BEL,SWE,811292,6936.81320611267
BEL,SWE,850511,148847.00808851732
BEL,SWZ,280469,409.748664874862
BEL,SYC,850511,77.51764705882353
BEL,SYR,260200,30576.638
BEL,TCD,280429,192.113
BEL,TGO,280429,592.783
BEL,TGO,850511,3141.52
BEL,THA,270112,4405.813
BEL,THA,280429,533.4022968340969
BEL,THA,280469,362.0112066098799
BEL,THA,280480,26.101
BEL,THA,282200,1187057.7997870182
BEL,THA,711021,6674273.000215541
BEL,THA,750210,147870.077
BEL,THA,850511,590.3739599430043
BEL,TUN,260200,30342.657
BEL,TUN,280429,5366.645446312495
BEL,TUN,850511,24.195
BEL,TUR,252800,47.05882352941176
BEL,TUR,260200,652313.6214084058
BEL,TUR,280469,307633.3428010319
BEL,TUR,280470,137.644
BEL,TUR,282200,7949339.832386491
BEL,TUR,283691,10367798.523
BEL,TUR,711021,374.42
BEL,TUR,750210,563730.45
BEL,TUR,810820,0.657
BEL,TUR,811010,698.766
BEL,TUR,811292,1258.628
BEL,TUR,850511,28587.835758596226
BEL,UGA,280469,264.31782307124513
BEL,UKR,252800,203683.163
BEL,UKR,260200,33675.7129930012
BEL,UKR,280429,1379276.6185586806
BEL,UKR,280470,68.351
BEL,UKR,850511,2673.079766837075
BEL,URY,280480,117.98901302724349
BEL,URY,850511,61.372549019607845
BEL,USA,250490,202.246
BEL,USA,252910,222.376
BEL,USA,260200,3822.317
BEL,USA,280429,39504.469361480515
BEL,USA,280469,690495.9446125701
BEL,USA,280470,267181.34145559877
BEL,USA,280480,27.001
BEL,USA,282200,19538991.730540853
BEL,USA,283691,10867.094
BEL,USA,711011,203932538.92743066
BEL,USA,711021,294629080.25157076
BEL,USA,740311,23374.758958112976
BEL,USA,750210,187281.0806412519
BEL,USA,810411,62.252
BEL,USA,810820,14665.562187399617
BEL,USA,811292,8261603.171084869
BEL,USA,850511,98096.40286173874
BEL,UZB,850511,48.338
BEL,VEN,850511,2.277
BEL,VNM,280469,30.093
BEL,VNM,280470,1062.3415849394612
BEL,VNM,280480,186.141
BEL,VNM,282200,737415.3218820298
BEL,VNM,711021,195.004
BEL,VNM,740311,10214.781
BEL,VNM,811010,190742.621
BEL,VNM,850511,110.388
BEL,ZAF,260600,1029.095
BEL,ZAF,280469,828.9231087971975
BEL,ZAF,280470,45.606
BEL,ZAF,282200,25626.24182272041
BEL,ZAF,283691,854.866
BEL,ZAF,711011,691112.8823529412
BEL,ZAF,850511,17159.83246293697
BEL,ZWE,850511,4.617
BEN,TGO,280429,15202.208553569182
BFA,CHN,260200,3496884.0227955356
BFA,CMR,711011,1107.8176470588235
BFA,GHA,811292,130131.16470588236
BFA,MLI,280429,19845.456545432295
BFA,TGO,260200,1603180.0
BFA,TUR,251110,430.7067807640732
BFA,ZAF,250490,41.23921568627451
BGD,CHN,252910,328.4313725490196
BGD,CIV,850511,29.449019607843137
BGD,FRA,260200,103.8009842125859
BGD,GBR,720292,5768.545098039216
BGD,IND,750210,306130.381372549
BGD,KOR,252910,4960.78431372549
BGD,MYS,260200,3373.1926571142967
BGD,NLD,810820,48.968891794708696
BGD,SVN,850511,10.101960784313725
BGD,USA,850511,76866.66666666667
BGR,ALB,251110,409981.676
BGR,ALB,850511,1217.112
BGR,ARE,850511,21830.998039215683
BGR,ARG,850511,52357.60784313726
BGR,ARM,750210,54645.3
BGR,AUT,850511,23668.3458075913
BGR,AZE,850511,1186.508409121236
BGR,BEL,850511,65.70294117647059
BGR,BIH,850511,2946.012
BGR,CAN,811292,2545.9764705882353
BGR,CAN,850511,38168.529411764706
BGR,CHE,251110,162797.2198589981
BGR,CHE,283691,1203.2392156862745
BGR,CHE,810820,2950.312
BGR,CHE,850511,9768.787826243239
BGR,CHN,740311,440002354.54878503
BGR,CHN,850511,148571.56862745096
BGR,CMR,850511,16869.896078431375
BGR,COL,850511,84345.64705882352
BGR,CYP,251110,1124244.0029943252
BGR,CYP,282200,1262.268
BGR,CYP,850511,96.768
BGR,CZE,251110,37268.94486455657
BGR,CZE,260200,16698830.16550074
BGR,CZE,280469,192796.96929208023
BGR,DEU,251110,3781743.957082716
BGR,DEU,280429,91997.9000248554
BGR,DEU,740311,341991323.23137254
BGR,DEU,850511,161103.79976156773
BGR,DNK,850511,94.61274509803921
BGR,DOM,850511,0.16470588235294117
BGR,DZA,251110,800790.616
BGR,ECU,260200,119.33097781876225
BGR,ECU,280470,102.66598828498915
BGR,ECU,280480,97.38461538461537
BGR,EGY,740311,179800829.53727698
BGR,ESP,850511,1877.0536372096487
BGR,EST,711011,314044.896
BGR,FIN,850511,2560.3529411764703
BGR,FRA,251110,58046.610892472934
BGR,FRA,850511,2223.2237872047663
BGR,GAB,850511,10426.276470588235
BGR,GBR,811010,5975.426184380505
BGR,GBR,850511,365850.2117647059
BGR,GEO,270112,77.26078431372548
BGR,GEO,850511,183.3350691547567
BGR,GRC,280470,7198.945586125638
BGR,GRC,740311,26878545.58888303
BGR,GRC,811010,92844.33012774248
BGR,GRC,850511,8327.233795320151
BGR,HRV,740311,196784401.02916104
BGR,HUN,251110,450869.45784423477
BGR,HUN,810411,378009.23076923075
BGR,HUN,850511,1101.8438008452754
BGR,IDN,850511,1709.8039215686274
BGR,IND,811292,22710.1
BGR,IRN,252910,1311.728
BGR,IRN,850511,713.924
BGR,ISL,850511,236.40882352941176
BGR,ISR,811292,73469.672
BGR,ITA,251110,1709064.39973059
BGR,ITA,270112,3009873.119794934
BGR,ITA,280469,2614.2274902116055
BGR,ITA,711011,5907.396078431372
BGR,ITA,711021,7430.741534850607
BGR,ITA,740311,1447546577.894189
BGR,ITA,750210,277540.25784313725
BGR,ITA,810411,1863.0861538461538
BGR,ITA,850511,2589.052
BGR,KOR,850511,2947.0588235294117
BGR,KWT,850511,1136.150980392157
BGR,LBN,850511,1727.450980392157
BGR,LTU,280469,68.18092255901377
BGR,LVA,850511,58633.199717237236
BGR,MKD,740311,850890.3423894745
BGR,MKD,810820,117.22392903898174
BGR,MKD,850511,802.088
BGR,MNE,850511,210.736
BGR,MNG,850511,558.9215686274509
BGR,NLD,250490,10.323529411764705
BGR,NLD,251010,2459.273846153846
BGR,NLD,251110,10882643.17255683
BGR,NLD,252800,265.3264705882353
BGR,NLD,252910,702.0323529411764
BGR,NLD,252922,175.5078431372549
BGR,NLD,260200,293.8049324491614
BGR,NLD,260600,992.1372549019608
BGR,NLD,270112,37154.03333333333
BGR,NLD,280429,5974.489357701905
BGR,NLD,280469,1426.1216774620802
BGR,NLD,280470,0.8539280068253837
BGR,NLD,282200,1352.3171816764402
BGR,NLD,283691,3128.173529411765
BGR,NLD,283692,36.6975614956972
BGR,NLD,711011,389.214705882353
BGR,NLD,711021,4749.424442902174
BGR,NLD,720292,2987.7676470588235
BGR,NLD,720293,9.291176470588235
BGR,NLD,740311,2169.0735294117644
BGR,NLD,750210,11486.489215686273
BGR,NLD,810320,56.76642650775547
BGR,NLD,810411,1286.3392307692307
BGR,NLD,810820,48.968891794708696
BGR,NLD,811010,13.191352087265697
BGR,NLD,811292,133.17941176470586
BGR,NLD,850511,9334.966666666665
BGR,NOR,810820,567.7
BGR,NPL,850511,35.423529411764704
BGR,NZL,850511,234.3470588235294
BGR,POL,251110,555516.2870176174
BGR,POL,270112,12047325.362
BGR,POL,850511,8348.207730888258
BGR,ROU,251010,162936.15384615384
BGR,ROU,251110,4429302.023527636
BGR,ROU,252910,8780413.386592465
BGR,ROU,270112,5420968.724823111
BGR,ROU,280429,22347.07747765405
BGR,ROU,280469,15380.196471747891
BGR,ROU,280480,40917.11083148223
BGR,ROU,282200,875.1138108292216
BGR,ROU,283691,225.96078431372547
BGR,ROU,740311,17936734.404882338
BGR,ROU,810411,194958.88817089156
BGR,ROU,850511,58705.399958231974
BGR,S19,740311,4765887.176470588
BGR,SAU,850511,1541.699019607843
BGR,SGP,850511,1991.8362745098038
BGR,SRB,251110,93903.74998245157
BGR,SRB,270112,27142.02
BGR,SRB,280480,21171.643098786943
BGR,SRB,740311,460715419.20256174
BGR,SRB,810411,211149.70179163467
BGR,SVK,270112,14459702.901999999
BGR,SVK,850511,245.1212238542761
BGR,SVN,850511,225.788
BGR,SWE,850511,64648.08555309575
BGR,SWZ,280469,22.873298540688314
BGR,TUR,250490,117.6470588235294
BGR,TUR,251110,4592667.969339708
BGR,TUR,740311,3004344438.7564797
BGR,TUR,810820,447.94117961787066
BGR,TUR,850511,14949.4
BGR,TZA,850511,1825.1960784313726
BGR,UKR,251110,2154675.540257314
BGR,UKR,850511,10245.549019607843
BGR,USA,280429,2512.3483902583475
BGR,USA,280469,4950.121774832506
BGR,USA,850511,5382.570436335065
BGR,ZAF,850511,665.709637660971
BGR,ZMB,850511,941.1294117647059
BHR,ARE,280469,74.867
BHR,ARE,283692,680.771
BHR,ARE,711011,121726.196
BHR,ARE,850511,520.213
BHR,DEU,280469,50.0
BHR,DJI,252922,2327.9892156862743
BHR,EGY,252800,33060.798
BHR,KWT,280429,3163.67
BHR,NLD,850511,9.761
BHR,OMN,252800,21750.165265667292
BHR,OMN,850511,3312.1705882352944
BHR,QAT,810820,132.979
BHR,QAT,850511,113.378
BHR,SAU,251110,188203.457
BHR,SAU,252800,5781.144
BHR,SAU,850511,20461.25
BHR,SEN,280469,118.005
BHR,USA,280469,11604.766613640357
BHR,USA,850511,2709.734
BHR,ZAF,850511,140.07582698735575
BHS,USA,280429,1147.0
BHS,USA,811292,15133.333333333334
BIH,ARE,280469,1539347.508935021
BIH,AUT,260600,923.7011207743316
BIH,AUT,280469,1049334.0951779298
BIH,AUT,850511,14569.249031170246
BIH,CAN,280469,16918906.98623684
BIH,CHN,850511,1572.549019607843
BIH,CZE,260600,376445.67261032265
BIH,CZE,280469,21818388.658898078
BIH,DEU,280469,53931692.62449567
BIH,DEU,850511,1346.72
BIH,ESP,280469,1393625.3272473537
BIH,FRA,280469,10037527.04
BIH,FRA,850511,1087.9490196078432
BIH,GBR,280469,1197841.9997139522
BIH,GRC,280469,15211.604666605894
BIH,HRV,260600,2865406.7301500225
BIH,HRV,280469,12804785.92
BIH,HRV,850511,398.46263153456533
BIH,HUN,260600,70584.68
BIH,HUN,280469,12808426.28
BIH,IND,280469,124245.05285176236
BIH,IRL,280469,110116.22941897254
BIH,ISL,280469,6284145.788579515
BIH,ITA,280469,26067183.080990735
BIH,MEX,850511,29411.56
BIH,MNE,850511,126.96
BIH,NLD,280469,3716481.082259072
BIH,NLD,850511,39.205929499702236
BIH,NOR,280469,14250100.761946127
BIH,NOR,850511,2481.92
BIH,POL,260600,2343491.0939750015
BIH,POL,270112,18695.098039215685
BIH,POL,280469,22218523.290147852
BIH,POL,850511,274.5098039215686
BIH,ROU,280469,3104312.08
BIH,SRB,251110,4333.92
BIH,SRB,260600,125797.63541606828
BIH,SRB,270112,9540.12
BIH,SRB,280429,21578.727001322757
BIH,SRB,280469,13601.527540674088
BIH,SRB,810411,12792.508170283665
BIH,SRB,850511,321.5686274509804
BIH,SVK,280469,14197192.540377196
BIH,SVN,260600,176570.00402144575
BIH,SVN,280469,15529493.436904192
BIH,SVN,850511,154300.41565483672
BIH,TUR,260600,86.27450980392156
BIH,USA,850511,2771.5686274509803
BLM,FRA,280429,23067.448228184043
BLR,DEU,850511,6228.713725490195
BLR,GEO,850511,411.1921568627451
BLR,KAZ,850511,5841.156862745098
BLR,LTU,270112,23219.607843137255
BLR,LTU,280429,12088.542351573175
BLR,LTU,283692,784.0986977381768
BLR,LVA,270112,2324784.4882352944
BLR,LVA,850511,1589.8980392156861
BLR,POL,850511,395.09803921568624
BLR,UZB,720292,8325.490196078432
BLZ,PAK,280469,2130.8256832534385
BMU,AGO,280429,4274.440278666831
BOL,ARE,283691,834.0
BOL,ARE,711021,145040.10346945203
BOL,ARE,850511,1556.92
BOL,ARG,251110,14203005.203584528
BOL,ARG,252800,1194772.2003564911
BOL,ARG,811010,300808.1156501474
BOL,AUS,252800,102717.18
BOL,BRA,252800,88553306.41101007
BOL,BRA,260200,277441.8451135558
BOL,BRA,811010,5188398.706284617
BOL,CAN,252800,1264391.7233529503
BOL,CHL,252800,1199589.4473206617
BOL,CHN,252800,16371096.583229106
BOL,CHN,283691,7498927.243761261
BOL,CHN,740311,22048406.51534198
BOL,CHN,850511,2825.96
BOL,COL,252800,2838333.8093587453
BOL,COL,850511,4246.7
BOL,CRI,252800,675504.429514424
BOL,DEU,252800,17586.892940286583
BOL,DEU,283691,229283.01960784313
BOL,DOM,252800,60368.0
BOL,ECU,252800,460096.8383784813
BOL,ESP,252800,1620734.0156862745
BOL,GBR,252800,51342.4431372549
BOL,GRC,252800,744602.4274509804
BOL,GTM,252800,477624.0
BOL,IDN,252800,8487031.244159725
BOL,IND,260600,1924710.9705882352
BOL,IRL,252800,170412.17025355477
BOL,KOR,252800,16.666666666666668
BOL,MEX,252800,1560321.1266001172
BOL,MYS,252800,1770777.973220041
BOL,NIC,252800,314824.37511558726
BOL,NLD,252800,16380.0
BOL,NZL,252800,395299.96691094304
BOL,PAN,252800,81199.34608596872
BOL,PER,252800,23964222.368265416
BOL,PHL,252800,159636.73747753244
BOL,PRY,252800,223508.65780739402
BOL,PRY,850511,3498.0392156862745
BOL,RUS,283691,68170000.0
BOL,SLV,252800,234382.364566113
BOL,USA,252800,5606897.004113672
BOL,USA,811010,1260753.1173010517
BOL,ZAF,250490,44.11764705882353
BOL,ZAF,252800,267321.38795554044
BRA,AGO,250490,439.1549019607843
BRA,AGO,251010,3678.0
BRA,AGO,850511,495.72889338994577
BRA,ARE,260200,91814.7879096563
BRA,ARE,280469,8195824.142981782
BRA,ARE,720293,85664.5156862745
BRA,ARE,810820,9156.794613190053
BRA,ARE,850511,1032.0
BRA,ARG,250490,1168111.86060259
BRA,ARG,251110,35984.21903075973
BRA,ARG,252910,304550.4659237953
BRA,ARG,260200,164753.89852136487
BRA,ARG,260600,8703852.569089564
BRA,ARG,270112,433886.3689081189
BRA,ARG,280429,144454.12366730656
BRA,ARG,280469,16414892.625611298
BRA,ARG,282200,577383.6797135402
BRA,ARG,283691,207.57648920496476
BRA,ARG,720292,8139.905825104135
BRA,ARG,720293,8099808.054480934
BRA,ARG,740311,103645.98503577533
BRA,ARG,750210,1711004.6102458516
BRA,ARG,850511,22399.233586312086
BRA,AUS,251010,4552.652165800878
BRA,AUS,252910,836.0
BRA,AUS,260600,68938.26524586887
BRA,AUS,720293,5876567.564705882
BRA,AUS,850511,928.0
BRA,AUT,250490,69.17058823529412
BRA,AUT,260600,5228050.847109615
BRA,AUT,280469,242923.52191444128
BRA,AUT,720293,27318431.20588235
BRA,AUT,750210,785300.6921568627
BRA,AUT,850511,150.73039215686273
BRA,BEL,252910,1200.0
BRA,BEL,260200,648858.2650897284
BRA,BEL,280469,439879.5187025111
BRA,BEL,282200,30036.459112419983
BRA,BEL,283691,128.77843137254902
BRA,BEL,720293,1851600.0
BRA,BEL,750210,3491692.882352941
BRA,BEL,810820,142374.0
BRA,BGR,252910,480.0
BRA,BGR,850511,18.0
BRA,BHR,720293,1109734.3
BRA,BHS,850511,78.0
BRA,BIH,750210,43462.35294117647
BRA,BIH,850511,972.0
BRA,BOL,250490,19687.066735696473
BRA,BOL,251110,25592.31961457393
BRA,BOL,252800,393540.6569574845
BRA,BOL,252910,135177.08895531396
BRA,BOL,260600,31589.12862607536
BRA,BOL,280429,106609.09140099652
BRA,BOL,280480,3180.0
BRA,BOL,720293,51729.41176470588
BRA,BOL,850511,12515.72333467793
BRA,BTN,260200,166919.53458693676
BRA,CAN,252800,2216.6936139457675
BRA,CAN,252910,120624.0
BRA,CAN,260600,201951392.18443206
BRA,CAN,280469,113772766.56044067
BRA,CAN,720292,4564977.760784313
BRA,CAN,720293,74781869.96783206
BRA,CAN,750210,394.7019607843137
BRA,CAN,850511,17729.399146838474
BRA,CHE,280469,20190.993800279397
BRA,CHE,283691,404.2329291020103
BRA,CHE,720292,28122.07843137255
BRA,CHE,720293,3031120.503002075
BRA,CHE,740311,3870662.0
BRA,CHE,810411,560234.8984615385
BRA,CHE,850511,3946.4549019607844
BRA,CHL,250490,1384.2507823500412
BRA,CHL,252910,460.0
BRA,CHL,280429,150346.39886635097
BRA,CHL,283691,3501.7885213196014
BRA,CHL,720293,310302.06210512284
BRA,CHL,740311,115.44117647058823
BRA,CHL,850511,30730.51578512779
BRA,CHN,251010,2880.0
BRA,CHN,251110,15396.0
BRA,CHN,252910,4124501.46963291
BRA,CHN,260200,158277850.50436422
BRA,CHN,260600,12552448.0
BRA,CHN,280469,133511531.78834796
BRA,CHN,283691,6774505.482913296
BRA,CHN,720293,1353331025.3349328
BRA,CHN,740311,12340568.813216869
BRA,CHN,811292,28312661.76470588
BRA,CHN,850511,3506.8627450980393
BRA,CIV,810820,5928.0
BRA,CMR,850511,330.0
BRA,COD,850511,522.0
BRA,COL,250490,107570.35067079208
BRA,COL,252800,90058.10703554355
BRA,COL,260200,14831866.80126297
BRA,COL,260600,153320.009799508
BRA,COL,283691,282635.33164648036
BRA,COL,720293,97006.91711469198
BRA,COL,750210,5890.0
BRA,COL,850511,64915.67030577187
BRA,CRI,252910,180.0
BRA,CRI,850511,55.29411764705882
BRA,CUB,250490,6.0
BRA,CUB,850511,1184.8725490196077
BRA,CYP,850511,20.0
BRA,CZE,270112,15740486.274509804
BRA,CZE,280469,1101082.6719479698
BRA,CZE,720293,24810839.215686273
BRA,CZE,810411,554886.1538461539
BRA,CZE,850511,3270.5882352941176
BRA,DEU,250490,9343.066666666666
BRA,DEU,252910,3302.0
BRA,DEU,260200,741553.4157454445
BRA,DEU,260600,1661570.9052003901
BRA,DEU,270112,4317.559120921066
BRA,DEU,280429,84480.0
BRA,DEU,280469,393003661.9168301
BRA,DEU,283691,76.0
BRA,DEU,711011,351897.2862745098
BRA,DEU,711021,3554741.3732966306
BRA,DEU,720293,29474607.01483833
BRA,DEU,740311,2805751.304829524
BRA,DEU,750210,12364939.035294117
BRA,DEU,810194,643949.2896023536
BRA,DEU,811292,89716217.3490196
BRA,DEU,850511,228.45983428281883
BRA,DNK,252910,180.0
BRA,DNK,260200,402612.2300995152
BRA,DNK,260600,2446092.0
BRA,DNK,280429,1340.0
BRA,DNK,850511,76.85592493187751
BRA,DOM,850511,968.0
BRA,DZA,260600,2436594.0
BRA,ECU,250490,76106.23461038881
BRA,ECU,252910,27.948052193962766
BRA,ECU,260600,110453.82200813165
BRA,ECU,810320,5342.0
BRA,ECU,850511,29696.866116550205
BRA,EGY,260600,4366309.277948023
BRA,EGY,720293,2119334.512745098
BRA,ESP,252910,21485.1045083732
BRA,ESP,260600,70.0
BRA,ESP,270112,176095580.0
BRA,ESP,280469,310756.0
BRA,ESP,283691,177.11516362682667
BRA,ESP,720293,7496040.698039216
BRA,ESP,850511,1443.1436994986575
BRA,EST,720293,28409514.753098153
BRA,FIN,251010,263.78549286843645
BRA,FIN,720293,34249229.75392157
BRA,FRA,250490,1660.9882352941177
BRA,FRA,252910,3180.0
BRA,FRA,260200,1494030.3423416384
BRA,FRA,260600,1765.294885177761
BRA,FRA,280429,96762.0
BRA,FRA,280469,1163.039516864062
BRA,FRA,711011,8975785.003921568
BRA,FRA,720293,118228227.15294117
BRA,FRA,750210,6597318.309803922
BRA,FRA,810411,815123.2984615384
BRA,FRA,811292,22751074.56862745
BRA,FRA,850511,15519.7122887544
BRA,GBR,250490,198265.60392156863
BRA,GBR,252910,40178.0
BRA,GBR,260200,779910.3215749816
BRA,GBR,260600,226968.0
BRA,GBR,280469,279557971.3801542
BRA,GBR,711021,5420.847445201795
BRA,GBR,720293,3710361.0010034377
BRA,GBR,750210,3049200.152941176
BRA,GBR,810194,66922.26461538461
BRA,GEO,260200,124195.78072561657
BRA,GRC,260600,57748040.365452975
BRA,GRC,850511,20.0
BRA,GTM,850511,170.63700360656316
BRA,GUY,260200,819600.0
BRA,GUY,260600,3600.0
BRA,GUY,850511,186.0
BRA,HKG,252910,31860.0
BRA,HKG,280429,1592.0
BRA,HKG,720293,62305244.0
BRA,HKG,850511,123452.0
BRA,HND,850511,7112.0
BRA,HRV,280469,259506.0
BRA,HTI,251110,3444.0
BRA,IDN,260200,37467.43680653179
BRA,IDN,260600,100264.41909488199
BRA,IDN,720293,21589513.725490198
BRA,IND,260200,30012878.23971145
BRA,IND,260600,32228.08741637818
BRA,IND,283691,723.1777750749529
BRA,IND,720293,47805217.93457259
BRA,IND,850511,6278.3898056084745
BRA,IRL,260200,27640.52788030766
BRA,IRL,260600,64544954.194302045
BRA,IRL,850511,56.78235294117647
BRA,ISL,280469,1661163.1036627213
BRA,ISR,252910,2400.0
BRA,ITA,252910,7332647.526979817
BRA,ITA,260200,893885.4728314737
BRA,ITA,260600,7171.922005291341
BRA,ITA,280469,4841628.102975766
BRA,ITA,720293,13304128.792691734
BRA,JAM,850511,19.414635048905687
BRA,JPN,252910,1000.0
BRA,JPN,260200,60820.741908505304
BRA,JPN,280469,83588997.1950539
BRA,JPN,283691,8.0
BRA,JPN,720293,165847842.94586024
BRA,JPN,811292,6712739.131372549
BRA,JPN,850511,3304.753397618023
BRA,KAZ,280469,166981.76668134693
BRA,KAZ,720293,2555291.490196078
BRA,KAZ,850511,402.0
BRA,KOR,270112,2170.5882352941176
BRA,KOR,280469,15823884.81311289
BRA,KOR,282200,52105.04496553139
BRA,KOR,283691,18.627450980392158
BRA,KOR,720293,274379068.16374254
BRA,LBN,810194,3009.230769230769
BRA,LBR,280429,2674.0
BRA,LBR,850511,212.0
BRA,LBY,850511,1020.0
BRA,LKA,850511,326.4641973570867
BRA,LUX,720293,52044322.76078431
BRA,LVA,260200,38912426.0
BRA,LVA,850511,190.0
BRA,MAR,850511,24.99019607843137
BRA,MEX,250490,469000.0
BRA,MEX,251110,244836.0
BRA,MEX,252910,42894.0
BRA,MEX,260600,4492264.0
BRA,MEX,280469,541462.0
BRA,MEX,720292,5061984.0
BRA,MEX,720293,24331864.384670615
BRA,MEX,850511,70078.47194330984
BRA,MHL,280429,6560.0
BRA,MHL,850511,216.0
BRA,MKD,260200,2735.1489588891914
BRA,MKD,850511,38.68627450980392
BRA,MLT,850511,4.0
BRA,MOZ,850511,190.0
BRA,MYS,280469,4763363.037292077
BRA,MYS,720293,1533434.5686274508
BRA,NCL,850511,186.0
BRA,NIC,252800,134.50980392156862
BRA,NIC,850511,1160.0
BRA,NLD,250490,99.11078431372549
BRA,NLD,252910,14606.398908773586
BRA,NLD,252922,104.27254901960785
BRA,NLD,260200,193756.0
BRA,NLD,260600,358058.38123677264
BRA,NLD,270112,119991.79411764706
BRA,NLD,280469,46987540.91077015
BRA,NLD,720292,552004.9615825289
BRA,NLD,720293,527143087.64011467
BRA,NLD,810194,28164.09020191639
BRA,NLD,810820,204.87140286018607
BRA,NLD,811231,5742.0
BRA,NLD,850511,54230.70276056213
BRA,NOR,260200,91443.70533562278
BRA,NOR,280469,43270168.83770026
BRA,NOR,720293,326787.0470588235
BRA,NZL,252910,1908.0
BRA,NZL,260600,6057.92149907186
BRA,NZL,850511,499.77450980392155
BRA,OMN,260600,1492890.7731345578
BRA,PAK,260200,762905.0523787304
BRA,PAN,252910,120.0
BRA,PAN,280429,11506.0
BRA,PAN,280469,10.0
BRA,PAN,850511,10494.0
BRA,PER,250490,484.97992736578254
BRA,PER,251110,16840.769723744248
BRA,PER,252910,2075.3850578299725
BRA,PER,280429,5400.9162079501775
BRA,PER,280469,35894.33235351788
BRA,PER,283692,88729.87922845912
BRA,PER,720292,69851.45957352477
BRA,PER,740311,58999.092156862745
BRA,PER,750210,562.0
BRA,PER,850511,7886.050518842104
BRA,PHL,280429,866.0
BRA,PHL,850511,686.0
BRA,POL,250490,430910.7843137255
BRA,POL,260200,26392.31736907854
BRA,POL,260600,146825.98759145063
BRA,POL,280469,8585350.50809636
BRA,POL,720293,8249357.843137255
BRA,POL,811292,320432.35294117645
BRA,POL,850511,74.71427235166847
BRA,PRT,252910,149261.23929928688
BRA,PRT,260600,1898844.190448654
BRA,PRT,280469,1998.387094702252
BRA,PRT,711021,1288.0
BRA,PRT,810820,795.8851850535891
BRA,PRT,850511,10902.162565289718
BRA,PRY,250490,46118.753803471765
BRA,PRY,251010,113896.92307692308
BRA,PRY,251110,28460.806931737534
BRA,PRY,260600,120607.06264740891
BRA,PRY,270112,9114.043755191771
BRA,PRY,280429,153438.17409324122
BRA,PRY,750210,90378.7815373037
BRA,PRY,850511,26854.794654341327
BRA,QAT,280429,190852.0
BRA,QAT,280469,15573278.9057921
BRA,ROU,280469,326745.6508219588
BRA,RUS,260600,90390.0
BRA,RUS,720293,3876010.0
BRA,S19,720293,20535178.536867812
BRA,S19,811292,107341.56862745098
BRA,S19,850511,72.0
BRA,SAU,260600,1710806.0
BRA,SAU,850511,1020.1303921568626
BRA,SDN,850511,472.0
BRA,SGP,260600,12508.0
BRA,SGP,280429,1596.0
BRA,SGP,720293,349164056.0572575
BRA,SGP,740311,6800894.0
BRA,SGP,850511,61.15588235294117
BRA,SRB,260200,17041.896358319285
BRA,SRB,720293,38767835.294117644
BRA,SRB,850511,191.82442649141964
BRA,SUR,850511,194.0
BRA,SVK,260200,1485130.2270498304
BRA,SVK,280469,16975988.3924062
BRA,SVK,720293,157826452.172549
BRA,SVK,850511,1636.0
BRA,SVN,260200,29349.176875192203
BRA,SVN,260600,37325721.60392157
BRA,SVN,280469,1392774.5414120462
BRA,SVN,720293,2756525.877079722
BRA,SVN,750210,117627.6705882353
BRA,SVN,810411,1718874.4000000001
BRA,SWE,250490,775.4549019607844
BRA,SWE,260200,193469.759076
BRA,SWE,280470,260.4706608040342
BRA,SWE,810194,4275.517582666557
BRA,SWE,850511,178.0
BRA,THA,250490,1408037.5843137254
BRA,THA,280429,32.0
BRA,THA,280469,136407364.0063142
BRA,THA,720293,1395532.8039215687
BRA,THA,850511,168.0
BRA,TUN,260600,1823310.0
BRA,TUR,252910,1358.0931082675465
BRA,TUR,260200,1739155.6860149049
BRA,TUR,260600,123741.18571513085
BRA,TUR,280470,80.0
BRA,TUR,282200,2510302.140428015
BRA,TUR,283691,3620842.0
BRA,TUR,720293,24802116.16966477
BRA,TUR,850511,128167.91616652303
BRA,UKR,260200,8411.947908425349
BRA,UKR,260600,21768828.03835571
BRA,UKR,280469,66634.6913136042
BRA,UKR,720293,6736859.470588235
BRA,UKR,750210,799847.431372549
BRA,UKR,850511,1357.1906076341904
BRA,URY,250490,22508.78588644389
BRA,URY,251110,328680.92734937795
BRA,URY,260600,2256490.413781012
BRA,URY,280429,256560.17035675122
BRA,URY,283691,13399.50168904055
BRA,URY,750210,11909.370791329804
BRA,URY,850511,11398.812722913917
BRA,USA,251110,72.0
BRA,USA,252910,1096812.0
BRA,USA,260200,259334.34350804117
BRA,USA,260600,8122982.282517321
BRA,USA,270112,536.0
BRA,USA,280429,1145422.0
BRA,USA,280469,507136253.1411029
BRA,USA,282200,238665.61842173483
BRA,USA,720293,216065359.8808492
BRA,USA,810194,94872.0
BRA,USA,810411,1061432.9394876638
BRA,USA,811292,78607348.03921568
BRA,USA,850511,53445.619171156046
BRA,VEN,850511,2018.0
BRA,VNM,260200,11297814.15451572
BRA,VNM,720293,13437392.62745098
BRA,VNM,850511,16788.32789640365
BRA,ZAF,252910,3.3568627450980393
BRA,ZAF,260600,994159.4616990869
BRA,ZAF,280469,46028.36548468202
BRA,ZAF,720293,18987542.13044174
BRA,ZAF,850511,2952.7529411136406
BRB,USA,811292,3422.549019607843
BRB,USA,850511,475.5
BRN,BGD,850511,20.044
BRN,MYS,251110,99649.242
BRN,PHL,850511,1397.4102652580352
BRN,SGP,280429,9974.169118896289
BRN,SGP,850511,64799.902
BTN,IND,270112,3258.219
BWA,CHN,260600,173578.352
BWA,ESP,270112,57529289.41960784
BWA,FIN,270112,13736288.439215686
BWA,FRA,270112,67120009.30980393
BWA,MOZ,270112,4648992.084
BWA,NAM,270112,5981.628604629049
BWA,NLD,270112,8797589.474509804
BWA,ZAF,260600,258073.282
BWA,ZAF,270112,85220386.36570618
BWA,ZAF,280429,162.06936622889228
BWA,ZAF,282200,0.792
BWA,ZAF,850511,0.866
BWA,ZWE,270112,253809.366
BWA,ZWE,850511,959.46
CAN,ABW,850511,676.116
CAN,ALB,850511,374.936
CAN,ARE,252800,49237.6682167354
CAN,ARE,280469,12235233.264407994
CAN,ARE,720293,151116.4019607843
CAN,ARE,750210,23628.371568627448
CAN,ARE,810820,65734.78963112253
CAN,ARE,850511,83731.8492010774
CAN,ARG,283691,9247.803921568628
CAN,ARG,720293,1018651.502943328
CAN,ARG,750210,455294.8823529412
CAN,ARG,810820,225365.30037517907
CAN,ARG,850511,528.2669730294967
CAN,ARM,850511,2025.878582465382
CAN,ATG,850511,182.77254901960785
CAN,AUS,720293,2841396.6821859884
CAN,AUS,750210,28886606.4687751
CAN,AUS,810320,24464.922381739405
CAN,AUS,810820,884933.1716221819
CAN,AUS,811212,1776.336
CAN,AUS,850511,518670.95980921615
CAN,AUT,280469,1366.1262015511102
CAN,AUT,720293,875040.0509803921
CAN,AUT,750210,10207.345098039215
CAN,AUT,810820,101370.04810849299
CAN,AUT,850511,658.5647447736161
CAN,BEL,250490,6229.472
CAN,BEL,260600,23.794117647058822
CAN,BEL,270112,903939.7901960785
CAN,BEL,750210,174934275.0846406
CAN,BEL,810820,3279970.3930671983
CAN,BEL,811292,518981.6528899085
CAN,BEL,850511,506.7554508936072
CAN,BFA,280429,694.552
CAN,BFA,850511,473.28
CAN,BHR,850511,1075.636
CAN,BHS,850511,367.08025628068117
CAN,BIH,750210,607841.0980392157
CAN,BLR,850511,255.08
CAN,BLZ,850511,2231.176
CAN,BMU,280429,829.3188861046972
CAN,BMU,850511,311.6016564789065
CAN,BOL,850511,29.41176470588235
CAN,BRA,252910,10448.724178787626
CAN,BRA,270112,152433882.37965128
CAN,BRA,280469,331564.79276935157
CAN,BRA,750210,33788154.2539465
CAN,BRA,810194,18153.366083927507
CAN,BRA,810820,1316557.6685348002
CAN,BRA,811292,12055.72479830505
CAN,BRA,850511,64394.08784431703
CAN,BRB,740311,874.0196078431372
CAN,BRB,850511,575.8804200806222
CAN,BRN,850511,58.392
CAN,BWA,850511,136.05098039215684
CAN,CHE,250490,3057.88
CAN,CHE,260200,59.224360176212244
CAN,CHE,280429,16273.753772110807
CAN,CHE,711011,15954533.184313724
CAN,CHE,711021,255620768.24558237
CAN,CHE,750210,653082.7450980393
CAN,CHE,810820,1339796.7339481788
CAN,CHE,811292,36138.18823529412
CAN,CHE,850511,106432.67268290772
CAN,CHL,270112,315061250.7733432
CAN,CHL,720293,270799.0211580688
CAN,CHL,750210,2852850.8204019335
CAN,CHL,850511,216262.22177939364
CAN,CHN,250490,12406.7
CAN,CHN,260200,49728.22
CAN,CHN,270112,6417687752.18063
CAN,CHN,280469,97542.08627481967
CAN,CHN,720293,23182690.879000977
CAN,CHN,740311,16964.70588235294
CAN,CHN,750210,692359906.7641941
CAN,CHN,810320,7522.727409676142
CAN,CHN,810411,5676.153846153846
CAN,CHN,810820,2713624.8804460713
CAN,CHN,811010,27007.10126383367
CAN,CHN,811292,700.0673276996517
CAN,CHN,850511,608601.0347423034
CAN,COD,850511,249.66470588235293
CAN,COL,750210,219802.58823529413
CAN,COL,850511,2702.4330291044644
CAN,CRI,740311,112.35294117647058
CAN,CRI,850511,12.81511988131307
CAN,CUB,280429,40485.176924173895
CAN,CUB,850511,18.52941176470588
CAN,CUW,850511,614.648
CAN,CZE,270112,414666160.78431374
CAN,CZE,750210,113662.74509803922
CAN,CZE,810820,139109.8140968946
CAN,CZE,811292,1003.9215686274509
CAN,CZE,850511,11900.446579839663
CAN,DEU,250490,7655.297446572172
CAN,DEU,252922,13451151.572549019
CAN,DEU,270112,1493669255.5106623
CAN,DEU,280429,744406.6932691686
CAN,DEU,280469,9010121.009108258
CAN,DEU,711011,16606399.914179573
CAN,DEU,720293,179969482.50196078
CAN,DEU,750210,552537209.8382353
CAN,DEU,810194,14383173.328
CAN,DEU,810820,26503307.740253612
CAN,DEU,811292,3510783.4452472534
CAN,DEU,850511,28035.282580727515
CAN,DNK,270112,38501644.932
CAN,DNK,850511,178.92649938517403
CAN,DOM,810411,1788.2769230769231
CAN,DOM,850511,3943.384863138941
CAN,DZA,280429,9806.732
CAN,ECU,750210,147901.568627451
CAN,ECU,850511,1527.5439455873718
CAN,EGY,720293,567653.5843137255
CAN,EGY,750210,50333.00588235294
CAN,EGY,850511,59442.752
CAN,ESP,270112,212165.3073669539
CAN,ESP,280429,4909.372671884254
CAN,ESP,280469,2326.721615573612
CAN,ESP,720293,33944763.42425184
CAN,ESP,750210,342066905.3629116
CAN,ESP,810820,595736.0796175195
CAN,ESP,811292,1775.7254901960785
CAN,ESP,850511,5234.147316586972
CAN,ETH,850511,814.412
CAN,FIN,260200,5.955237897779936
CAN,FIN,270112,218601775.15600708
CAN,FIN,280469,19.669729165655202
CAN,FIN,711011,15.368
CAN,FIN,720293,42508558.58235294
CAN,FIN,810820,44718.78257664639
CAN,FIN,811292,11515.46
CAN,FIN,850511,1213.0955762916199
CAN,FJI,850511,260.13484079373933
CAN,FRA,250490,105800.89313725491
CAN,FRA,251010,143.35692307692307
CAN,FRA,260200,79842.64175790484
CAN,FRA,260600,527.364705882353
CAN,FRA,280429,2713.676
CAN,FRA,280469,70700716.872
CAN,FRA,711011,390.3333333333333
CAN,FRA,720293,9832917.990196079
CAN,FRA,750210,158903893.10196078
CAN,FRA,810194,63938.916
CAN,FRA,810320,108962.59685474056
CAN,FRA,810411,788921.6953846153
CAN,FRA,810820,17652935.724729273
CAN,FRA,811292,48979.3656992819
CAN,FRA,850511,1011595.3382706282
CAN,GAB,850511,126.004
CAN,GBR,250490,11297.256
CAN,GBR,270112,92712009.89391486
CAN,GBR,280429,2255079.874468663
CAN,GBR,283691,44417.648
CAN,GBR,711021,10672.00670883795
CAN,GBR,720292,301.18
CAN,GBR,720293,32584609.4
CAN,GBR,750210,88205509.91105947
CAN,GBR,810194,16155.42523032735
CAN,GBR,810320,1054.124
CAN,GBR,810411,841379.2953846154
CAN,GBR,810820,5714441.204724563
CAN,GBR,811292,1620711.6887923463
CAN,GBR,850511,141603.3710657347
CAN,GIN,850511,1220.078
CAN,GRC,850511,958.0686274509804
CAN,GTM,251110,2829.0369213077697
CAN,GTM,750210,11312.745098039215
CAN,GTM,850511,3651.02
CAN,GUY,252800,18414.9
CAN,HKG,270112,98810899.74202272
CAN,HKG,850511,54304.284
CAN,HND,850511,276.592
CAN,HRV,280429,607.8419600508546
CAN,HRV,850511,5788.556171106125
CAN,HTI,850511,239.712
CAN,HUN,850511,6858.823529411765
CAN,IDN,252910,29696.07843137255
CAN,IDN,270112,43177839.21568628
CAN,IDN,280429,792.896
CAN,IDN,720293,56803.92156862745
CAN,IDN,750210,5283201.960784313
CAN,IDN,850511,3692.957373038776
CAN,IND,250490,28505.31862745098
CAN,IND,252922,1208789.3284313725
CAN,IND,270112,3783985940.052
CAN,IND,280429,5973.252685871174
CAN,IND,280469,725953.308
CAN,IND,283692,22120.11377057608
CAN,IND,720293,15576686.806905905
CAN,IND,750210,58537271.32955735
CAN,IND,810194,16068.829727980967
CAN,IND,810320,291.96
CAN,IND,810820,418937.6398856429
CAN,IND,811292,22185.772
CAN,IND,850511,146789.68684176778
CAN,IRL,250490,1.0323529411764705
CAN,IRL,252922,15.48627450980392
CAN,IRL,280429,18616.98062542974
CAN,IRL,750210,1781002.3164399473
CAN,IRL,810820,22167691.698472872
CAN,IRL,850511,1106.8716234613776
CAN,IRQ,850511,789.824
CAN,ISL,280469,87242.77116680809
CAN,ISR,250490,16239.04
CAN,ISR,810194,2771.26209053496
CAN,ISR,810820,42442.336863102486
CAN,ISR,811292,12913.788
CAN,ISR,850511,5603.8367379859665
CAN,ITA,252922,1365427.2470588235
CAN,ITA,270112,85386708.68390223
CAN,ITA,750210,79940275.93920007
CAN,ITA,810194,24.584
CAN,ITA,810820,3948505.763079339
CAN,ITA,850511,5668.579449950988
CAN,JAM,250490,747.1470588235294
CAN,JAM,850511,207.67319720297328
CAN,JOR,850511,3678.676
CAN,JPN,270112,4064706378.3647833
CAN,JPN,711011,2368330.588
CAN,JPN,720293,1254613.2536130263
CAN,JPN,740311,34693.892
CAN,JPN,750210,211299460.1259401
CAN,JPN,810820,1002578.382493449
CAN,JPN,811292,11590956.66387064
CAN,JPN,850511,14412.669318419345
CAN,KAZ,250490,799.3086082078096
CAN,KAZ,850511,491.72
CAN,KOR,270112,4536080787.7987585
CAN,KOR,280469,1440.205240904099
CAN,KOR,280470,52492.571518270895
CAN,KOR,282200,132.1263682929938
CAN,KOR,711011,298.03921568627453
CAN,KOR,720293,3201450.090671197
CAN,KOR,750210,341775814.41137964
CAN,KOR,810820,1362516.7053172924
CAN,KOR,811010,72098.388
CAN,KOR,811292,17836.57016295775
CAN,KOR,850511,49598.25486790231
CAN,KWT,283691,2339.5098039215686
CAN,KWT,850511,989.5840000000001
CAN,LBN,810820,14904.905347678585
CAN,LBN,850511,6002.052
CAN,LBY,850511,4108.932
CAN,LUX,850511,640.1446887319146
CAN,MAC,850511,14880.664
CAN,MAR,810820,179244.40516392665
CAN,MAR,850511,3429.744
CAN,MDV,850511,1515.112
CAN,MEX,270112,47942661.312
CAN,MEX,711021,1696094.572
CAN,MEX,720293,12668690.19607843
CAN,MEX,750210,48954011.76470588
CAN,MEX,850511,259816.23732440255
CAN,MKD,750210,24942.0
CAN,MKD,850511,12053.921568627451
CAN,MLI,850511,178.248
CAN,MLT,850511,1310.2272612011632
CAN,MMR,740311,1085870.5882352942
CAN,MOZ,850511,2297.142753340348
CAN,MUS,850511,2606.112
CAN,MYS,270112,114972151.65247694
CAN,MYS,280429,12197.076739650789
CAN,MYS,720293,1357173.4347065766
CAN,MYS,750210,24598156.24959392
CAN,MYS,810194,1774.3907692307691
CAN,MYS,811292,12563.436
CAN,MYS,850511,1130.956
CAN,NAM,280469,1274.8823814475795
CAN,NGA,850511,58.392
CAN,NIC,850511,1.1862745098039216
CAN,NLD,251010,12.15076923076923
CAN,NLD,252922,1071785.668627451
CAN,NLD,260600,52.65196078431372
CAN,NLD,270112,528158448.1579439
CAN,NLD,280469,24120.136147318368
CAN,NLD,282200,179.17476199824574
CAN,NLD,283691,5190.716
CAN,NLD,283692,1286.247700860559
CAN,NLD,720293,52264068.56553235
CAN,NLD,750210,627772033.6068763
CAN,NLD,810194,285.13307692307694
CAN,NLD,810820,193617.94893136824
CAN,NLD,811292,126483.55895070048
CAN,NLD,850511,14936.58799384598
CAN,NOR,720293,268241.64509803924
CAN,NOR,810820,310661.3818641032
CAN,NOR,811292,623.9941176470588
CAN,NOR,850511,7969.95816047523
CAN,NZL,280469,457.7592421792941
CAN,NZL,810820,678147.7030214457
CAN,NZL,850511,18426.051096732124
CAN,OMN,850511,91.898760862511
CAN,PAK,750210,731726.3362745098
CAN,PAK,850511,113.712
CAN,PAN,711011,4684.101777319949
CAN,PAN,850511,1794.776
CAN,PER,250490,1546.9901960784314
CAN,PER,280469,9332.321587926597
CAN,PER,740311,158625.38529411764
CAN,PER,811292,2685.582244643761
CAN,PER,850511,9485.211483084702
CAN,PHL,280429,2773.8277567007694
CAN,PHL,750210,64659.80392156863
CAN,PHL,850511,1061.3271600306246
CAN,POL,270112,239286195.45879
CAN,POL,280429,348.3139321639728
CAN,POL,280469,460.4547235834765
CAN,POL,720293,59772.54901960784
CAN,POL,750210,1288783.3333333333
CAN,POL,810820,6973.666455405174
CAN,POL,811292,15502.144432639383
CAN,POL,850511,550.9803921568628
CAN,PRT,810820,74618.6196588169
CAN,PRT,850511,6594.129411764706
CAN,QAT,280469,44598.968
CAN,QAT,850511,8260.888
CAN,ROU,850511,100609.80392156863
CAN,RUS,280469,129.076
CAN,RUS,850511,451.768
CAN,RWA,850511,6269.424
CAN,S19,270112,1332043511.8329804
CAN,S19,280469,236.64
CAN,S19,720293,3975504.3663909994
CAN,S19,750210,127945799.59741108
CAN,S19,810820,32120.08259725742
CAN,S19,811292,2302889.911764706
CAN,S19,850511,46765.608
CAN,SAU,810820,15745.880086717812
CAN,SAU,850511,2318.6225923951342
CAN,SEN,850511,21509.415232736355
CAN,SGP,750210,31964240.740143012
CAN,SGP,810194,30268.416
CAN,SGP,810820,240874.38877202672
CAN,SGP,850511,13508.877668310257
CAN,SLE,850511,1665.7
CAN,SLV,252910,181005.18627450982
CAN,SLV,750210,10439.872549019608
CAN,SLV,850511,4629.395955118914
CAN,SPM,280429,1481.304
CAN,SPM,850511,184.396
CAN,SRB,850511,10661.096
CAN,SUR,850511,937.34
CAN,SVK,270112,938413334.9176471
CAN,SVK,720293,41359628.83921569
CAN,SVK,750210,2428635.733333333
CAN,SVK,850511,2558.4402222211015
CAN,SVN,720293,938785.8745098038
CAN,SVN,750210,125270726.06758368
CAN,SVN,810820,9911.325456457449
CAN,SWE,270112,22989066.684897367
CAN,SWE,280469,16936.668
CAN,SWE,283691,10856.356862745099
CAN,SWE,720293,387.72549019607845
CAN,SWE,750210,280799140.51701415
CAN,SWE,810820,685611.8484019832
CAN,SWE,811292,311602.712
CAN,SWE,850511,7389.9479577802485
CAN,SXM,850511,9450.236
CAN,THA,720293,234937.2431372549
CAN,THA,750210,54728433.67864493
CAN,THA,810820,44381.06950140737
CAN,THA,811292,55177.084
CAN,THA,850511,7119.040137414325
CAN,TTO,850511,1627.4297123221224
CAN,TUN,750210,8870.467647058824
CAN,TUR,250490,78.43137254901961
CAN,TUR,252922,2315035.294117647
CAN,TUR,270112,998857005.6129483
CAN,TUR,720293,28408572.54901961
CAN,TUR,750210,834219.6131043546
CAN,TUR,810820,943111.4275073515
CAN,TUR,811010,2281.74738806758
CAN,TUR,811292,15954.80608577779
CAN,TUR,850511,45932.756
CAN,UKR,720293,61515.39215686274
CAN,UKR,750210,2213688.9019607846
CAN,UKR,810820,59734.02736173968
CAN,URY,280429,10987.011736970582
CAN,URY,850511,1470.714646765991
CAN,USA,250490,149587.27208674484
CAN,USA,251010,359951.84993379784
CAN,USA,251110,114144.00702049992
CAN,USA,252800,340026.9893487502
CAN,USA,252910,21791.35254165796
CAN,USA,252922,6313.725490196079
CAN,USA,260200,14554.9
CAN,USA,260600,6881157.932
CAN,USA,270112,450338595.3202428
CAN,USA,280429,66742376.90216397
CAN,USA,280469,322969634.9092492
CAN,USA,283691,75638.768
CAN,USA,283692,127770.264
CAN,USA,711011,18250907.25015001
CAN,USA,711021,2981527.223427556
CAN,USA,720292,98518858.1642511
CAN,USA,720293,227908700.8075335
CAN,USA,740311,1880852380.9707754
CAN,USA,750210,1836104273.763812
CAN,USA,810194,25800.057063869357
CAN,USA,810320,606251.0617826831
CAN,USA,810411,23158839.195956156
CAN,USA,810820,29302849.22177491
CAN,USA,811010,324146.9026723251
CAN,USA,811212,350386.2927001022
CAN,USA,811231,4126.943390465271
CAN,USA,811292,16862117.656738143
CAN,USA,850511,9977440.281787071
CAN,VCT,283691,269.61470588235295
CAN,VCT,850511,150.588
CAN,VNM,270112,70019544.52374978
CAN,VNM,280429,3699.73790130472
CAN,VNM,720293,1250.9803921568628
CAN,VNM,750210,10390325.992158724
CAN,VNM,811292,23107.748
CAN,VNM,850511,757.0155158385586
CAN,ZAF,250490,59.22352941176471
CAN,ZAF,280429,17105.980152663262
CAN,ZAF,283691,1406.7140714000157
CAN,ZAF,720293,29915424.39345007
CAN,ZAF,810320,18630.44697753832
CAN,ZAF,810820,19297.54573059765
CAN,ZAF,811292,10536.494117647058
CAN,ZAF,850511,998.6626137267156
CHE,ABW,850511,460.76
CHE,AGO,850511,220.93333333333334
CHE,ALB,850511,3828.512
CHE,ARE,252800,1098.6607843137256
CHE,ARE,260200,43.07226194633618
CHE,ARE,280429,6154.916674517413
CHE,ARE,280469,5782.773352709917
CHE,ARE,711011,39951850.85427441
CHE,ARE,711021,1447738.972
CHE,ARE,810820,268.81595527856007
CHE,ARE,850511,77935.65200024936
CHE,ARG,280429,6010.848
CHE,ARG,810194,9520.815384615384
CHE,ARG,850511,8769.796333400673
CHE,ARM,810411,141.2923076923077
CHE,ARM,850511,1383.764705882353
CHE,AUS,280429,31054.941885795797
CHE,AUS,280469,2081.804
CHE,AUS,711011,8817243.33589721
CHE,AUS,711021,6412891.155508063
CHE,AUS,810320,9370.11688816697
CHE,AUS,850511,149532.5450854523
CHE,AUT,280429,11791.345761591658
CHE,AUT,280469,23989.418826891568
CHE,AUT,283691,32566.91489050948
CHE,AUT,711011,33966885.76329949
CHE,AUT,711021,1802.051708115598
CHE,AUT,740311,12986.709892593728
CHE,AUT,750210,288995.34109935496
CHE,AUT,810411,1666458.448
CHE,AUT,810820,78.95058193557263
CHE,AUT,850511,1117322.9747399448
CHE,BEL,280429,116197.52591353154
CHE,BEL,711011,96565.79019607844
CHE,BEL,810194,376961.864
CHE,BEL,810820,870.6362873151511
CHE,BEL,850511,127907.75996371989
CHE,BGD,850511,791.672
CHE,BGR,811231,7330.685259016181
CHE,BGR,850511,544979.2224267985
CHE,BHR,850511,2822.301994459718
CHE,BIH,810411,3819712.369230769
CHE,BIH,850511,91404.40854744456
CHE,BLZ,850511,184.304
CHE,BOL,850511,9508.014884573335
CHE,BRA,283691,2574.5098039215686
CHE,BRA,750210,981311.7647058823
CHE,BRA,810194,34820.0
CHE,BRA,850511,205917.63900305174
CHE,CAN,251110,628.2262185050973
CHE,CAN,283691,3889.76862745098
CHE,CAN,711011,20000091.994521324
CHE,CAN,711021,20666726.92548769
CHE,CAN,750210,222.96078431372547
CHE,CAN,811292,2286.858823529412
CHE,CAN,850511,523863.53387775284
CHE,CHL,711021,3748469.664
CHE,CHL,850511,2905.461080582952
CHE,CHN,251010,127.6923076923077
CHE,CHN,280429,57595.236
CHE,CHN,280469,2409.6819205788424
CHE,CHN,282200,23878.20712953995
CHE,CHN,711011,85653176.7934398
CHE,CHN,711021,13794582.246395255
CHE,CHN,740311,516.6666666666666
CHE,CHN,750210,272.54901960784315
CHE,CHN,810820,456177.5090302983
CHE,CHN,850511,2781531.075961157
CHE,CIV,850511,1636.0852050292447
CHE,CMR,850511,37.41176470588235
CHE,COL,850511,20205.92468334838
CHE,CRI,850511,1842.7296088352387
CHE,CUB,850511,582.7450980392157
CHE,CYP,850511,1526.6987540287812
CHE,CZE,280429,4175.864508856593
CHE,CZE,282200,56356.173549316656
CHE,CZE,711011,229580.74186039733
CHE,CZE,850511,4463740.004352273
CHE,DEU,251010,16532.976
CHE,DEU,251110,19997.584122258468
CHE,DEU,252800,1793.8705882352942
CHE,DEU,252910,20.944
CHE,DEU,252922,2159.286274509804
CHE,DEU,260600,2881.856
CHE,DEU,280429,8650050.348490013
CHE,DEU,280469,200.20224675109998
CHE,DEU,283691,26837.80826618944
CHE,DEU,283692,8508.909812281467
CHE,DEU,711011,258457081.5674453
CHE,DEU,711021,452534150.19018537
CHE,DEU,720293,22300.876
CHE,DEU,740311,1820164.4636277782
CHE,DEU,750210,3186653.215317905
CHE,DEU,810194,4045218.2450983752
CHE,DEU,810320,2142.0393300692313
CHE,DEU,810411,277524.55384615384
CHE,DEU,810820,3014.0051188616
CHE,DEU,811231,59635.154
CHE,DEU,811292,722006.778845858
CHE,DEU,850511,206067778.1635114
CHE,DNK,280429,423101.8637233271
CHE,DNK,711011,39982.566666666666
CHE,DNK,711021,8784.48444583352
CHE,DNK,850511,96612.1803604658
CHE,DOM,850511,2105.1543463299354
CHE,DZA,850511,7929.292
CHE,ECU,850511,3491.671137551498
CHE,EGY,251110,1111.6281232024562
CHE,EGY,850511,796.9437609049879
CHE,ESP,251110,4084.8556101190597
CHE,ESP,260600,28358.149019607845
CHE,ESP,280429,974039.8701906538
CHE,ESP,280470,41506.268
CHE,ESP,282200,4547364.571782881
CHE,ESP,283691,2246.5019607843133
CHE,ESP,711011,165459.44488208136
CHE,ESP,711021,2722351.7945384146
CHE,ESP,810194,7115.366153846154
CHE,ESP,810820,431.6482682371935
CHE,ESP,850511,1329692.9298651179
CHE,EST,850511,6036.513606815774
CHE,ETH,850511,49.0735294117647
CHE,FIN,280429,4786.57269054188
CHE,FIN,711011,476775.452
CHE,FIN,711021,213580.4471695195
CHE,FIN,810820,1433.1004936184684
CHE,FIN,811292,218.8686274509804
CHE,FIN,850511,92689.06533915302
CHE,FRA,250490,964.7364440142284
CHE,FRA,251010,4.188
CHE,FRA,251110,997.6481352218576
CHE,FRA,260600,4454.02106372664
CHE,FRA,280429,8501321.292530857
CHE,FRA,280469,2114726.8934242665
CHE,FRA,280470,302.26294219184393
CHE,FRA,282200,26565.016
CHE,FRA,283691,295.65203226632417
CHE,FRA,711011,12749324.25300762
CHE,FRA,711021,72788260.24693453
CHE,FRA,740311,8393.5694593566
CHE,FRA,810194,11539.988117943223
CHE,FRA,810320,779.125777528057
CHE,FRA,810411,5258147.420568362
CHE,FRA,810820,553310.3138465999
CHE,FRA,811231,176.1348255574152
CHE,FRA,811292,2551.0015623381487
CHE,FRA,850511,10797560.177588845
CHE,GBR,280429,16896.20238162009
CHE,GBR,283691,35860.18321619055
CHE,GBR,711011,65024573.82445493
CHE,GBR,711021,1302490297.4176664
CHE,GBR,810194,322537.508
CHE,GBR,810320,90053.816
CHE,GBR,810820,378760.2066443912
CHE,GBR,811231,2900196.9343276666
CHE,GBR,811292,285420.89803921565
CHE,GBR,850511,7881322.3580839755
CHE,GEO,720293,2280258.060784314
CHE,GEO,850511,1324.639492396266
CHE,GHA,850511,17196.84705882353
CHE,GRC,850511,7359.624
CHE,GTM,850511,186.27450980392157
CHE,HKG,280429,29677.256
CHE,HKG,711011,94281332.6512881
CHE,HKG,711021,230328710.53306967
CHE,HKG,850511,872082.6575488175
CHE,HND,850511,121.472
CHE,HRV,280429,450.7592063298472
CHE,HRV,850511,17875.404795927712
CHE,HUN,280429,1887.0995450381201
CHE,HUN,810194,4832.309503788814
CHE,HUN,810820,70841.46897113453
CHE,HUN,850511,5263128.97466356
CHE,IDN,280429,823.4648704380759
CHE,IDN,850511,9960.186421116252
CHE,IND,260200,3142962.3107190547
CHE,IND,280429,1050.5245760993198
CHE,IND,711011,461785.7599233501
CHE,IND,711021,1295222.6
CHE,IND,720293,959202.2029411765
CHE,IND,750210,18728355.20588235
CHE,IND,810820,407460.20053616114
CHE,IND,811231,8331.412
CHE,IND,850511,248610.89662251287
CHE,IRL,280429,1468.1929832043118
CHE,IRL,711021,25814787.932689764
CHE,IRL,850511,199243.833386413
CHE,IRN,260600,338020.5882352941
CHE,IRN,280429,59949.998772591905
CHE,IRN,750210,264632.2061645381
CHE,IRN,810194,14023.846153846154
CHE,IRN,850511,14937.064
CHE,ISL,850511,2958.999837775351
CHE,ISR,280429,113255.272
CHE,ISR,711011,62960.791309954206
CHE,ISR,720292,663725.4901960784
CHE,ISR,850511,168421.8872852348
CHE,ITA,252910,79.588
CHE,ITA,280429,91489.30556395253
CHE,ITA,280469,3229.52
CHE,ITA,711011,84465858.57880355
CHE,ITA,711021,113179081.58648162
CHE,ITA,740311,2412.720588235294
CHE,ITA,810194,83757.08435460404
CHE,ITA,810820,769977.3335647536
CHE,ITA,850511,2896263.1642361525
CHE,JOR,850511,3405.448
CHE,JPN,280429,23370.399363737415
CHE,JPN,711011,4837608.078079218
CHE,JPN,711021,26484992.129554525
CHE,JPN,740311,5041.737015509435
CHE,JPN,850511,1131182.311276324
CHE,KAZ,850511,1407.42
CHE,KEN,280429,296.1439202123207
CHE,KEN,850511,5405.602212759985
CHE,KOR,270112,20144740.19607843
CHE,KOR,280429,19265.569208371646
CHE,KOR,280469,1746.7647139667297
CHE,KOR,283691,1380.392156862745
CHE,KOR,711011,763832.2191647902
CHE,KOR,711021,4222932.54964905
CHE,KOR,750210,178.4313725490196
CHE,KOR,850511,317985.661121732
CHE,KWT,280429,10803.467480016854
CHE,KWT,850511,880.9674006441965
CHE,LBN,711011,410677.068
CHE,LBN,711021,100948.64828965896
CHE,LBN,850511,815.9727397476753
CHE,LBY,850511,121.472
CHE,LKA,850511,188.7990152390573
CHE,LTU,711021,25326.530601871666
CHE,LTU,850511,8777.758385026395
CHE,LUX,280429,1813.728
CHE,LUX,711011,2213.050980392157
CHE,LUX,810820,16508.602419987394
CHE,LUX,850511,22993.069964256763
CHE,LVA,280429,4870.00636786478
CHE,LVA,850511,41975.408
CHE,MAR,850511,7072.616058492323
CHE,MDA,850511,2340.375815322631
CHE,MDV,850511,221.72754393875806
CHE,MEX,850511,461523.1025408062
CHE,MKD,280429,52845.2
CHE,MKD,850511,608214.064
CHE,MLI,850511,7409.888
CHE,MLT,850511,4517.714852671012
CHE,MUS,251110,63436.78815672168
CHE,MUS,750210,8360.732
CHE,MYS,270112,28750809.429411765
CHE,MYS,280429,8325.15575892837
CHE,MYS,750210,1415697.7764705883
CHE,MYS,850511,790572.7699922249
CHE,NCL,850511,22711.372
CHE,NGA,850511,20600.244
CHE,NLD,250490,1478.3980392156861
CHE,NLD,251010,4760.9426403492735
CHE,NLD,251110,6741.8728667989335
CHE,NLD,270112,14.45392156862745
CHE,NLD,280429,437453.7085837305
CHE,NLD,283691,162.0872549019608
CHE,NLD,711011,4531.205882352941
CHE,NLD,750210,18381697.87352941
CHE,NLD,810194,23009.20323770596
CHE,NLD,810411,339217.088
CHE,NLD,810820,175.889988150079
CHE,NLD,811231,2136.26
CHE,NLD,811292,9819.16274509804
CHE,NLD,850511,3364602.300843277
CHE,NOR,280429,3235.7784032377913
CHE,NOR,280469,4224.792572974427
CHE,NOR,283691,973528.194117647
CHE,NOR,711011,552427.4254901961
CHE,NOR,711021,1324630.6543634401
CHE,NOR,850511,177673.69941460577
CHE,NZL,280429,17969.712
CHE,NZL,282200,632.2199195349144
CHE,NZL,850511,28149.967933970092
CHE,OMN,260600,11106.861764705882
CHE,OMN,850511,638.1345862111467
CHE,PAK,740311,1240520.1843137254
CHE,PAK,850511,384.39062211997754
CHE,PAN,850511,1089.074
CHE,PER,280429,20.206110742621505
CHE,PER,850511,1516.1622372246732
CHE,PHL,280429,4068.5408883018677
CHE,PHL,850511,9033.926531818157
CHE,POL,251110,75766.21504082304
CHE,POL,280429,1690.8754748216913
CHE,POL,810194,355.38461538461536
CHE,POL,810411,204228.46153846153
CHE,POL,810820,70480.59535839922
CHE,POL,811292,1101.9607843137255
CHE,POL,850511,309855.7037208479
CHE,PRT,250490,755.7490196078431
CHE,PRT,260200,4.188
CHE,PRT,280429,32890.02
CHE,PRT,740311,10099.064
CHE,PRT,810820,889225.2350596703
CHE,PRT,850511,425652.4145803369
CHE,PRY,280480,128.86153846153846
CHE,PRY,850511,20.944
CHE,QAT,280429,4972.04
CHE,QAT,711011,34137.75588235294
CHE,QAT,850511,1130.96
CHE,ROU,280429,2057.8426139018625
CHE,ROU,810820,15842.920300745749
CHE,ROU,811231,13269.944
CHE,ROU,850511,329198.0644481497
CHE,RUS,850511,18614.78
CHE,RWA,850511,33086.892
CHE,S19,280429,21494.485089295136
CHE,S19,280469,17047.047911240046
CHE,S19,283691,65.83333333333334
CHE,S19,740311,6461001.980392156
CHE,S19,810320,4417.429366553376
CHE,S19,811292,41.888
CHE,S19,850511,842105.3881009055
CHE,SAU,280429,9960.836
CHE,SAU,711011,17140.17068542368
CHE,SAU,711021,8049.296414117105
CHE,SAU,740311,201337.25
CHE,SAU,850511,117909.45212393937
CHE,SDN,850511,58.644
CHE,SEN,260600,757865.2372549019
CHE,SGP,250490,71188.41764705883
CHE,SGP,280429,29739.27510369528
CHE,SGP,283691,980.6294117647059
CHE,SGP,711011,56127.68823529412
CHE,SGP,850511,919283.851852118
CHE,SRB,280429,975.976
CHE,SRB,280470,90.82615077345012
CHE,SRB,850511,28702.411707515497
CHE,SVK,850511,657745.886855293
CHE,SVN,810820,567.015058944306
CHE,SVN,811292,2033.6
CHE,SVN,850511,1934097.7479729198
CHE,SWE,280429,178110.7840207419
CHE,SWE,282200,6849.621963213109
CHE,SWE,711011,100033.5725490196
CHE,SWE,711021,2244497.2321606902
CHE,SWE,750210,25276699.8627451
CHE,SWE,850511,327063.01312207023
CHE,TGO,850511,7120.864
CHE,THA,711021,12985.108
CHE,THA,740311,41443.436
CHE,THA,810194,95989.68
CHE,THA,810820,723.1668694878271
CHE,THA,850511,515616.03318771516
CHE,TTO,850511,218.54901960784312
CHE,TUN,850511,6094.624
CHE,TUR,250490,86.27450980392156
CHE,TUR,251110,437.4365742135118
CHE,TUR,282200,7391.472229110213
CHE,TUR,711011,373621.33975741826
CHE,TUR,711021,7739006.868
CHE,TUR,850511,342982.3745515203
CHE,UGA,850511,2442.333333333333
CHE,UKR,850511,38383.19925684357
CHE,URY,850511,71.208
CHE,USA,250490,12645.098039215685
CHE,USA,251010,230.38
CHE,USA,251110,14849.1
CHE,USA,280429,3741216.859500105
CHE,USA,282200,366.5997564134109
CHE,USA,283691,13036.091214479911
CHE,USA,711011,118120631.90667869
CHE,USA,711021,526640057.65060776
CHE,USA,810194,473.328
CHE,USA,810320,20.944
CHE,USA,810820,92523.11364819173
CHE,USA,811010,155261.47194765802
CHE,USA,811231,8331.412
CHE,USA,811292,256373.5294117647
CHE,USA,850511,19459578.68610683
CHE,UZB,850511,38.23529411764706
CHE,VEN,850511,31222.9
CHE,VNM,711021,22087.022388838683
CHE,VNM,850511,32079.473331262543
CHE,YEM,850511,234.568
CHE,ZAF,280429,22583.03246259964
CHE,ZAF,282200,3339.1584146629184
CHE,ZAF,283691,84832.37254901961
CHE,ZAF,711011,7121152.337254901
CHE,ZAF,850511,33159.43676256103
CHE,ZMB,850511,288.91764705882355
CHL,ARE,283691,607466.9803921568
CHL,ARE,740311,11287267.18229825
CHL,ARG,260200,18960.0
CHL,ARG,280429,182386.19068751662
CHL,ARG,283691,1948063.6874977562
CHL,ARG,720292,827440.56
CHL,ARG,740311,9291890.971969903
CHL,AUS,283691,189431.68039215688
CHL,AUT,283691,5836339.2970588235
CHL,AZE,283691,64470.58823529412
CHL,BEL,283691,235990197.92940697
CHL,BEL,740311,699030.99
CHL,BEL,850511,135.0
CHL,BLZ,850511,127.47058823529413
CHL,BOL,252910,10355.392
CHL,BOL,260600,5467.851
CHL,BOL,720292,11027.94
CHL,BOL,740311,117068.62745098039
CHL,BOL,750210,17062.5
CHL,BOL,850511,150671.0
CHL,BRA,252800,9193931.292477319
CHL,BRA,252910,3950.805693373366
CHL,BRA,740311,2353222200.2603145
CHL,CAN,252800,495711.81176470587
CHL,CAN,283691,7393798.384309908
CHL,CAN,740311,203196611.94117647
CHL,CAN,750210,750.2352941176471
CHL,CAN,850511,165.71372549019605
CHL,CHE,283691,786691.3725490195
CHL,CHE,711011,2075017.737254902
CHL,CHE,711021,23662314.051021874
CHL,CHE,850511,32.85098039215686
CHL,CHN,252800,31923.54213573794
CHL,CHN,283691,6058204481.79101
CHL,CHN,740311,7821317325.574487
CHL,CHN,810820,37.9611169167687
CHL,COL,252800,371210.7450980392
CHL,COL,280429,350.35
CHL,COL,283691,191652.94117647057
CHL,COL,810194,13677.87
CHL,CRI,280429,5355.995040476355
CHL,CRI,850511,1411.764705882353
CHL,CYP,850511,611.1803921568627
CHL,CZE,283691,86470.58823529411
CHL,DEU,252800,374220.9862745098
CHL,DEU,283691,77181043.1888161
CHL,DEU,740311,180467365.27478442
CHL,DEU,811292,149478.87
CHL,ECU,252800,19636.823894295976
CHL,ECU,280429,99781.93367381963
CHL,ECU,850511,128.6556975315027
CHL,ESP,283691,31992082.812335413
CHL,ESP,740311,615095544.1307675
CHL,EST,283691,26687.05882352941
CHL,FRA,283691,130554672.74901961
CHL,FRA,740311,1193355454.2416697
CHL,FRA,850511,166.1
CHL,GBR,283691,457939097.95686275
CHL,GRC,740311,25696425.39425105
CHL,IDN,283691,48582.35294117647
CHL,IDN,740311,131782239.80480808
CHL,IND,811292,9645.91
CHL,IND,850511,129.76470588235296
CHL,IRL,283691,289.07254901960783
CHL,IRL,850511,7.226470588235294
CHL,ITA,740311,254374338.01717183
CHL,JPN,283691,526266748.5841931
CHL,JPN,740311,7064915.426584157
CHL,KAZ,283691,37398.54901960784
CHL,KOR,283691,1222611750.3157942
CHL,KOR,740311,1855156194.7009006
CHL,KOR,811292,54127.789552024835
CHL,KOR,850511,16.666666666666668
CHL,MEX,252800,863601.12
CHL,MEX,283691,7172688.97
CHL,MEX,740311,116653397.88069761
CHL,MUS,252800,7329.356862745099
CHL,MYS,252800,306776.2569700638
CHL,MYS,283691,70868.58039215687
CHL,MYS,740311,198651846.46420914
CHL,NLD,283691,50882965.617568314
CHL,NLD,740311,254445673.50662988
CHL,NLD,850511,113.6
CHL,NOR,283691,806702.0078431371
CHL,NZL,252800,553189.5637254901
CHL,PAN,740311,2677045.1
CHL,PER,251110,1232.7789676637422
CHL,PER,252910,2864.165585610773
CHL,PER,260600,866.267
CHL,PER,280429,328876.3702297207
CHL,PER,850511,599.851163463726
CHL,PHL,283691,29988.235294117647
CHL,POL,283691,2455482.3529411764
CHL,POL,850511,7.8431372549019605
CHL,PRT,850511,22730.6431372549
CHL,PRY,252800,55137.765187683
CHL,PRY,260600,113.52
CHL,PRY,850511,39962.747
CHL,QAT,283691,21328.735294117647
CHL,RUS,283691,5825535.41
CHL,S19,283691,817528.1328252769
CHL,S19,740311,959377457.1743815
CHL,S19,811292,38874.69607843137
CHL,SGP,740311,13528859.914705882
CHL,SVK,283691,23910.4
CHL,SVN,283691,7552196.01372549
CHL,SWE,740311,113991.74509803922
CHL,THA,252800,17160.0
CHL,THA,283691,8612414.901960783
CHL,THA,740311,722503992.274683
CHL,TUR,740311,285051623.52941173
CHL,URY,260600,5749.455
CHL,URY,850511,5430.801866528215
CHL,USA,280429,597.0
CHL,USA,280480,113943.84615384616
CHL,USA,283691,123979466.04035427
CHL,USA,740311,3857928262.2368793
CHL,USA,811292,332801.99226839986
CHL,USA,850511,111.36
CHL,VNM,283691,6343586.676923753
CHL,VNM,740311,207139322.46054685
CHL,ZAF,850511,23.976470588235294
CHN,ABW,850511,2377.7217935819745
CHN,AGO,252800,450.7470588235294
CHN,AGO,260200,785170.28989395
CHN,AGO,280429,66537.26502555162
CHN,AGO,280469,315808.35367662273
CHN,AGO,282200,18084.09800628557
CHN,AGO,810820,2250.623515314616
CHN,AGO,850511,30402.886527614544
CHN,ALB,280469,1419600.0
CHN,ALB,810411,89267.0
CHN,ALB,850511,19838.0
CHN,AND,850511,7033.246593388037
CHN,ARE,250490,80.0
CHN,ARE,251010,4608.053846153846
CHN,ARE,251110,1627860.897239707
CHN,ARE,252910,131207.0
CHN,ARE,260200,20660.002179956526
CHN,ARE,260600,138427.63137254902
CHN,ARE,280429,14704.558688278887
CHN,ARE,280469,207184500.0094542
CHN,ARE,280470,104565.0
CHN,ARE,280480,62650.0
CHN,ARE,282200,3662956.2569274846
CHN,ARE,283691,90459.55784313726
CHN,ARE,711021,1268.4226323414011
CHN,ARE,720292,631921.0308780255
CHN,ARE,720293,21773.88823529412
CHN,ARE,740311,10293703.579411766
CHN,ARE,750210,86692.21176470588
CHN,ARE,810320,71121.50180413276
CHN,ARE,810411,72251770.19905612
CHN,ARE,810820,677120.4890780476
CHN,ARE,811010,17950.278847548783
CHN,ARE,811292,59.34901960784314
CHN,ARE,850511,3573481.135350015
CHN,ARG,250490,37441.17647058824
CHN,ARG,251110,5943575.290564045
CHN,ARG,260600,33854365.823529415
CHN,ARG,280429,199544.62647744207
CHN,ARG,280469,4798332.507917792
CHN,ARG,282200,202474.10655830355
CHN,ARG,720292,3769400.8152821437
CHN,ARG,750210,235960.29411764705
CHN,ARG,810411,12999565.916892674
CHN,ARG,810820,82223.09383525945
CHN,ARG,811010,202234.3159038157
CHN,ARG,850511,2483946.261970764
CHN,ARM,250490,4225.647058823529
CHN,ARM,740311,1348.549019607843
CHN,ARM,810820,3645.6868818246267
CHN,ARM,850511,76444.39241695577
CHN,ATG,850511,1163.3910988193707
CHN,AUS,250490,4612.043137254902
CHN,AUS,251110,3419266.4202501466
CHN,AUS,252800,24963.209126590267
CHN,AUS,252910,100.0
CHN,AUS,252922,34678.01460796791
CHN,AUS,260200,1826.316314126287
CHN,AUS,260600,4529766.92745098
CHN,AUS,280429,1007938.6980277268
CHN,AUS,280469,17199752.40191615
CHN,AUS,280470,117464.7680906333
CHN,AUS,280480,22715.320248489188
CHN,AUS,282200,727619.7518004299
CHN,AUS,283691,7069279.961076795
CHN,AUS,283692,90649.78933083024
CHN,AUS,720292,44560.80576883533
CHN,AUS,720293,111957.02384549816
CHN,AUS,740311,3547.247058823529
CHN,AUS,750210,3407760.9176470586
CHN,AUS,810194,111820.8635989968
CHN,AUS,810320,16344.127625861158
CHN,AUS,810411,14090632.010448633
CHN,AUS,810820,816308.488541354
CHN,AUS,811010,414217.2603187561
CHN,AUS,811292,2039.0
CHN,AUS,850511,27263309.787410017
CHN,AUT,250490,133950.88333333333
CHN,AUT,251010,19.44076923076923
CHN,AUT,251110,51357.15182577415
CHN,AUT,252910,453.22352941176473
CHN,AUT,252922,69673.62058823528
CHN,AUT,260600,99848.62549019608
CHN,AUT,280429,1819822.7400756676
CHN,AUT,280469,5.0
CHN,AUT,280480,4055.0469230769227
CHN,AUT,283691,427950.70392156864
CHN,AUT,720292,1207277.925490196
CHN,AUT,750210,968390.7470588236
CHN,AUT,810320,2376987.0
CHN,AUT,810411,1048490.0
CHN,AUT,810820,52892.86870799433
CHN,AUT,811010,3286653.760447569
CHN,AUT,811292,945.6794117647058
CHN,AUT,850511,18638828.517263535
CHN,AZE,252910,1338.5098039215686
CHN,AZE,280429,10769.90580928115
CHN,AZE,280469,9326411.984138964
CHN,AZE,750210,72245.64705882352
CHN,AZE,810411,7033238.153846153
CHN,AZE,811292,87512.39215686274
CHN,AZE,850511,95129.57151435464
CHN,BDI,850511,4121.15617094211
CHN,BEL,251010,10083.446153846153
CHN,BEL,251110,6364.955838838331
CHN,BEL,252800,57470.27446677016
CHN,BEL,260200,4543.333750982921
CHN,BEL,260600,1094136.5461518725
CHN,BEL,280429,206.54040508045819
CHN,BEL,280469,1058187.7875318879
CHN,BEL,280470,7082.457038927947
CHN,BEL,280480,20354.95
CHN,BEL,282200,3666540.2970754243
CHN,BEL,283691,9532.056973782494
CHN,BEL,711011,0.7264705882352941
CHN,BEL,720292,366335.57872806955
CHN,BEL,720293,6817.023529411764
CHN,BEL,740311,555.0401960784313
CHN,BEL,750210,4846920.0
CHN,BEL,810411,3914113.47713174
CHN,BEL,810820,420562.56449115893
CHN,BEL,811010,8861432.01043425
CHN,BEL,811292,8935342.044117646
CHN,BEL,850511,9392330.435368972
CHN,BEN,850511,23234.05965492789
CHN,BFA,250490,16287.394117647058
CHN,BFA,280429,5956.135067248491
CHN,BFA,850511,1184.8599829247757
CHN,BGD,251110,1129276.0
CHN,BGD,252910,151457.0
CHN,BGD,260200,132818.0
CHN,BGD,280469,1083850.0
CHN,BGD,280470,125400.0
CHN,BGD,280480,46610.0
CHN,BGD,283691,49396.0
CHN,BGD,740311,4724329.0
CHN,BGD,810411,758111.0
CHN,BGD,811010,600408.0
CHN,BGD,850511,1289618.0
CHN,BGR,260200,419075.9898945588
CHN,BGR,260600,71649.61176470589
CHN,BGR,280469,976050.7029075886
CHN,BGR,810194,302130.8338461538
CHN,BGR,810411,1928606.2354509463
CHN,BGR,810820,10503.81827419975
CHN,BGR,811292,64996.10196078432
CHN,BGR,850511,3552452.208709126
CHN,BHR,250490,11581.351960784314
CHN,BHR,280429,88728.03830789584
CHN,BHR,280469,101766055.48783773
CHN,BHR,720292,1561003.4334792537
CHN,BHR,810411,48210033.617030345
CHN,BHR,850511,32000.68176093265
CHN,BHS,850511,12460.175804365192
CHN,BIH,280429,78998.45840375347
CHN,BIH,280469,46128911.23739013
CHN,BIH,283691,184.15686274509804
CHN,BIH,810411,24430597.846153844
CHN,BIH,811010,1859846.8229035956
CHN,BIH,850511,906532.199928491
CHN,BLR,720293,85560.0
CHN,BLR,850511,1546174.0
CHN,BLZ,850511,9945.536165923564
CHN,BMU,810820,484.7020817749972
CHN,BMU,850511,35.313725490196084
CHN,BOL,250490,80.3921568627451
CHN,BOL,251110,28889.320830077737
CHN,BOL,252800,4072.549019607843
CHN,BOL,260200,963.2941862606144
CHN,BOL,280429,481.9806232184946
CHN,BOL,280480,3366.153846153846
CHN,BOL,720292,372331.3725490196
CHN,BOL,750210,15145.098039215685
CHN,BOL,810820,6250.297900345966
CHN,BOL,850511,146646.80232731163
CHN,BRA,250490,85933.33333333333
CHN,BRA,251110,1555225.7395433371
CHN,BRA,260200,625401.2504591164
CHN,BRA,260600,2216588.2352941176
CHN,BRA,280429,147265.5694480833
CHN,BRA,280469,35226014.47147091
CHN,BRA,280470,848624.0078813538
CHN,BRA,280480,64488.882032217574
CHN,BRA,282200,11271539.870631393
CHN,BRA,283691,1587.3398870963372
CHN,BRA,283692,281146.0086638592
CHN,BRA,720292,7388429.670668934
CHN,BRA,720293,699400.0
CHN,BRA,750210,3186.2745098039213
CHN,BRA,810194,1036220.0
CHN,BRA,810320,5360.0
CHN,BRA,810411,52088882.73793551
CHN,BRA,810820,79704.09340306922
CHN,BRA,811010,1338366.1921728577
CHN,BRA,811292,26751.50441984922
CHN,BRA,850511,55115740.908470646
CHN,BRB,850511,5444.0
CHN,BRN,251110,137628.3828974728
CHN,BRN,280429,40021.37230725391
CHN,BRN,850511,13194.085342431736
CHN,BTN,810411,689480.7515384614
CHN,BTN,850511,3483.072549019608
CHN,BWA,280469,8108.854254408523
CHN,BWA,810820,23.799722250968134
CHN,BWA,850511,455.44075739370925
CHN,CAF,850511,158.0
CHN,CAN,250490,2330.7117257042705
CHN,CAN,251010,541.363076923077
CHN,CAN,251110,525664.5374368253
CHN,CAN,252800,3061.1960784313724
CHN,CAN,252910,1.0
CHN,CAN,252922,17710387.546557106
CHN,CAN,260600,20223200.992156863
CHN,CAN,280429,26074.84744420962
CHN,CAN,280469,918611.9751372784
CHN,CAN,280470,448667.4301152852
CHN,CAN,280480,119009.24857283279
CHN,CAN,282200,89663.5756379361
CHN,CAN,283691,1493800.4407116724
CHN,CAN,283692,21.41809153910593
CHN,CAN,711011,6842.494117647058
CHN,CAN,711021,38573.52080712698
CHN,CAN,720292,15691025.349455744
CHN,CAN,740311,596.9543356670354
CHN,CAN,810194,3961106.362307692
CHN,CAN,810320,561512.0800306711
CHN,CAN,810411,275617380.26680964
CHN,CAN,810820,1538730.133617902
CHN,CAN,811010,1078287.7711506954
CHN,CAN,811292,2958757.85068277
CHN,CAN,850511,45645086.90305914
CHN,CHE,250490,13876.243137254902
CHN,CHE,251110,9513.91572926486
CHN,CHE,252922,4394.0745098039215
CHN,CHE,260600,35497.5568627451
CHN,CHE,280429,1000492.5755547853
CHN,CHE,280469,2351231.8427984477
CHN,CHE,280470,8801.245393622161
CHN,CHE,282200,537.5166815994397
CHN,CHE,283691,114044.72549019607
CHN,CHE,283692,7379.179816323439
CHN,CHE,711011,11510098.792156862
CHN,CHE,720292,3247463.7215686277
CHN,CHE,740311,1153.956862745098
CHN,CHE,810194,92187.82153846153
CHN,CHE,810320,166962.7000944498
CHN,CHE,810411,884292.2774267696
CHN,CHE,810820,665074.5568416939
CHN,CHE,811010,766598.323081793
CHN,CHE,811231,110432.335410664
CHN,CHE,811292,659134.9220701947
CHN,CHE,850511,245004838.07905304
CHN,CHL,251110,180883.18433177288
CHN,CHL,252910,22748.207843137254
CHN,CHL,260600,59353.370588235295
CHN,CHL,270112,24488.417647058825
CHN,CHL,280429,238110.87562729686
CHN,CHL,280469,8881.016187058438
CHN,CHL,280470,323154.6038941901
CHN,CHL,283691,1215.3365834150632
CHN,CHL,283692,24052.889086349864
CHN,CHL,720292,261300.83573387482
CHN,CHL,720293,6765.117647058823
CHN,CHL,810194,2714.2615384615383
CHN,CHL,810820,12312.341258940076
CHN,CHL,811292,1320.0
CHN,CHL,850511,1843506.7841452507
CHN,CIV,251110,3332.557392057587
CHN,CIV,252800,6960.900980392156
CHN,CIV,252910,15624.0
CHN,CIV,850511,25554.39494323478
CHN,CMR,280469,242243.79749524227
CHN,CMR,720293,12822.901960784315
CHN,CMR,810411,964775.182607874
CHN,CMR,850511,25548.275236005717
CHN,COD,251110,961.2155571591401
CHN,COD,252800,1181.9225490196077
CHN,COD,252910,16800.0
CHN,COD,280480,1146.7892307692307
CHN,COD,283692,80542.07033357458
CHN,COD,740311,1685651.4833333334
CHN,COD,850511,101777.10123302191
CHN,COG,251110,873.4640979235475
CHN,COG,252910,313000.1992700597
CHN,COG,283692,171700.35929585833
CHN,COG,850511,118.48795768827405
CHN,COL,250490,665793.4901960784
CHN,COL,251110,3378.6707702671115
CHN,COL,252910,4920.0
CHN,COL,260600,15120435.843137255
CHN,COL,280469,5199735.192479418
CHN,COL,280480,55800.71315171846
CHN,COL,283691,128132.70760334058
CHN,COL,720292,11293646.901960785
CHN,COL,810194,919255.076923077
CHN,COL,810411,3440794.6722807786
CHN,COL,810820,21550.162508674304
CHN,COL,811010,653.9210504384216
CHN,COL,850511,4128187.6882353495
CHN,COM,850511,349.0
CHN,CPV,850511,288.5792473652138
CHN,CRI,251110,216.2619124977108
CHN,CRI,260200,388914.0
CHN,CRI,280469,4875.0
CHN,CRI,283691,58889.388940338344
CHN,CRI,810820,891.6960471250351
CHN,CRI,850511,441450.0117879048
CHN,CUB,260200,5198.042312461073
CHN,CUB,260600,275759.29411764705
CHN,CUB,280470,40680.39114754993
CHN,CUB,283691,89.50532316869896
CHN,CUB,850511,3725.8741717830985
CHN,CUW,850511,5064.0
CHN,CYM,740311,397.0
CHN,CYM,850511,58.0
CHN,CYP,810820,6077.6798527154
CHN,CYP,850511,137482.55878462025
CHN,CZE,250490,3182.7036496923765
CHN,CZE,251110,281066.4585190802
CHN,CZE,260600,7018152.94117647
CHN,CZE,280429,80904.58356945484
CHN,CZE,280469,7171071.429886075
CHN,CZE,280480,57120.0
CHN,CZE,282200,254.74724246418947
CHN,CZE,283691,356.8627450980392
CHN,CZE,283692,444.0
CHN,CZE,720292,1778780.3921568627
CHN,CZE,740311,9980.392156862745
CHN,CZE,810194,2741.5384615384614
CHN,CZE,810320,1758215.6369192018
CHN,CZE,810411,57350790.820204064
CHN,CZE,810820,24243.1871635651
CHN,CZE,811010,58115.18094135637
CHN,CZE,811231,86615.38461538461
CHN,CZE,811292,64188.23529411764
CHN,CZE,850511,89108533.20786895
CHN,DEU,250490,853527.8845970227
CHN,DEU,251110,3554487.7504269155
CHN,DEU,252800,45436.376470588235
CHN,DEU,252922,84683.58385232513
CHN,DEU,260600,173182288.14509803
CHN,DEU,270112,10472.541176470588
CHN,DEU,280429,8871519.209015667
CHN,DEU,280469,113266637.80333701
CHN,DEU,280470,2904472.691923454
CHN,DEU,280480,2653366.6923076925
CHN,DEU,282200,631352.6061938643
CHN,DEU,283691,23443916.64283208
CHN,DEU,283692,390.0491660690025
CHN,DEU,711011,12698.266666666666
CHN,DEU,711021,21656.8660231555
CHN,DEU,720292,134831380.78823528
CHN,DEU,740311,18097861.680392157
CHN,DEU,750210,4887242.472793638
CHN,DEU,810194,2309856.9437176045
CHN,DEU,810320,14689265.706617704
CHN,DEU,810411,88261045.02391887
CHN,DEU,810820,15667090.227672897
CHN,DEU,811010,20679847.08449722
CHN,DEU,811231,16615621.633005572
CHN,DEU,811292,28571510.890865505
CHN,DEU,850511,2027762065.4651551
CHN,DJI,252910,49860.0
CHN,DJI,850511,280.0
CHN,DNK,260600,40565.200980392154
CHN,DNK,280429,62050.75679846794
CHN,DNK,283692,57.07977153301348
CHN,DNK,810194,131.12923076923076
CHN,DNK,810411,345.9946153846154
CHN,DNK,810820,3878.4302910897763
CHN,DNK,811231,47.83615384615384
CHN,DNK,850511,52298747.978391804
CHN,DOM,250490,15567.294117647058
CHN,DOM,252910,4989.176470588235
CHN,DOM,270112,99265325.49019608
CHN,DOM,280469,215766.4774265223
CHN,DOM,280470,424.8198574962186
CHN,DOM,283691,208798.46196782644
CHN,DOM,810194,3978.172307692307
CHN,DOM,810411,978506.7147419972
CHN,DOM,810820,66131.06636623165
CHN,DOM,850511,792513.4876668036
CHN,DZA,250490,3714.0
CHN,DZA,251110,5160.0
CHN,DZA,252800,1079.0
CHN,DZA,252910,2388.0
CHN,DZA,280469,78560.0
CHN,DZA,280480,6000.0
CHN,DZA,810411,70395.0
CHN,DZA,850511,128259.0
CHN,ECU,250490,57466.862745098035
CHN,ECU,251110,1594.2800889368739
CHN,ECU,252922,1279.621842844805
CHN,ECU,280429,120395.45033329421
CHN,ECU,280469,333669.43661906355
CHN,ECU,282200,663.1032699366365
CHN,ECU,810411,1010887.1013226621
CHN,ECU,810820,1056.647689378257
CHN,ECU,850511,354411.73759131826
CHN,EGY,250490,8876.317626976708
CHN,EGY,251110,152241.01133062702
CHN,EGY,260600,2232475.046078431
CHN,EGY,280429,4212.140868273367
CHN,EGY,280469,10313694.544061407
CHN,EGY,280470,674.7069267072228
CHN,EGY,280480,12403.0841243662
CHN,EGY,282200,49306.1448903717
CHN,EGY,283691,148678.9676470588
CHN,EGY,283692,3472.308835449241
CHN,EGY,720292,301220.55784313724
CHN,EGY,810194,7276.533846153847
CHN,EGY,810411,22092490.688424516
CHN,EGY,810820,535001.5088437232
CHN,EGY,811010,15518.423188125733
CHN,EGY,850511,934850.3551897882
CHN,ESP,250490,1685.688267648809
CHN,ESP,251010,44776.732307692306
CHN,ESP,251110,12062648.56365802
CHN,ESP,252800,5010.196078431372
CHN,ESP,260200,552044.2868339905
CHN,ESP,260600,71388924.04705882
CHN,ESP,280429,639918.7440340646
CHN,ESP,280469,98320887.82994068
CHN,ESP,280480,635664.5856518408
CHN,ESP,282200,86368901.67119554
CHN,ESP,283691,314559.51544108614
CHN,ESP,283692,1312547.806218355
CHN,ESP,711011,2023.5058823529412
CHN,ESP,720292,6609286.94117647
CHN,ESP,740311,1585.764705882353
CHN,ESP,810194,7806.104615384615
CHN,ESP,810320,4967.210785854657
CHN,ESP,810411,35805271.423729755
CHN,ESP,810820,5206238.444163783
CHN,ESP,811010,8817527.866803134
CHN,ESP,811292,3081015.136351655
CHN,ESP,850511,106882605.22014353
CHN,EST,251110,50.0
CHN,EST,280429,17778.489472444726
CHN,EST,282200,626906.5004087352
CHN,EST,740311,1023.1372549019607
CHN,EST,810320,248351.11503027368
CHN,EST,810820,545785.5511833703
CHN,EST,850511,4906035.475979158
CHN,ETH,251110,64.87481524073296
CHN,ETH,260200,17452.315822275716
CHN,ETH,280429,3354.1265730401706
CHN,ETH,280469,142571.4403239811
CHN,ETH,280470,4.390471252566598
CHN,ETH,810411,126825.95053275877
CHN,ETH,850511,29326.86474311535
CHN,FIN,250490,438.8104765884414
CHN,FIN,251110,662619.7572264599
CHN,FIN,270112,14.452941176470588
CHN,FIN,280429,1853.4789269801097
CHN,FIN,280469,28387.5833066004
CHN,FIN,283691,1440169.954901961
CHN,FIN,720292,209792.06470588234
CHN,FIN,810194,594.5676923076923
CHN,FIN,810320,249544.6855668305
CHN,FIN,810411,287783.6092307692
CHN,FIN,810820,13481.536685575154
CHN,FIN,811010,6270.158295937116
CHN,FIN,811292,7988.71568627451
CHN,FIN,850511,38108259.641584426
CHN,FJI,720292,21091.0
CHN,FJI,850511,2811.1170521630197
CHN,FRA,250490,1214.9671411095258
CHN,FRA,251010,68.41846153846154
CHN,FRA,251110,20903.35967785165
CHN,FRA,252800,10547.286274509805
CHN,FRA,252910,1.0
CHN,FRA,260200,31918.69142060411
CHN,FRA,260600,29021719.078372058
CHN,FRA,280429,4576289.223166344
CHN,FRA,280469,1427078.4221216007
CHN,FRA,280470,73042.59280239085
CHN,FRA,280480,161547.65120312283
CHN,FRA,282200,2863012.8890082557
CHN,FRA,283691,36555.79237833196
CHN,FRA,711011,506.6029411764706
CHN,FRA,720292,952536.0843137255
CHN,FRA,720293,10659.4
CHN,FRA,740311,10058.107458704297
CHN,FRA,750210,23784218.48235294
CHN,FRA,810194,2893283.052307692
CHN,FRA,810320,24919.35249744126
CHN,FRA,810411,13481846.146294089
CHN,FRA,810820,364552.1833445593
CHN,FRA,811010,10857292.699836772
CHN,FRA,811292,818408.7701678453
CHN,FRA,850511,165113582.59881967
CHN,GAB,720292,10.027450980392157
CHN,GAB,850511,2447.0986320514985
CHN,GBR,250490,101599.66660440025
CHN,GBR,251110,817763.3832172382
CHN,GBR,252800,45751.02352941177
CHN,GBR,252922,787092.8117647058
CHN,GBR,260200,7038598.386514977
CHN,GBR,260600,10428088.167647058
CHN,GBR,270112,66785.86666666667
CHN,GBR,280429,1057904.581445822
CHN,GBR,280469,10420505.266416008
CHN,GBR,280470,2582639.797463005
CHN,GBR,280480,52439.62851431478
CHN,GBR,282200,1388556.0597464263
CHN,GBR,283691,27813.482352941177
CHN,GBR,720292,7364421.1715686275
CHN,GBR,720293,2433306.2627450977
CHN,GBR,740311,1.0
CHN,GBR,750210,6429.176470588235
CHN,GBR,810194,7898190.7996654725
CHN,GBR,810320,19489033.840797693
CHN,GBR,810411,20130541.12435103
CHN,GBR,810820,2145282.5546759292
CHN,GBR,811010,5479771.903969849
CHN,GBR,811231,16914000.660673425
CHN,GBR,811292,10424889.710912205
CHN,GBR,850511,122089975.28680435
CHN,GEO,270112,1430.705882352941
CHN,GEO,280469,75000.0
CHN,GEO,810411,640000.0
CHN,GEO,850511,113425.96316610814
CHN,GHA,251110,3.0
CHN,GHA,252800,51932.0
CHN,GHA,252910,1428694.5898629208
CHN,GHA,260600,2749719.2470588237
CHN,GHA,280429,46078.851288982325
CHN,GHA,280469,1658597.5380145316
CHN,GHA,283692,9920.0
CHN,GHA,810411,94923.0
CHN,GHA,810820,2381.2970680772087
CHN,GHA,811292,3654.164705882353
CHN,GHA,850511,358884.25411566277
CHN,GIN,251110,5360.0
CHN,GIN,252800,102023.0
CHN,GIN,280469,353150.0
CHN,GIN,850511,2933.0
CHN,GMB,251010,10945.101538461538
CHN,GMB,251110,8.0
CHN,GMB,280469,16788.63967657714
CHN,GRC,260600,1351945.1274509805
CHN,GRC,280469,2455424.936891144
CHN,GRC,280480,58411.080101588945
CHN,GRC,282200,191691.24131569962
CHN,GRC,810411,49852840.08719949
CHN,GRC,810820,326235.17675938644
CHN,GRC,850511,1471379.1741578912
CHN,GRD,810820,2312.8152131593583
CHN,GRD,850511,36.30980392156863
CHN,GTM,260200,58175.26556079138
CHN,GTM,280429,7452.161943609032
CHN,GTM,280469,459.5207383429421
CHN,GTM,283691,8014.705882352941
CHN,GTM,283692,17141.166696541968
CHN,GTM,720292,146444.11764705883
CHN,GTM,810820,751.5584734388619
CHN,GTM,850511,57978.50958586499
CHN,GUY,252800,28.413741245402154
CHN,GUY,850511,5206.657392591721
CHN,HKG,250490,909.0
CHN,HKG,252800,401.0
CHN,HKG,252910,596700.0
CHN,HKG,252922,3148795.660784314
CHN,HKG,260200,10426.111541426053
CHN,HKG,260600,60193.82352941176
CHN,HKG,280429,4888310.018715042
CHN,HKG,280469,6985215.0
CHN,HKG,280480,713357.2265124536
CHN,HKG,282200,3279199.6622774764
CHN,HKG,283692,5.0
CHN,HKG,711011,771720.6921568628
CHN,HKG,711021,142667.03821080388
CHN,HKG,750210,489857.2688074175
CHN,HKG,810194,893051.0176301561
CHN,HKG,810320,4223349.737395028
CHN,HKG,810411,502338.0
CHN,HKG,810820,1354.0
CHN,HKG,811010,681621.1347600238
CHN,HKG,811292,41446095.430154786
CHN,HKG,850511,30680757.789288584
CHN,HND,810820,2651.0
CHN,HND,850511,687425.0
CHN,HRV,251110,45000.0
CHN,HRV,260600,7041554.770742458
CHN,HRV,280469,2943396.0
CHN,HRV,740311,1261.764705882353
CHN,HRV,810411,4982450.0
CHN,HRV,810820,7444.175027378342
CHN,HRV,850511,1488869.8993740643
CHN,HTI,850511,337.0
CHN,HUN,250490,274.5098039215686
CHN,HUN,280469,1505969.0096606095
CHN,HUN,810194,304.6153846153846
CHN,HUN,810320,2828.72777189781
CHN,HUN,810411,4344807.085409409
CHN,HUN,810820,6905.375090609526
CHN,HUN,850511,119016435.57822673
CHN,IDN,250490,509225.71233418933
CHN,IDN,251110,10429930.619581163
CHN,IDN,252800,37.0
CHN,IDN,252910,1368771.818130719
CHN,IDN,252922,135667.95318954464
CHN,IDN,260200,6826081.699533121
CHN,IDN,260600,229649.01960784313
CHN,IDN,270112,231088290.0326062
CHN,IDN,280429,88235.6268044287
CHN,IDN,280469,70637430.77568628
CHN,IDN,280470,73811.50782006321
CHN,IDN,280480,243803.29745033706
CHN,IDN,282200,2949435.1297214255
CHN,IDN,283691,783774.7273588005
CHN,IDN,283692,256488.08347104033
CHN,IDN,711011,3547.0588235294117
CHN,IDN,720292,4470463.233424424
CHN,IDN,720293,1366.6666666666667
CHN,IDN,740311,119267410.0831476
CHN,IDN,750210,676429.9948463971
CHN,IDN,810194,121753.84615384616
CHN,IDN,810320,13361682.019598538
CHN,IDN,810411,9904329.934660994
CHN,IDN,810820,119353.54769801247
CHN,IDN,811010,3845620.77308715
CHN,IDN,811292,1985.0
CHN,IDN,850511,30543731.246665914
CHN,IND,250490,123157.47036772821
CHN,IND,251110,3433308.2347975597
CHN,IND,252910,60184.64330777397
CHN,IND,252922,11176659.440642966
CHN,IND,260200,176059.04432579406
CHN,IND,260600,10716761.393751375
CHN,IND,270112,30134000.0
CHN,IND,280429,11260.889359665633
CHN,IND,280469,158426055.45381206
CHN,IND,280470,286.0545290176569
CHN,IND,280480,888093.1617519348
CHN,IND,282200,1449471.9886007712
CHN,IND,283691,40093.12252381311
CHN,IND,283692,425026.2507717017
CHN,IND,711011,10021.756862745096
CHN,IND,720292,1693729.3711126868
CHN,IND,740311,1086.0
CHN,IND,750210,62629519.32116921
CHN,IND,810194,868711.9503039154
CHN,IND,810320,36867.96885022549
CHN,IND,810411,93784034.7827058
CHN,IND,810820,1047185.6224110839
CHN,IND,811010,4883129.432526074
CHN,IND,811292,120781.0
CHN,IND,850511,125091315.66337378
CHN,IRL,250490,20.648039215686275
CHN,IRL,251010,16.20076923076923
CHN,IRL,251110,245531.03679212523
CHN,IRL,252800,4133.732352941177
CHN,IRL,260600,20427.07843137255
CHN,IRL,270112,36.134313725490195
CHN,IRL,280429,25367.177793761424
CHN,IRL,280469,72.7817338538864
CHN,IRL,280470,216.05351710011922
CHN,IRL,280480,136.89615384615385
CHN,IRL,283691,184.8
CHN,IRL,711011,864.1196078431373
CHN,IRL,740311,17.550980392156863
CHN,IRL,810820,4968484.587166704
CHN,IRL,811010,42.617028496390596
CHN,IRL,811231,4.05
CHN,IRL,811292,180.758150813293
CHN,IRL,850511,931956.8739025921
CHN,IRN,250490,253157.8431372549
CHN,IRN,251110,29197.0
CHN,IRN,252910,487060.4680549648
CHN,IRN,260200,1361554.203336156
CHN,IRN,260600,457793.2914837813
CHN,IRN,280429,98606.99122712627
CHN,IRN,280469,10057859.046917768
CHN,IRN,280480,22853.71946067282
CHN,IRN,282200,1061797.9089809274
CHN,IRN,720292,8949.075937800239
CHN,IRN,750210,2986218.6274509802
CHN,IRN,810194,1384.6153846153845
CHN,IRN,810411,5135663.8854504535
CHN,IRN,810820,210503.88358271163
CHN,IRN,811010,1140676.1610039952
CHN,IRN,850511,3353750.7100580926
CHN,IRQ,252800,187605.0
CHN,IRQ,280469,692544.0
CHN,IRQ,850511,413424.0
CHN,ISL,260200,158491.55900120627
CHN,ISL,280469,25872560.366623305
CHN,ISL,283691,119.56372549019608
CHN,ISL,720292,47.59901960784314
CHN,ISL,810411,6787953.63
CHN,ISL,810820,43618.262249405205
CHN,ISL,850511,59439.151913450514
CHN,ISR,250490,20.0
CHN,ISR,251110,7.0
CHN,ISR,252922,22549.019607843136
CHN,ISR,270112,287254.90196078434
CHN,ISR,280429,60088.242999887894
CHN,ISR,280469,145150.11218530388
CHN,ISR,280470,119842.64597844833
CHN,ISR,280480,25384.615384615383
CHN,ISR,283691,8929.458004960421
CHN,ISR,711021,939.2265457393842
CHN,ISR,720292,406720.0
CHN,ISR,740311,5882.35294117647
CHN,ISR,810194,52307.692307692305
CHN,ISR,810320,7990154.602050918
CHN,ISR,810820,34056.468829650556
CHN,ISR,811292,17253.96759413532
CHN,ISR,850511,4929214.919629996
CHN,ITA,250490,9714.703215747786
CHN,ITA,251110,7555166.1212051725
CHN,ITA,252800,38302.06274509804
CHN,ITA,252922,23356643.350082472
CHN,ITA,260200,23551.076007279473
CHN,ITA,260600,2504304.5019607847
CHN,ITA,280429,53380.807682241524
CHN,ITA,280469,29007972.131369725
CHN,ITA,280480,21871.01
CHN,ITA,282200,20988.438998939782
CHN,ITA,283691,301647.4782846241
CHN,ITA,711021,9442738.977192976
CHN,ITA,750210,134593.0362745098
CHN,ITA,810194,234333.29153846152
CHN,ITA,810411,16107568.134334145
CHN,ITA,810820,2013469.5343196166
CHN,ITA,811010,347444.8086673083
CHN,ITA,811292,87232.75245931542
CHN,ITA,850511,159504522.1817286
CHN,JAM,850511,15077.141693855536
CHN,JOR,251110,44508.523665396235
CHN,JOR,280429,31789.475933897196
CHN,JOR,280469,264133.99172288214
CHN,JOR,283692,12.0
CHN,JOR,720292,3450.0
CHN,JOR,720293,5875.0
CHN,JOR,750210,2214.622549019608
CHN,JOR,810411,26650.0
CHN,JOR,850511,98579.44407735263
CHN,JPN,250490,9442436.294117445
CHN,JPN,251010,4968687.0
CHN,JPN,251110,9080482.977632606
CHN,JPN,252800,52499.39756932911
CHN,JPN,252910,400585.47342596273
CHN,JPN,252922,12984986.658399682
CHN,JPN,260200,12460.33373542648
CHN,JPN,260600,4584642.291891313
CHN,JPN,270112,27497004.980844673
CHN,JPN,280429,74086997.0238177
CHN,JPN,280469,501280076.48943585
CHN,JPN,280470,133704.6430754434
CHN,JPN,280480,25518.865867793465
CHN,JPN,282200,7529666.571250714
CHN,JPN,283691,322246452.39907736
CHN,JPN,283692,3399151.7072214303
CHN,JPN,711021,11081.467441638508
CHN,JPN,720292,46754012.02914954
CHN,JPN,720293,217318.82147703366
CHN,JPN,740311,13257448.554044541
CHN,JPN,750210,22443039.0
CHN,JPN,810194,27456414.46235566
CHN,JPN,810320,857908.1968932111
CHN,JPN,810411,71455644.90953611
CHN,JPN,810820,742953.9174660088
CHN,JPN,811010,30968728.507808466
CHN,JPN,811231,254169.08804684188
CHN,JPN,811292,23254916.541235838
CHN,JPN,850511,226258634.44373232
CHN,KAZ,250490,9.803921568627452
CHN,KAZ,251110,496.11127936013213
CHN,KAZ,252910,23800.0
CHN,KAZ,260200,13122.386711334526
CHN,KAZ,260600,172652.03921568627
CHN,KAZ,280469,625374.8656103894
CHN,KAZ,282200,1418.866096572561
CHN,KAZ,283691,194.1764705882353
CHN,KAZ,283692,304387.3155040401
CHN,KAZ,810411,2282402.0
CHN,KAZ,850511,1044713.0
CHN,KEN,251110,79590.57786452693
CHN,KEN,252910,11593.466567194393
CHN,KEN,260200,523.9276399892633
CHN,KEN,280429,814.5111534759784
CHN,KEN,280469,44556.35804633772
CHN,KEN,810411,13946.819766078484
CHN,KEN,810820,30.808293461726556
CHN,KEN,850511,83402.08702097135
CHN,KGZ,250490,76862.74509803922
CHN,KGZ,252800,588.2352941176471
CHN,KGZ,252910,58072.82402280749
CHN,KGZ,280469,181674.18682085635
CHN,KGZ,850511,498295.88154195674
CHN,KHM,251110,20118.90110738015
CHN,KHM,252910,151981.57094638637
CHN,KHM,270112,1496104.7003863703
CHN,KHM,280429,64163.16311793765
CHN,KHM,280469,95213.01326001374
CHN,KHM,740311,4179.166666666667
CHN,KHM,850511,2925189.422609505
CHN,KOR,250490,118177.67454018166
CHN,KOR,251010,70232221.64908075
CHN,KOR,251110,8524333.50460005
CHN,KOR,252800,437508.7740865405
CHN,KOR,252910,291286.70007915905
CHN,KOR,252922,7434972.00926523
CHN,KOR,260200,3495.096885876544
CHN,KOR,260600,8929292.156862745
CHN,KOR,270112,106563938.9991187
CHN,KOR,280429,446592799.74723357
CHN,KOR,280469,262321532.4881092
CHN,KOR,280470,1325728.6351290403
CHN,KOR,280480,96622.61488505726
CHN,KOR,282200,172453252.20027697
CHN,KOR,283691,269287295.28209376
CHN,KOR,283692,2572385.5622063284
CHN,KOR,711011,8419.607843137255
CHN,KOR,711021,27833.03945644091
CHN,KOR,720292,57034455.94911185
CHN,KOR,720293,112892.6246527644
CHN,KOR,740311,10603394.787456315
CHN,KOR,750210,9865670.474062357
CHN,KOR,810194,5871526.923076923
CHN,KOR,810320,13646.795895831094
CHN,KOR,810411,64211666.91631832
CHN,KOR,810820,5150499.63313521
CHN,KOR,811010,15096578.017055642
CHN,KOR,811212,2944.1176470588234
CHN,KOR,811292,67230981.26799649
CHN,KOR,850511,500337974.7498742
CHN,KWT,250490,233.6313725490196
CHN,KWT,251110,66792.53996653458
CHN,KWT,260600,125437.42941176471
CHN,KWT,270112,6839.3068627450975
CHN,KWT,280469,17117.468142149843
CHN,KWT,720292,1075.342156862745
CHN,KWT,810194,9353.855384615385
CHN,KWT,810411,31620.64934153045
CHN,KWT,810820,2125.2540796132184
CHN,KWT,850511,167624.85467519242
CHN,LAO,252910,2290.1960784313724
CHN,LAO,270112,468848.23529411765
CHN,LAO,280469,5758740.380735172
CHN,LAO,280470,35154.58603597378
CHN,LAO,283691,4931.3725490196075
CHN,LAO,740311,5894.117647058823
CHN,LAO,850511,154405.0
CHN,LBN,250490,3680.0
CHN,LBN,251110,32771.259121059826
CHN,LBN,260200,120.0
CHN,LBN,810411,25142.30769230769
CHN,LBN,810820,689.9432999622711
CHN,LBN,850511,22691.87169091795
CHN,LBR,850511,4530.91252598
CHN,LBY,850511,63140.0
CHN,LKA,251110,1413.7138689973685
CHN,LKA,260200,1807.0
CHN,LKA,270112,9.808823529411764
CHN,LKA,280429,187.69437731104838
CHN,LKA,280469,17540.946113288766
CHN,LKA,283691,128.96470588235294
CHN,LKA,810411,9507.188380019024
CHN,LKA,850511,175000.53431782915
CHN,LSO,810820,371.69722531846367
CHN,LTU,280469,71875.0
CHN,LTU,282200,194.86262949686133
CHN,LTU,810320,4514.45217084854
CHN,LTU,810820,662.4214901976138
CHN,LTU,850511,990245.6626072146
CHN,LUX,250490,105964.36078431373
CHN,LUX,251110,35.64771590167649
CHN,LUX,252800,78.37647058823529
CHN,LUX,280429,38881.87251502906
CHN,LUX,850511,87484.44638740881
CHN,LVA,280469,2580.0
CHN,LVA,283691,12.0
CHN,LVA,850511,727524.9640364577
CHN,MAC,252800,600.0
CHN,MAC,280429,58112.0
CHN,MAC,850511,217746.0
CHN,MAR,250490,15183.222549019609
CHN,MAR,251110,132444.5197704067
CHN,MAR,280429,717.0125225483991
CHN,MAR,280469,353732.31354758266
CHN,MAR,810411,203761.83274289753
CHN,MAR,810820,1384.3138151849603
CHN,MAR,811010,49150.8391297979
CHN,MAR,850511,480397.94780898513
CHN,MDA,251110,74.0
CHN,MDA,810820,10811.326097895726
CHN,MDA,811292,729.4117647058823
CHN,MDA,850511,371336.6187250241
CHN,MDG,252800,24.988235294117647
CHN,MDG,850511,292465.0208057341
CHN,MDV,252800,1665.0892156862747
CHN,MDV,280429,9762.708754469051
CHN,MDV,810820,2105.7914149699914
CHN,MDV,850511,8496.550400371005
CHN,MEX,250490,85514.0
CHN,MEX,251110,430965.2432482917
CHN,MEX,252922,49680.0
CHN,MEX,260600,10330015.68627451
CHN,MEX,280429,296166.0
CHN,MEX,280469,123238332.33913447
CHN,MEX,280470,232550.0
CHN,MEX,280480,57344.0
CHN,MEX,282200,1628100.0
CHN,MEX,283691,5.0
CHN,MEX,720292,2959122.0347587164
CHN,MEX,740311,1500.0
CHN,MEX,810194,1083827.6923076923
CHN,MEX,810320,1147515.0841026457
CHN,MEX,810411,7377141.486368457
CHN,MEX,810820,73836.0
CHN,MEX,811292,516.0
CHN,MEX,850511,240472704.7827093
CHN,MHL,850511,4131.0
CHN,MKD,260600,386263.7450980392
CHN,MKD,280480,20116.43076923077
CHN,MKD,283691,64.68627450980392
CHN,MKD,720292,811930.0
CHN,MKD,810194,4307.692307692308
CHN,MKD,811010,412154.9214339123
CHN,MKD,850511,847165.6588211893
CHN,MLI,250490,4727.06568627451
CHN,MLI,850511,483.8053360659978
CHN,MLT,280429,484.94665782291617
CHN,MLT,810820,11590.037196073104
CHN,MLT,850511,156977.85183303102
CHN,MMR,250490,3809.967063319966
CHN,MMR,251110,23526.902722543127
CHN,MMR,252800,8261.0
CHN,MMR,252910,189116.9613596753
CHN,MMR,260200,8550.0
CHN,MMR,270112,295229.0
CHN,MMR,280469,16525.74272303714
CHN,MMR,283692,1500487.9606374246
CHN,MMR,720292,107355.0
CHN,MMR,740311,674199.6470588235
CHN,MMR,810194,426.7692307692307
CHN,MMR,850511,2349342.7432850627
CHN,MNE,280429,3530.205607599364
CHN,MNE,280469,843127.0
CHN,MNE,280470,44151.0
CHN,MNE,810411,4559651.470594263
CHN,MNE,850511,338467.4777364466
CHN,MNG,251110,254205.275479158
CHN,MNG,270112,1620000.9343137254
CHN,MNG,711011,145.05686274509804
CHN,MNG,850511,6748.060770566433
CHN,MOZ,250490,18013.55294117647
CHN,MOZ,251110,243453.30644049513
CHN,MOZ,252800,22670.73725490196
CHN,MOZ,252910,402850.0
CHN,MOZ,260200,20332.020321510143
CHN,MOZ,280469,1283063.1526283077
CHN,MOZ,810411,542177.3991295479
CHN,MOZ,850511,24523.93943650559
CHN,MRT,280429,162366.98145641875
CHN,MRT,850511,2882.0
CHN,MSR,850511,3600.0
CHN,MUS,251110,2677.0465058767604
CHN,MUS,280429,22316.28825658296
CHN,MUS,280469,3630.0
CHN,MUS,850511,87243.99465923953
CHN,MWI,280429,4093.6058320477846
CHN,MWI,850511,45.093137254901954
CHN,MYS,250490,3125.822039447476
CHN,MYS,251010,17194351.505395353
CHN,MYS,251110,4399475.297129829
CHN,MYS,252800,155405.83137254903
CHN,MYS,252910,580392.1313645915
CHN,MYS,260200,932059.8658154221
CHN,MYS,260600,8583078.901960785
CHN,MYS,270112,21190785.167053137
CHN,MYS,280429,1568763.2574726592
CHN,MYS,280469,184793085.97515512
CHN,MYS,280470,28677.312601423728
CHN,MYS,280480,45526.27538461539
CHN,MYS,282200,768292.040782323
CHN,MYS,283691,28036.243301610986
CHN,MYS,283692,43354.95710076399
CHN,MYS,720292,46035.13236396711
CHN,MYS,720293,17923.423529411764
CHN,MYS,740311,47948942.43963173
CHN,MYS,750210,12522966.510797476
CHN,MYS,810194,1915280.04
CHN,MYS,810320,1997365.0776607916
CHN,MYS,810411,15653559.998081014
CHN,MYS,810820,25248.00581559724
CHN,MYS,811292,480310.8437771965
CHN,MYS,850511,77263179.53391324
CHN,NAM,280429,11980.040122530901
CHN,NAM,280469,1645.0580916809977
CHN,NAM,850511,343.79423028637035
CHN,NCL,850511,8098.0
CHN,NER,250490,8657.274509803921
CHN,NER,251110,1021674.1346430586
CHN,NER,260200,7068.5996911600405
CHN,NER,280429,62245.21489209032
CHN,NER,280469,1585.2615546262614
CHN,NER,850511,20405.68744529554
CHN,NGA,250490,25920.0
CHN,NGA,251010,51363.16307692307
CHN,NGA,251110,217917.57662537083
CHN,NGA,252800,3800.0
CHN,NGA,252910,58867.5521848573
CHN,NGA,260200,5000.0
CHN,NGA,260600,49820.45
CHN,NGA,270112,40829.02745098039
CHN,NGA,280469,2355858.159946077
CHN,NGA,280470,43000.0
CHN,NGA,282200,658925.816368198
CHN,NGA,810411,488647.7948072742
CHN,NGA,810820,4883.39215309029
CHN,NGA,850511,174131.77364733838
CHN,NIC,280469,4.0
CHN,NIC,810194,33.15384615384615
CHN,NIC,850511,48239.37777380201
CHN,NLD,250490,35840.336034464955
CHN,NLD,251010,226505.9
CHN,NLD,251110,22349702.41861592
CHN,NLD,252910,45.0
CHN,NLD,252922,2418564.726038448
CHN,NLD,260600,1669257.111243612
CHN,NLD,270112,3243461.0156862745
CHN,NLD,280469,31422964.009560224
CHN,NLD,280470,1297.1766525030903
CHN,NLD,280480,59979.24935780134
CHN,NLD,282200,13470567.590541761
CHN,NLD,283691,11983.454430123043
CHN,NLD,283692,43807.69705742131
CHN,NLD,720292,18393996.604834326
CHN,NLD,720293,325985.4987411491
CHN,NLD,750210,8044295.006160483
CHN,NLD,810194,1277551.8118176744
CHN,NLD,810320,2166.741516250456
CHN,NLD,810411,157641561.8090967
CHN,NLD,810820,2270960.1728296042
CHN,NLD,811010,14857288.756982382
CHN,NLD,811231,386730.0
CHN,NLD,811292,1489151.1329905014
CHN,NLD,850511,95405404.69928189
CHN,NOR,251110,305.13524867797514
CHN,NOR,280429,207252.67299024318
CHN,NOR,280469,20454892.14982043
CHN,NOR,283691,38419.05392156862
CHN,NOR,720292,1187.5950980392156
CHN,NOR,740311,1114.686274509804
CHN,NOR,810194,874.756923076923
CHN,NOR,810320,6288.691262656477
CHN,NOR,810411,37274362.69954845
CHN,NOR,810820,92145.1229806331
CHN,NOR,811292,15040.135950020733
CHN,NOR,850511,4179925.775942604
CHN,NPL,260200,2235.6724675138535
CHN,NPL,270112,4420.100980392156
CHN,NPL,280429,76766.52224227268
CHN,NPL,280469,129.69743100368171
CHN,NPL,850511,19988.58406527047
CHN,NRU,850511,5.0
CHN,NZL,250490,650.0
CHN,NZL,251010,20095672.61533255
CHN,NZL,251110,272168.1864996052
CHN,NZL,252800,65.0
CHN,NZL,252910,171.89614241536864
CHN,NZL,260600,37988.4178774278
CHN,NZL,280429,544643.6474585648
CHN,NZL,280469,311985.17059562495
CHN,NZL,282200,87.99235908548513
CHN,NZL,283691,11436.371568627452
CHN,NZL,720292,1994398.0274509802
CHN,NZL,810194,337.9930769230769
CHN,NZL,810320,530.0648447709854
CHN,NZL,810411,4775406.333042958
CHN,NZL,811010,14703.665926949689
CHN,NZL,850511,1375238.3030451708
CHN,OMN,251110,79049.81310516824
CHN,OMN,260600,21479.38529411765
CHN,OMN,280469,3354809.8544454244
CHN,OMN,282200,11992.49734558419
CHN,OMN,720292,584000.0
CHN,OMN,810411,2365927.7782714986
CHN,OMN,850511,17825.87953848012
CHN,PAK,250490,29248.123749645605
CHN,PAK,251110,107666.32422606253
CHN,PAK,252800,3000.0
CHN,PAK,252910,3941936.6184585188
CHN,PAK,252922,20334.689920947963
CHN,PAK,260200,3000.0
CHN,PAK,260600,3149.9068627450984
CHN,PAK,270112,7415570.0011272635
CHN,PAK,280469,1118787.4380414593
CHN,PAK,280470,1547668.436716904
CHN,PAK,280480,113597.44138803282
CHN,PAK,282200,1283853.604061189
CHN,PAK,283691,16408.03527279107
CHN,PAK,283692,113705.5838976468
CHN,PAK,720292,23437.49734122541
CHN,PAK,740311,12064160.560933024
CHN,PAK,750210,498226.0578208504
CHN,PAK,810411,800463.7919353764
CHN,PAK,811010,7222599.435954083
CHN,PAK,811292,37012.0
CHN,PAK,850511,2798465.048683993
CHN,PAN,280480,11987.692307692307
CHN,PAN,283691,70786.0658972106
CHN,PAN,283692,2759.1561952631178
CHN,PAN,810194,117.6923076923077
CHN,PAN,810820,2006.6937787365998
CHN,PAN,811010,33193.257611550674
CHN,PAN,850511,194504.82218554773
CHN,PER,260200,1780.9168934692848
CHN,PER,260600,234931.49509803922
CHN,PER,280429,52446.41354977039
CHN,PER,280469,173188.0460293283
CHN,PER,280480,7082.466153846154
CHN,PER,282200,4297.645933915109
CHN,PER,283691,160034.36205263797
CHN,PER,283692,45759.99999999998
CHN,PER,720292,1332365.9899413306
CHN,PER,740311,122370.66666666667
CHN,PER,810194,16939.046153846153
CHN,PER,810411,18769.590004346992
CHN,PER,810820,158398.65848582043
CHN,PER,811010,117485.49004806369
CHN,PER,850511,668340.81513466
CHN,PHL,250490,113255.65898613693
CHN,PHL,251010,2946.9230769230767
CHN,PHL,251110,600950.7102022474
CHN,PHL,252910,220406.46561982084
CHN,PHL,252922,178213.26674315764
CHN,PHL,260200,35006.0
CHN,PHL,280429,10446582.616892591
CHN,PHL,280469,1599426.8994892943
CHN,PHL,280470,29382.72930203878
CHN,PHL,282200,193241.48209890415
CHN,PHL,283691,59585.03197868685
CHN,PHL,283692,2394.3676944694944
CHN,PHL,740311,22756.86274509804
CHN,PHL,810194,2473.846153846154
CHN,PHL,810320,3066277.761624704
CHN,PHL,810411,3574.160570478777
CHN,PHL,810820,14951.102934460649
CHN,PHL,811010,132656.0
CHN,PHL,811292,5698.0392156862745
CHN,PHL,850511,35427255.40402753
CHN,PNG,260600,350.3578431372549
CHN,PNG,280429,304.9025033188641
CHN,PNG,280469,1663.564075236947
CHN,PNG,850511,9037.871162384461
CHN,POL,250490,2724.0780893459964
CHN,POL,251110,4413.0414201005
CHN,POL,260600,3529437.2549019605
CHN,POL,280429,88211.16204013985
CHN,POL,280469,5876.143889689184
CHN,POL,280470,77000.0
CHN,POL,280480,66020.0
CHN,POL,282200,55724.031078202715
CHN,POL,283691,203131.3725490196
CHN,POL,711011,1392.1568627450981
CHN,POL,720292,560526.4705882353
CHN,POL,750210,47275.490196078434
CHN,POL,810194,85207.6923076923
CHN,POL,810320,5364.166908531021
CHN,POL,810411,3169932.430397256
CHN,POL,810820,210780.24171763466
CHN,POL,811010,63516.35153582131
CHN,POL,811292,1741.7454014074126
CHN,POL,850511,144811614.45596546
CHN,PRT,251110,990.5179190621773
CHN,PRT,260600,6309385.741176471
CHN,PRT,280429,6825.0
CHN,PRT,280469,5.0
CHN,PRT,283692,484657.6733367886
CHN,PRT,810194,251433.72307692308
CHN,PRT,810411,380.0
CHN,PRT,810820,94010.97524607414
CHN,PRT,850511,36359188.432784505
CHN,PRY,251010,323.53846153846155
CHN,PRY,252800,3137.254901960784
CHN,PRY,280469,42310.80970420691
CHN,PRY,283691,159244.57424053558
CHN,PRY,720292,4901.9607843137255
CHN,PRY,810194,5809.923076923076
CHN,PRY,810411,3371730.2543393094
CHN,PRY,810820,324.94716080754006
CHN,PRY,850511,104615.49759249564
CHN,PSE,252922,67.64607843137254
CHN,PSE,850511,9440.131681956327
CHN,PYF,280429,6456.019221714069
CHN,PYF,720292,83.08039215686274
CHN,PYF,810320,55.364854026459845
CHN,PYF,810820,143.6163955753652
CHN,PYF,850511,18973.53878403892
CHN,QAT,251110,21058.000699399385
CHN,QAT,260600,18878.564705882352
CHN,QAT,280469,58036639.25718328
CHN,QAT,720293,29882.0
CHN,QAT,810411,12471315.922841981
CHN,QAT,810820,30249.29009024453
CHN,QAT,850511,170875.56228754108
CHN,ROU,250490,589.7647058823529
CHN,ROU,251110,9840.0
CHN,ROU,280429,7337.032968832144
CHN,ROU,280469,637452.6756792987
CHN,ROU,810194,297585.23076923075
CHN,ROU,810320,38470.55151032846
CHN,ROU,810411,23000504.01755178
CHN,ROU,810820,35944.86700142619
CHN,ROU,811292,93456.03921568628
CHN,ROU,850511,5689911.042627763
CHN,RUS,250490,25103.0
CHN,RUS,251110,848701.0
CHN,RUS,252800,39674.0
CHN,RUS,252910,24006.0
CHN,RUS,260200,252.0
CHN,RUS,260600,1339936.0
CHN,RUS,280429,3247361.0
CHN,RUS,280469,18775697.0
CHN,RUS,280470,1868711.0
CHN,RUS,282200,2937937.0
CHN,RUS,283691,19139082.0
CHN,RUS,283692,826881.0
CHN,RUS,720293,36559251.0
CHN,RUS,810194,775909.0
CHN,RUS,810320,2744310.0
CHN,RUS,810411,35392181.0
CHN,RUS,810820,1045988.0
CHN,RUS,811010,215950.0
CHN,RUS,811292,543228.0
CHN,RUS,850511,63458495.0
CHN,RWA,250490,2124.127450980392
CHN,RWA,251110,184.22809567838286
CHN,RWA,280429,14781279.122213464
CHN,RWA,280469,58046.659667480446
CHN,RWA,282200,50.42664631613899
CHN,RWA,810820,309.0224722609556
CHN,RWA,850511,2956.69932298656
CHN,S19,250490,127720.64882164153
CHN,S19,251110,2801984.0829905905
CHN,S19,252800,16435.0
CHN,S19,252910,11492685.270242607
CHN,S19,252922,1304442.2756747636
CHN,S19,260600,8143081.647058824
CHN,S19,280429,42116083.557817265
CHN,S19,280469,31353872.165850483
CHN,S19,280470,77762.16326747318
CHN,S19,280480,51.65384615384615
CHN,S19,282200,3139023.1032860903
CHN,S19,283691,14558802.953664774
CHN,S19,283692,561922.0574118148
CHN,S19,711021,7000.684727181276
CHN,S19,720292,12849927.54813152
CHN,S19,720293,25345.892156862745
CHN,S19,740311,584996527.0264195
CHN,S19,750210,35897661.543868944
CHN,S19,810194,50440.10769230769
CHN,S19,810320,1147254.2711750106
CHN,S19,810411,19233410.58458675
CHN,S19,810820,2395284.287026905
CHN,S19,811010,795153.3605977097
CHN,S19,811292,987139.3030654382
CHN,S19,850511,127993023.35336131
CHN,SAU,250490,1413.3996472946255
CHN,SAU,251110,703168.2725301541
CHN,SAU,252800,1865.8823529411766
CHN,SAU,252910,3659382.568234159
CHN,SAU,252922,33733.62508915209
CHN,SAU,260200,7351.344991116049
CHN,SAU,260600,7710548.565686274
CHN,SAU,270112,186625.3549019608
CHN,SAU,280429,113160.72201874749
CHN,SAU,280469,5861231.989952606
CHN,SAU,711011,687421.9431372549
CHN,SAU,740311,2726638.8862745096
CHN,SAU,750210,44178.822549019606
CHN,SAU,810194,23550.153076923078
CHN,SAU,810320,3108.6767994525544
CHN,SAU,810411,23673562.595651455
CHN,SAU,810820,22455.629651999465
CHN,SAU,811292,743.5294117647059
CHN,SAU,850511,1115660.1545637148
CHN,SDN,251110,32503.0
CHN,SDN,252910,1764.0
CHN,SDN,280429,1130.0
CHN,SDN,850511,9057.0
CHN,SEN,250490,247.55392156862743
CHN,SEN,251110,808445.6465321111
CHN,SEN,252800,193982.0
CHN,SEN,252910,1056881.0
CHN,SEN,260600,440426.5990196078
CHN,SEN,280429,38714.004713111586
CHN,SEN,280469,37132.18214250681
CHN,SEN,850511,1088.173586104078
CHN,SGP,250490,18123.834112297573
CHN,SGP,251010,37306.948461538464
CHN,SGP,251110,101146.09447394512
CHN,SGP,252910,23348.077450980392
CHN,SGP,252922,20615.367073251662
CHN,SGP,260200,9562.793390548886
CHN,SGP,260600,1890052.9039215688
CHN,SGP,280429,22179433.56991025
CHN,SGP,280469,357.39356403406896
CHN,SGP,280470,1762.869899742911
CHN,SGP,280480,267.81692307692305
CHN,SGP,282200,439910.1323865346
CHN,SGP,283691,1747.212745098039
CHN,SGP,283692,265.4104394181707
CHN,SGP,720292,113.77843137254902
CHN,SGP,740311,22859768.59697029
CHN,SGP,750210,53534.98150857428
CHN,SGP,810194,229889.72292784502
CHN,SGP,810320,113.32544952577554
CHN,SGP,810411,3164516.0
CHN,SGP,810820,186.35039414581922
CHN,SGP,811010,777.730491632063
CHN,SGP,811292,402313.4530537935
CHN,SGP,850511,21403704.624898765
CHN,SLE,850511,404.0
CHN,SLV,280469,42.0
CHN,SLV,720292,91698.91519226358
CHN,SLV,810194,189.73846153846154
CHN,SLV,810320,14922125.582567858
CHN,SLV,810820,995.7770384022181
CHN,SLV,850511,768348.9689395714
CHN,SMR,850511,2990.0
CHN,SOM,850511,5989.0
CHN,SRB,250490,1458.8235294117646
CHN,SRB,251110,511.4085608251651
CHN,SRB,260600,821247.0588235294
CHN,SRB,280469,1136650.105424262
CHN,SRB,280470,341409.0131752009
CHN,SRB,720292,23874.50980392157
CHN,SRB,740311,16698.039215686273
CHN,SRB,810194,48695.38461538462
CHN,SRB,810411,1733791.642927091
CHN,SRB,810820,93596.9298699849
CHN,SRB,811292,21905.882352941175
CHN,SRB,850511,50314525.08548746
CHN,SSD,850511,21155.0
CHN,SUR,260600,47343.13725490196
CHN,SUR,850511,1102.0
CHN,SVK,250490,146311.8117647059
CHN,SVK,251110,904594.5577436734
CHN,SVK,252922,1428.8392156862744
CHN,SVK,260600,366766.5176470588
CHN,SVK,270112,635.9607843137254
CHN,SVK,280429,732177.4984345121
CHN,SVK,280469,1494.966663527114
CHN,SVK,282200,2514.446535865119
CHN,SVK,283691,520.3294117647058
CHN,SVK,711021,5562.422697800367
CHN,SVK,720292,1886807.1098039213
CHN,SVK,810320,37815.98244203649
CHN,SVK,810411,756458.2953846153
CHN,SVK,810820,14071.168683112788
CHN,SVK,811292,236684.06517809042
CHN,SVK,850511,25375547.802107636
CHN,SVN,250490,85200.0
CHN,SVN,251110,80791.60106729167
CHN,SVN,260600,15845742.62745098
CHN,SVN,280429,498002.6582196178
CHN,SVN,280469,626011.8015647236
CHN,SVN,283691,60190.20392156863
CHN,SVN,740311,4209.247058823529
CHN,SVN,750210,11114255.905882353
CHN,SVN,810194,10535.84
CHN,SVN,810411,35179189.43329223
CHN,SVN,810820,13656.564290853545
CHN,SVN,811010,1778215.8762947542
CHN,SVN,850511,121829739.05294585
CHN,SWE,250490,831.1945836764298
CHN,SWE,251110,941073.98133295
CHN,SWE,252800,13570.447058823529
CHN,SWE,270112,36343204.45490196
CHN,SWE,280429,204414.23574018723
CHN,SWE,280469,934714.6044506063
CHN,SWE,711021,836126.6991947608
CHN,SWE,720292,775.4549019607844
CHN,SWE,750210,41874.51764705883
CHN,SWE,810194,38331.28923076923
CHN,SWE,810320,34327.33148532755
CHN,SWE,810411,52928.0
CHN,SWE,810820,2539104.8314295774
CHN,SWE,811292,134153.54901960783
CHN,SWE,850511,37491270.38164083
CHN,SWZ,850511,342.70588235294116
CHN,SYC,282200,4529.968696265299
CHN,SYC,850511,3005.9200761270786
CHN,SYR,250490,6650.0
CHN,SYR,251110,39000.0
CHN,SYR,810411,52500.0
CHN,SYR,850511,24656.0
CHN,TCD,251110,111871.0
CHN,TCD,260200,450.0
CHN,TCD,850511,348.0
CHN,TGO,252800,1813.0
CHN,TGO,280469,426206.05897530605
CHN,TGO,850511,8721.0
CHN,THA,250490,21860.983157616633
CHN,THA,251010,3672.443076923077
CHN,THA,251110,4816924.473017305
CHN,THA,252910,327992.5541485027
CHN,THA,252922,660629.1862911133
CHN,THA,260200,69473.28911151875
CHN,THA,260600,36635745.10784314
CHN,THA,270112,1120061.75313241
CHN,THA,280429,1712816.3219681242
CHN,THA,280469,371168288.91124237
CHN,THA,280470,569421.7261553226
CHN,THA,280480,208702.31520488468
CHN,THA,282200,15454299.460136775
CHN,THA,283691,1145705.035420526
CHN,THA,283692,393419.74041847605
CHN,THA,711011,341647.8039215686
CHN,THA,720292,643432.3799682951
CHN,THA,720293,163778.19787054867
CHN,THA,740311,222964493.49017945
CHN,THA,750210,8929841.429594005
CHN,THA,810194,218362.02923076926
CHN,THA,810320,20976.0
CHN,THA,810411,55842812.60885039
CHN,THA,810820,46845.07664063288
CHN,THA,811010,1207391.7044114748
CHN,THA,811292,411974.61727673403
CHN,THA,850511,381636404.8411982
CHN,TJK,250490,1872.758570725619
CHN,TJK,252800,490.19607843137254
CHN,TJK,280469,14032.194253789354
CHN,TJK,283691,392.156862745098
CHN,TJK,283692,15242.878684030158
CHN,TJK,810411,204242.3076923077
CHN,TJK,850511,502.5709912938188
CHN,TKM,260200,74850.0
CHN,TKM,850511,25988.0
CHN,TLS,850511,3518.992543907731
CHN,TTO,251110,61.97130297915575
CHN,TTO,280429,11775.839372378538
CHN,TTO,810820,4286.863214701041
CHN,TTO,850511,15027.411907862574
CHN,TUN,251110,11893.950964516414
CHN,TUN,280469,100211.73063255165
CHN,TUN,280480,3651.7792307692307
CHN,TUN,740311,428675.4607843137
CHN,TUN,810411,303773.7464761343
CHN,TUN,810820,2114.0280283130073
CHN,TUN,811010,39254.745564497585
CHN,TUN,811292,121446.76470588235
CHN,TUN,850511,5793327.026180127
CHN,TUR,250490,3960.78431372549
CHN,TUR,251110,193394.59825313956
CHN,TUR,252910,8313.725490196079
CHN,TUR,252922,14983.84816121495
CHN,TUR,260600,219517035.29411763
CHN,TUR,270112,18118078.43137255
CHN,TUR,280429,368826.4030598142
CHN,TUR,280469,148648083.24441007
CHN,TUR,280470,167200.0
CHN,TUR,280480,1036694.0712615945
CHN,TUR,282200,1461804.8129768216
CHN,TUR,283691,11.0
CHN,TUR,283692,953356.525793635
CHN,TUR,720292,13486389.814106686
CHN,TUR,720293,304671.0
CHN,TUR,740311,25137.254901960783
CHN,TUR,750210,17148235.29411765
CHN,TUR,810194,1478670.7692307692
CHN,TUR,810320,24974.488343148918
CHN,TUR,810411,290331625.59533536
CHN,TUR,810820,188048.89258199936
CHN,TUR,811010,7404856.346017481
CHN,TUR,811231,52504.61538461538
CHN,TUR,811292,1014305.8823529412
CHN,TUR,850511,148206116.59347257
CHN,TZA,250490,33215.686274509804
CHN,TZA,251110,351770.0
CHN,TZA,252910,246194.0
CHN,TZA,260600,1652.549019607843
CHN,TZA,280429,3637.4121478407574
CHN,TZA,280469,156695.9857021856
CHN,TZA,280480,5476.692307692308
CHN,TZA,283691,90.0
CHN,TZA,740311,3809.235294117647
CHN,TZA,810411,69172.76352816807
CHN,TZA,850511,37964.76487329283
CHN,UGA,251110,28891.735150488097
CHN,UGA,252910,83656.08823529413
CHN,UGA,280429,9463.0
CHN,UGA,280469,58347.44961419456
CHN,UGA,810194,6.553846153846154
CHN,UGA,850511,1897.733356321962
CHN,UKR,251110,80767.24594479815
CHN,UKR,260600,1161341.9215686275
CHN,UKR,280429,422700.7779505005
CHN,UKR,280469,3097439.63242248
CHN,UKR,280470,228238.4615466864
CHN,UKR,280480,23157.415384615382
CHN,UKR,282200,48036.41377525988
CHN,UKR,283691,2.9215686274509802
CHN,UKR,720292,782989.3725490196
CHN,UKR,740311,303.7450980392157
CHN,UKR,750210,766158.8235294118
CHN,UKR,810320,11184.804228832116
CHN,UKR,810411,894577.2739342261
CHN,UKR,811010,141589.65224775654
CHN,UKR,811292,30360.450980392157
CHN,UKR,850511,6006209.605869747
CHN,URY,280429,18682.50559845551
CHN,URY,810820,1727.990042051311
CHN,URY,850511,167922.4662920207
CHN,USA,250490,1279128.336235037
CHN,USA,251110,48180365.09238513
CHN,USA,252800,12809.017294318968
CHN,USA,252910,114076.60719923237
CHN,USA,252922,49548520.98957515
CHN,USA,260600,31263879.411764704
CHN,USA,280429,31464455.090901706
CHN,USA,280469,404305.97059873305
CHN,USA,280470,825615.9891961949
CHN,USA,280480,990234.3539042552
CHN,USA,282200,1347523.1508183167
CHN,USA,283691,267004.40361514874
CHN,USA,283692,183214.40593572278
CHN,USA,711021,3709.9448556705674
CHN,USA,720292,2011627.0
CHN,USA,720293,18333.333333333332
CHN,USA,740311,4984135.294117647
CHN,USA,750210,41305.48468086098
CHN,USA,810194,9822150.93893789
CHN,USA,810320,67891645.56394786
CHN,USA,810411,20477077.231816866
CHN,USA,810820,3664450.0535293375
CHN,USA,811010,28828613.88373956
CHN,USA,811231,4865009.26177803
CHN,USA,811292,14552115.452191833
CHN,USA,850511,532638899.9749988
CHN,UZB,250490,90.0
CHN,UZB,251110,11488.132403816582
CHN,UZB,252800,856.8627450980392
CHN,UZB,252910,300299.20663303573
CHN,UZB,280469,143109.0876382447
CHN,UZB,280470,232876.82184424595
CHN,UZB,282200,378937.9764548393
CHN,UZB,810411,319675.6446597624
CHN,UZB,810820,27.521809764657306
CHN,UZB,811292,15.686274509803921
CHN,UZB,850511,668839.8191673249
CHN,VCT,280429,1367.2219453171483
CHN,VCT,280469,7700.29268477438
CHN,VCT,850511,690.0
CHN,VEN,280469,305550.0
CHN,VEN,850511,40382.0
CHN,VNM,250490,30196.56081300781
CHN,VNM,251110,5525578.268138183
CHN,VNM,252800,31682.19287217492
CHN,VNM,252910,3698760.1568261813
CHN,VNM,260200,2538487.9521226776
CHN,VNM,260600,2321913.11729639
CHN,VNM,280429,124556.74339156249
CHN,VNM,280469,44901832.13542711
CHN,VNM,280470,71786.67026069916
CHN,VNM,282200,1994169.2074973583
CHN,VNM,283691,92099.23683130892
CHN,VNM,283692,378800.3911414803
CHN,VNM,720292,785102.5993467513
CHN,VNM,720293,58547.97447734806
CHN,VNM,740311,657161437.4688929
CHN,VNM,750210,56518.88427513136
CHN,VNM,810194,880339.1938461539
CHN,VNM,810411,19547205.150962796
CHN,VNM,810820,523776.4162646092
CHN,VNM,811010,10574.183978849162
CHN,VNM,811292,1294.1176470588234
CHN,VNM,850511,546909189.8482788
CHN,YEM,251110,3.0
CHN,YEM,850511,37386.0
CHN,ZAF,250490,69032.78823529412
CHN,ZAF,251110,1302400.5543571638
CHN,ZAF,252922,210197.09411764704
CHN,ZAF,260200,16485.08632779068
CHN,ZAF,260600,15385962.14117647
CHN,ZAF,280469,13874593.74703178
CHN,ZAF,280470,1335211.7976840083
CHN,ZAF,280480,29724.34661857403
CHN,ZAF,720292,10.549019607843137
CHN,ZAF,720293,232000.0
CHN,ZAF,740311,6389896.48627451
CHN,ZAF,810194,6915.049230769231
CHN,ZAF,810320,3868.500121622786
CHN,ZAF,810411,43822771.17950599
CHN,ZAF,810820,73490.49126932057
CHN,ZAF,811010,1375182.0364645312
CHN,ZAF,811292,13132.913725490196
CHN,ZAF,850511,6080691.529401281
CHN,ZMB,251110,4621457.434011427
CHN,ZMB,252910,81005.0
CHN,ZMB,280469,89387.71123501648
CHN,ZMB,740311,610.2901960784313
CHN,ZMB,850511,4382.750474212439
CHN,ZWE,250490,11847.14705882353
CHN,ZWE,251110,45558.35463723412
CHN,ZWE,252800,6000.0
CHN,ZWE,252910,2397.9509803921565
CHN,ZWE,280469,206.41073815811015
CHN,ZWE,280480,135.77692307692305
CHN,ZWE,740311,160.1862745098039
CHN,ZWE,810194,10.307692307692308
CHN,ZWE,810820,63.603851394045954
CHN,ZWE,850511,3676.534324762715
CIV,AGO,850511,10925.603
CIV,BFA,280429,1101.678
CIV,CHE,850511,82.13333333333333
CIV,CHN,260200,65656830.707693145
CIV,CHN,260600,514.7058823529412
CIV,DEU,260200,42159.01989940711
CIV,EST,260200,3864234.036
CIV,FRA,260600,186.8627450980392
CIV,FRA,280480,66745.34
CIV,FRA,740311,55314.18
CIV,IND,260200,10584285.71172567
CIV,LVA,260200,3620875.945
CIV,MLI,280429,346.138
CIV,ZAF,250490,67.37254901960785
CMR,CHN,260600,1808.8235294117646
CMR,CIV,280429,397.442
CMR,COG,280429,2117.0358742421304
CMR,COG,850511,471.59411764705885
CMR,IND,280469,767313.41872313
CMR,NGA,280469,3581.994
CMR,THA,850511,6994.278431372549
CMR,ZAF,250490,0.4784313725490196
COD,AGO,740311,37974472.495
COD,ARE,282200,97330974.485
COD,ARE,740311,983520510.037915
COD,BHR,740311,33449554.315686278
COD,BRA,282200,18003257.580977328
COD,CAN,740311,279638660.5215686
COD,CHE,282200,18149814.894
COD,CHE,740311,521020454.613
COD,CHN,260200,294023.953
COD,CHN,282200,14423.89905220635
COD,CHN,740311,6649105233.656365
COD,DEU,740311,1084778146.7313724
COD,EGY,740311,514963462.65294117
COD,ESP,740311,5662843718.035294
COD,FRA,740311,160373125.71764705
COD,HKG,282200,135123448.169
COD,HKG,740311,1062866133.227
COD,IDN,740311,12155178.43137255
COD,IND,740311,3377619.8490196075
COD,ITA,740311,535717557.55784315
COD,JPN,740311,23356625.571568627
COD,KOR,282200,2673142.137231118
COD,KOR,740311,824245948.0392157
COD,MOZ,282200,148998552.814
COD,MOZ,740311,699990845.58
COD,MYS,740311,34102106.32745098
COD,NAM,282200,439707675.06849664
COD,NLD,282200,597.581898955082
COD,NLD,740311,30612793.701960783
COD,PAK,740311,1753165.4460784313
COD,S19,740311,53590703.78431372
COD,SAU,740311,795068345.090196
COD,SGP,282200,110171295.955
COD,SGP,740311,1098995489.146
COD,SWZ,740311,30775374.39
COD,THA,740311,1186042972.9607842
COD,TUR,260200,2001.7154613804407
COD,TUR,740311,53772611.76470588
COD,TZA,740311,1053431238.576
COD,USA,740311,87810071.56862745
COD,VNM,282200,6058709.827
COD,VNM,740311,369155890.859
COD,ZAF,250490,216.98823529411766
COD,ZAF,282200,315.87584836036956
COD,ZAF,740311,359393403.17649573
COD,ZMB,260200,10406.882853057154
COD,ZMB,282200,1908311901.7022867
COD,ZMB,740311,391330.4392156863
COG,AGO,251110,96174.106
COG,AGO,280429,9102.877281282932
COG,ARE,740311,1839953423.7058823
COG,BGR,740311,2140593.8549019606
COG,CHN,740311,71104128.92438933
COG,CMR,280429,2132.501177176235
COG,COD,251110,49812.984
COG,DEU,740311,97054810.45490196
COG,EGY,740311,16425946.93627451
COG,GAB,280429,7777.1907203379305
COG,GNQ,280429,121998.436
COG,GRC,740311,612884275.6490195
COG,IND,740311,1622253.0696078432
COG,ITA,740311,399089182.8490196
COG,MYS,740311,8333097.276470588
COG,NAM,251110,144982.898
COG,NLD,740311,4113091.5055343695
COG,NLD,850511,39.368
COG,PAK,740311,1682618.0549019608
COG,S19,740311,1592743.6470588236
COG,SAU,740311,24604832.84901961
COG,THA,740311,1668581.0684761927
COG,VNM,740311,922894536.0980393
COG,ZAF,740311,6069608.203921569
COL,ARE,711021,186251.75164451718
COL,ARG,270112,429915171.31326634
COL,ARG,850511,1168.2812206445644
COL,AUS,850511,6332.08
COL,AUT,850511,194.09117647058824
COL,BEL,270112,9130561.398297954
COL,BEL,850511,2.46078431372549
COL,BIH,270112,1061504.4705882354
COL,BOL,850511,2771.4681304276287
COL,BRA,252910,182.35294117647058
COL,BRA,270112,2096394261.6007948
COL,CAN,260600,21.090196078431372
COL,CAN,270112,1246512909.0217252
COL,CHE,711011,3370872.6792635554
COL,CHE,850511,4640.470588235294
COL,CHL,260600,240480.0
COL,CHL,270112,2130895900.5070252
COL,CHL,280429,42269.96915061406
COL,CHL,850511,186.98039215686273
COL,CHN,270112,239286308.26159948
COL,CRI,251010,17889.23076923077
COL,CRI,850511,319.7843137254902
COL,CUB,270112,597969.6
COL,DEU,270112,4968376633.973605
COL,DEU,740311,1681735.4901960783
COL,DNK,270112,707448248.4
COL,DOM,270112,3129603439.180019
COL,DOM,850511,29543.13725490196
COL,ECU,250490,59088.74498643727
COL,ECU,251110,18820.808683078172
COL,ECU,260600,8888.0
COL,ECU,270112,117230.91257215863
COL,ECU,280429,30305.692207783013
COL,ECU,280469,35672.0
COL,ECU,850511,11626.044218126955
COL,ESP,252910,329.44
COL,ESP,270112,3493920739.6513815
COL,FIN,270112,241432015.46862745
COL,FRA,250490,282.3686274509804
COL,FRA,270112,701299689.4773316
COL,FRA,711011,3743790.752389109
COL,GAB,270112,6688000.0
COL,GBR,270112,592011764.5310597
COL,GTM,251010,204588.0
COL,GTM,270112,249530437.5698958
COL,GTM,850511,3308.0361738206584
COL,HRV,270112,25716.0
COL,IDN,270112,113655282.97929612
COL,IND,270112,32784000.0
COL,IRL,270112,948960651.4976459
COL,ISR,270112,8246751301.28
COL,ITA,252910,191.36
COL,ITA,270112,411156407.55294263
COL,ITA,711011,6858919.40310203
COL,JPN,270112,511429150.6108766
COL,KOR,270112,849198677.3990314
COL,KOR,850511,178.4313725490196
COL,LBY,850511,36216.0
COL,MAR,270112,767930153.04
COL,MEX,252910,12020.0
COL,MEX,270112,419470967.06229824
COL,MEX,850511,9802.08
COL,MOZ,251010,2094.350769230769
COL,MYS,270112,26230659.480392158
COL,NLD,270112,1039772833.9505837
COL,NOR,270112,376743945.29999995
COL,PAN,252800,210954.24
COL,PAN,270112,249922863.1459363
COL,PAN,280429,1092.74959110266
COL,PAN,850511,841.1764705882352
COL,PER,252910,3519.0594658792033
COL,PER,270112,87963533.95677711
COL,POL,270112,774299646.2109737
COL,ROU,270112,165027418.4
COL,S19,270112,226861829.91403767
COL,SEN,270112,46537154.08
COL,SGP,270112,37987729.76
COL,SLV,850511,239.8235294117647
COL,SVK,270112,360153996.12549025
COL,TUR,270112,16271385146.213444
COL,UKR,270112,74897488.0739978
COL,USA,270112,661754861.7136204
COL,USA,280429,2240759.68
COL,USA,711011,19953861.031042077
COL,USA,750210,807035.294117647
COL,USA,850511,32899.430852758174
COL,VEN,251110,51324.0
COL,VEN,280469,9254.4
COL,ZAF,270112,38014699.6
CPV,PAN,250490,201.742
CRI,CHN,850511,300.0
CRI,CYP,850511,12.388235294117646
CRI,CZE,850511,1525.4901960784314
CRI,DOM,280469,1590.0
CRI,ECU,280469,39040.0
CRI,FRA,850511,427.70588235294116
CRI,GTM,280469,15919.455788827547
CRI,HUN,850511,3.9215686274509802
CRI,ISR,850511,2.5
CRI,JAM,280429,83308.87746270736
CRI,JAM,280469,9900.0
CRI,MYS,850511,13669.115686274508
CRI,NIC,280469,39999.22
CRI,NIC,850511,227.84642488956496
CRI,NZL,850511,42.26960784313726
CRI,PAN,251010,7560.0
CRI,PAN,252910,2614.76
CRI,PAN,280469,1820.29
CRI,PAN,850511,21.42
CRI,SGP,280469,39.29275906928368
CRI,SVN,260600,259332.6745098039
CRI,USA,280429,2.0
CRI,USA,850511,41658.35218667802
CUB,SVN,750210,79304482.98039216
CUW,ARM,280429,203371.04099854938
CUW,ARM,850511,3265.098039215686
CUW,GUY,251010,3570354.6523076924
CXR,AUS,251010,2383996.886153846
CXR,NZL,251010,3588681.8184615383
CYP,AUT,251010,2768.7076923076925
CYP,BEL,280429,8330.626266904294
CYP,CPV,280429,38481.52809162017
CYP,DEU,280429,238865.05415092863
CYP,EST,850511,198.90196078431373
CYP,FRA,850511,1743.848
CYP,GRC,280429,64717.63987117159
CYP,GRC,850511,20311.2
CYP,HRV,850511,1010.9259999999999
CYP,ISR,251110,663007.9165494344
CYP,ISR,280429,5854.0156666213925
CYP,MLT,850511,219199.2980392157
CYP,MNE,280469,699931.6625031501
CYP,MNE,810411,5486674.726153846
CYP,NLD,251010,2021.043076923077
CYP,NLD,251110,317.13394528716543
CYP,NLD,252800,1.0323529411764705
CYP,NLD,252910,22.712745098039218
CYP,NLD,260200,10.918878728693064
CYP,NLD,260600,9.291176470588235
CYP,NLD,270112,1.0323529411764705
CYP,NLD,280429,420.2178309278056
CYP,NLD,280469,14.753230859481937
CYP,NLD,282200,7.00649971717739
CYP,NLD,283691,132.1470588235294
CYP,NLD,283692,4.586977381768334
CYP,NLD,711021,31.65005613832577
CYP,NLD,720292,22.712745098039218
CYP,NLD,720293,2.064705882352941
CYP,NLD,740311,43.36078431372549
CYP,NLD,750210,110.46666666666667
CYP,NLD,810320,0.9620963642791969
CYP,NLD,810411,23.49076923076923
CYP,NLD,811292,1.0323529411764705
CYP,NLD,850511,176.54019607843136
CYP,ROU,850511,1873.764705882353
CYP,SGP,850511,1233.0754901960786
CZE,AGO,850511,8.0
CZE,ALB,850511,3168.0
CZE,AND,850511,12.57843137254902
CZE,ARE,251110,39297.29719011815
CZE,ARE,283691,573.5019607843137
CZE,ARE,750210,70329.82058823529
CZE,ARE,850511,8593.389390881117
CZE,ARG,720292,1001799.6371352923
CZE,ARG,850511,1901.5306402928907
CZE,ARM,850511,296.62252994937944
CZE,AUS,280429,5498.0
CZE,AUS,810820,1659.4075901736312
CZE,AUS,850511,37779.83267820855
CZE,AUT,252800,89634.05392156863
CZE,AUT,252910,13792.0
CZE,AUT,252922,277926.66309856204
CZE,AUT,270112,4722931.944632027
CZE,AUT,280429,40216.360040515865
CZE,AUT,711011,49404.0
CZE,AUT,720292,416151.72297621064
CZE,AUT,720293,176878.0
CZE,AUT,740311,452.19117647058823
CZE,AUT,810411,11532.0
CZE,AUT,850511,897090.9035462779
CZE,AZE,850511,114.0
CZE,BEL,252910,14823.524626258259
CZE,BEL,252922,8857.254523307203
CZE,BEL,280429,330.0
CZE,BEL,283691,123211.98921568628
CZE,BEL,711011,114737.55764013428
CZE,BEL,711021,480955.81485097395
CZE,BEL,720292,24220.286971299804
CZE,BEL,720293,224458.80461857407
CZE,BEL,750210,305637.58719440026
CZE,BEL,810820,50096.07103482515
CZE,BEL,811292,824.6186274509804
CZE,BEL,850511,153609.17978254627
CZE,BGR,260200,1258.0
CZE,BGR,280429,57734.95218810725
CZE,BGR,280469,259446.0
CZE,BGR,811010,35552.202834813535
CZE,BGR,850511,89515.40899374151
CZE,BHR,720292,2950733.6196298883
CZE,BHR,850511,1572.0
CZE,BIH,283691,424.4705882352941
CZE,BIH,850511,4652.9707900705025
CZE,BLR,850511,2152.0
CZE,BRA,252922,87578.71848873312
CZE,BRA,720292,4529080.388004714
CZE,BRA,850511,10818.512690892394
CZE,CAN,282200,10602.0
CZE,CAN,720292,47049201.97254902
CZE,CAN,850511,5937.84549649955
CZE,CHE,252910,809344.5364144933
CZE,CHE,280429,3630.0
CZE,CHE,283691,31142.0
CZE,CHE,711011,3791491.274509804
CZE,CHE,711021,6697382.684401083
CZE,CHE,720292,70346.26666666666
CZE,CHE,810411,502971.53846153844
CZE,CHE,850511,2905762.883961453
CZE,CHL,850511,8946.200189472984
CZE,CHN,252910,1.9607843137254901
CZE,CHN,280469,387.60387482179055
CZE,CHN,720292,21193401.48964091
CZE,CHN,811292,241.17647058823528
CZE,CHN,850511,130489.39317816925
CZE,COD,850511,82.49509803921568
CZE,COL,280429,5338.0
CZE,COL,720292,3571119.107576756
CZE,COL,850511,17608.167993616815
CZE,CYP,850511,286.502146658659
CZE,DEU,250490,161.95513445728827
CZE,DEU,251110,25355.003665038465
CZE,DEU,252910,6382903.272052205
CZE,DEU,252922,2588388.2948452993
CZE,DEU,260200,207.6019684251718
CZE,DEU,260600,30202.0
CZE,DEU,280429,1068934.8989590039
CZE,DEU,280469,3127622.659406523
CZE,DEU,711011,1969302.8088287518
CZE,DEU,711021,2609249.951388629
CZE,DEU,720292,29339431.43503506
CZE,DEU,720293,148206.0
CZE,DEU,740311,177292.47648016247
CZE,DEU,750210,360796.11124920857
CZE,DEU,810194,324562.31334369053
CZE,DEU,810820,28092.837647599757
CZE,DEU,811010,4388.0
CZE,DEU,850511,5472910.108066817
CZE,DNK,280429,10267.06049855754
CZE,DNK,750210,1373.0509803921568
CZE,DNK,850511,53808.5916426762
CZE,DOM,850511,7065.9607843137255
CZE,ECU,720292,985007.3853396695
CZE,ECU,850511,9637.520842238002
CZE,EGY,850511,294.43641265959593
CZE,ESP,280469,1361129.4402893065
CZE,ESP,283692,43520.0
CZE,ESP,711011,40365.22329847595
CZE,ESP,711021,3788.0
CZE,ESP,720292,8670406.482400456
CZE,ESP,740311,18306.0
CZE,ESP,850511,56800.98563972852
CZE,EST,850511,36997.113577487944
CZE,ETH,850511,324.0
CZE,FIN,252910,2856.0
CZE,FIN,720292,1020958.6523192083
CZE,FIN,750210,9010.0
CZE,FIN,850511,1417552.2267133542
CZE,FRA,260600,114068.47058823529
CZE,FRA,280469,40506.0
CZE,FRA,711021,141549.33745972178
CZE,FRA,720292,3093682.043341176
CZE,FRA,720293,371360.1168033109
CZE,FRA,740311,22433.308765923382
CZE,FRA,750210,911792.3919549917
CZE,FRA,810820,38868.0
CZE,FRA,811231,62306.0
CZE,FRA,850511,546712.8335979237
CZE,GBR,250490,5969.607843137254
CZE,GBR,251110,688.0
CZE,GBR,252910,30019.79873485138
CZE,GBR,252922,598.0
CZE,GBR,280429,1730.0
CZE,GBR,283691,261657.36470588233
CZE,GBR,720292,299667.5294117647
CZE,GBR,810820,11798.227827162802
CZE,GBR,811292,7987.66127379309
CZE,GBR,850511,840329.7327788215
CZE,GEO,850511,3265.098516343601
CZE,GHA,850511,22389.011764705883
CZE,GRC,280429,674.0
CZE,GRC,810194,565.4061538461539
CZE,GRC,850511,7047.59969654712
CZE,HKG,810820,15062.0
CZE,HKG,850511,9934.0
CZE,HRV,252922,30141.94625651591
CZE,HRV,283691,82.35294117647058
CZE,HRV,740311,9844.117647058823
CZE,HRV,850511,11266.644108286215
CZE,HUN,250490,270.0
CZE,HUN,252910,938771.1775519152
CZE,HUN,252922,975212.0
CZE,HUN,260600,23305.415091788283
CZE,HUN,270112,120407629.50452505
CZE,HUN,280429,2005985.1850317873
CZE,HUN,280469,358760.1649725286
CZE,HUN,720292,390205.08739327954
CZE,HUN,740311,247.05882352941177
CZE,HUN,810411,2320069.607877282
CZE,HUN,850511,1155354.467599463
CZE,IDN,252922,180323.93919959138
CZE,IDN,850511,51159.457646233466
CZE,IND,250490,134.16862745098038
CZE,IND,251110,636.0
CZE,IND,711011,124476.38431372549
CZE,IND,720292,1332695.229531668
CZE,IND,750210,710636.0
CZE,IND,850511,49937.581467193166
CZE,IRL,270112,2174.235294117647
CZE,IRL,280429,1886.1543051365727
CZE,IRL,850511,19732.164383863077
CZE,IRN,850511,84.0
CZE,ISL,850511,2767.4620657438127
CZE,ISR,252922,468597.3843580504
CZE,ISR,280429,3741.839723276509
CZE,ISR,850511,2985.7284794896636
CZE,ITA,251110,30237.845757748866
CZE,ITA,252910,103946.0
CZE,ITA,252922,9758.245403483388
CZE,ITA,280429,989.4125552169036
CZE,ITA,280469,148135.61721991675
CZE,ITA,282200,25227.9192334048
CZE,ITA,711011,40184.129411764705
CZE,ITA,711021,196613.3413777416
CZE,ITA,720292,1187044.103897066
CZE,ITA,740311,474615.07628013287
CZE,ITA,810820,2355857.149214625
CZE,ITA,850511,51818.799263252055
CZE,JOR,720292,334414.0
CZE,JOR,850511,324.0
CZE,JPN,280429,37118.0
CZE,JPN,720292,39793207.63106974
CZE,JPN,810320,61578.826094292184
CZE,JPN,850511,258491.22919235463
CZE,KAZ,850511,5750.0
CZE,KEN,850511,151.34332178142432
CZE,KOR,280429,105867.59649104168
CZE,KOR,850511,424890.10723255
CZE,KWT,850511,1312.1735294117645
CZE,LBN,850511,2252.0
CZE,LTU,250490,1118.627450980392
CZE,LTU,280429,1018.8560135325649
CZE,LTU,850511,40898.965688087985
CZE,LUX,850511,2963.342720430347
CZE,LVA,252922,1719417.7193678843
CZE,LVA,850511,19981.559958745154
CZE,MAR,810820,42.0
CZE,MAR,850511,273.59905397968026
CZE,MDA,810194,4330.0
CZE,MDA,850511,3269.158921545234
CZE,MEX,720292,4049080.0
CZE,MEX,850511,56041.17647058824
CZE,MKD,251110,1949.31832159715
CZE,MKD,850511,609.6270649545768
CZE,MLT,850511,942.507806262087
CZE,MNE,280429,355193.13427554985
CZE,MNE,850511,698.0
CZE,MYS,280429,5702.0
CZE,MYS,720292,199352.3
CZE,MYS,850511,8010.4907296815945
CZE,NGA,850511,3097.9457646886926
CZE,NLD,250490,24.777450980392157
CZE,NLD,251010,9899.466923076923
CZE,NLD,251110,11622.351604732174
CZE,NLD,252800,2040.0235294117647
CZE,NLD,252910,3630.9529411764706
CZE,NLD,252922,560.5931372549019
CZE,NLD,260200,3369.095521442963
CZE,NLD,260600,8092.988235294118
CZE,NLD,270112,64776.94411764705
CZE,NLD,280429,6046.34987192267
CZE,NLD,280469,77722.38221980349
CZE,NLD,280470,1.7078560136507674
CZE,NLD,280480,1.6199999999999999
CZE,NLD,282200,5639.491794335711
CZE,NLD,283691,24900.470588235294
CZE,NLD,283692,204.58877465539564
CZE,NLD,711011,2177.3333333333335
CZE,NLD,711021,12456.11073689101
CZE,NLD,720292,9598524.062735839
CZE,NLD,720293,36212.77731513893
CZE,NLD,750210,92826.2362745098
CZE,NLD,810194,0.8099999999999999
CZE,NLD,810320,384.8559054751368
CZE,NLD,810411,6561.303076923076
CZE,NLD,810820,55278.20919119641
CZE,NLD,811010,56.823025853772485
CZE,NLD,811292,296.29901960784315
CZE,NLD,850511,423955.6409597032
CZE,NOR,251110,372.0
CZE,NOR,252910,10.0
CZE,NOR,280469,1226.1993347699627
CZE,NOR,282200,224.0
CZE,NOR,283691,3019.6470588235293
CZE,NOR,850511,158097.7734031405
CZE,NPL,850511,218.0
CZE,NZL,280429,728.7118491982706
CZE,NZL,850511,566.9078431372549
CZE,PAK,850511,434.0
CZE,PER,850511,2271.391165666603
CZE,PHL,740311,961.7647058823529
CZE,PHL,850511,47.11815625770368
CZE,POL,250490,236874.50980392157
CZE,POL,252910,11801347.55644731
CZE,POL,252922,70298.03934999874
CZE,POL,260200,40.0
CZE,POL,260600,3910.8185805800663
CZE,POL,270112,125321025.58377428
CZE,POL,280429,36894.906083033835
CZE,POL,280469,344514.87336149847
CZE,POL,283691,2761.4486296238997
CZE,POL,711011,519793.1372549019
CZE,POL,720292,6733914.740754226
CZE,POL,740311,19283.333333333332
CZE,POL,750210,184492.3433663701
CZE,POL,810820,59834.0
CZE,POL,850511,887010.4677061872
CZE,PRT,252922,88762.0
CZE,PRT,850511,563421.134661557
CZE,PRY,850511,18.0
CZE,QAT,850511,318.0
CZE,ROU,252910,842683.0327455726
CZE,ROU,260600,316384.0
CZE,ROU,280429,12093.715126194522
CZE,ROU,280469,325719.6160167879
CZE,ROU,283691,1866.0789578691035
CZE,ROU,810194,756.123076923077
CZE,ROU,810820,69785.02210048649
CZE,ROU,811010,18.38502540723371
CZE,ROU,850511,135652.56667494308
CZE,RUS,252800,292.0
CZE,RUS,252922,13168.0
CZE,RUS,711021,3152.0
CZE,RUS,850511,45962.0
CZE,S19,280429,9186.0
CZE,S19,720292,11280409.826544106
CZE,S19,810320,12.0
CZE,S19,850511,31836.573983745686
CZE,SAU,850511,12509.019607843138
CZE,SGP,280429,6034.63587215074
CZE,SGP,850511,1771.9787170453988
CZE,SLV,810320,51514628.0
CZE,SRB,251110,906.7454508542985
CZE,SRB,282200,26235.163776162794
CZE,SRB,720292,14823.529411764706
CZE,SRB,720293,188447.64563835002
CZE,SRB,850511,11153.869960397196
CZE,SVK,250490,785.6337226669069
CZE,SVK,251010,44001.230769230766
CZE,SVK,251110,469225.3939679888
CZE,SVK,252800,378.0
CZE,SVK,252910,1058549.464083668
CZE,SVK,252922,111618.4377226942
CZE,SVK,260200,7963.591368574363
CZE,SVK,260600,331.1977641130353
CZE,SVK,270112,241609105.0276847
CZE,SVK,280429,4596484.2271268135
CZE,SVK,280469,274083.3974490422
CZE,SVK,283691,299107.105882353
CZE,SVK,711011,33755.37254901961
CZE,SVK,720292,3394954.3023208897
CZE,SVK,720293,866104.7641162461
CZE,SVK,740311,128070.60307544233
CZE,SVK,750210,1001900.1258417751
CZE,SVK,810411,59456.74461538461
CZE,SVK,810820,412.0
CZE,SVK,811292,172.0
CZE,SVK,850511,2171817.6218908103
CZE,SVN,252910,725783.4745098039
CZE,SVN,252922,150085.02207531466
CZE,SVN,260200,37448.0
CZE,SVN,280469,73052.0
CZE,SVN,282200,3466.0
CZE,SVN,720292,4476487.93721103
CZE,SVN,720293,816954.564020405
CZE,SVN,750210,314204.0
CZE,SVN,850511,36530.71839632208
CZE,SWE,252910,32126.89538593338
CZE,SWE,252922,982624.642531525
CZE,SWE,720292,526017.8258414437
CZE,SWE,810820,489580.0
CZE,SWE,850511,72599.40431935183
CZE,THA,810320,677269.0594233071
CZE,THA,850511,5719.323590915217
CZE,TUN,850511,35658.2979689973
CZE,TUR,252800,57553.65840021599
CZE,TUR,720292,43208393.28110363
CZE,TUR,740311,738933.3333333334
CZE,TUR,810820,284102.0
CZE,TUR,811292,3247.0588235294117
CZE,TUR,850511,85753.80277967127
CZE,UKR,251110,15660.14296441412
CZE,UKR,252910,1190593.9596247948
CZE,UKR,252922,1851.227630847455
CZE,UKR,260600,8158.0
CZE,UKR,270112,27242539.53501245
CZE,UKR,720292,5578295.788932768
CZE,UKR,850511,56551.55052558165
CZE,URY,810320,91.22098861313867
CZE,URY,850511,578.5849993279883
CZE,USA,280429,42542.67787678003
CZE,USA,283691,2950.9803921568628
CZE,USA,720292,61317188.35026992
CZE,USA,740311,27062.22962670786
CZE,USA,750210,12606.0
CZE,USA,810320,189182.84749133236
CZE,USA,810820,11340.0
CZE,USA,850511,328582.21560878045
CZE,UZB,252910,686.0
CZE,UZB,850511,26749.019607843136
CZE,VNM,280429,4954.0
CZE,VNM,850511,348099.6
CZE,YEM,850511,26628.0
CZE,ZAF,850511,67299.90505805795
CZE,ZWE,850511,1441.8818078884578
DEU,ABW,850511,25413.144
DEU,AGO,280429,21685.88
DEU,AGO,850511,103.1156862745098
DEU,ALB,850511,97086.676
DEU,AND,850511,5.7215686274509805
DEU,ARE,250490,1099002.1813101072
DEU,ARE,260600,3748.048039215686
DEU,ARE,280429,20448.19605426592
DEU,ARE,280469,1898310.7930631137
DEU,ARE,280470,21.94505773286012
DEU,ARE,282200,4116.685020640112
DEU,ARE,283691,26355.129411764705
DEU,ARE,711011,1952040.2423388786
DEU,ARE,711021,80.27851054398238
DEU,ARE,720293,53637.927450980394
DEU,ARE,750210,71156.8
DEU,ARE,810820,384.521439640871
DEU,ARE,811292,1244820.448
DEU,ARE,850511,1278379.1436579567
DEU,ARG,252910,8721.547924554374
DEU,ARG,280429,296322.92633275315
DEU,ARG,283691,883565.7000575124
DEU,ARG,283692,586.7497677252304
DEU,ARG,711011,12183431.307248933
DEU,ARG,711021,108548.0
DEU,ARG,720293,349854.264
DEU,ARG,810820,1885367.184
DEU,ARG,811010,177.888
DEU,ARG,850511,307602.16646524455
DEU,ARM,280429,8471.048
DEU,ARM,810194,4696.984615384616
DEU,ARM,850511,72888.95201395094
DEU,AUS,250490,27456.62156862745
DEU,AUS,251110,4460.751053300474
DEU,AUS,260600,29505.256721644757
DEU,AUS,280429,91060.57783724224
DEU,AUS,283692,1276918.9441047902
DEU,AUS,711011,819399.9075878366
DEU,AUS,711021,14483.438464235145
DEU,AUS,720292,51147.64578289436
DEU,AUS,810320,163635.18611684532
DEU,AUS,810820,341207.1797112006
DEU,AUS,811292,153940.98142443932
DEU,AUS,850511,2008937.642951984
DEU,AUT,250490,26795.08966556473
DEU,AUT,251010,25420.937605660147
DEU,AUT,251110,1043952.0449790425
DEU,AUT,252800,66499.8714589124
DEU,AUT,252910,973810.5040977986
DEU,AUT,252922,1543308.3688100975
DEU,AUT,260200,50472.88080196805
DEU,AUT,260600,2116292.547063612
DEU,AUT,270112,351255.05154468026
DEU,AUT,280429,18120021.19242222
DEU,AUT,280469,21853497.043270536
DEU,AUT,280470,1450.4220426361258
DEU,AUT,282200,256864.74647417993
DEU,AUT,283691,5599494.955199919
DEU,AUT,283692,1851486.8168090777
DEU,AUT,711011,44921582.56011929
DEU,AUT,711021,30181226.212824665
DEU,AUT,720292,4993597.848
DEU,AUT,720293,947763.9695988221
DEU,AUT,740311,287748252.6569519
DEU,AUT,750210,38694069.56421231
DEU,AUT,810411,2500246.64
DEU,AUT,810820,1625571.2240478052
DEU,AUT,811010,1383.9269058889802
DEU,AUT,811231,42160.4
DEU,AUT,811292,617844.1511496407
DEU,AUT,850511,25894652.417297374
DEU,AZE,280429,1405322.4311600032
DEU,AZE,810320,928.2905091240875
DEU,AZE,850511,12597.647043891866
DEU,BDI,850511,139.14117647058825
DEU,BEL,250490,95297.08431372549
DEU,BEL,251010,11659.452307692307
DEU,BEL,251110,35435.35306325855
DEU,BEL,252800,213515.70939983157
DEU,BEL,252910,3975951.5243099104
DEU,BEL,252922,3489050.5553662833
DEU,BEL,260200,245683.76976625342
DEU,BEL,260600,741258.7952324153
DEU,BEL,270112,14975246.024288816
DEU,BEL,280429,11286255.034812951
DEU,BEL,280469,9744674.92180147
DEU,BEL,280470,512825.2124013551
DEU,BEL,280480,3656.9676923076922
DEU,BEL,282200,2464.8386536424878
DEU,BEL,283691,11100473.751324952
DEU,BEL,283692,301791.5639448633
DEU,BEL,711011,466408928.2492847
DEU,BEL,711021,211546838.04193333
DEU,BEL,720292,267998.7685455782
DEU,BEL,720293,1236114.8457629576
DEU,BEL,740311,307690592.68783534
DEU,BEL,750210,31463358.65645064
DEU,BEL,810194,1875.953846153846
DEU,BEL,810320,992.3142304290602
DEU,BEL,810411,31530.434961165975
DEU,BEL,810820,1546245.5171186333
DEU,BEL,811010,368.08786559822283
DEU,BEL,811212,5875.391798695144
DEU,BEL,811292,1284779.4318198897
DEU,BEL,850511,6616222.060250686
DEU,BEN,850511,26209.424
DEU,BFA,260600,4403.321568627451
DEU,BFA,850511,6788.9209527267885
DEU,BGD,850511,204982.408
DEU,BGR,251110,1489236.8908537028
DEU,BGR,260600,75887.1137254902
DEU,BGR,270112,293802.20392156864
DEU,BGR,280429,42882.71779543938
DEU,BGR,280470,1391171.7309208172
DEU,BGR,282200,743.8802428601804
DEU,BGR,283691,4921.063320902787
DEU,BGR,283692,238464.00425253215
DEU,BGR,711011,68305.13894968663
DEU,BGR,720293,3330416.784313726
DEU,BGR,740311,41739429.38171358
DEU,BGR,750210,4322853.857926939
DEU,BGR,810194,16278.329230769232
DEU,BGR,810320,1945.0902290748172
DEU,BGR,810411,101909.52307692308
DEU,BGR,810820,13346.796131876008
DEU,BGR,811010,1117.3112544827125
DEU,BGR,811292,9785.365822095735
DEU,BGR,850511,7745143.675840046
DEU,BHR,850511,2541.1944154244784
DEU,BIH,250490,2625.725490196078
DEU,BIH,750210,516332.2276917409
DEU,BIH,850511,271270.58634435775
DEU,BLR,252800,133385.112
DEU,BLR,850511,78221.656
DEU,BMU,850511,282.53921568627453
DEU,BOL,280469,188.6650185879559
DEU,BOL,280470,2492.8534596213008
DEU,BOL,850511,6242.937188529944
DEU,BRA,250490,18413.53414000096
DEU,BRA,251110,453236.4467844314
DEU,BRA,252910,227695.11192960752
DEU,BRA,252922,255513.40310015462
DEU,BRA,260600,507.84313725490193
DEU,BRA,280429,627705.507371811
DEU,BRA,280469,171715.17283555798
DEU,BRA,282200,362383.02364049543
DEU,BRA,283691,854.9303433915242
DEU,BRA,283692,967206.6529586475
DEU,BRA,711011,164163218.412
DEU,BRA,711021,36153122.71204058
DEU,BRA,740311,42863.504
DEU,BRA,750210,67901.96078431372
DEU,BRA,810194,101150.76923076923
DEU,BRA,810820,37174.93605514467
DEU,BRA,811010,19390.996395112776
DEU,BRA,811292,28169.912190329836
DEU,BRA,850511,2018941.3789732805
DEU,BRB,850511,61.76470588235294
DEU,BRN,850511,4345.429411764706
DEU,BWA,280469,7139.0917752501755
DEU,BWA,282200,285.1115928868614
DEU,BWA,850511,29.025490196078433
DEU,CAN,250490,312.16824883012976
DEU,CAN,251110,576974.7092944441
DEU,CAN,252910,542.3372549019607
DEU,CAN,260200,8.69061307653229
DEU,CAN,280429,45174.70632449212
DEU,CAN,280469,2224.5361583772205
DEU,CAN,280480,4687.883076923076
DEU,CAN,282200,1367.156208549979
DEU,CAN,283691,92022.8638448752
DEU,CAN,283692,1483488.3102520753
DEU,CAN,711011,31066490.88217294
DEU,CAN,711021,50062661.35823845
DEU,CAN,720292,597388.0980392157
DEU,CAN,720293,1558028.96
DEU,CAN,740311,4483387.532622631
DEU,CAN,750210,11883253.344
DEU,CAN,810194,52377.593846153846
DEU,CAN,810411,677.68
DEU,CAN,810820,7138634.858750645
DEU,CAN,811292,4718521.081513956
DEU,CAN,850511,2333859.131986217
DEU,CHE,250490,51631.672384180056
DEU,CHE,251010,128907.71345112471
DEU,CHE,251110,1282405.5792423529
DEU,CHE,252800,1909.5764705882352
DEU,CHE,252910,70099.78902678081
DEU,CHE,252922,198885.9242308749
DEU,CHE,260200,66792.25033910532
DEU,CHE,260600,185633.50149983657
DEU,CHE,270112,784198.6588235294
DEU,CHE,280429,29217825.848742858
DEU,CHE,280469,952598.4941670628
DEU,CHE,280470,9604.985373874742
DEU,CHE,282200,1415463.6539781103
DEU,CHE,283691,1614049.2126704543
DEU,CHE,283692,96024.58777549311
DEU,CHE,711011,228847685.34353516
DEU,CHE,711021,131014086.49815638
DEU,CHE,720292,416681.50980392157
DEU,CHE,720293,459130.776
DEU,CHE,740311,3861159.382933779
DEU,CHE,750210,9240068.977899643
DEU,CHE,810194,276882.44923076924
DEU,CHE,810320,62642.585833625904
DEU,CHE,810411,7879.906298453618
DEU,CHE,810820,7960933.978202973
DEU,CHE,811010,601717.3771526016
DEU,CHE,811212,3484.207421955902
DEU,CHE,811231,1025.0
DEU,CHE,811292,1392331.3678891533
DEU,CHE,850511,67019614.248436
DEU,CHL,280429,23047.074302325647
DEU,CHL,280480,1470.4461538461537
DEU,CHL,283691,280240.1496719848
DEU,CHL,711011,291649.696
DEU,CHL,740311,2002.6274509803923
DEU,CHL,850511,154290.99660577482
DEU,CHN,250490,72578.69314671167
DEU,CHN,251010,942.3076923076923
DEU,CHN,251110,39068.13342235368
DEU,CHN,252910,1140478.436064677
DEU,CHN,252922,87833.4460008913
DEU,CHN,280429,60812.65783692195
DEU,CHN,280469,25459.26516061143
DEU,CHN,280470,2971.3126467314396
DEU,CHN,280480,4922680.875353963
DEU,CHN,282200,543.2965990020331
DEU,CHN,283691,332819.70196532214
DEU,CHN,283692,5820661.719594852
DEU,CHN,711011,90566770.17043827
DEU,CHN,711021,70881967.10272208
DEU,CHN,720292,1914609.1330730661
DEU,CHN,720293,1609964.952
DEU,CHN,740311,320421615.30714
DEU,CHN,750210,255825.64
DEU,CHN,810194,48465.38461538462
DEU,CHN,810320,2216470.8428553827
DEU,CHN,810820,1734888.3748039592
DEU,CHN,811010,60.70527257105471
DEU,CHN,811292,30116281.45060007
DEU,CHN,850511,45549445.627610706
DEU,CIV,811292,856.4696078431373
DEU,CIV,850511,6825.905528722063
DEU,CMR,282200,11.475032503834683
DEU,CMR,810411,30.544615384615383
DEU,CMR,850511,2138.015750646577
DEU,COD,251110,6058.607594449054
DEU,COD,850511,79939.37324191412
DEU,COL,251110,60723.19548602286
DEU,COL,252800,103428.70588235294
DEU,COL,252910,72933.56862745098
DEU,COL,280429,82896.44782276897
DEU,COL,283691,3343.1372549019607
DEU,COL,283692,57380.760886451906
DEU,COL,750210,313534.7450980392
DEU,COL,850511,389628.6095924541
DEU,CPV,280429,3876.720405615129
DEU,CRI,282200,12678.332522976232
DEU,CRI,850511,18422.402080523058
DEU,CUB,850511,2559.4398791863546
DEU,CYP,252800,516.736
DEU,CYP,280429,9657.814550415975
DEU,CYP,280469,8640.472
DEU,CYP,711011,1350.378431372549
DEU,CYP,811292,3745.549019607843
DEU,CYP,850511,154063.32883619776
DEU,CZE,250490,206519.62943532536
DEU,CZE,251110,2062086.1055326688
DEU,CZE,252800,109968.62745098039
DEU,CZE,252910,3337224.670721506
DEU,CZE,252922,8223584.950043259
DEU,CZE,260200,5141.5047835215155
DEU,CZE,260600,9363334.744102864
DEU,CZE,270112,43667927.630105145
DEU,CZE,280429,22365094.952192724
DEU,CZE,280469,2934561.9533186494
DEU,CZE,280470,10978.723609220468
DEU,CZE,280480,56007.84349282488
DEU,CZE,282200,18956.86312365835
DEU,CZE,283691,1219340.0940015307
DEU,CZE,283692,3062173.750666362
DEU,CZE,711011,69016063.30427839
DEU,CZE,711021,16607198.795429062
DEU,CZE,720293,247108.928
DEU,CZE,740311,46457692.31697645
DEU,CZE,750210,16422009.788489705
DEU,CZE,810194,9243.076923076922
DEU,CZE,810320,5390.66338959854
DEU,CZE,810411,193730.71825827664
DEU,CZE,810820,700928.7294796023
DEU,CZE,811010,8649.724643393845
DEU,CZE,811231,2366.120661677231
DEU,CZE,811292,70441.92678989339
DEU,CZE,850511,29306960.80930149
DEU,DNK,250490,8386.336
DEU,DNK,251110,318328.95470998227
DEU,DNK,252800,39.03668106454222
DEU,DNK,252910,4232.447097327433
DEU,DNK,252922,14621.032
DEU,DNK,260200,237918.57448194895
DEU,DNK,260600,938048.0030918892
DEU,DNK,270112,758124.88
DEU,DNK,280429,9709729.571344363
DEU,DNK,280469,38584.0357596408
DEU,DNK,280480,21.63769230769231
DEU,DNK,282200,8818.825616874996
DEU,DNK,283691,1139958.3804811395
DEU,DNK,283692,529.6900342700479
DEU,DNK,711011,9328.494725309494
DEU,DNK,711021,266644.206896282
DEU,DNK,740311,363789.8661712269
DEU,DNK,750210,4617079.356642234
DEU,DNK,810411,78594.38893883096
DEU,DNK,810820,421700.5457154301
DEU,DNK,811010,45.67638151882073
DEU,DNK,811231,160729.656
DEU,DNK,811292,7883.973924349541
DEU,DNK,850511,4551134.5789071005
DEU,DOM,250490,565.4196078431372
DEU,DOM,850511,25261.67982133522
DEU,DZA,252922,282085.888
DEU,DZA,811010,767019.472
DEU,DZA,850511,106642.016
DEU,ECU,260600,856.4705882352941
DEU,ECU,280429,3615.635209560926
DEU,ECU,283691,502.94117647058823
DEU,ECU,850511,42912.13549394896
DEU,EGY,251110,12142.39302864082
DEU,EGY,280429,1014936.5812812052
DEU,EGY,280469,617.23908997103
DEU,EGY,711011,19458.0
DEU,EGY,740311,4468406.862745098
DEU,EGY,750210,167101.3637254902
DEU,EGY,810194,1599.5561538461536
DEU,EGY,810320,3176.638446047217
DEU,EGY,810820,25920.056569828943
DEU,EGY,850511,200048.11170537712
DEU,ESP,250490,96955.07039184988
DEU,ESP,251110,1553616.2956334907
DEU,ESP,252800,2381.472294613236
DEU,ESP,252910,9408258.910008764
DEU,ESP,252922,18985.152385477377
DEU,ESP,260200,697786.011400017
DEU,ESP,260600,554962.6717472868
DEU,ESP,270112,12757.333333333332
DEU,ESP,280429,14561140.971730655
DEU,ESP,280469,16400664.183548791
DEU,ESP,280470,4303.296
DEU,ESP,282200,1241101.608044993
DEU,ESP,283691,21147492.474015802
DEU,ESP,283692,25651217.96113624
DEU,ESP,711011,2541198.72640547
DEU,ESP,711021,1004448.3503726753
DEU,ESP,740311,141780348.81503364
DEU,ESP,750210,96383233.35180055
DEU,ESP,810194,93697.21846153846
DEU,ESP,810320,98713.7987528321
DEU,ESP,810411,1154271.434227579
DEU,ESP,810820,1978702.3374801592
DEU,ESP,811010,9855.386567151887
DEU,ESP,811212,630.8466304916201
DEU,ESP,811231,3013.341538461538
DEU,ESP,811292,192006.76362575663
DEU,ESP,850511,30578312.153797038
DEU,EST,251110,16890.30100353212
DEU,EST,252910,9529.928
DEU,EST,260600,4755967.529411765
DEU,EST,280429,47949.88776093866
DEU,EST,280469,78763.8
DEU,EST,282200,34095.968
DEU,EST,740311,16222132.392
DEU,EST,750210,11664297.719543366
DEU,EST,810194,4236.738461538462
DEU,EST,810820,82186.104
DEU,EST,811292,21908.142759355735
DEU,EST,850511,735920.07001039
DEU,ETH,280429,4065.8753598349995
DEU,ETH,850511,5605.719323852405
DEU,FIN,250490,1677.264
DEU,FIN,251110,453776.64730461786
DEU,FIN,252910,18186.955514033834
DEU,FIN,260200,897.928
DEU,FIN,260600,343967.6092527134
DEU,FIN,270112,494170.9450980392
DEU,FIN,280429,1935520.860874045
DEU,FIN,280469,268862.20858179615
DEU,FIN,280480,559495.752
DEU,FIN,282200,28149.292
DEU,FIN,283691,6418874.840385188
DEU,FIN,283692,557158.1668905643
DEU,FIN,711011,88313.17113089247
DEU,FIN,711021,377093.39480827324
DEU,FIN,720292,501674.9004959371
DEU,FIN,720293,2584842.271314732
DEU,FIN,740311,72482403.43132862
DEU,FIN,750210,6070335.768
DEU,FIN,810194,43.74153846153846
DEU,FIN,810411,58855.69846153846
DEU,FIN,810820,1385671.1248706256
DEU,FIN,811010,612.8746504228377
DEU,FIN,811292,9792.157041142884
DEU,FIN,850511,2007445.4743134952
DEU,FRA,250490,75396.68719095063
DEU,FRA,251010,1337995.4523076923
DEU,FRA,251110,2384543.818807952
DEU,FRA,252800,346490.7607843137
DEU,FRA,252910,12027259.162171518
DEU,FRA,252922,8566298.219804367
DEU,FRA,260200,71389.36651110518
DEU,FRA,260600,6245313.2106992835
DEU,FRA,270112,5245170.656791608
DEU,FRA,280429,100202964.97774468
DEU,FRA,280469,5240167.365581201
DEU,FRA,280470,13604.604504919578
DEU,FRA,280480,732571.5714503527
DEU,FRA,282200,36976.07719103528
DEU,FRA,283691,29374604.974344827
DEU,FRA,283692,7247789.618338284
DEU,FRA,711011,3192362.183478122
DEU,FRA,711021,4961460.193106867
DEU,FRA,720292,114109.99607843137
DEU,FRA,720293,3978755.743224109
DEU,FRA,740311,557875265.4709646
DEU,FRA,750210,74729464.2009066
DEU,FRA,810194,858869.7415384616
DEU,FRA,810320,2042119.3998348117
DEU,FRA,810411,655286.0937172194
DEU,FRA,810820,21477055.85002723
DEU,FRA,811010,109277.47469971573
DEU,FRA,811212,489813.41176470584
DEU,FRA,811231,16435.44425711167
DEU,FRA,811292,7535350.696455097
DEU,FRA,850511,71904573.36104321
DEU,GAB,283691,435.0990196078431
DEU,GAB,850511,10511.616743719558
DEU,GBR,250490,6976116.586605755
DEU,GBR,251010,101068.88307692308
DEU,GBR,251110,1012370.2010877789
DEU,GBR,252800,72495.224
DEU,GBR,252910,2880813.978495134
DEU,GBR,252922,20676.97899301488
DEU,GBR,260600,863169.3383998764
DEU,GBR,270112,7816679.874509804
DEU,GBR,280429,141109065.23262638
DEU,GBR,280469,906412.8092648726
DEU,GBR,280470,6021.454048804344
DEU,GBR,280480,49219.24482290278
DEU,GBR,283691,2401104.068719093
DEU,GBR,283692,3488969.757258396
DEU,GBR,711011,324095213.8495216
DEU,GBR,711021,514782897.6523902
DEU,GBR,720292,241848.408
DEU,GBR,720293,493694.5908383417
DEU,GBR,740311,816435.2960058692
DEU,GBR,750210,5839160.5700521
DEU,GBR,810194,13435.535384615385
DEU,GBR,810320,2860510.014045365
DEU,GBR,810411,796189.7692307691
DEU,GBR,810820,1350480.9107616066
DEU,GBR,811010,10588.808
DEU,GBR,811212,20757.188235294117
DEU,GBR,811231,22558926.47747909
DEU,GBR,811292,64001621.019186966
DEU,GBR,850511,13136316.842702566
DEU,GEO,280429,28133.43971621666
DEU,GEO,283691,96.52941176470587
DEU,GEO,850511,6579.27576841571
DEU,GHA,252800,23896.341157697465
DEU,GHA,750210,24337.32
DEU,GHA,850511,6025.604739592397
DEU,GRC,250490,29572.082352941175
DEU,GRC,251110,33781.002429774475
DEU,GRC,252800,11562.886274509803
DEU,GRC,252910,883019.6677641986
DEU,GRC,252922,40558.35293757043
DEU,GRC,260200,79.40694230145188
DEU,GRC,260600,133455.58602216878
DEU,GRC,280429,4371404.814454884
DEU,GRC,280469,529140.1494779879
DEU,GRC,280470,1036.7172571525016
DEU,GRC,282200,23142.904
DEU,GRC,283691,336941.4071383775
DEU,GRC,711011,121.82352941176471
DEU,GRC,711021,3875.1022083795638
DEU,GRC,720292,57576.913824087154
DEU,GRC,720293,518713.1836847801
DEU,GRC,740311,66252.064
DEU,GRC,750210,339960.08
DEU,GRC,810320,4741.43016439051
DEU,GRC,810820,5472.296
DEU,GRC,811010,550.616
DEU,GRC,811292,3224.2651697922856
DEU,GRC,850511,655298.6788470632
DEU,GTM,283691,30580.48
DEU,GTM,283692,689.135633234331
DEU,GTM,850511,20282.644973542177
DEU,HKG,280429,4512865.689654903
DEU,HKG,280480,12181.703076923077
DEU,HKG,711011,33528017.771373104
DEU,HKG,711021,575970.1372532805
DEU,HKG,750210,30703.630392156865
DEU,HKG,810320,9351.832488886861
DEU,HKG,811292,1422468.2675196684
DEU,HKG,850511,763637.5566844898
DEU,HND,850511,110860.6
DEU,HRV,251110,53383.24531349086
DEU,HRV,252910,19119.88220112983
DEU,HRV,252922,1443.1372549019607
DEU,HRV,260200,387889.272
DEU,HRV,260600,82109.864
DEU,HRV,280429,420034.97664754395
DEU,HRV,280469,110144.87941622593
DEU,HRV,282200,1836.2296694604172
DEU,HRV,283691,86574.55150190562
DEU,HRV,711011,27440.19607843137
DEU,HRV,720293,1837.2549019607843
DEU,HRV,740311,25879.048
DEU,HRV,750210,13982.241221464436
DEU,HRV,810194,333.8461538461538
DEU,HRV,810820,54638.256
DEU,HRV,811292,327.45098039215685
DEU,HRV,850511,492890.85291734
DEU,HTI,850511,110369.28
DEU,HUN,250490,529863.9578140778
DEU,HUN,251010,178.46153846153845
DEU,HUN,251110,219192.73754494134
DEU,HUN,252800,837.0726909513038
DEU,HUN,252910,302395.895692398
DEU,HUN,252922,135.536
DEU,HUN,260200,3947.274828306921
DEU,HUN,260600,1170933.5796236142
DEU,HUN,280429,15164854.986147063
DEU,HUN,280469,5599034.798957078
DEU,HUN,282200,5684.285484835273
DEU,HUN,283691,1004608.6964588214
DEU,HUN,283692,501.8231665524332
DEU,HUN,711011,269214.8600178559
DEU,HUN,711021,586490.9785705507
DEU,HUN,740311,13728373.011663206
DEU,HUN,750210,8869151.146938622
DEU,HUN,810411,2006018.573246424
DEU,HUN,810820,1274477.584
DEU,HUN,811010,314920.944215955
DEU,HUN,811292,804591.6893693274
DEU,HUN,850511,72698109.63698168
DEU,IDN,250490,55849.01960784313
DEU,IDN,251110,25687.621596507302
DEU,IDN,252922,259624.9239992061
DEU,IDN,260200,7793.36
DEU,IDN,260600,95084.3593864605
DEU,IDN,280429,34036.672
DEU,IDN,280469,22412.65052989471
DEU,IDN,280470,387.6330363366889
DEU,IDN,282200,775.6483203387261
DEU,IDN,283691,3319.047114495846
DEU,IDN,283692,1968462.3562561877
DEU,IDN,711011,405.88235294117646
DEU,IDN,711021,26834.93927864822
DEU,IDN,740311,188.23529411764704
DEU,IDN,810194,53564.61538461538
DEU,IDN,810320,239.38200136861312
DEU,IDN,810820,645.3389875850679
DEU,IDN,850511,329179.54736314877
DEU,IND,250490,164189.53525183792
DEU,IND,251110,168387.8376169732
DEU,IND,252910,2987.256455714828
DEU,IND,252922,396075.8250637823
DEU,IND,260200,242.0863588161625
DEU,IND,280429,2795570.4263099693
DEU,IND,280469,153107.35501790323
DEU,IND,280470,103.53045861288645
DEU,IND,282200,24184.84
DEU,IND,283691,1713425.8701759512
DEU,IND,283692,23679.379038915544
DEU,IND,711011,12704923.993291104
DEU,IND,711021,5199646.283626205
DEU,IND,720292,1946251.2431372548
DEU,IND,740311,6970.522549019608
DEU,IND,750210,107752.26709484767
DEU,IND,810194,63804.86384615385
DEU,IND,810820,177644.47255210142
DEU,IND,811292,445407.68
DEU,IND,850511,6972067.707405373
DEU,IRL,252800,22219.56
DEU,IRL,252910,40491.608
DEU,IRL,252922,59720.888
DEU,IRL,270112,80476.66078431373
DEU,IRL,280429,111865.9286125105
DEU,IRL,280470,23.056867132060123
DEU,IRL,282200,2132.076628222844
DEU,IRL,283691,33553.656210825975
DEU,IRL,283692,2339.4664960779833
DEU,IRL,711011,178040793.58897194
DEU,IRL,711021,131287936.52881013
DEU,IRL,720293,1393702.0783211014
DEU,IRL,740311,169.424
DEU,IRL,750210,677.68
DEU,IRL,810820,8236202.9866066445
DEU,IRL,811292,370.8300937059231
DEU,IRL,850511,4333813.926453764
DEU,IRN,280469,85544.64216578945
DEU,IRN,750210,559089.144
DEU,IRN,811010,120184.22150272231
DEU,IRN,850511,28638.744722953623
DEU,IRQ,850511,27369.952
DEU,ISL,252910,2979.7470588235296
DEU,ISL,280429,11987.423772311142
DEU,ISL,280469,691260.0008846036
DEU,ISL,283691,109.51176470588234
DEU,ISL,283692,20.762933516106923
DEU,ISL,711011,183.1421568627451
DEU,ISL,711021,34561.71760139024
DEU,ISL,810820,496363.47397483524
DEU,ISL,850511,57216.11240950201
DEU,ISR,251010,1538.4615384615383
DEU,ISR,251110,10935.914355337794
DEU,ISR,252800,980.3921568627451
DEU,ISR,252910,28451.520523379877
DEU,ISR,260200,3947.5119999999997
DEU,ISR,280429,709837.698996272
DEU,ISR,280469,7471.881924275481
DEU,ISR,280470,4194.2583332298755
DEU,ISR,282200,3907.9837770672316
DEU,ISR,283691,7473.129495264384
DEU,ISR,283692,10454.64930317569
DEU,ISR,711011,65534.633376688515
DEU,ISR,720293,180087.56660017068
DEU,ISR,740311,3921.5686274509803
DEU,ISR,750210,980.3921568627451
DEU,ISR,810320,29237.49635036496
DEU,ISR,810820,404960.78078099154
DEU,ISR,811010,364.256
DEU,ISR,811292,33892.43330357887
DEU,ISR,850511,493809.6560955414
DEU,ITA,250490,25947.091397782366
DEU,ITA,251110,9572377.859683655
DEU,ITA,252800,6768.368
DEU,ITA,252910,5190565.882291652
DEU,ITA,252922,1888217.3256036602
DEU,ITA,260200,557.8327328266599
DEU,ITA,260600,6417101.4034806695
DEU,ITA,270112,3686702.6058823527
DEU,ITA,280429,5451369.813245853
DEU,ITA,280469,18358246.502645206
DEU,ITA,280470,7549.598603873954
DEU,ITA,280480,275315.0993463708
DEU,ITA,282200,16843.614473902973
DEU,ITA,283691,14487170.42676233
DEU,ITA,283692,4463838.783867184
DEU,ITA,711011,71097176.6437067
DEU,ITA,711021,199045585.34427932
DEU,ITA,720292,9692239.367265366
DEU,ITA,720293,1496381.355391687
DEU,ITA,740311,471418321.77981234
DEU,ITA,750210,27825208.186408576
DEU,ITA,810194,38322.869999999995
DEU,ITA,810320,71951.77543408575
DEU,ITA,810411,3515511.9875442777
DEU,ITA,810820,4777914.038980688
DEU,ITA,811010,3664.275510105346
DEU,ITA,811212,501.74705882352936
DEU,ITA,811231,10052.81225217955
DEU,ITA,811292,4313713.3072171705
DEU,ITA,850511,16661887.71905086
DEU,JAM,850511,41.2156862745098
DEU,JOR,280429,6810.72
DEU,JOR,811292,1001.1049019607842
DEU,JOR,850511,21541.872
DEU,JPN,251010,2831.2769230769227
DEU,JPN,252922,190102.1781728471
DEU,JPN,280429,7017361.49413695
DEU,JPN,280469,325495.34930911794
DEU,JPN,280470,12816.696
DEU,JPN,280480,511912.74610129715
DEU,JPN,282200,830.16
DEU,JPN,283691,3419306.484092424
DEU,JPN,283692,9911399.097390907
DEU,JPN,711011,36616381.2702475
DEU,JPN,711021,53269108.35133716
DEU,JPN,810320,4113922.4510775777
DEU,JPN,810820,68363.82253045257
DEU,JPN,811231,3315144.48
DEU,JPN,811292,8425489.973737972
DEU,JPN,850511,512433.0437620125
DEU,KAZ,280429,95567.48769115843
DEU,KAZ,283691,19500.943676869738
DEU,KAZ,720293,12520208.352
DEU,KAZ,810820,412540.016
DEU,KAZ,811010,330.368
DEU,KAZ,811292,36390443.016
DEU,KAZ,850511,827587.46
DEU,KEN,280429,6556.577551496736
DEU,KEN,850511,11060.108291670102
DEU,KOR,250490,1621.1245798465816
DEU,KOR,251110,3363.214276356962
DEU,KOR,252800,210.7843137254902
DEU,KOR,252910,1407.8431372549019
DEU,KOR,280429,1023101.6052062381
DEU,KOR,280469,45403.76725662559
DEU,KOR,280470,1948.1473016298821
DEU,KOR,280480,400912.29483057844
DEU,KOR,283691,692493.5583448508
DEU,KOR,283692,14507801.83687457
DEU,KOR,711011,1750931.1421288312
DEU,KOR,711021,104984748.79496256
DEU,KOR,750210,5319.816
DEU,KOR,810820,392628.0065203318
DEU,KOR,811010,1230.486239257728
DEU,KOR,811292,7655.001283086021
DEU,KOR,850511,707891.4339378248
DEU,KWT,280429,4176.224
DEU,KWT,850511,13285.906471581322
DEU,LAO,282200,684.3955767694642
DEU,LAO,850511,25540.208
DEU,LBN,850511,7994.325978488783
DEU,LBR,850511,13275.490196078432
DEU,LBY,250490,24405.088
DEU,LBY,850511,6480.352
DEU,LKA,280429,6280.382165337705
DEU,LKA,283692,204.95468738100678
DEU,LKA,740311,1809952.853531907
DEU,LKA,850511,274920.2401973387
DEU,LSO,850511,1258.4049019607844
DEU,LTU,251110,2164.4698181757035
DEU,LTU,252800,23.52941176470588
DEU,LTU,252910,30298.69807310484
DEU,LTU,260200,36.760727764073685
DEU,LTU,270112,0.9803921568627451
DEU,LTU,280429,101872.6013447575
DEU,LTU,282200,172.99999301672568
DEU,LTU,283692,41.81859721270276
DEU,LTU,711011,1932.3529411764705
DEU,LTU,720293,728260.7843137254
DEU,LTU,740311,9673.936
DEU,LTU,750210,3764.705882352941
DEU,LTU,810320,377.34643727189774
DEU,LTU,810820,5491.171178382455
DEU,LTU,811010,303288.92
DEU,LTU,811292,555.8823529411765
DEU,LTU,850511,1875394.6546969817
DEU,LUX,250490,293.36470588235295
DEU,LUX,251010,9798.018461538462
DEU,LUX,251110,6648478.014708834
DEU,LUX,252910,905.503028774471
DEU,LUX,260600,19939.69695841727
DEU,LUX,270112,1056.6
DEU,LUX,280429,260957.12476908468
DEU,LUX,280469,616251.768
DEU,LUX,280470,183186.26440731305
DEU,LUX,283691,465.904
DEU,LUX,711011,733777.8610737979
DEU,LUX,711021,91928.36347021592
DEU,LUX,740311,10485168.829106312
DEU,LUX,750210,8317137.136
DEU,LUX,810411,14296.704615384615
DEU,LUX,810820,357884.816
DEU,LUX,811010,6671.721442225034
DEU,LUX,811292,900633.312
DEU,LUX,850511,1439175.1240618061
DEU,LVA,252800,660.7372549019608
DEU,LVA,260600,2060076.9686274508
DEU,LVA,280429,172445.112
DEU,LVA,282200,744.7250468616925
DEU,LVA,720292,84611.39142971608
DEU,LVA,740311,17604802.192
DEU,LVA,750210,804.752
DEU,LVA,810411,184.68923076923076
DEU,LVA,810820,246261.38803135545
DEU,LVA,811292,2560.2852520029555
DEU,LVA,850511,661800.2355258535
DEU,MAR,251010,4675.953076923077
DEU,MAR,251110,499.48611104151723
DEU,MAR,252910,10463.759906047497
DEU,MAR,280429,6204.603883871848
DEU,MAR,280469,2200.6055885442474
DEU,MAR,280470,12274.544
DEU,MAR,282200,46.5892783391691
DEU,MAR,283691,10848.356862745099
DEU,MAR,283692,101.26460437133501
DEU,MAR,740311,1099.299019607843
DEU,MAR,750210,5811.244117647058
DEU,MAR,850511,173494.74506756512
DEU,MDA,811010,539.6024228538196
DEU,MDA,850511,12205.867063951666
DEU,MDG,850511,21126.792
DEU,MDV,252800,214.04607843137254
DEU,MDV,850511,3083.5212864673476
DEU,MEX,252910,80759.26767085488
DEU,MEX,280429,943183.384
DEU,MEX,720293,476064.408
DEU,MEX,740311,81228.872
DEU,MEX,850511,16956168.683126222
DEU,MKD,260600,3868.9700268490583
DEU,MKD,750210,427533.776
DEU,MKD,850511,88698.03130093493
DEU,MLI,850511,877.9990196078431
DEU,MLT,252910,70.20392156862745
DEU,MLT,750210,227.12941176470588
DEU,MLT,850511,217454.95611177414
DEU,MMR,280469,28692.026589217847
DEU,MNE,250490,19194.956862745097
DEU,MNE,280429,383.7346296241433
DEU,MNE,850511,2353.7070442935556
DEU,MNG,850511,1548.1825738122009
DEU,MOZ,850511,1604.035575311768
DEU,MUS,280429,17307.34268088659
DEU,MUS,711021,36001.952
DEU,MUS,850511,18468.782892271283
DEU,MWI,251010,17.493846153846153
DEU,MYS,251110,75752.05917571731
DEU,MYS,252910,351222.39214550616
DEU,MYS,252922,52516.241878312925
DEU,MYS,260200,2473.674615217151
DEU,MYS,260600,134907.64450227606
DEU,MYS,280429,3396001.537926275
DEU,MYS,280469,22884038.9002259
DEU,MYS,283691,57212.40948197307
DEU,MYS,711021,6403764.151837851
DEU,MYS,720292,226625.4843137255
DEU,MYS,750210,6364446.543137255
DEU,MYS,810194,9888.84
DEU,MYS,810320,9037.324740645985
DEU,MYS,810820,38559.38292532302
DEU,MYS,811292,15518.96
DEU,MYS,850511,464540.50191210594
DEU,NAM,850511,14091.813839166573
DEU,NCL,850511,11732.4
DEU,NER,280429,312680.40590404434
DEU,NGA,252800,119.64019607843137
DEU,NGA,280429,641.2264357283185
DEU,NGA,280469,2914.277720615217
DEU,NGA,811292,35527.576
DEU,NGA,850511,86513.02269133704
DEU,NIC,850511,133.73114559525678
DEU,NLD,250490,518.4809934672782
DEU,NLD,251010,46033.18135259974
DEU,NLD,251110,1275060.5581704567
DEU,NLD,252800,3057.8367082112336
DEU,NLD,252910,2030375.2013718635
DEU,NLD,252922,519311.80073624756
DEU,NLD,260200,285698.18677915237
DEU,NLD,260600,15408919.211439358
DEU,NLD,270112,5727412.440678603
DEU,NLD,280429,19550655.57649999
DEU,NLD,280469,14847515.046760801
DEU,NLD,280470,3166.415452551928
DEU,NLD,280480,114611.05586678622
DEU,NLD,282200,61180.17850509268
DEU,NLD,283691,2746979.232076933
DEU,NLD,283692,317402.30079049576
DEU,NLD,711011,2158861.1907231794
DEU,NLD,711021,38949438.59203625
DEU,NLD,720292,8047566.788041564
DEU,NLD,720293,3477889.9789350606
DEU,NLD,740311,84404704.59554127
DEU,NLD,750210,32930730.60365079
DEU,NLD,810194,699.8723076923076
DEU,NLD,810320,56150.53681979151
DEU,NLD,810411,1464398.586153846
DEU,NLD,810820,152810.40452223894
DEU,NLD,811010,143021.26352510284
DEU,NLD,811231,54864442.464
DEU,NLD,811292,511791.3727763158
DEU,NLD,850511,46817940.165196404
DEU,NOR,250490,6339.835183366721
DEU,NOR,251110,636.3305722665838
DEU,NOR,252910,149476.72352941177
DEU,NOR,280429,20275.25621043043
DEU,NOR,280469,646151.87105445
DEU,NOR,280470,829.8444798104737
DEU,NOR,283691,582404.2874545235
DEU,NOR,283692,538294.7316365852
DEU,NOR,711011,2076535.4347133639
DEU,NOR,711021,5580066.30677132
DEU,NOR,810411,42406.20166477304
DEU,NOR,810820,374096.83887904166
DEU,NOR,811212,362.356862745098
DEU,NOR,811292,13269.45569387067
DEU,NOR,850511,2077137.3238043676
DEU,NPL,850511,903.0133017199803
DEU,NZL,252910,1224909.6096208887
DEU,NZL,280429,65.57278082038175
DEU,NZL,850511,167784.31210352297
DEU,OMN,250490,1813.5211131250142
DEU,OMN,280429,17384.299470757956
DEU,OMN,280469,77466.12001605252
DEU,OMN,850511,1914.1679415273315
DEU,PAK,250490,88130.75130643441
DEU,PAK,252910,35747.824
DEU,PAK,252922,40999.872
DEU,PAK,280429,168.8652928160346
DEU,PAK,280469,13570.5234814227
DEU,PAK,720293,86260.68
DEU,PAK,810194,898.3607692307692
DEU,PAK,811292,364.256
DEU,PAK,850511,3070.9993057782376
DEU,PAN,280429,10182.084582810141
DEU,PAN,850511,12642.169944085268
DEU,PER,280429,7557.503979860607
DEU,PER,280469,84400.17948577597
DEU,PER,283692,435107.3186200594
DEU,PER,810411,4.636153846153846
DEU,PER,810820,50425.27499425816
DEU,PER,850511,178876.85905606192
DEU,PHL,280429,1880830.3718942772
DEU,PHL,810320,1535574.3227716696
DEU,PHL,850511,88442.87580044188
DEU,POL,250490,76176.37457822582
DEU,POL,251010,123493.84615384616
DEU,POL,251110,628398.6694622393
DEU,POL,252800,274134.7088819849
DEU,POL,252910,3053382.768526193
DEU,POL,252922,2939851.738355399
DEU,POL,260200,288761.9463746662
DEU,POL,260600,12477133.148720242
DEU,POL,270112,1290414.939791709
DEU,POL,280429,6223126.447928692
DEU,POL,280469,28521772.68427298
DEU,POL,280480,11.538461538461538
DEU,POL,282200,2112.8287654988335
DEU,POL,283691,1959301.8398957127
DEU,POL,283692,466164.1002208514
DEU,POL,711011,1572806.6394114688
DEU,POL,711021,71166.99949210779
DEU,POL,720293,221388.98675814059
DEU,POL,740311,84495553.21809739
DEU,POL,750210,7269505.934502449
DEU,POL,810194,19770.0
DEU,POL,810411,142010.45031432732
DEU,POL,810820,162278.53913963062
DEU,POL,811010,45675.888
DEU,POL,811292,11512.798041276508
DEU,POL,850511,18753792.690348443
DEU,PRT,250490,44742.840317595445
DEU,PRT,251110,233342.51187061268
DEU,PRT,252800,804.752
DEU,PRT,252910,694635.9573778044
DEU,PRT,252922,26260.248
DEU,PRT,260200,189364.2814108322
DEU,PRT,260600,255647.744
DEU,PRT,270112,739.1372549019608
DEU,PRT,280429,2583588.9986583903
DEU,PRT,280469,39728.87331785079
DEU,PRT,282200,2131.6487398149966
DEU,PRT,283691,657191.4907289786
DEU,PRT,283692,1174979.3422709617
DEU,PRT,711011,1098072.0
DEU,PRT,711021,7211624.861950741
DEU,PRT,720292,77923.5833351671
DEU,PRT,720293,486223.62827820523
DEU,PRT,740311,9578048.114604108
DEU,PRT,750210,19283485.024126
DEU,PRT,810194,80657.40307692307
DEU,PRT,810320,147.05729726824816
DEU,PRT,810411,1701383.8415384614
DEU,PRT,810820,5150200.278681127
DEU,PRT,811010,310.17118126241627
DEU,PRT,811292,11549.575733949652
DEU,PRT,850511,39461950.017034166
DEU,PRY,711011,1191.8039215686276
DEU,PRY,850511,6572.278810446267
DEU,PSE,850511,4044.3897177892063
DEU,PYF,850511,1163.402458809914
DEU,QAT,260600,80957.8
DEU,QAT,282200,13582.961374790511
DEU,QAT,283691,1126.648
DEU,QAT,810820,50114.72
DEU,QAT,850511,171089.748
DEU,ROU,250490,116371.13399013875
DEU,ROU,251010,36397.93846153846
DEU,ROU,251110,4373.490868986691
DEU,ROU,252800,17717.29411764706
DEU,ROU,252910,3658817.065785763
DEU,ROU,252922,1238709.1587858263
DEU,ROU,260200,130.4463607400945
DEU,ROU,260600,2074162.6150495103
DEU,ROU,280429,2678463.0902901986
DEU,ROU,280469,1573443.0391614542
DEU,ROU,280470,42645.262356520085
DEU,ROU,282200,615.5377773511586
DEU,ROU,283691,216369.23454011694
DEU,ROU,283692,7902.704257101515
DEU,ROU,711011,9744695.016
DEU,ROU,720293,128081.0588235294
DEU,ROU,740311,8309344.936354838
DEU,ROU,750210,134603.53741751253
DEU,ROU,810194,24762.061538461538
DEU,ROU,810320,4048.2237446715326
DEU,ROU,810411,17778427.73020247
DEU,ROU,810820,3437485.044560193
DEU,ROU,811010,228744.89791015626
DEU,ROU,811292,2756036.2724188343
DEU,ROU,850511,90561365.02048711
DEU,RUS,252910,453099.392
DEU,RUS,252922,182974.632
DEU,RUS,260600,940582.768
DEU,RUS,280429,12264204.82
DEU,RUS,280469,15053.048
DEU,RUS,282200,7539.232
DEU,RUS,283691,4048322.12
DEU,RUS,720293,7068479.304
DEU,RUS,740311,23547826.592
DEU,RUS,810411,8771261.528
DEU,RUS,850511,1658546.412
DEU,RWA,280429,1378.1621249287857
DEU,RWA,850511,268.11764705882354
DEU,S19,250490,35134.60460113998
DEU,S19,251110,141.21630329465813
DEU,S19,260600,46429.11960530777
DEU,S19,280429,226913.2856503101
DEU,S19,280469,1308439.7052720846
DEU,S19,280470,1824.2270193292504
DEU,S19,280480,796454.3363262932
DEU,S19,283691,133784.23761103518
DEU,S19,283692,7540231.686116823
DEU,S19,711011,2507022.228319177
DEU,S19,711021,1468334.4793978704
DEU,S19,720292,296.2450980392157
DEU,S19,720293,31995.098039215685
DEU,S19,750210,24885.05882352941
DEU,S19,810194,535290.4076923077
DEU,S19,810820,236617.045652173
DEU,S19,811292,131.66666666666669
DEU,S19,850511,780940.0317204114
DEU,SAU,250490,192308.7748308747
DEU,SAU,251110,89228.75909811234
DEU,SAU,252910,7962.091176470588
DEU,SAU,280429,119903.00258427624
DEU,SAU,280469,569.8532666052844
DEU,SAU,282200,698861.424
DEU,SAU,720292,330326.0049019608
DEU,SAU,740311,47184.31274509804
DEU,SAU,810194,1576.8207692307694
DEU,SAU,810320,261.6755923357664
DEU,SAU,811231,926.3592307692307
DEU,SAU,811292,8776.008
DEU,SAU,850511,244508.77690793335
DEU,SDN,850511,23354.68
DEU,SEN,850511,2851.6050380645775
DEU,SGP,250490,60484.697058823534
DEU,SGP,280429,8464305.156714303
DEU,SGP,280469,1222.1299610769543
DEU,SGP,280470,687.0309000402954
DEU,SGP,283691,216327.45937979643
DEU,SGP,711011,34025778.775435425
DEU,SGP,711021,1562419.019033443
DEU,SGP,720293,177.06764705882352
DEU,SGP,810320,1514.3177492531931
DEU,SGP,810820,82731.41844522997
DEU,SGP,811010,81589.15094684986
DEU,SGP,811292,712347.336
DEU,SGP,850511,1203917.0503219094
DEU,SLV,810320,4600814.006345577
DEU,SLV,811292,514826.3431372549
DEU,SLV,850511,5624.031998411786
DEU,SRB,251110,102609.16072359099
DEU,SRB,260600,431023.84
DEU,SRB,280429,95867.51918619352
DEU,SRB,280469,57913.011823584544
DEU,SRB,280480,1052.3076923076924
DEU,SRB,283692,37476.43286878379
DEU,SRB,711011,6423.529411764705
DEU,SRB,740311,9396.078431372549
DEU,SRB,750210,659710.7703322046
DEU,SRB,810194,7483.076923076923
DEU,SRB,810820,9517.577758861806
DEU,SRB,850511,18747948.7219712
DEU,SUR,850511,41482.72
DEU,SVK,250490,1557801.6823529413
DEU,SVK,251010,16913.581538461538
DEU,SVK,251110,573775.6548696993
DEU,SVK,252910,996329.1164900076
DEU,SVK,252922,4135424.8886777847
DEU,SVK,260600,16991910.573944394
DEU,SVK,280429,11311807.2623763
DEU,SVK,280469,2695107.531456763
DEU,SVK,280480,2024846.5353701094
DEU,SVK,282200,130967.03617329872
DEU,SVK,283691,10898789.53916067
DEU,SVK,711011,23533112.376000002
DEU,SVK,740311,168644927.22166675
DEU,SVK,750210,1963786.2697637246
DEU,SVK,810194,18896.553846153845
DEU,SVK,810820,1517779.4955739945
DEU,SVK,811231,6200.808
DEU,SVK,811292,1434306.9355079294
DEU,SVK,850511,120533616.18459152
DEU,SVN,250490,708943.662745098
DEU,SVN,251110,4126556.1158936224
DEU,SVN,252910,8647151.905895827
DEU,SVN,260200,52066.417013797036
DEU,SVN,260600,4782150.849209761
DEU,SVN,280429,2438374.139872625
DEU,SVN,280469,1901159.3567696877
DEU,SVN,282200,3164.994949165685
DEU,SVN,283691,28396.747974052996
DEU,SVN,283692,308891.3293549615
DEU,SVN,711021,48470.066169575664
DEU,SVN,720293,580188.9285870169
DEU,SVN,740311,7232594.259091894
DEU,SVN,750210,13865044.444084702
DEU,SVN,810194,154762.27384615384
DEU,SVN,810411,168198.82152634024
DEU,SVN,810820,39277.345962593914
DEU,SVN,811010,1222456.88
DEU,SVN,811231,680038.76
DEU,SVN,811292,285870.75433622993
DEU,SVN,850511,12274272.371725934
DEU,SWE,250490,5428.176470588235
DEU,SWE,251110,271806.6295063956
DEU,SWE,252800,196231.816
DEU,SWE,252910,240814.01487492947
DEU,SWE,252922,32717.772993176495
DEU,SWE,260600,11546656.716347696
DEU,SWE,270112,6880695.1784327
DEU,SWE,280429,8087874.775553624
DEU,SWE,280469,98880.94668298238
DEU,SWE,280470,962.1441216808505
DEU,SWE,282200,38356.37494233137
DEU,SWE,283691,3052634.1716065546
DEU,SWE,283692,274263.1925062828
DEU,SWE,711011,428434.23319437157
DEU,SWE,711021,3202210.7293168977
DEU,SWE,720292,67076.77254901962
DEU,SWE,740311,14938688.73084084
DEU,SWE,750210,12737699.00132357
DEU,SWE,810320,1806.7018494744523
DEU,SWE,810411,2816437.141538461
DEU,SWE,810820,540927.720316641
DEU,SWE,811231,608.4338461538462
DEU,SWE,811292,2555012.006718776
DEU,SWE,850511,9252694.229481502
DEU,SWZ,250490,94.15686274509804
DEU,SYC,282200,178.4143224685019
DEU,SYC,850511,8229.800594636194
DEU,THA,250490,3418.5882352941176
DEU,THA,252910,1613069.9886921071
DEU,THA,260200,7203.7906400267475
DEU,THA,280429,1811099.1869776242
DEU,THA,280469,8471.048
DEU,THA,282200,398.136
DEU,THA,283691,1673.5481756971649
DEU,THA,283692,624.9336318635291
DEU,THA,711011,528135.6998752729
DEU,THA,711021,59880555.759253256
DEU,THA,740311,95809.11764705881
DEU,THA,750210,1887821.5461765046
DEU,THA,810194,10200.387692307693
DEU,THA,810320,761506.5926651331
DEU,THA,810411,305.82461538461536
DEU,THA,810820,115774.67613904127
DEU,THA,811292,592.976
DEU,THA,850511,997415.5520012624
DEU,TTO,850511,3447.9451734727877
DEU,TUN,252910,484251.04637444153
DEU,TUN,280429,22973.497736104135
DEU,TUN,283691,166.0078431372549
DEU,TUN,811292,592.976
DEU,TUN,850511,28833.427103571765
DEU,TUR,250490,14720820.53027989
DEU,TUR,251010,80.0
DEU,TUR,251110,309321.4963165484
DEU,TUR,252800,392.156862745098
DEU,TUR,252910,202266.44146663346
DEU,TUR,252922,4814703.10091203
DEU,TUR,260200,135045.44
DEU,TUR,260600,397852.6470532147
DEU,TUR,270112,33458.82352941176
DEU,TUR,280429,31985330.633879833
DEU,TUR,280469,147652.3861521929
DEU,TUR,280470,2364.078328216833
DEU,TUR,282200,3638450.48
DEU,TUR,283691,47163895.936
DEU,TUR,283692,4873246.588987892
DEU,TUR,711011,117202.50654207506
DEU,TUR,711021,43795.32
DEU,TUR,720292,498070.03957213985
DEU,TUR,720293,1033718.083668577
DEU,TUR,740311,44876145.537514165
DEU,TUR,810194,1858.4615384615383
DEU,TUR,810411,5433.846153846153
DEU,TUR,810820,529770.4078327643
DEU,TUR,811010,980.8867239116479
DEU,TUR,811231,199901.53846153847
DEU,TUR,811292,374148.33817854105
DEU,TUR,850511,12821027.10719482
DEU,TZA,280429,14175.393395530355
DEU,TZA,850511,25680.298464875843
DEU,UGA,280469,156.79744218092097
DEU,UGA,850511,450.2069619330249
DEU,UKR,252910,203178.3528268674
DEU,UKR,252922,7785.530321204576
DEU,UKR,260600,13848.211404944133
DEU,UKR,280429,3160155.577001117
DEU,UKR,280470,20610.056
DEU,UKR,282200,409.5347087435499
DEU,UKR,283691,24.788692725873773
DEU,UKR,283692,66869.80135557079
DEU,UKR,711011,12895.134504983906
DEU,UKR,711021,941.2943176946126
DEU,UKR,810411,29.46153846153846
DEU,UKR,850511,23085.777640569937
DEU,URY,282200,5524.7832934715
DEU,URY,850511,81555.67041413876
DEU,USA,250490,75521.36039335778
DEU,USA,251110,2865588.111980033
DEU,USA,252910,619796.3640444597
DEU,USA,252922,126811.78998281008
DEU,USA,280429,34247017.71232461
DEU,USA,280469,5437951.182379533
DEU,USA,280470,92728.93667241806
DEU,USA,280480,991181.1398456085
DEU,USA,282200,174428.11740225492
DEU,USA,283691,41025.28
DEU,USA,283692,7650464.06214302
DEU,USA,711011,200942961.9811254
DEU,USA,711021,342413023.9875797
DEU,USA,720292,182932.35294117648
DEU,USA,740311,1101266.4100992675
DEU,USA,750210,1296293.9405687135
DEU,USA,810194,84404.61538461538
DEU,USA,810320,96541941.5883921
DEU,USA,810411,94773.90381830772
DEU,USA,810820,14144083.095858857
DEU,USA,811010,35503.55627822745
DEU,USA,811231,29517746.654591225
DEU,USA,811292,15162246.715000177
DEU,USA,850511,39600528.01368951
DEU,UZB,280429,15158.674851431904
DEU,UZB,720293,106942316.872
DEU,UZB,810411,953630.0
DEU,UZB,810820,10936.12
DEU,UZB,850511,19906.716613561188
DEU,VEN,850511,17611.304
DEU,VNM,251110,11262.541515509574
DEU,VNM,280429,240921.33179130894
DEU,VNM,740311,4150.096078431372
DEU,VNM,750210,366355.864
DEU,VNM,810194,6755.316923076923
DEU,VNM,810820,715820.464
DEU,VNM,850511,263988.61674976686
DEU,WSM,282200,203.24932696052383
DEU,ZAF,250490,3809.8745098039217
DEU,ZAF,252910,149105.1356803158
DEU,ZAF,252922,27099.40307724441
DEU,ZAF,260200,267.86316964088354
DEU,ZAF,260600,2212.7538069136613
DEU,ZAF,280429,1838198.098234224
DEU,ZAF,280469,950409.188
DEU,ZAF,280470,71.19797083308775
DEU,ZAF,280480,19229.28
DEU,ZAF,282200,23549.512
DEU,ZAF,283691,1.6784313725490196
DEU,ZAF,711011,53120100.90349262
DEU,ZAF,711021,36891383.21728505
DEU,ZAF,720293,2528314.2707225815
DEU,ZAF,750210,15163.176
DEU,ZAF,810820,463739.032
DEU,ZAF,811231,8776.008
DEU,ZAF,811292,19449.528
DEU,ZAF,850511,1064414.8833842766
DEU,ZMB,850511,24838.258823529413
DJI,AUT,850511,513.1029411764706
DJI,ETH,252922,2374.549
DJI,ETH,260200,6184.917
DMA,FRA,850511,1515.6549019607844
DMA,SAU,850511,527.0588235294118
DNK,AGO,850511,182.56
DNK,ARE,260200,780.91
DNK,ARE,280429,1115.077
DNK,ARE,850511,4514.841894206712
DNK,ARG,850511,2415.47570863273
DNK,ARM,850511,294.17372653609135
DNK,AUS,251010,254.217
DNK,AUS,850511,45280.61276800026
DNK,AUT,260200,28021.68101483808
DNK,AUT,280429,46715.753
DNK,AUT,282200,137.086
DNK,AUT,850511,35636.27983854468
DNK,BEL,270112,8541741.865686273
DNK,BEL,280429,6233.728587482567
DNK,BEL,810194,2389.5846153846155
DNK,BEL,850511,126961.17634908462
DNK,BEN,280429,6532.447
DNK,BFA,850511,4844.15294117647
DNK,BGR,850511,1286.9826223187663
DNK,BHR,850511,17.698
DNK,BIH,850511,58.94324887017804
DNK,BLM,850511,75.415
DNK,BRA,850511,411906.34076569753
DNK,BRN,280429,3967.388
DNK,CAN,280469,39728.76019129949
DNK,CAN,282200,2106.238794100972
DNK,CAN,850511,37737.19956082161
DNK,CHE,260600,75980.18056180485
DNK,CHE,810820,2590.148864122614
DNK,CHE,850511,52823.162672000624
DNK,CHL,850511,12378.70889721289
DNK,CHN,810320,8043.966183394159
DNK,CHN,850511,74229.86791843492
DNK,CIV,850511,10.119
DNK,CMR,280429,13774.397
DNK,COD,280429,10598.797809692196
DNK,COD,280469,2205.3791871086187
DNK,COG,280429,974.157
DNK,COL,850511,5588.105870407399
DNK,CPV,850511,6264.313725490197
DNK,CRI,850511,762.5196078431372
DNK,CUB,850511,567.751
DNK,CYP,850511,870.503
DNK,CZE,850511,31049.207691339256
DNK,DEU,251110,6559.418
DNK,DEU,252910,32.284
DNK,DEU,252922,777.626
DNK,DEU,270112,6629560.752
DNK,DEU,280429,75633.646
DNK,DEU,280469,900119.4634080691
DNK,DEU,282200,325213.312120055
DNK,DEU,711011,69980.90521637812
DNK,DEU,711021,139174.52736379663
DNK,DEU,740311,9510470.054901961
DNK,DEU,810820,1544.517
DNK,DEU,811292,890265.5764705882
DNK,DEU,850511,1375795.7976232655
DNK,DOM,850511,284.3185824062187
DNK,ECU,850511,1347.916507722596
DNK,EGY,280429,4390.048
DNK,EGY,850511,1246.488
DNK,ESP,280469,195635.543
DNK,ESP,850511,486500.9610894415
DNK,EST,850511,6428.053371335832
DNK,ETH,280429,1673.0591398041163
DNK,FIN,252922,4426.933333333333
DNK,FIN,280429,209727.59073652027
DNK,FIN,850511,49873.04980500017
DNK,FRA,280429,1537.280124763222
DNK,FRA,280469,241507.667
DNK,FRA,850511,361095.57468311454
DNK,GAB,280429,195.6129091694316
DNK,GBR,280429,25293.30955687205
DNK,GBR,810194,124.886
DNK,GBR,811292,26518.567651235673
DNK,GBR,850511,839959.392711951
DNK,GEO,850511,18.748
DNK,GRC,850511,6258.443040450847
DNK,GRL,260200,5023.629
DNK,GRL,280429,36049.428
DNK,GRL,280470,11499.617
DNK,GRL,850511,17582.443
DNK,GTM,850511,132.35294117647058
DNK,HKG,850511,2236.247213094743
DNK,HRV,251010,1130.7692307692307
DNK,HRV,251110,1269.407289400364
DNK,HRV,850511,9411.14069183536
DNK,HUN,280469,90155.39
DNK,HUN,850511,33008.033997950035
DNK,IDN,250490,8027.450980392156
DNK,IDN,850511,519.5487517314918
DNK,IND,810320,8371.468
DNK,IND,850511,176205.31945602057
DNK,IRL,270112,1983.2411764705882
DNK,IRL,850511,51709.37799801858
DNK,ISL,252910,332.98151830017224
DNK,ISL,280429,4405.07556527532
DNK,ISL,280469,262.9355249152542
DNK,ISL,282200,130.50079942793556
DNK,ISL,850511,4352.41428444329
DNK,ISR,850511,1472.2405045466833
DNK,ITA,280429,333307.65669124346
DNK,ITA,280469,897442.8483099568
DNK,ITA,720292,196997.52352941176
DNK,ITA,850511,73955.8616739809
DNK,JAM,280469,2624.0315332814953
DNK,JAM,850511,31.961
DNK,JOR,850511,27.436
DNK,JPN,280469,1442.567
DNK,JPN,850511,90165.71467034657
DNK,KAZ,850511,1239.904
DNK,KEN,280429,3821.773638898943
DNK,KOR,850511,5092.94233061448
DNK,KWT,850511,211.228431372549
DNK,LBN,850511,97.326
DNK,LBY,280429,2389.006
DNK,LTU,850511,3935.5688314295157
DNK,LUX,850511,1493.5581068733836
DNK,LVA,260200,317921.4072273292
DNK,LVA,850511,24249.470832207884
DNK,MAR,850511,8496.686402020196
DNK,MDA,850511,2766.496
DNK,MEX,850511,16274.527205651537
DNK,MKD,850511,53.578
DNK,MLT,850511,1221.7175686917612
DNK,MNE,850511,1648.375
DNK,MUS,711011,8.849
DNK,MWI,280429,4459.59688027889
DNK,NGA,850511,6138.011
DNK,NIC,850511,342.01960784313724
DNK,NLD,250490,21.680392156862744
DNK,NLD,251010,21734.113846153847
DNK,NLD,251110,5783.714880195653
DNK,NLD,252800,5045.342156862745
DNK,NLD,252910,22268.881372549018
DNK,NLD,252922,533.7509803921569
DNK,NLD,260200,7793.781395510213
DNK,NLD,260600,13163.107843137255
DNK,NLD,270112,114986.7156862745
DNK,NLD,280429,1941.6528068501084
DNK,NLD,280469,29963.184027490715
DNK,NLD,280470,2.561784020476151
DNK,NLD,280480,0.8099999999999999
DNK,NLD,282200,6656.481758778655
DNK,NLD,283691,86182.73921568628
DNK,NLD,283692,126.60667428223287
DNK,NLD,711011,1745.7892156862745
DNK,NLD,711021,10289.100012991279
DNK,NLD,720292,14206.864705882354
DNK,NLD,720293,163.11960784313726
DNK,NLD,740311,14.111111849491621
DNK,NLD,750210,74080.93823529412
DNK,NLD,810194,0.8099999999999999
DNK,NLD,810320,65.42529378626824
DNK,NLD,810411,4843.213846153846
DNK,NLD,810820,150.90493002338476
DNK,NLD,811010,47.6902548469716
DNK,NLD,811292,440.83529411764704
DNK,NLD,850511,173121.9711863127
DNK,NOR,250490,3592.4850542402896
DNK,NOR,251010,9.113
DNK,NOR,252800,16.113
DNK,NOR,252910,649.155
DNK,NOR,260200,15369.2663161165
DNK,NOR,280429,423200.0596948371
DNK,NOR,282200,406.7514715605725
DNK,NOR,283691,1866.972
DNK,NOR,720292,709.2196078431373
DNK,NOR,740311,0.145
DNK,NOR,750210,254.28627450980392
DNK,NOR,810820,1386016.762
DNK,NOR,811010,1319.7750067331428
DNK,NOR,811292,14495.78
DNK,NOR,850511,474218.4569573098
DNK,NZL,850511,8917.58164277093
DNK,PAK,280429,4303.594
DNK,PAK,280469,5092.866475084345
DNK,PAK,850511,65.639
DNK,PAN,850511,924.621
DNK,PER,850511,2778.876
DNK,PHL,810820,21.528
DNK,PHL,850511,39.242293839475366
DNK,POL,280429,5348.058
DNK,POL,282200,15080.996
DNK,POL,740311,1.137
DNK,POL,850511,120696.17321120117
DNK,PRT,251110,11116.63622862902
DNK,PRT,850511,32766.221451712805
DNK,PRY,850511,131.37254901960785
DNK,PYF,850511,63.67450980392156
DNK,QAT,850511,17522.55882352941
DNK,ROU,282200,8043.217
DNK,ROU,811010,365.8504426948897
DNK,ROU,850511,1223.7592902998742
DNK,RUS,850511,7428.444
DNK,S19,810320,5174.947
DNK,S19,850511,80715.21769331234
DNK,SAU,810411,11117.277
DNK,SAU,850511,1020.7813582310455
DNK,SGP,280429,38.21501427170445
DNK,SGP,850511,1726.4083288501492
DNK,SRB,850511,3143.1521901720976
DNK,SUR,280429,6492.064347512013
DNK,SVK,260600,490695.88235294115
DNK,SVK,280469,2273.9252978966815
DNK,SVK,810820,199.428
DNK,SVK,850511,6738.416616224212
DNK,SVN,280429,4135.175197296464
DNK,SVN,850511,394280.6855888049
DNK,SWE,251110,665.3780432427234
DNK,SWE,252910,3623.001
DNK,SWE,260200,44915.31
DNK,SWE,260600,5428.176470588235
DNK,SWE,280429,5999075.113947297
DNK,SWE,282200,48858.476
DNK,SWE,283691,1498953.4326584998
DNK,SWE,283692,384.048
DNK,SWE,711011,21712.713725490197
DNK,SWE,711021,347302.7401496827
DNK,SWE,750210,71888.16419889595
DNK,SWE,810820,3044.28
DNK,SWE,811010,100223.10611469345
DNK,SWE,850511,498344.3191713275
DNK,SYC,850511,45.98823529411765
DNK,THA,810411,127695.339
DNK,THA,850511,8693.116104162393
DNK,TTO,280429,429.908
DNK,TUR,850511,65794.75183893468
DNK,TZA,850511,4831.3725490196075
DNK,UKR,850511,7749.303720075096
DNK,URY,850511,232.7404368382318
DNK,USA,280469,1944.557270792694
DNK,USA,280470,21094.982
DNK,USA,283692,9118.255
DNK,USA,740311,24253.92156862745
DNK,USA,810320,1568.814
DNK,USA,850511,659660.1692916907
DNK,UZB,850511,657.843137254902
DNK,VNM,850511,15216.407842726985
DNK,ZAF,720292,28056.63529411765
DNK,ZAF,850511,20158.904944592214
DOM,BRA,850511,503.921568627451
DOM,BRB,282200,1932.9422296676464
DOM,CHE,811010,14937.875540710613
DOM,CHN,850511,32.35294117647059
DOM,DEU,750210,35248012.45490196
DOM,ESP,252910,6624.173093257831
DOM,ESP,811010,3815.2435135758496
DOM,IND,750210,96288.0
DOM,JAM,282200,1924.1686585932268
DOM,JAM,850511,588.0294117647059
DOM,KOR,750210,0.9803921568627451
DOM,KOR,850511,6.862745098039215
DOM,NLD,251010,184.68846153846152
DOM,NLD,740311,3899391.58627451
DOM,NLD,811010,38299.55484562233
DOM,NZL,850511,12.43235294117647
DOM,PER,850511,2.5392156862745097
DOM,S19,850511,32.911764705882355
DOM,SGP,850511,22.755882352941175
DOM,TCA,280470,4978.48
DOM,TCA,750210,894.96
DOM,USA,260600,6424748.9149099635
DOM,USA,270112,50.0
DOM,USA,280470,80.0
DOM,USA,811010,1197834.5112205413
DOM,USA,850511,122580.07669736091
DOM,ZAF,280429,1244593.383264398
DOM,ZAF,750210,12395133.898039214
DZA,ARE,280429,4708509.135077998
DZA,ARG,251010,10882324.523076924
DZA,ARM,280429,425232.53685491794
DZA,AUT,251010,6545916.341538462
DZA,AUT,280429,6655429.877690765
DZA,AZE,280429,1285577.7450194797
DZA,BEL,251010,2773287.3538461537
DZA,BEL,280429,1941643.7914188297
DZA,BFA,280429,229972.4667717606
DZA,BIH,280429,1297163.07618435
DZA,BRA,251010,15464383.076923076
DZA,CHE,280429,29649410.6414802
DZA,CHN,280429,634412.3614923713
DZA,CIV,280429,26230.637299233855
DZA,COL,280429,1540171.4621277372
DZA,CYP,280429,239653.55883980566
DZA,DEU,251010,2105987.1446153848
DZA,DEU,280429,201233417.17410094
DZA,EGY,280429,770880.1385518762
DZA,ESP,251010,14166083.036923075
DZA,ESP,252910,7199.796078431373
DZA,ESP,280429,109904691.78236683
DZA,ETH,280429,88808.4949235486
DZA,FIN,280429,12672.28723180166
DZA,FRA,251010,29418329.040000003
DZA,FRA,260200,582.8818697582051
DZA,FRA,280429,720041055.5938927
DZA,GBR,280429,31014211.87424133
DZA,GRC,251010,14229212.687692307
DZA,HRV,280429,530252.8364054547
DZA,IRL,280429,10973352.94858069
DZA,ITA,251010,1481629.7023076923
DZA,ITA,280429,11614999.726049934
DZA,JOR,280429,164768.85579002448
DZA,KEN,280429,7541.261037724287
DZA,KWT,280429,575183.5550095137
DZA,LBN,280429,48293.67791107095
DZA,LKA,280429,21236.66336860487
DZA,LUX,280429,85149.95953584413
DZA,MAR,280429,791099.8803699774
DZA,MKD,280429,667908.336654899
DZA,MLT,280429,2409197.594027009
DZA,MRT,270112,92247.0225490196
DZA,NGA,280429,22048.34215416748
DZA,NLD,251010,418763.41846153844
DZA,NOR,280429,1739761.8100423284
DZA,PAK,280429,63493.95253598433
DZA,POL,251010,5893014.615384615
DZA,POL,280429,558013.554365851
DZA,PYF,280429,5663.598196356087
DZA,SAU,280429,1038832.5193991618
DZA,SGP,280429,581185.85386864
DZA,SRB,280429,17247811.244234163
DZA,SVK,280429,4528594.960210799
DZA,SVN,280429,3372122.683593683
DZA,TUN,251010,1906952.696153846
DZA,TUN,280429,217262.80555260472
DZA,TUR,251010,34263716.92307692
DZA,TUR,252910,9129.411764705883
DZA,TUR,280429,14448054.10080737
DZA,UKR,280429,1274915.8653126333
DZA,URY,251010,35697867.29230769
DZA,USA,280429,724313.4557539538
DZA,ZAF,280429,2362040.102503287
ECU,AUT,850511,1.0323529411764705
ECU,CAN,850511,6324.262745098039
ECU,CHL,280429,24.24608292330581
ECU,COL,260600,93867.37603856846
ECU,ESP,252910,7907.364705882353
ECU,GBR,740311,8454.149019607843
ECU,IRL,850511,4.129411764705882
ECU,MEX,850511,14000.0
ECU,NLD,850511,25.809803921568626
ECU,PAN,280470,1.2
ECU,PER,280429,8845.689826271202
ECU,USA,280429,800.0
ECU,USA,280469,109322.97240455564
ECU,USA,711011,11845.707086689528
EGY,ARE,251010,21151.0
EGY,ARE,252910,8665.758823529412
EGY,AUS,251010,3558730.5271443883
EGY,AUS,251110,36546.94249014867
EGY,AUT,251010,5394294.259230768
EGY,BEL,251010,66162.53923076924
EGY,BEL,270112,0.9549019607843137
EGY,BRA,251010,10622227.334713697
EGY,CHN,260200,86544.11569591216
EGY,CHN,740311,378000.0
EGY,CMR,280429,6200.0
EGY,DEU,251010,174907.58153846153
EGY,DEU,711011,31060.50980392157
EGY,DEU,711021,464893.1187642551
EGY,DZA,251010,18630.0
EGY,DZA,252910,109484.0
EGY,ESP,251010,34646415.90153846
EGY,ESP,850511,7838.729411764705
EGY,FIN,283691,2.064705882352941
EGY,FRA,251010,5057166.544615384
EGY,FRA,252910,1561.3294117647058
EGY,FRA,260600,647.7862745098039
EGY,FRA,850511,1922.5960784313725
EGY,IDN,251010,1488.52990846513
EGY,IND,251010,83860394.48349048
EGY,IRN,260200,2308727.3445742256
EGY,ITA,251010,3324016.0438461537
EGY,ITA,711011,243131.0
EGY,KEN,251010,40250.0
EGY,KOR,251010,213.84615384615384
EGY,LBN,740311,1021302.0
EGY,LBY,251010,4250.0
EGY,LBY,280429,236503.0
EGY,MLT,850511,933.2901960784313
EGY,MYS,251010,8588441.0
EGY,NGA,251110,144570.41720782308
EGY,NLD,251010,1399978.4557951235
EGY,NLD,251110,41.634708399133345
EGY,NLD,270112,650.4127450980393
EGY,NLD,280469,116185.6045486076
EGY,NZL,251010,811382.1753846153
EGY,NZL,251110,143858.74659789004
EGY,NZL,850511,29.837254901960783
EGY,OMN,252910,22007.0
EGY,OMN,850511,1614.013725490196
EGY,PAK,251010,4447967.564962027
EGY,POL,251010,1508500.0
EGY,PRY,251010,1407292.7999999998
EGY,PSE,270112,4956.863725490196
EGY,ROU,251010,1147652.0
EGY,RWA,280429,1000.0
EGY,SAU,280470,133585.58527430386
EGY,SAU,850511,7781.176470588235
EGY,SRB,251010,64131987.69230769
EGY,SVN,740311,143040.0
EGY,SYR,252910,2334.0
EGY,SYR,850511,24300.0
EGY,THA,251010,149820.0
EGY,TUN,280429,59175.045956845584
EGY,TUR,251010,6970992.333216148
EGY,TUR,252910,10527829.084081946
EGY,TZA,280429,46932.63878196702
EGY,TZA,280469,3360.516254852519
EGY,UGA,280469,290.46940980620934
EGY,URY,251010,16768224.86153846
EGY,VNM,251010,6930000.0
EGY,ZAF,251010,154253.19085411288
ESP,AGO,280429,4650.5237098147
ESP,AGO,280470,9575.896767882268
ESP,AGO,850511,756.5877194842408
ESP,ALB,251110,92321.28
ESP,ALB,850511,451.888
ESP,AND,280429,1165588.693353829
ESP,AND,280469,44113.60576735148
ESP,AND,850511,69385.45864428971
ESP,ARE,251110,4297.399435206677
ESP,ARE,252800,13.449019607843137
ESP,ARE,252910,137355.89574573154
ESP,ARE,280429,536305.9266558429
ESP,ARE,280469,4675.072727507107
ESP,ARE,282200,186937.192
ESP,ARE,850511,3352.3689179951148
ESP,ARG,250490,12084.098039215687
ESP,ARG,251110,154257.69155925073
ESP,ARG,260200,10305.646722129533
ESP,ARG,280429,95278.77350835304
ESP,ARG,720293,2060056.152991996
ESP,ARG,810820,28434.641762596388
ESP,ARG,811010,276552.5268527299
ESP,ARG,850511,37307.36466440835
ESP,ARM,850511,246.078431372549
ESP,AUS,250490,4411.008
ESP,AUS,850511,5842.240056549285
ESP,AUT,251110,131595.70497940847
ESP,AUT,280469,726020.5638119107
ESP,AUT,280480,471900.576
ESP,AUT,740311,131287.86747282883
ESP,AUT,810411,42829.592
ESP,AUT,810820,175884.70382497404
ESP,AUT,811010,325452.68
ESP,AUT,811231,1179.416
ESP,AUT,850511,611313.160703776
ESP,AZE,850511,28400.78431372549
ESP,BEL,251110,628789.5658637813
ESP,BEL,252910,209890.02407856775
ESP,BEL,260600,1369874.1083686468
ESP,BEL,270112,51726209.841557525
ESP,BEL,280429,347122.3125150213
ESP,BEL,280469,3968959.5373973157
ESP,BEL,280470,748026.776
ESP,BEL,282200,919968.185353806
ESP,BEL,711011,46225182.00980392
ESP,BEL,740311,115788.69411764706
ESP,BEL,750210,721248.0490196078
ESP,BEL,810820,443775.752
ESP,BEL,811231,21709.648
ESP,BEL,850511,55966.30783470157
ESP,BFA,251110,219194.176
ESP,BGD,252910,171521.992
ESP,BGR,252910,192010.56480979294
ESP,BGR,750210,38003.902581910246
ESP,BGR,850511,67272.62004753869
ESP,BHR,810411,14434.52
ESP,BIH,850511,101.25490196078431
ESP,BLR,252910,159529.032
ESP,BOL,252910,14028.44549829586
ESP,BOL,280469,60812.45128308723
ESP,BOL,811010,37872.381478297364
ESP,BOL,850511,276.87229760185363
ESP,BRA,251110,3768223.0687861685
ESP,BRA,252910,292189.4664568286
ESP,BRA,260600,1759483.982472283
ESP,BRA,270112,826527.256
ESP,BRA,280469,25421.940496174087
ESP,BRA,750210,7792.156862745098
ESP,BRA,810411,325130.6230464951
ESP,BRA,810820,3657387.513897763
ESP,BRA,811010,2193897.592
ESP,BRA,850511,69574.93494771695
ESP,BRB,850511,139.2156862745098
ESP,BRN,850511,656.9333333333333
ESP,CAN,252910,7686.133333333333
ESP,CAN,252922,282931.6039215686
ESP,CAN,280469,622.8710209714526
ESP,CAN,810820,723762.4718200277
ESP,CAN,850511,28392.36814159358
ESP,CHE,250490,1556.407843137255
ESP,CHE,251110,1046037.8072666848
ESP,CHE,280469,1665.0066326163217
ESP,CHE,283692,91.2342395857132
ESP,CHE,711011,8970.122945444102
ESP,CHE,711021,70614.59447121742
ESP,CHE,720293,542097.4431372549
ESP,CHE,740311,337975.704
ESP,CHE,810411,436.72
ESP,CHE,810820,93512.71664831175
ESP,CHE,811292,1757.6313725490197
ESP,CHE,850511,552283.3618460956
ESP,CHL,251110,25097.009062731722
ESP,CHL,252910,92595.33612175209
ESP,CHL,260200,66626.67940951113
ESP,CHL,280469,1803.9084334206134
ESP,CHL,282200,146688.16
ESP,CHL,283691,121.13725490196079
ESP,CHL,750210,135906.456
ESP,CHL,850511,41603.44052045848
ESP,CHN,250490,61496.608
ESP,CHN,251110,1390164.8564871773
ESP,CHN,252910,17369.70038267549
ESP,CHN,260600,823267.944
ESP,CHN,280469,866.7383032159557
ESP,CHN,283691,2071388.776
ESP,CHN,283692,1398067.47314129
ESP,CHN,850511,23246.24076380525
ESP,CIV,251110,9657.720479365007
ESP,CIV,280429,11455.133953767629
ESP,CIV,850511,59.80098039215686
ESP,CMR,850511,473.2156862745098
ESP,COL,251110,432647.6248831123
ESP,COL,252910,5699155.038245476
ESP,COL,260200,69887.10436169794
ESP,COL,260600,116880.15686274509
ESP,COL,270112,3279.560749408281
ESP,COL,280429,59139.208
ESP,COL,280480,171.07692307692307
ESP,COL,283691,8506.467693702769
ESP,COL,810411,507.488
ESP,COL,850511,47967.784278752035
ESP,CPV,280429,1702.8453471851635
ESP,CPV,850511,2486.792156862745
ESP,CRI,251110,189976.58394960806
ESP,CRI,850511,19929.49665280753
ESP,CUB,250490,1044.205882352941
ESP,CUB,251110,7650.420781080037
ESP,CUB,252800,75.25490196078432
ESP,CUB,252910,23564.031515971492
ESP,CUB,260600,196823.25293027924
ESP,CUB,280429,10403.981046653425
ESP,CUB,282200,4931.2339558304575
ESP,CUB,283691,139435.8528049714
ESP,CUB,740311,1089.3235294117646
ESP,CUB,750210,315156.392
ESP,CUB,850511,9849.63212386809
ESP,CYP,850511,13094.973954429639
ESP,CZE,250490,456864.37193621893
ESP,CZE,251110,6492039.881249777
ESP,CZE,252922,71192.15686274509
ESP,CZE,260600,3566.552
ESP,CZE,282200,837365.5925727369
ESP,CZE,283692,153.3348564465768
ESP,CZE,740311,286.27450980392155
ESP,CZE,750210,658184.0966318564
ESP,CZE,810411,50683.915877263775
ESP,CZE,811292,17001.008
ESP,CZE,850511,21936.873511436705
ESP,DEU,250490,144067.59458960517
ESP,DEU,251110,34002338.297677256
ESP,DEU,252910,283118.5261208856
ESP,DEU,252922,74937154.32156864
ESP,DEU,260200,2453846.7759999945
ESP,DEU,260600,9779918.741955737
ESP,DEU,270112,140606494.49557236
ESP,DEU,280429,6203524.130195525
ESP,DEU,280469,28795219.245839957
ESP,DEU,280470,3400.928
ESP,DEU,282200,3029115.2108284
ESP,DEU,283692,223299.128
ESP,DEU,711011,2672376.840817766
ESP,DEU,711021,892801.471025426
ESP,DEU,720292,876246.8235294118
ESP,DEU,720293,664913.7245487411
ESP,DEU,740311,356978124.37179613
ESP,DEU,750210,2291433.816
ESP,DEU,810411,2723234.2777301455
ESP,DEU,810820,2717651.7817588686
ESP,DEU,811231,9741.96
ESP,DEU,811292,441426.82803896203
ESP,DEU,850511,4214451.775826108
ESP,DNK,251110,85301.64229640913
ESP,DNK,252910,1403.4043305510158
ESP,DNK,270112,3072.61862745098
ESP,DNK,280429,11624.278906769709
ESP,DNK,280469,566.96
ESP,DNK,811231,732.92
ESP,DNK,850511,58845.74105647856
ESP,DOM,252922,96112.70588235295
ESP,DOM,850511,30172.392848352418
ESP,DZA,251110,77065.888
ESP,DZA,252800,435473.52
ESP,DZA,252910,16138094.096
ESP,DZA,260600,853811.832
ESP,DZA,850511,1383.872
ESP,ECU,251110,229510.2217439904
ESP,ECU,260600,2377.0588235294117
ESP,ECU,280469,32669.44
ESP,ECU,282200,243347.10642320573
ESP,ECU,810820,121699.68276168748
ESP,ECU,850511,13152.52705262905
ESP,EGY,251110,460271.8407557109
ESP,EGY,252910,6016922.074049221
ESP,EGY,252922,51607.575490196075
ESP,EGY,260600,773294.3544242727
ESP,EGY,282200,340418.310338672
ESP,EGY,740311,640228685.4151791
ESP,EGY,750210,402645.6137295479
ESP,EST,850511,3501.9266325030308
ESP,FIN,251110,293022.33278723527
ESP,FIN,252922,1693.1372549019607
ESP,FIN,270112,2533407.876470588
ESP,FIN,280429,172.6076032688873
ESP,FIN,283692,121450.42207904959
ESP,FIN,740311,131622.81960784315
ESP,FIN,810820,2269.448
ESP,FIN,850511,14470.551411155959
ESP,FRA,250490,2691185.432490488
ESP,FRA,251010,2258704.3306035907
ESP,FRA,251110,12181450.373308325
ESP,FRA,252800,3237.0978926138578
ESP,FRA,252910,3997388.577504002
ESP,FRA,252922,5434737.6196078425
ESP,FRA,260200,1526947.76900975
ESP,FRA,260600,12437682.484272197
ESP,FRA,270112,11978405.51993216
ESP,FRA,280429,322066.2563463725
ESP,FRA,280469,34874327.24259623
ESP,FRA,280470,1707.96
ESP,FRA,282200,3872744.8761195675
ESP,FRA,283691,316654.45998543187
ESP,FRA,283692,490782.28202595416
ESP,FRA,711011,5675082.831372549
ESP,FRA,711021,124744600.15196879
ESP,FRA,740311,9891518.601491729
ESP,FRA,750210,2557605.339004425
ESP,FRA,810411,1149822.7681747342
ESP,FRA,810820,6774281.446092411
ESP,FRA,811231,126818.728
ESP,FRA,811292,290789.97585980623
ESP,FRA,850511,5304368.4947970165
ESP,GBR,250490,34466.23887681945
ESP,GBR,251110,1588354.62419172
ESP,GBR,252800,39421.81512640767
ESP,GBR,252910,439648.3917500379
ESP,GBR,252922,7108.95294117647
ESP,GBR,260200,1248895.4156447742
ESP,GBR,260600,178860.27957343464
ESP,GBR,270112,60396260.60590211
ESP,GBR,280429,14452.12
ESP,GBR,280469,373819478.0120049
ESP,GBR,282200,635313.3836416677
ESP,GBR,283692,82190.13815905384
ESP,GBR,711011,23756451.396756314
ESP,GBR,711021,1168128.0742723816
ESP,GBR,720292,158485.6790873997
ESP,GBR,750210,281325.1694593586
ESP,GBR,810194,82333.5046153846
ESP,GBR,810320,2873938.779672996
ESP,GBR,810820,107498.35011102313
ESP,GBR,811010,549395.856
ESP,GBR,811231,3080.04
ESP,GBR,811292,6299.921568627451
ESP,GBR,850511,954594.8786097727
ESP,GEO,850511,180.83883528586813
ESP,GHA,252910,1423291.432
ESP,GHA,850511,253.57159560567513
ESP,GIB,280429,309257.976
ESP,GIB,283691,589.704
ESP,GIB,810320,3944.384
ESP,GIB,850511,272707.584
ESP,GNQ,251110,272478.44
ESP,GNQ,280429,128593.92
ESP,GNQ,850511,825.592
ESP,GRC,252910,8028.823215633497
ESP,GRC,282200,9181.24
ESP,GRC,283691,5009.648
ESP,GRC,283692,1780.912
ESP,GRC,720292,23394.528
ESP,GRC,740311,763879854.76
ESP,GRC,750210,345551.592
ESP,GRC,810820,120320.977818164
ESP,GRC,811231,8491.784
ESP,GRC,850511,4494.802037964607
ESP,GRD,850511,1127.0862745098038
ESP,GTM,252910,981.8964686762752
ESP,GTM,850511,43924.81206247085
ESP,HKG,850511,2232.376
ESP,HND,850511,13737.4
ESP,HRV,251110,59355.77431807686
ESP,HRV,252910,238660.78431372548
ESP,HRV,270112,4056317.0940070217
ESP,HRV,850511,126294.52722198293
ESP,HUN,251110,463347.09605031897
ESP,HUN,252910,8940.026358484836
ESP,HUN,740311,62750703.848
ESP,HUN,811231,1246.808
ESP,HUN,850511,35725.043312223774
ESP,IDN,251110,74140.53740458614
ESP,IDN,252800,71515.52806668582
ESP,IDN,252910,7253.006076222901
ESP,IDN,282200,19000.317924006336
ESP,IDN,850511,496.078431372549
ESP,IND,250490,2236.256
ESP,IND,251110,1894342.255835842
ESP,IND,252800,6348181.38492188
ESP,IND,252922,46925.43921568627
ESP,IND,280429,631.6853658610034
ESP,IND,280469,10.24301613294115
ESP,IND,283692,21208.67620135557
ESP,IND,711021,630227.536
ESP,IND,811292,63807.03725490196
ESP,IND,850511,74277.69548515696
ESP,IRL,270112,2728760.1426807344
ESP,IRL,280469,6751.56
ESP,IRL,711011,2829.8098039215683
ESP,IRL,711021,1738.7515958389465
ESP,IRL,720293,5661.685294117647
ESP,IRL,810194,49.41230769230769
ESP,IRL,850511,98778.76092885576
ESP,IRN,252910,4804.798029661335
ESP,ISL,810820,271448.11459167
ESP,ISL,850511,2447.4069386257534
ESP,ISR,251110,48480.352128922656
ESP,ISR,252910,473.872
ESP,ISR,280429,89761.57355486134
ESP,ISR,280469,25489.923339884215
ESP,ISR,282200,1454.982367545546
ESP,ISR,283691,3363.225538940292
ESP,ISR,740311,93828.32
ESP,ISR,850511,36067.139116899576
ESP,ITA,250490,343791.2676613193
ESP,ITA,251010,530.736
ESP,ITA,251110,9720632.101942483
ESP,ITA,252800,12022.748195983131
ESP,ITA,252910,2475719.862239853
ESP,ITA,252922,7260454.389215686
ESP,ITA,260200,102102.59879734414
ESP,ITA,260600,4424740.306828715
ESP,ITA,270112,31292410.82458287
ESP,ITA,280429,92682.83413740038
ESP,ITA,280469,19443088.957123663
ESP,ITA,280470,4338.56
ESP,ITA,280480,69834.9027095515
ESP,ITA,282200,5106326.952458972
ESP,ITA,283691,805351.8173464464
ESP,ITA,283692,9596.136
ESP,ITA,711011,9356051.26698241
ESP,ITA,711021,7188484.497866404
ESP,ITA,720292,376950.2951477523
ESP,ITA,720293,349746.5157175345
ESP,ITA,740311,613902332.6929383
ESP,ITA,750210,342362.9775422225
ESP,ITA,810411,292041.6189707704
ESP,ITA,810820,90219.06979193768
ESP,ITA,811231,128775.208
ESP,ITA,811292,152649.06328779107
ESP,ITA,850511,568488.1051847466
ESP,JAM,850511,1136.5686274509803
ESP,JPN,260600,37817.3596137561
ESP,JPN,280469,2242.0825708969583
ESP,JPN,283692,27598.351075604958
ESP,KAZ,252910,27789.156862745098
ESP,KEN,811010,950401.496
ESP,KOR,250490,2787.983604626328
ESP,KOR,251010,173771.56
ESP,KOR,251110,113509.61573088884
ESP,KOR,280469,888.2199637482478
ESP,KOR,282200,26.61538354103472
ESP,KOR,283692,19483800.10854957
ESP,KOR,811010,45434.52400429161
ESP,KOR,850511,64198.4074908754
ESP,KWT,280429,2220.955868430024
ESP,KWT,850511,6404.056
ESP,LBN,251110,106465.1529337969
ESP,LBN,740311,7072456.736
ESP,LBN,850511,1173.0295138788272
ESP,LKA,850511,27.20980392156863
ESP,LTU,252910,3872.549019607843
ESP,LTU,850511,8519.121532163717
ESP,LUX,252910,33008.60457616504
ESP,LUX,720292,4870800.039215686
ESP,LUX,850511,6710.175578497456
ESP,LVA,251110,4947.3300008877
ESP,LVA,270112,115343.92549019608
ESP,LVA,282200,767.296
ESP,LVA,850511,317.8102516181648
ESP,MAR,250490,101935.104
ESP,MAR,251110,822646.429117192
ESP,MAR,252800,3342.376
ESP,MAR,252910,865884.4320837517
ESP,MAR,260200,1168.88
ESP,MAR,260600,1443428.2003120247
ESP,MAR,270112,44045172.648
ESP,MAR,280429,2073251.075239562
ESP,MAR,280469,43806.824
ESP,MAR,740311,954356.912
ESP,MAR,750210,424402.864
ESP,MAR,811231,26797.984
ESP,MAR,850511,753267.7138757985
ESP,MDA,850511,58.873362022817076
ESP,MDG,810194,33373.45170766721
ESP,MEX,250490,449701.216
ESP,MEX,251110,840846.9501619932
ESP,MEX,252800,37909.752
ESP,MEX,252910,2026323.8892096833
ESP,MEX,260600,2790788.128
ESP,MEX,270112,1082932.048
ESP,MEX,282200,2858988.784
ESP,MEX,810820,810827.56
ESP,MEX,850511,504674.447907289
ESP,MKD,260600,75250.50980392157
ESP,MKD,850511,7934.980392156863
ESP,MLI,251110,41202.126813609684
ESP,MLI,280469,553.052822285782
ESP,MLT,251110,11365.470835680791
ESP,MLT,280469,5108.110216528383
ESP,MLT,283692,9830.959496641912
ESP,MLT,810820,39484.685734527135
ESP,MLT,850511,24444.76618678447
ESP,MNE,850511,230.94117647058823
ESP,MUS,850511,509.2039215686275
ESP,MYS,252910,79247.048
ESP,MYS,260600,36590.656
ESP,MYS,270112,96268141.176
ESP,MYS,850511,4190.632
ESP,NIC,850511,575.472
ESP,NLD,250490,42.32843137254902
ESP,NLD,251010,1249.0171276201215
ESP,NLD,251110,1956364.1972111296
ESP,NLD,252800,3077.586274509804
ESP,NLD,252910,49531.03339892114
ESP,NLD,252922,258085.70098039214
ESP,NLD,260200,4037.8379260819065
ESP,NLD,260600,624904.800617764
ESP,NLD,270112,13767541.521182358
ESP,NLD,280429,5731.997355230922
ESP,NLD,280469,15008.031155023124
ESP,NLD,280470,144.90467793159647
ESP,NLD,280480,4.859999999999999
ESP,NLD,282200,48625.35137786061
ESP,NLD,283691,93145.24803921569
ESP,NLD,283692,302.7544467291143
ESP,NLD,711011,4999.916666666667
ESP,NLD,711021,24508.689362990917
ESP,NLD,720292,32450.416666666668
ESP,NLD,720293,452914.43469725543
ESP,NLD,740311,12384148.064937863
ESP,NLD,750210,1115705.0235294118
ESP,NLD,810194,1.6199999999999999
ESP,NLD,810320,585.9440959988594
ESP,NLD,810411,13051.323076923078
ESP,NLD,810820,5922.484657792774
ESP,NLD,811010,192771.30612057948
ESP,NLD,811231,32610.808
ESP,NLD,811292,818.8029151082886
ESP,NLD,850511,789422.815218499
ESP,NOR,251110,56451.294629379205
ESP,NOR,260600,2972.544
ESP,NOR,270112,43536804.32
ESP,NOR,280469,55877.68764146764
ESP,NOR,810411,2531231.9507692307
ESP,NOR,850511,46724.367521183485
ESP,NZL,850511,2947.672549019608
ESP,OMN,252910,20917.434075351885
ESP,OMN,850511,730.392
ESP,PAK,252910,36168.75925706872
ESP,PAN,850511,1492.1568627450981
ESP,PER,252910,1064320.3559692788
ESP,PER,280469,70354.74053583763
ESP,PER,280480,4844.696923414444
ESP,PER,283692,43922.08756413134
ESP,PER,810411,39.36923076923077
ESP,PER,810820,89908.58784929282
ESP,PER,850511,41729.87905391756
ESP,PHL,850511,204.90196078431373
ESP,POL,250490,419861.1318250822
ESP,POL,251110,1465857.2143110093
ESP,POL,252910,34380.41293158551
ESP,POL,260600,54569.824
ESP,POL,270112,1273829249.024
ESP,POL,280469,619814.144
ESP,POL,280470,3693.08
ESP,POL,280480,500914.176
ESP,POL,283692,588.192
ESP,POL,720292,780137.2263256875
ESP,POL,740311,52536.68
ESP,POL,750210,608281.328
ESP,POL,810411,12486295.072
ESP,POL,810820,386770.3493967522
ESP,POL,811010,1335896.312
ESP,POL,850511,188495.77531900353
ESP,PRT,250490,815.0966281377042
ESP,PRT,251010,1460.3641921324654
ESP,PRT,251110,8462883.594047269
ESP,PRT,252800,6141.409860848679
ESP,PRT,252910,31954666.149138045
ESP,PRT,260200,210899.015730955
ESP,PRT,260600,1883627.6658472687
ESP,PRT,270112,5446363.532321439
ESP,PRT,280429,44504676.68512846
ESP,PRT,280469,7992674.964106997
ESP,PRT,280470,2963.222952347721
ESP,PRT,280480,17041.874285929203
ESP,PRT,282200,2473381.8414285807
ESP,PRT,283691,913148.479280941
ESP,PRT,283692,80776.78087080258
ESP,PRT,711021,10531044.741118494
ESP,PRT,720292,15714295.085173229
ESP,PRT,720293,82674.28157348043
ESP,PRT,740311,1403660.3708272618
ESP,PRT,750210,24258901.08297849
ESP,PRT,810411,1168252.2650083175
ESP,PRT,810820,492111.1148820124
ESP,PRT,811010,343483.7600507339
ESP,PRT,811231,218634.8
ESP,PRT,811292,83106.25900418237
ESP,PRT,850511,3040591.93560995
ESP,PRY,850511,1211.078431372549
ESP,PYF,850511,375.96862745098036
ESP,QAT,252910,375971.64
ESP,QAT,280429,496679.232
ESP,QAT,280469,4596.768
ESP,QAT,850511,8067.36
ESP,ROU,251010,59787.96923076923
ESP,ROU,251110,185667.63810259383
ESP,ROU,252800,133147.5765334227
ESP,ROU,252910,40759.64191520603
ESP,ROU,252922,52782.0
ESP,ROU,260600,8499.960784313724
ESP,ROU,270112,17090350.384
ESP,ROU,282200,48.74417385658073
ESP,ROU,283691,314.6000469935375
ESP,ROU,810194,2450.3076923076924
ESP,ROU,810411,873.44
ESP,ROU,811231,7093.336
ESP,ROU,811292,606.304
ESP,ROU,850511,78969.46460557173
ESP,RUS,251110,39806.92
ESP,RUS,252910,315696.064
ESP,RUS,260600,3985197.9239999996
ESP,RUS,850511,406043.928
ESP,S19,250490,495404.624
ESP,S19,850511,230.41176470588235
ESP,SAU,251010,51860.536
ESP,SAU,251110,43391.04003694825
ESP,SAU,252910,308465.90709272143
ESP,SAU,260600,60261.75778954402
ESP,SAU,283692,36246.965239509555
ESP,SAU,711011,1314.208
ESP,SAU,850511,980.4327964421708
ESP,SDN,252910,118926.256
ESP,SEN,251010,3935.8869230769233
ESP,SEN,251110,79109.224
ESP,SEN,280429,1391.572264007664
ESP,SGP,850511,674.8490196078432
ESP,SLV,850511,241.55882352941174
ESP,SMR,252910,4617.832
ESP,SRB,251110,40.37876069663186
ESP,SRB,252910,5752.941959194176
ESP,SRB,280469,7.471881924275481
ESP,SRB,810820,109338.04
ESP,SRB,811010,11147.912988498656
ESP,SRB,850511,5105.8183495769335
ESP,STP,280429,842.1079589977094
ESP,SVK,260600,607043.3019607842
ESP,SVK,280469,2856409.152
ESP,SVK,740311,35465532.144
ESP,SVK,810820,1449132.232
ESP,SVK,850511,21059.093067503876
ESP,SVN,251110,137595.10195742108
ESP,SVN,280469,11056975.4
ESP,SVN,283692,1475.39205198814
ESP,SVN,720293,1107338.449826273
ESP,SVN,740311,20033733.52
ESP,SVN,810820,732074.4326731102
ESP,SVN,850511,9896.95003440008
ESP,SWE,251110,437698.3955709911
ESP,SWE,260600,647236.4352985728
ESP,SWE,270112,67742466.728
ESP,SWE,280469,2110980.9375950624
ESP,SWE,740311,14556838.8
ESP,SWE,810820,1340017.016
ESP,SWE,811010,739527.576
ESP,SWE,850511,36945.0982705155
ESP,SYC,850511,125515.144
ESP,SYR,252910,26136.248
ESP,THA,250490,4481.776
ESP,THA,252910,97932.14309739128
ESP,THA,282200,14.410329088645941
ESP,TUN,251110,90815.83837215937
ESP,TUN,252910,286426.95382702304
ESP,TUN,252922,6791927.8176470585
ESP,TUN,260600,63576.567869162005
ESP,TUN,282200,1217.9075717141998
ESP,TUN,740311,33765809.968
ESP,TUN,811292,1936.008
ESP,TUN,850511,284.7029411764706
ESP,TUR,250490,7883.043158750218
ESP,TUR,251010,258.46153846153845
ESP,TUR,251110,16921140.96423248
ESP,TUR,252910,34364120.95433729
ESP,TUR,252922,4204956.862745098
ESP,TUR,260600,24237743.100902464
ESP,TUR,270112,53874164.28
ESP,TUR,280469,11794.144
ESP,TUR,280470,6249.633790881323
ESP,TUR,280480,353390.3300350485
ESP,TUR,283692,73847.944
ESP,TUR,720292,1002703.4613538608
ESP,TUR,740311,298563982.4182102
ESP,TUR,850511,50729.799971951405
ESP,TZA,252922,1004.2156862745097
ESP,UGA,810411,1659.688
ESP,UKR,252910,104.54901960784314
ESP,UKR,270112,62274530.928
ESP,UKR,750210,740082.576
ESP,UKR,850511,211.9963012829876
ESP,URY,850511,27929.07230586242
ESP,USA,251110,228094.712
ESP,USA,252910,854579.0753159294
ESP,USA,252922,41313.72549019608
ESP,USA,260600,1263.656
ESP,USA,280429,657817.32
ESP,USA,280469,356042.20100444794
ESP,USA,282200,307978.0095462589
ESP,USA,283692,26464.451812861298
ESP,USA,810411,284290.3631541668
ESP,USA,810820,36173.944451417025
ESP,USA,811010,25364.365930867272
ESP,USA,850511,71323.57393031883
ESP,UZB,252910,38292.62979066799
ESP,VNM,252910,5384.024
ESP,VNM,260600,101883.33333333333
ESP,VNM,282200,2611.56
ESP,VNM,850511,21308.48
ESP,YEM,252910,3639.336
ESP,ZAF,250490,23.976470588235294
ESP,ZAF,251110,66065.3557607517
ESP,ZAF,252910,1830817.6762932632
ESP,ZAF,260600,231789.20347500045
ESP,ZAF,282200,18215.46385990102
ESP,ZAF,811292,2310168.1725490196
ESP,ZAF,850511,14988.037462418984
EST,ARM,280429,7955.04
EST,ARM,850511,1494.88
EST,AUS,850511,94082.04901960785
EST,AUT,720292,612796.8725490196
EST,AUT,750210,6317113.810784314
EST,AUT,810320,58706751.36
EST,AUT,811292,19473050.88
EST,BEL,750210,2050724.2921568626
EST,BEL,850511,16962.08
EST,BGR,850511,146.0448806242296
EST,BRN,850511,585.8372549019607
EST,CHE,850511,37946.52130842534
EST,CHN,810320,354717.52
EST,CHN,811292,8401081.37254902
EST,CHN,850511,81479.68
EST,CZE,720292,949843.1372549019
EST,DEU,750210,108267853.11372548
EST,DEU,810320,11401439.82867255
EST,DEU,810820,140687.06525069565
EST,DEU,811292,1946424.459150874
EST,DEU,850511,7836.133738604484
EST,DNK,280429,3552.0781614684174
EST,DNK,750210,40.47156862745098
EST,ESP,270112,8316138.611764706
EST,ESP,750210,4723797.011764705
EST,ESP,850511,898.1216293727324
EST,FIN,250490,84.72
EST,FIN,280429,1555.92
EST,FIN,280469,605.8556778593963
EST,FIN,850511,83239.3136660519
EST,FRA,810820,140.68769540523647
EST,GBR,720292,767752.631372549
EST,GBR,750210,3212993.3176470585
EST,GBR,810320,2582296.108957298
EST,GBR,811231,1937928.5969230768
EST,GBR,811292,3507313.68
EST,GBR,850511,11.28
EST,HUN,850511,171.36
EST,IND,850511,1572.4
EST,IRL,850511,25134.24
EST,ITA,750210,663243.0637254902
EST,ITA,811292,422672.1897908029
EST,JPN,811292,3021432.31372549
EST,KAZ,850511,96818.96
EST,KGZ,850511,2585.44
EST,KOR,270112,149.01960784313727
EST,KOR,810320,354438.20339772594
EST,KOR,850511,3161.1005844608217
EST,LTU,260200,48776.77282910987
EST,LTU,270112,2513937.254901961
EST,LTU,282200,3190.189330205012
EST,LTU,850511,73951.02735849135
EST,LUX,850511,1032.64
EST,LVA,250490,6173.756862745098
EST,LVA,270112,199715.04666949023
EST,LVA,280429,51340.010800447824
EST,LVA,282200,100.09665530018286
EST,LVA,283691,8262.170054434613
EST,LVA,720292,573300.3215686274
EST,LVA,750210,15666.53449807341
EST,LVA,850511,182633.85510807447
EST,MDA,850511,6678.24
EST,MKD,850511,56.254901960784316
EST,NLD,251010,393.67846153846153
EST,NLD,251110,570.4871143814573
EST,NLD,252800,837.2764705882353
EST,NLD,252910,2834.972549019608
EST,NLD,252922,80.52745098039216
EST,NLD,260200,1500.7897013650195
EST,NLD,260600,2865.9441176470586
EST,NLD,270112,1545.5039215686274
EST,NLD,280429,1526.7565559331922
EST,NLD,280469,725.8466296813363
EST,NLD,282200,604.5883986722595
EST,NLD,283691,1609.5127450980392
EST,NLD,283692,14.679198842433935
EST,NLD,711011,136.2764705882353
EST,NLD,711021,1240.2702558594087
EST,NLD,720292,1747977.9946952434
EST,NLD,720293,5.161764705882352
EST,NLD,740311,944.6460784313725
EST,NLD,750210,4351818.444117647
EST,NLD,810320,17.318648228786493
EST,NLD,810411,646.41
EST,NLD,810820,1.9986528056678718
EST,NLD,811010,8.1171621609296
EST,NLD,811292,24.777450980392157
EST,NLD,850511,6701.9965501617735
EST,NOR,280429,191.44
EST,NOR,850511,840.643528282287
EST,POL,750210,1107448.0392156863
EST,POL,850511,66.00470592906244
EST,PRT,850511,3255.5372549019608
EST,ROU,720292,1447459.411764706
EST,ROU,850511,502.19607843137254
EST,RUS,280429,124730.96
EST,RUS,282200,6040450.24
EST,RUS,720293,11211232.24
EST,RUS,810820,360378.16
EST,RUS,850511,235639.36000000002
EST,SGP,850511,40.53333333333333
EST,SVN,850511,27794.276649421117
EST,SWE,750210,3546926.776470588
EST,SWE,850511,107648.10096016397
EST,THA,810820,1951468.7848528028
EST,TUR,850511,974.56
EST,UKR,280429,264149.6
EST,UKR,720292,842335.9019607843
EST,UKR,810820,2077618.16
EST,USA,810320,10482878.555186769
EST,USA,811231,95104.61538461538
EST,USA,811292,3135240.4808573597
EST,USA,850511,502.96
ETH,ARE,280429,10.307
ETH,ARE,810320,5163.719
ETH,CAN,250490,4727.594
ETH,CHN,250490,34609.643
ETH,CHN,260200,104276.04592522931
ETH,CHN,810320,88144.573
ETH,GBR,811231,2475988.56
ETH,HKG,260200,60438.429
ETH,HKG,810320,90068.20347229014
ETH,IRL,270112,83.62450980392157
ETH,POL,850511,36.27450980392157
ETH,RWA,250490,158.328
ETH,THA,250490,8282.927
ETH,USA,250490,40778.316
ETH,ZAF,250490,388.6588235294118
FIN,ARE,282200,741193.2453504101
FIN,ARE,850511,559.6057559124196
FIN,ARG,282200,1106375.2016040725
FIN,ARG,750210,2374133.4750467273
FIN,ARG,850511,6397.507848230449
FIN,AUS,260600,63.182
FIN,AUS,280429,5723.734547960733
FIN,AUS,810820,76804.14270563607
FIN,AUS,850511,34539.976418331025
FIN,AUT,740311,51159.58039215686
FIN,AUT,750210,1233816.8156862746
FIN,AUT,810820,99137.75727182662
FIN,BEL,251010,1509380.7176923077
FIN,BEL,280429,14529.167341884076
FIN,BEL,282200,112214210.43491131
FIN,BEL,711011,5777476.8696078425
FIN,BEL,711021,9438951.412849866
FIN,BEL,740311,1113490.762745098
FIN,BEL,750210,5924349.322639933
FIN,BEL,850511,26701.7742162887
FIN,BGR,750210,673.952
FIN,BGR,850511,494194.02051217156
FIN,BHS,280429,334.65456227518956
FIN,BIH,750210,1416355.294117647
FIN,BOL,750210,25250.980392156864
FIN,BRA,282200,3960334.8511271277
FIN,BRA,750210,46974869.22735925
FIN,BRA,850511,5748.6944116778
FIN,BWA,850511,2917.08431372549
FIN,CAN,251010,118.2030769230769
FIN,CAN,252910,21.06
FIN,CAN,280429,40.016
FIN,CAN,282200,560904.9841059028
FIN,CAN,750210,3469669.3333333335
FIN,CAN,850511,109355.5584547958
FIN,CHE,252910,126779.16330908348
FIN,CHE,280469,21.06
FIN,CHE,711021,240896372.01885077
FIN,CHE,750210,1377025.0823529412
FIN,CHE,850511,9131.674148361917
FIN,CHL,750210,983921.9411764706
FIN,CHL,850511,13129.105939245612
FIN,CHN,250490,84711.76470588235
FIN,CHN,282200,1678273.882804668
FIN,CHN,740311,85350456.78477941
FIN,CHN,750210,88383677.88826971
FIN,CHN,850511,1214572.5225998273
FIN,COD,850511,677.2549019607843
FIN,COL,750210,6674732.94117647
FIN,COL,850511,4994.588235294117
FIN,CYP,850511,21.06
FIN,CZE,252910,72586.642
FIN,CZE,282200,3081521.501985702
FIN,CZE,740311,9306896.444
FIN,CZE,750210,34328607.585644975
FIN,CZE,850511,9145.098039215685
FIN,DEU,250490,86628.91764705883
FIN,DEU,252800,45785.18431372549
FIN,DEU,252910,107119.05731913232
FIN,DEU,280429,4943881.017100103
FIN,DEU,280469,4090.04
FIN,DEU,282200,257264318.6759924
FIN,DEU,711011,884518.5568627451
FIN,DEU,711021,7814889.792155467
FIN,DEU,720293,125552.882
FIN,DEU,740311,1270901865.7137082
FIN,DEU,750210,61148455.69573156
FIN,DEU,810820,1411466.5573080813
FIN,DEU,850511,768867.8326267164
FIN,DNK,280429,981608.1025131543
FIN,DNK,740311,10288.286
FIN,DNK,750210,97025.794
FIN,DNK,810820,678.795344594211
FIN,DNK,811010,23988.170244329816
FIN,DNK,850511,87566.65746728366
FIN,ECU,750210,204243.92156862744
FIN,ECU,850511,666.470588235294
FIN,EGY,750210,220820.96666666667
FIN,ESP,282200,63294464.91285173
FIN,ESP,740311,1352583.5607843138
FIN,ESP,750210,101035497.09051058
FIN,ESP,850511,94917.05809820705
FIN,EST,252910,970771.834
FIN,EST,711021,20361.748
FIN,EST,750210,55171.324
FIN,EST,850511,609737.2898043306
FIN,FRA,252910,295856.16254743555
FIN,FRA,282200,22808035.024743173
FIN,FRA,750210,13405130.230653794
FIN,FRA,850511,146976.45287735312
FIN,GBR,252910,921032.9457636876
FIN,GBR,260600,42.122
FIN,GBR,270112,5106028.678431373
FIN,GBR,280429,2.106
FIN,GBR,280469,88.456
FIN,GBR,282200,15255356.25016216
FIN,GBR,283692,368707.04079201893
FIN,GBR,711021,1004305.116
FIN,GBR,750210,110198473.45335884
FIN,GBR,810194,21.06
FIN,GBR,850511,176793.93542863015
FIN,GEO,252800,720.286
FIN,GRC,850511,1333.596207842027
FIN,HKG,750210,3141161.8781311684
FIN,HKG,850511,674949.3138896084
FIN,HUN,850511,5526.46218502826
FIN,IDN,282200,94083.47971873338
FIN,IDN,750210,122990.19607843137
FIN,IDN,850511,631.3725490196078
FIN,IND,282200,1075203.0448238985
FIN,IND,850511,1216059.4637446722
FIN,IRL,270112,4404.220588235295
FIN,IRL,850511,141.108
FIN,ISL,282200,403.5338903044588
FIN,ISL,711011,4802.474509803922
FIN,ISL,850511,88237.2823624769
FIN,ISR,850511,59139.92808230115
FIN,ITA,252910,131934.80709307434
FIN,ITA,282200,3985709.31142155
FIN,ITA,711011,976721.187254902
FIN,ITA,711021,2116649.739334877
FIN,ITA,740311,215111491.00872296
FIN,ITA,750210,47365933.039422974
FIN,ITA,850511,16071.628
FIN,JPN,250490,4.212
FIN,JPN,270112,2.106
FIN,JPN,280469,1598.0963798016858
FIN,JPN,282200,18045405.054078214
FIN,JPN,750210,33760268.869486846
FIN,JPN,850511,3631.6095314885692
FIN,KAZ,252800,947.744
FIN,KAZ,740311,373463.696
FIN,KAZ,850511,47330.324
FIN,KGZ,850511,15842.064
FIN,KOR,280429,43079.701290666824
FIN,KOR,282200,18183218.447339445
FIN,KOR,750210,248524767.04884392
FIN,KOR,810820,13.286390920869044
FIN,KOR,850511,17808.90118987971
FIN,KWT,282200,10969.121590190223
FIN,LAO,850511,37.91
FIN,LTU,252910,6103.35639549617
FIN,LTU,850511,21301.98421090241
FIN,LVA,252910,5092747.466
FIN,LVA,270112,375.79215686274506
FIN,LVA,280429,1686797.0939992082
FIN,LVA,850511,55347.203460971294
FIN,MAR,750210,28382.051960784313
FIN,MEX,750210,2254356.6975620347
FIN,MEX,850511,23769.414
FIN,MKD,750210,65563.41176470587
FIN,MLI,850511,1800.7009803921567
FIN,MYS,750210,13751030.452384336
FIN,MYS,850511,18250.621582446223
FIN,NAM,280469,103.9488213305205
FIN,NLD,250490,11.356862745098038
FIN,NLD,251010,8763.794615384615
FIN,NLD,251110,936.3430817941961
FIN,NLD,252800,363.4049019607843
FIN,NLD,252910,3025852.8329315437
FIN,NLD,252922,402.6362745098039
FIN,NLD,260200,983.6520367559522
FIN,NLD,260600,2993.961764705882
FIN,NLD,270112,19993.470588235294
FIN,NLD,280429,8498.877506847935
FIN,NLD,280469,4014.7775857730935
FIN,NLD,280470,0.8539280068253837
FIN,NLD,282200,5410438.722806884
FIN,NLD,283691,21151.823529411766
FIN,NLD,283692,148.62503693549615
FIN,NLD,711011,676.2225490196078
FIN,NLD,711021,6169.701223158719
FIN,NLD,720292,5127.934313725491
FIN,NLD,720293,81.55980392156863
FIN,NLD,740311,7374759.999213938
FIN,NLD,750210,40999522.69224932
FIN,NLD,810320,21.167033685903284
FIN,NLD,810411,3551.203846153846
FIN,NLD,810820,55.96512564246917
FIN,NLD,811010,13.191352087265697
FIN,NLD,811292,35.101960784313725
FIN,NLD,850511,2949383.7180481735
FIN,NOR,252800,83.01216698821
FIN,NOR,252910,8513401.572405118
FIN,NOR,260600,52.652
FIN,NOR,280429,25584.450723159254
FIN,NOR,283691,4.212
FIN,NOR,720292,21.06
FIN,NOR,750210,285617.13333333336
FIN,NOR,810820,762.2982447484584
FIN,NOR,850511,171735.62016528973
FIN,NZL,282200,146187.9902308804
FIN,NZL,740311,15724.234313725488
FIN,NZL,750210,81709.94705882353
FIN,NZL,850511,1505.5382352941176
FIN,PAK,750210,781855.975490196
FIN,PER,750210,694196.8715686274
FIN,PER,850511,16293.300000000001
FIN,PHL,750210,47086.27450980392
FIN,PHL,850511,404.37
FIN,PNG,850511,110.64607843137254
FIN,POL,251110,23925.264
FIN,POL,252800,57700.98039215686
FIN,POL,252910,236923.83828180374
FIN,POL,280429,105528.3890836283
FIN,POL,280469,174962.5211240752
FIN,POL,282200,228335.27649736122
FIN,POL,750210,2778777.9165093517
FIN,POL,810820,1741.742
FIN,POL,850511,388062.0697054264
FIN,PRT,280429,1764845.8905654596
FIN,ROU,850511,22069.960784313727
FIN,RUS,250490,22531.028
FIN,RUS,850511,143206.19
FIN,S19,282200,37372.218931002826
FIN,S19,750210,18614159.52418573
FIN,S19,850511,1967.094
FIN,SAU,282200,93120.38115321397
FIN,SAU,750210,11921.56862745098
FIN,SAU,850511,5619.362805868746
FIN,SGP,280429,848.5210331604932
FIN,SGP,282200,790629.12450874
FIN,SGP,750210,14477034.47745098
FIN,SGP,850511,938.1088648962631
FIN,SLV,850511,760.302
FIN,SRB,282200,14243.032392102294
FIN,SRB,750210,1628862.7450980393
FIN,SRB,850511,705.8823529411765
FIN,SVN,282200,2302571.9159340807
FIN,SVN,750210,1853855.1450980392
FIN,SVN,850511,20520.392156862745
FIN,SWE,252800,4434433.9215686275
FIN,SWE,252910,6455.188
FIN,SWE,270112,1325638.6784313726
FIN,SWE,280429,108812.29673874735
FIN,SWE,282200,1180779.684974306
FIN,SWE,711011,15133.71755799933
FIN,SWE,711021,105753.29639533113
FIN,SWE,720292,62668.82826449646
FIN,SWE,750210,267336802.579164
FIN,SWE,850511,7054071.169781413
FIN,THA,252910,756142.5268899511
FIN,THA,282200,1836684.6343223872
FIN,THA,750210,4170004.0109417574
FIN,THA,850511,23422.981441232947
FIN,TUN,282200,2933.073249736169
FIN,TUN,750210,25155.570588235296
FIN,TUR,282200,26283398.455534447
FIN,TUR,740311,15051851.682117464
FIN,TUR,750210,11899003.921568627
FIN,TUR,850511,142781.8151958241
FIN,UKR,252910,12408.530392517127
FIN,UKR,282200,302217.7181304258
FIN,URY,850511,7265.5922242435145
FIN,USA,250490,40.016
FIN,USA,252910,210.61
FIN,USA,280429,2.106
FIN,USA,280469,2.106
FIN,USA,280480,2.106
FIN,USA,282200,40861130.7022582
FIN,USA,750210,290144649.92952335
FIN,USA,810194,10436.572401274267
FIN,USA,810820,16304.21598501398
FIN,USA,811292,132760.76520057555
FIN,USA,850511,9919139.462564658
FIN,UZB,850511,735.2941176470588
FIN,VNM,282200,611935.1950789972
FIN,VNM,750210,7889463.106984543
FIN,VNM,850511,2831.705229080665
FIN,ZAF,850511,18647.517647058823
FJI,KIR,280429,2333.508
FJI,TON,280429,4294.130427797177
FJI,VUT,280429,6274.623
FJI,WSM,280429,41010.19982102988
FRA,ABW,850511,1880.572
FRA,AGO,280429,408885.58608125104
FRA,AGO,720292,862.6980392156862
FRA,AGO,810194,1182.7292307692308
FRA,AGO,850511,155.31176470588235
FRA,ALB,270112,6524121.316
FRA,ALB,283691,364.256
FRA,AND,280429,64934.58725049061
FRA,AND,850511,339.18425677914297
FRA,ARE,252910,291.5380839812072
FRA,ARE,270112,232.98235294117646
FRA,ARE,280469,620.9059160253682
FRA,ARE,282200,27408.076
FRA,ARE,283691,99323.032
FRA,ARE,711011,383.8813725490196
FRA,ARE,750210,1048897.82
FRA,ARE,850511,53750.71412575291
FRA,ARG,252800,529.6274509803922
FRA,ARG,260600,12464.666666666666
FRA,ARG,280429,115421.2075131231
FRA,ARG,283691,338.84412433778016
FRA,ARG,750210,1103720.3254290884
FRA,ARG,850511,22467.88122955661
FRA,ARM,252910,2839.098039215686
FRA,ARM,850511,1893.4071399245522
FRA,AUS,252910,41260.47617304765
FRA,AUS,260200,392499.17668605904
FRA,AUS,280429,489175.6663158999
FRA,AUS,280469,2870.152898221351
FRA,AUS,750210,62469.74
FRA,AUS,811292,1461.3549019607844
FRA,AUS,850511,93624.72734080233
FRA,AUT,251010,138.51615384615383
FRA,AUT,252910,22460.984
FRA,AUT,260600,78899.336
FRA,AUT,280429,2408429.3631570837
FRA,AUT,280469,625957.8771645578
FRA,AUT,280480,52605.204
FRA,AUT,283691,1065.236941281197
FRA,AUT,711021,462728.60610157327
FRA,AUT,720292,35863.18476456232
FRA,AUT,740311,1686929.1882352943
FRA,AUT,750210,35400313.04254619
FRA,AUT,810411,279197.256
FRA,AUT,810820,763463.8088568256
FRA,AUT,811292,504641.484
FRA,AUT,850511,184477.21329970108
FRA,AZE,280429,65211.47097343788
FRA,AZE,850511,30427.215686274507
FRA,BDI,270112,37.33333333333333
FRA,BEL,250490,15402.73659857726
FRA,BEL,251010,9561574.942307692
FRA,BEL,251110,2252.574770429333
FRA,BEL,252800,182453.75891882728
FRA,BEL,252910,18970.912
FRA,BEL,260200,4695395.995950921
FRA,BEL,260600,400631.7650187551
FRA,BEL,270112,3689232.0345311635
FRA,BEL,280429,21079806.29360958
FRA,BEL,280469,2197030.650849509
FRA,BEL,280470,1130.7239450985721
FRA,BEL,282200,25135.612211970678
FRA,BEL,283691,1023221.6538137576
FRA,BEL,711011,4564625.182352941
FRA,BEL,711021,22643.412231318776
FRA,BEL,720292,29301.910768793165
FRA,BEL,740311,9195916.44661726
FRA,BEL,750210,16953132.931928836
FRA,BEL,810194,19807.386153846153
FRA,BEL,810320,7978.6834224026
FRA,BEL,810411,260937.11472986685
FRA,BEL,810820,109479.03807786602
FRA,BEL,811010,636.6577030709234
FRA,BEL,811292,1236001.9577342242
FRA,BEL,850511,1355248.5743303928
FRA,BEN,251110,9347.598157844379
FRA,BEN,280429,15698.842601523253
FRA,BEN,850511,14886.079898269465
FRA,BFA,250490,169.43333333333334
FRA,BFA,280429,297435.424
FRA,BFA,280469,20544.834108655865
FRA,BFA,711021,10309.264
FRA,BFA,810820,753.924
FRA,BFA,811292,4227.052
FRA,BFA,850511,807.2745229290665
FRA,BGD,850511,224.484
FRA,BGR,252800,29.648
FRA,BGR,720292,28914.249494820207
FRA,BGR,720293,135646.08251663568
FRA,BGR,750210,4664202.351290121
FRA,BGR,810194,34697.10769230769
FRA,BGR,850511,25422.94661091865
FRA,BHR,850511,176.10588235294117
FRA,BIH,260600,3108040.072
FRA,BIH,280429,211987.968
FRA,BIH,850511,18652.470588235294
FRA,BLM,280429,74875.588
FRA,BLM,280469,35620.756
FRA,BLM,850511,3367.24
FRA,BLR,850511,1126.648
FRA,BOL,750210,37603.92156862745
FRA,BOL,850511,9.803921568627452
FRA,BRA,250490,388855.3030800855
FRA,BRA,251110,1001.0567756039982
FRA,BRA,260200,91231.93327940721
FRA,BRA,280429,52192.2439272757
FRA,BRA,280469,131132.05523082113
FRA,BRA,282200,67061.048
FRA,BRA,740311,23370.58823529412
FRA,BRA,750210,17430585.144356124
FRA,BRA,810820,1831862.694960104
FRA,BRA,850511,151908.15530350225
FRA,BTN,251010,23.584615384615383
FRA,CAN,251010,2.363076923076923
FRA,CAN,252800,42.356
FRA,CAN,252910,5615.075117373682
FRA,CAN,280429,59206.9079608785
FRA,CAN,280469,3054.230907467589
FRA,CAN,283691,3960.897722556269
FRA,CAN,720292,17758.549019607843
FRA,CAN,740311,46168.01176470589
FRA,CAN,750210,17492.712
FRA,CAN,810820,19702.04995536093
FRA,CAN,850511,1096942.5863026374
FRA,CHE,250490,48237.551515665924
FRA,CHE,251010,5078.392
FRA,CHE,251110,1192677.4186631672
FRA,CHE,260200,745156.228655814
FRA,CHE,260600,2601313.423137397
FRA,CHE,270112,27350.03294859418
FRA,CHE,280429,2535759.183583386
FRA,CHE,280469,12147467.864967266
FRA,CHE,280470,4688.724
FRA,CHE,282200,16186.439486462174
FRA,CHE,283691,212530.4858923208
FRA,CHE,711011,11857492.156189231
FRA,CHE,711021,327656112.8430783
FRA,CHE,720292,99848.24
FRA,CHE,720293,65002.584
FRA,CHE,740311,6105863.453270052
FRA,CHE,750210,4573391.687275137
FRA,CHE,810320,13651.40002562135
FRA,CHE,810820,130675.21926922436
FRA,CHE,811010,484.3394261475477
FRA,CHE,811212,695.4587035742105
FRA,CHE,811292,22210.221710676862
FRA,CHE,850511,2202067.324793885
FRA,CHL,850511,16777.876854878068
FRA,CHN,251110,105214.648
FRA,CHN,280429,993895.2071806211
FRA,CHN,280469,1610.3226921969133
FRA,CHN,282200,56.72312401717312
FRA,CHN,283691,33632.92525605965
FRA,CHN,720292,138925.18
FRA,CHN,720293,516.6666666666666
FRA,CHN,750210,2384599.9
FRA,CHN,810320,599.3686751824816
FRA,CHN,810411,3364.6153846153843
FRA,CHN,810820,163320.70895700707
FRA,CHN,811231,288193.07692307694
FRA,CHN,850511,2130109.3201010507
FRA,CIV,250490,8458.410714856933
FRA,CIV,251110,1162.3505764308754
FRA,CIV,280429,5952.3897685727325
FRA,CIV,740311,4011.433333333333
FRA,CIV,850511,20885.62375780019
FRA,CMR,280429,47725.351101390486
FRA,CMR,280469,12379.305629851715
FRA,CMR,850511,12110.532174022701
FRA,COD,280429,2543.477118565607
FRA,COD,850511,921.8412828975817
FRA,COG,850511,1891.85
FRA,COL,280429,1111326.9994226552
FRA,COL,750210,1479606.7714448164
FRA,COL,850511,13171.013762451243
FRA,CPV,850511,151.57647058823528
FRA,CRI,850511,103.25490196078431
FRA,CUB,280429,1867.0017031700052
FRA,CUB,850511,3934.627450980392
FRA,CYP,280429,4814731.68
FRA,CYP,850511,6970.063215934287
FRA,CZE,250490,1175.3483289438257
FRA,CZE,251110,6298.224
FRA,CZE,252910,8852.244
FRA,CZE,280429,118.596
FRA,CZE,280469,27154897.726169508
FRA,CZE,282200,38561.888553310586
FRA,CZE,283691,115928.98464229313
FRA,CZE,740311,10665188.7
FRA,CZE,750210,107881.30090093594
FRA,CZE,810820,84631.59143313796
FRA,CZE,850511,1781418.1587229627
FRA,DEU,250490,253.47762300659434
FRA,DEU,251010,8646.984615384616
FRA,DEU,251110,182303.96111678504
FRA,DEU,252800,17047.982
FRA,DEU,252910,466890.60746891977
FRA,DEU,252922,1105230.870588235
FRA,DEU,260200,6917728.402036912
FRA,DEU,260600,1186752.869276511
FRA,DEU,280429,17131328.792660683
FRA,DEU,280469,1186654958.0068583
FRA,DEU,280470,687571.0215285552
FRA,DEU,280480,1208018.5563370269
FRA,DEU,282200,44255.74255468551
FRA,DEU,283691,33200003.918039236
FRA,DEU,283692,171308.10619145533
FRA,DEU,711011,8537544.876910573
FRA,DEU,711021,39696862.35522519
FRA,DEU,720292,3795950.623261491
FRA,DEU,720293,197913.4419392622
FRA,DEU,740311,156951398.31340906
FRA,DEU,750210,77368515.91973904
FRA,DEU,810320,46308.041709554505
FRA,DEU,810411,2206420.545556822
FRA,DEU,810820,8604606.893831335
FRA,DEU,811010,400925.7462424175
FRA,DEU,811212,601783.22
FRA,DEU,811231,17918232.951721847
FRA,DEU,811292,6116338.031480872
FRA,DEU,850511,8641368.800748885
FRA,DJI,850511,15671.44
FRA,DMA,280429,182.84725233908588
FRA,DMA,280469,78.5238751126921
FRA,DNK,251110,34.440559201683435
FRA,DNK,252910,4616.72
FRA,DNK,260200,75600.70984232216
FRA,DNK,280429,54755.799446467805
FRA,DNK,280480,33746.109543884784
FRA,DNK,283691,136526.84804845622
FRA,DNK,720292,10921.209798460195
FRA,DNK,720293,5881.25373420925
FRA,DNK,750210,145926.43836760244
FRA,DNK,810820,2324.7928945745216
FRA,DNK,811292,10731.797014525377
FRA,DNK,850511,543388.8542547033
FRA,DOM,850511,5126.326925902903
FRA,DZA,280429,1027436.42
FRA,DZA,740311,1666564.256
FRA,DZA,750210,496593.988
FRA,DZA,811010,234203.288
FRA,DZA,850511,192690.92
FRA,ECU,750210,278196.34648496937
FRA,ECU,850511,351.576018508194
FRA,EGY,260200,4037432.1886591297
FRA,EGY,280429,45108.81142000763
FRA,EGY,282200,38.360372077928474
FRA,EGY,750210,4614169.369832549
FRA,EGY,811010,59094.028
FRA,EGY,850511,12736.897075431425
FRA,ESP,250490,1763.8699709644868
FRA,ESP,251010,3732071.385232518
FRA,ESP,251110,32379.304225641776
FRA,ESP,252910,1073387.542976368
FRA,ESP,260200,47369746.05503082
FRA,ESP,260600,413818.3764705882
FRA,ESP,270112,20805916.201928142
FRA,ESP,280429,8247061.397349152
FRA,ESP,280469,11632822.73050815
FRA,ESP,280470,4991.028344072682
FRA,ESP,282200,695584.8977701946
FRA,ESP,283691,4648286.289669796
FRA,ESP,283692,6302.46
FRA,ESP,711011,130857.88405322743
FRA,ESP,711021,191840494.34600002
FRA,ESP,720292,194288.33167119962
FRA,ESP,720293,5900.496250313879
FRA,ESP,740311,187323836.53629655
FRA,ESP,750210,11680015.327075683
FRA,ESP,810194,1669.5815384615385
FRA,ESP,810320,9167.27810254927
FRA,ESP,810411,799983.9842075049
FRA,ESP,810820,2447366.2097981195
FRA,ESP,811010,52824.40425196604
FRA,ESP,811212,38120.36078431372
FRA,ESP,811231,4399.945191574728
FRA,ESP,811292,334545.90220024943
FRA,ESP,850511,2221861.9986437066
FRA,EST,252910,3333317.490196078
FRA,EST,850511,9608.251137050873
FRA,ETH,850511,1198.652
FRA,FIN,251110,10215.621197547653
FRA,FIN,280470,16408.42
FRA,FIN,720293,275686.06666666665
FRA,FIN,750210,2075673.502
FRA,FIN,810320,20246.535442135522
FRA,FIN,810820,3252.884
FRA,FIN,811292,69679.18331327084
FRA,FIN,850511,49304.37094759147
FRA,GAB,280429,283887.8179461913
FRA,GAB,280469,595.7337251704627
FRA,GAB,283691,177.892
FRA,GAB,740311,4480.083333333334
FRA,GAB,810411,1817.9607692307693
FRA,GAB,850511,9388.817850967678
FRA,GBR,250490,71547.50755366482
FRA,GBR,251010,17501.36559823425
FRA,GBR,251110,2825.096
FRA,GBR,252800,44724.1003312423
FRA,GBR,260200,742093.8243792432
FRA,GBR,260600,12224.990651025906
FRA,GBR,270112,312534.14641299035
FRA,GBR,280429,254128.51266235608
FRA,GBR,280469,58741250.681653865
FRA,GBR,280470,102529.324
FRA,GBR,280480,387546.192
FRA,GBR,283691,2493654.390682107
FRA,GBR,283692,83053.51783142611
FRA,GBR,711011,1437459.1450980392
FRA,GBR,711021,176159.672
FRA,GBR,740311,405291.29882941564
FRA,GBR,750210,9627694.179376403
FRA,GBR,810320,516104.18249842286
FRA,GBR,810411,209658.428
FRA,GBR,810820,6011276.149529921
FRA,GBR,811212,19890.02
FRA,GBR,811231,2250573.988078029
FRA,GBR,811292,535996.8900466235
FRA,GBR,850511,1391165.1166610792
FRA,GEO,260200,4018065.386310306
FRA,GEO,850511,1688.1967547001354
FRA,GHA,280429,78172.54611919173
FRA,GHA,280469,6639.768321896618
FRA,GHA,850511,27126.925573287393
FRA,GIN,850511,7272.396
FRA,GRC,280429,2332994.7447155854
FRA,GRC,283691,74968.772
FRA,GRC,740311,37176.74705882353
FRA,GRC,750210,508376.3996543284
FRA,GRC,810411,112190.18153846153
FRA,GRC,811292,1457.02
FRA,GRC,850511,106123.17955814915
FRA,HKG,280429,410972.876
FRA,HKG,850511,32523.906535142727
FRA,HRV,280429,16578.1989987017
FRA,HRV,282200,203.304
FRA,HRV,810411,27733.63293901845
FRA,HRV,811010,16687.964
FRA,HRV,850511,4918.982577729996
FRA,HUN,252910,166235.0498911737
FRA,HUN,260200,6234.692
FRA,HUN,280429,783920.3611647228
FRA,HUN,280469,22378010.862635694
FRA,HUN,283691,853992.1568627451
FRA,HUN,720292,19918.401131385548
FRA,HUN,720293,31497.453155628406
FRA,HUN,750210,284457.068268417
FRA,HUN,810194,95735.38461538461
FRA,HUN,811212,151933.33333333334
FRA,HUN,850511,2288714.2267204253
FRA,IDN,260200,3988.3985592021972
FRA,IDN,280429,14912.95212375267
FRA,IDN,750210,2149220.0743662086
FRA,IDN,850511,1795.5393206217707
FRA,IND,250490,724.276
FRA,IND,251110,2928.934408687057
FRA,IND,260200,41517537.98916589
FRA,IND,260600,245.66
FRA,IND,280429,189700.64
FRA,IND,280469,1854602.2090523401
FRA,IND,282200,339301.41215029475
FRA,IND,283691,338143.044
FRA,IND,720292,14485.492
FRA,IND,750210,5704205.026398555
FRA,IND,810194,365.3053846153846
FRA,IND,810320,1490.904
FRA,IND,810820,296355.364
FRA,IND,850511,465964.96314098657
FRA,IRL,270112,584.504
FRA,IRL,280429,904486.3192283299
FRA,IRL,280469,1298214.455028121
FRA,IRL,282200,576.5614492541378
FRA,IRL,283692,1880.7478486025436
FRA,IRL,750210,107582.304
FRA,IRL,850511,119614.80302036238
FRA,IRN,252910,2520.136
FRA,ISL,280469,1383485.4296228644
FRA,ISL,711011,11993.961764705882
FRA,ISL,850511,1733.0368312041567
FRA,ISR,280429,4764959.0659687165
FRA,ISR,280469,21207.268
FRA,ISR,740311,9803.921568627451
FRA,ISR,750210,310384.0223780329
FRA,ISR,810820,15437.055953706185
FRA,ISR,850511,28129.221382404423
FRA,ITA,250490,47437.19513545323
FRA,ITA,251010,17378.227593375996
FRA,ITA,251110,42987.64167870723
FRA,ITA,252800,952.5601341395331
FRA,ITA,252910,18743570.232328527
FRA,ITA,252922,734461.004
FRA,ITA,260200,1017094.5121338791
FRA,ITA,260600,3117025.624615358
FRA,ITA,280429,27663055.707277495
FRA,ITA,280469,82659787.56126302
FRA,ITA,280470,10.247947029679368
FRA,ITA,282200,18637.009465920524
FRA,ITA,283691,3298548.413078306
FRA,ITA,283692,157.47021203797715
FRA,ITA,711011,19378233.931871977
FRA,ITA,711021,40881872.07551102
FRA,ITA,720292,1212989.6650328988
FRA,ITA,720293,119392.50409974097
FRA,ITA,740311,96878074.76124975
FRA,ITA,750210,4091439.6832404495
FRA,ITA,810194,12014.474615384614
FRA,ITA,810320,19165.744
FRA,ITA,810411,419941.6920796578
FRA,ITA,810820,2231423.8363049794
FRA,ITA,811010,144866.6318164491
FRA,ITA,811231,12150.560769230768
FRA,ITA,811292,1665154.8767315433
FRA,ITA,850511,2860453.5149123645
FRA,JOR,850511,101.652
FRA,JPN,251110,42.356
FRA,JPN,252922,224.484
FRA,JPN,260600,22511.808
FRA,JPN,280429,10768244.989136515
FRA,JPN,280469,1322775.0401462722
FRA,JPN,282200,664.976
FRA,JPN,740311,340536.112
FRA,JPN,810820,61173.672
FRA,JPN,811231,70563.828
FRA,JPN,811292,18609.074509803922
FRA,JPN,850511,46450.84028372562
FRA,KAZ,850511,16.944
FRA,KEN,280429,26260.248
FRA,KEN,850511,4434.592
FRA,KHM,251110,824.3996975562338
FRA,KHM,850511,3058.048
FRA,KOR,280429,40924009.95473277
FRA,KOR,280469,2044182.4571479014
FRA,KOR,750210,1227099.012
FRA,KOR,810820,22401.684
FRA,KOR,811292,28006.86274509804
FRA,KOR,850511,81743.36109522676
FRA,KWT,280429,5545.4017211123855
FRA,KWT,850511,3197.6027020541374
FRA,LBN,280429,4647.429766863945
FRA,LBN,750210,490211.052
FRA,LBN,850511,244.57988975842392
FRA,LKA,850511,1108.3181913104038
FRA,LTU,280480,80068.34
FRA,LTU,283691,159622.54901960783
FRA,LTU,811010,101541.24070088101
FRA,LTU,811292,65676.032
FRA,LTU,850511,31937.271386735414
FRA,LUX,251110,12776.79134835435
FRA,LUX,252800,18670.188
FRA,LUX,260600,522235.848
FRA,LUX,270112,8974.290196078431
FRA,LUX,280429,297026.45933024853
FRA,LUX,280469,98300.2556920012
FRA,LUX,740311,143530.7116166862
FRA,LUX,750210,414626.7610014638
FRA,LUX,811231,3743.7969230769227
FRA,LUX,811292,40945.17647058824
FRA,LUX,850511,150413.90151903927
FRA,LVA,280429,612.345649437042
FRA,LVA,850511,4054.261853758711
FRA,MAR,250490,142.80392156862746
FRA,MAR,280429,161986.64978783284
FRA,MAR,280469,65201.652
FRA,MAR,282200,23189.492
FRA,MAR,283691,41855.445999999996
FRA,MAR,283692,160.948
FRA,MAR,711011,55485.36
FRA,MAR,740311,1363004.264
FRA,MAR,750210,454402.3012156663
FRA,MAR,810820,79810.92701938337
FRA,MAR,811010,159586.064
FRA,MAR,811292,591.9598039215686
FRA,MAR,850511,214373.08513510998
FRA,MDA,850511,3811.7647058823527
FRA,MDG,251110,190970.0431347912
FRA,MDG,280429,231180.68083794205
FRA,MDG,280469,160281.050218594
FRA,MDG,283691,1717.9926780312576
FRA,MDG,850511,76170.78202291226
FRA,MDV,810820,29.491991732637604
FRA,MDV,850511,228.72
FRA,MEX,251110,2293845.332
FRA,MEX,280429,187040.732
FRA,MEX,720292,41859.68
FRA,MEX,750210,1047317.97
FRA,MEX,850511,518125.0340642997
FRA,MKD,850511,2849.7162979395966
FRA,MLI,251110,12206.93931883857
FRA,MLI,280429,4155.919877480414
FRA,MLI,850511,3972.92
FRA,MLT,252800,280.81176470588235
FRA,MLT,750210,621938.7280483235
FRA,MLT,850511,68183.21609162408
FRA,MNE,850511,584.504
FRA,MNG,850511,73.05196078431374
FRA,MOZ,280429,151495.31431713543
FRA,MOZ,850511,26719.0431372549
FRA,MRT,260200,2210.944
FRA,MRT,810820,593.9453294473005
FRA,MRT,850511,322230.178
FRA,MUS,280429,28232.626617187925
FRA,MUS,850511,5105.26136878555
FRA,MYS,252910,30758.97255960029
FRA,MYS,280429,521333.684
FRA,MYS,280469,121330412.56289208
FRA,MYS,810820,423145.768
FRA,MYS,850511,143548.5467231649
FRA,NCL,270112,986.876
FRA,NCL,280429,109632.3
FRA,NCL,810820,664.976
FRA,NCL,850511,51787.748
FRA,NER,260600,176.85882352941175
FRA,NER,280469,2023.500505278386
FRA,NER,850511,2587.904
FRA,NGA,280429,1386.4504354434441
FRA,NGA,750210,6602.287196056874
FRA,NGA,850511,1490.8955814966214
FRA,NIC,850511,0.37254901960784315
FRA,NLD,250490,79.49509803921568
FRA,NLD,251010,34620.18846153846
FRA,NLD,251110,13643.135881297838
FRA,NLD,252800,564.508990788805
FRA,NLD,252910,8998.904369375277
FRA,NLD,252922,2483.9558823529414
FRA,NLD,260200,2953136.806902765
FRA,NLD,260600,590346.5517362602
FRA,NLD,270112,467459.6431372549
FRA,NLD,280429,514604.5562308232
FRA,NLD,280469,11626823.267469421
FRA,NLD,280470,150.80293742079567
FRA,NLD,280480,558.1161538461539
FRA,NLD,282200,27457.614203473528
FRA,NLD,283691,111456.86335034034
FRA,NLD,283692,636.7020820958038
FRA,NLD,711011,24318.47885483185
FRA,NLD,711021,618543.9188510441
FRA,NLD,720292,67497.38492793709
FRA,NLD,720293,123404.59487989271
FRA,NLD,740311,2331773.840196078
FRA,NLD,750210,8367212.882422178
FRA,NLD,810194,3.2399999999999998
FRA,NLD,810320,37199.502642014355
FRA,NLD,810411,1109956.9976923077
FRA,NLD,810820,19172.831844086282
FRA,NLD,811010,1695.4013943352604
FRA,NLD,811292,159458.41318811692
FRA,NLD,850511,1143862.882999159
FRA,NOR,250490,4066.5351674377466
FRA,NOR,252910,225.08235294117648
FRA,NOR,260200,4264523.104911139
FRA,NOR,270112,29830.796000000002
FRA,NOR,280429,66837.39387545484
FRA,NOR,280469,11426.721382885966
FRA,NOR,280470,1651.856
FRA,NOR,282200,5115.446131674501
FRA,NOR,283691,360.02
FRA,NOR,740311,35651.70588235294
FRA,NOR,750210,1338823.1376475208
FRA,NOR,810820,352378.64
FRA,NOR,850511,78882.12224814846
FRA,NZL,280429,120060.156
FRA,NZL,850511,1478.6624505264303
FRA,OMN,280429,5311.931211526871
FRA,PAK,711011,259264.884
FRA,PAK,750210,1318345.4256748399
FRA,PAK,850511,2174.3539215686274
FRA,PAN,280429,10452.344972752495
FRA,PAN,740311,3972.549019607843
FRA,PAN,811010,132936.148
FRA,PAN,850511,80.476
FRA,PER,280429,2977.7426357547483
FRA,PER,750210,521274.05552094674
FRA,PER,810411,22473.553846153845
FRA,PER,850511,7836.736859793368
FRA,PHL,280429,1856788.0650933308
FRA,PHL,750210,253626.2756829011
FRA,PHL,850511,458.9635608498348
FRA,PNG,850511,139.772
FRA,POL,250490,9951.960784313726
FRA,POL,251010,276.98765479289085
FRA,POL,251110,52926.80527394047
FRA,POL,252800,32838.016
FRA,POL,252910,38352.55137098645
FRA,POL,260200,1536759.1549167882
FRA,POL,260600,1009232.14
FRA,POL,270112,115686678.588
FRA,POL,280429,2667383.0157174403
FRA,POL,280469,19147926.648899313
FRA,POL,280480,100733.464
FRA,POL,283691,286010.11720929015
FRA,POL,740311,41010.78431372549
FRA,POL,750210,495948.50180849835
FRA,POL,810820,12304.196
FRA,POL,811010,72143.678
FRA,POL,811292,4091808.2430000002
FRA,POL,850511,3498184.807226997
FRA,PRT,250490,37023.458823529414
FRA,PRT,251110,12900.515784043851
FRA,PRT,252910,3022839.5736453147
FRA,PRT,260200,66711.86061381984
FRA,PRT,260600,1279238.1995474282
FRA,PRT,270112,766693.34
FRA,PRT,280429,7158.036
FRA,PRT,280469,1115267.5344707402
FRA,PRT,280470,1059.0505346368348
FRA,PRT,282200,441.17708089248646
FRA,PRT,283691,86095.04589114105
FRA,PRT,283692,1578.3765746156844
FRA,PRT,711021,987725.382643419
FRA,PRT,740311,197117.95294117648
FRA,PRT,750210,1702774.9650516612
FRA,PRT,810411,4896.264
FRA,PRT,810820,1162173.8978621785
FRA,PRT,811010,196.77304678637722
FRA,PRT,811292,530.2604282846388
FRA,PRT,850511,4696962.6609964045
FRA,PRY,283691,958.8235294117646
FRA,PRY,850511,115.54901960784314
FRA,PSE,850511,7063.65
FRA,PYF,250490,1096.1933606904631
FRA,PYF,280429,32882.896809030506
FRA,PYF,280469,5999.332595128106
FRA,PYF,810820,270.00224018220905
FRA,PYF,850511,11122.417604691533
FRA,QAT,280429,9385.92
FRA,QAT,282200,49060.072
FRA,QAT,850511,4985.212
FRA,ROU,260200,150510.0614497507
FRA,ROU,280429,74.30697219498087
FRA,ROU,280469,13364.347595452806
FRA,ROU,283691,426.74509803921563
FRA,ROU,711021,11050286.76
FRA,ROU,740311,12802.862745098038
FRA,ROU,750210,336669.78984038555
FRA,ROU,810194,1499.8153846153846
FRA,ROU,810820,27721.59912299026
FRA,ROU,811010,124523.89113328699
FRA,ROU,850511,430470.63099692727
FRA,RUS,260200,918007.428
FRA,RUS,720292,372806.568
FRA,RUS,750210,38882.108
FRA,RUS,850511,16319.474
FRA,S19,270112,692406.488
FRA,S19,280429,251844.244
FRA,S19,811292,98.74509803921568
FRA,S19,850511,919.9126644935657
FRA,SAU,270112,264241.624
FRA,SAU,280429,111436.632
FRA,SAU,280469,39561.12291641693
FRA,SAU,750210,229133.368
FRA,SAU,810820,1158.8266787552002
FRA,SAU,850511,44794.143216052034
FRA,SEN,251010,707.5092307692307
FRA,SEN,280429,39679.265566614704
FRA,SEN,850511,12535.946008760595
FRA,SGP,250490,12367.732352941175
FRA,SGP,280429,5815414.632513069
FRA,SGP,280469,4409.762599215365
FRA,SGP,711011,1166.9411764705883
FRA,SGP,750210,116112.65
FRA,SGP,810820,66903.18073103885
FRA,SGP,850511,238061.164854145
FRA,SLE,850511,114.36
FRA,SLV,850511,37.833333333333336
FRA,SPM,850511,84.712
FRA,SRB,260200,196.0572147417263
FRA,SRB,280469,583680.592
FRA,SRB,282200,1347.0127382605524
FRA,SRB,720293,82650.98039215687
FRA,SRB,740311,179819.164
FRA,SRB,750210,1483034.2286892843
FRA,SRB,810411,40661.028
FRA,SRB,850511,53764.88118414873
FRA,SUR,280429,222932.27224394845
FRA,SVK,260600,641327.262745098
FRA,SVK,280469,7735760.668
FRA,SVK,283691,107094.33353021457
FRA,SVK,720292,7009.792
FRA,SVK,740311,67568.5568627451
FRA,SVK,810194,12234.806153846153
FRA,SVK,850511,251680.41854127764
FRA,SVN,252910,4561.66
FRA,SVN,260200,100700.20362952759
FRA,SVN,260600,142779.03529411767
FRA,SVN,280429,6383.132823987522
FRA,SVN,280469,1401239.2191540885
FRA,SVN,283691,1905985.708
FRA,SVN,711021,36598.855835451315
FRA,SVN,720292,196765.492
FRA,SVN,720293,223151.07877919113
FRA,SVN,740311,3782.5176470588235
FRA,SVN,750210,6382404.973453332
FRA,SVN,810411,45413.99999999999
FRA,SVN,811010,177908.5387823488
FRA,SVN,850511,1225177.0476035667
FRA,SWE,251110,94948.05495394072
FRA,SWE,252800,26122.5131004233
FRA,SWE,260200,26094.185981746377
FRA,SWE,270112,1437691.7882352942
FRA,SWE,280429,4081719.2745222775
FRA,SWE,283691,1171966.3640411678
FRA,SWE,750210,1474837.6715858236
FRA,SWE,810411,1216.8676923076923
FRA,SWE,811292,32973.79971213079
FRA,SWE,850511,280286.11703188485
FRA,SYC,850511,6210.054088269479
FRA,TGO,850511,1749.105882352941
FRA,THA,252910,466.5764705882353
FRA,THA,270112,17075602.444361262
FRA,THA,280429,25081.657598555223
FRA,THA,280469,1564086.719775017
FRA,THA,282200,260.64064881970427
FRA,THA,740311,227772.56470588234
FRA,THA,810820,8023.46552672942
FRA,THA,850511,12847.00286508547
FRA,TTO,251110,669.212
FRA,TTO,280429,6421.056
FRA,TUN,250490,11296.14
FRA,TUN,251110,7014.733191571847
FRA,TUN,252910,7339.2235294117645
FRA,TUN,280429,78566.7642470974
FRA,TUN,280469,474.3374801987803
FRA,TUN,280480,16387.24
FRA,TUN,283691,185.67765179328077
FRA,TUN,740311,26121.98578738153
FRA,TUN,750210,182455.92224536
FRA,TUN,810194,74028.53461538462
FRA,TUN,810411,324953.62
FRA,TUN,810820,54767.42678748911
FRA,TUN,811010,181.8461362350248
FRA,TUN,850511,872769.6413947358
FRA,TUR,251010,123.07692307692307
FRA,TUR,251110,376.6934988066598
FRA,TUR,252910,40356.11123132473
FRA,TUR,252922,181026.288
FRA,TUR,260200,37.703310527255056
FRA,TUR,270112,7365774.958
FRA,TUR,280429,262387.02833643375
FRA,TUR,280469,307075.476
FRA,TUR,280480,189306.736
FRA,TUR,283691,2969881.52
FRA,TUR,720292,4127776.312
FRA,TUR,720293,6347732.928
FRA,TUR,740311,4998.00583288366
FRA,TUR,750210,23711563.064815685
FRA,TUR,810820,7558.784452468377
FRA,TUR,811010,266893.06
FRA,TUR,811292,175774.236
FRA,TUR,850511,327191.0320506881
FRA,TZA,280429,183686.196
FRA,TZA,850511,2.196078431372549
FRA,UGA,850511,1198.652
FRA,UKR,750210,3120841.6666666665
FRA,UKR,850511,4914.924955081241
FRA,URY,850511,24854.052
FRA,USA,250490,365317.6470588235
FRA,USA,251110,2008.843344657435
FRA,USA,252922,2448.132
FRA,USA,260200,26543.13061118756
FRA,USA,270112,190.6
FRA,USA,280429,3016116.6456036717
FRA,USA,280469,323574.27297654096
FRA,USA,280470,703.096
FRA,USA,282200,243885.696
FRA,USA,283691,72145.58671919719
FRA,USA,711011,7596471.223281534
FRA,USA,720292,1452.784
FRA,USA,720293,530475.4901960784
FRA,USA,740311,492565.345305953
FRA,USA,750210,7708144.117647058
FRA,USA,810320,756586.9161042426
FRA,USA,810411,925322.18
FRA,USA,810820,401324.98995314445
FRA,USA,811010,93483.68002205613
FRA,USA,811231,9023928.838798523
FRA,USA,811292,546621.0281697555
FRA,USA,850511,2120250.753027324
FRA,UZB,750210,7799.458881235637
FRA,VEN,750210,23261.496
FRA,VEN,811010,6094.92
FRA,VNM,280429,20796.42
FRA,VNM,711021,71050.01801936912
FRA,VNM,750210,2237220.612
FRA,VNM,850511,72895.1671946977
FRA,ZAF,251110,86617.147297273
FRA,ZAF,252800,499.792
FRA,ZAF,280429,168319.716
FRA,ZAF,280469,555771.6621232622
FRA,ZAF,282200,196.4329371257824
FRA,ZAF,720293,343255.32
FRA,ZAF,750210,126221.42104325526
FRA,ZAF,810320,20466.052
FRA,ZAF,811010,616577.908
FRA,ZAF,850511,18768.408632927658
FRA,ZMB,850511,1198.652
FSM,POL,850511,5.88235294117647
GAB,ARE,850511,6544.88137254902
GAB,AUS,260200,18485874.831884872
GAB,BEL,260200,4567540.1290229475
GAB,BGD,260200,1167769.146
GAB,BTN,260200,3901614.046904784
GAB,CHN,260200,789899352.6164273
GAB,CZE,260200,9577447.724768069
GAB,DEU,260200,4483827.686751773
GAB,DEU,810411,138534.20923076922
GAB,ESP,260200,40658296.996194735
GAB,EST,260200,34976.49215367023
GAB,FRA,260200,92037698.18931563
GAB,GBR,260200,62014.812350982815
GAB,GEO,260200,48634072.16822541
GAB,GRC,260200,16847307.601990804
GAB,IDN,260200,12200689.241689393
GAB,IND,260200,199116417.0982623
GAB,JPN,260200,34194719.28577479
GAB,KAZ,260200,13505654.64143387
GAB,KOR,260200,5178305.566587999
GAB,LVA,260200,16251247.917
GAB,MAR,260200,80.52296029305863
GAB,MEX,260200,5077360.099
GAB,MYS,260200,13493547.872265268
GAB,NOR,260200,132620868.27074227
GAB,POL,260200,3584170.0663686474
GAB,STP,251110,26881.139
GAB,SVK,260200,78212258.38840878
GAB,THA,260200,79506.00020920014
GAB,TUR,260200,46133.77076114929
GAB,USA,260200,66765617.69594439
GAB,ZAF,260200,4776994.974299747
GBR,ABW,850511,5717.896
GBR,AGO,280429,343714.8866979716
GBR,AGO,850511,53549.48029105613
GBR,ALB,280429,13994.44
GBR,ARE,250490,9848.021504173283
GBR,ARE,251110,254.13803125533266
GBR,ARE,252922,6507.8138318462325
GBR,ARE,260600,260.8362745098039
GBR,ARE,280429,26951.979119607287
GBR,ARE,280480,16601.92
GBR,ARE,283691,1789.4235294117648
GBR,ARE,711011,1370253.168627451
GBR,ARE,711021,658276.949830629
GBR,ARE,750210,1131500.3892156864
GBR,ARE,810820,83196.17139011702
GBR,ARE,850511,537635.2514423009
GBR,ARG,250490,20508.256
GBR,ARG,280429,14293.592851597472
GBR,ARG,283691,449.6666666666667
GBR,ARG,283692,379.29467671921407
GBR,ARG,711011,38675462.81371206
GBR,ARG,711021,169425453.31243193
GBR,ARG,740311,7324.376
GBR,ARG,750210,1623857.0853368875
GBR,ARG,850511,23911.98905610045
GBR,ARM,280429,7671.064
GBR,ARM,850511,23579.086520643174
GBR,AUS,250490,4717.193203392691
GBR,AUS,260600,3126.9411764705883
GBR,AUS,270112,14274394.272
GBR,AUS,280429,91531.76001652137
GBR,AUS,280469,15037.358509504917
GBR,AUS,280480,1670.8353846153843
GBR,AUS,283691,1439449.960483942
GBR,AUS,711011,1469248.4828154626
GBR,AUS,740311,5228.30494628659
GBR,AUS,750210,23016.0568627451
GBR,AUS,810194,3673243.153271394
GBR,AUS,810320,9871466.18619978
GBR,AUS,810820,10497.112261131533
GBR,AUS,811010,315563.68651229684
GBR,AUS,811231,14176740.804
GBR,AUS,811292,4101382.443186399
GBR,AUS,850511,421384.0327560873
GBR,AUT,280429,17741.613076422123
GBR,AUT,280469,102955.30360497377
GBR,AUT,282200,697.6795048046771
GBR,AUT,283691,642907.9302809625
GBR,AUT,283692,89.90911278653567
GBR,AUT,711011,1149.0617647058823
GBR,AUT,711021,211.6565805354617
GBR,AUT,750210,80844.19509803921
GBR,AUT,810194,13208.292
GBR,AUT,810820,1194762.4895031436
GBR,AUT,811010,320513.8468945885
GBR,AUT,850511,191297.86406228715
GBR,AZE,251110,6333.072125594234
GBR,AZE,280429,6426301.258720751
GBR,AZE,850511,13865.683919558873
GBR,BEL,250490,28981.312751688136
GBR,BEL,251010,0.18769230769230769
GBR,BEL,252800,19926.985305104306
GBR,BEL,252910,1483.3990196078432
GBR,BEL,252922,279459.144
GBR,BEL,260200,1.6570604976728598
GBR,BEL,260600,139.80294117647057
GBR,BEL,270112,696201.9421404437
GBR,BEL,280429,1436256.539345346
GBR,BEL,280469,33902.982420213346
GBR,BEL,282200,2812.172870001019
GBR,BEL,283691,272478.7947956152
GBR,BEL,283692,153.59970756225727
GBR,BEL,711011,62575513.28839503
GBR,BEL,711021,924771.8367223085
GBR,BEL,740311,1068602.2547007725
GBR,BEL,750210,162822540.92794836
GBR,BEL,810194,148656.3853919884
GBR,BEL,810320,98714.25837332426
GBR,BEL,810411,402113.152
GBR,BEL,810820,108162.24376046882
GBR,BEL,811292,776.6892156862745
GBR,BEL,850511,1422157.9503239093
GBR,BFA,280429,2274.946590252739
GBR,BGR,280429,6674.948
GBR,BGR,850511,68160.646
GBR,BHR,280429,1077.18083643728
GBR,BHR,850511,1228.1235294117646
GBR,BHS,252800,1143.1372549019607
GBR,BIH,282200,162.42988355328617
GBR,BIH,750210,1375917.4117647058
GBR,BIH,850511,19701.17183329456
GBR,BLZ,850511,38.45098039215686
GBR,BMU,850511,633.1960784313726
GBR,BOL,850511,2178.4313725490197
GBR,BRA,250490,8992.260747382694
GBR,BRA,251010,20674.272
GBR,BRA,251110,10113.197106143922
GBR,BRA,252800,162658.82352941175
GBR,BRA,252910,14185.527831995443
GBR,BRA,252922,11788.129650083562
GBR,BRA,270112,27479464.70588235
GBR,BRA,280429,560258.9158507476
GBR,BRA,280469,631091.093530658
GBR,BRA,282200,2292.725182177705
GBR,BRA,283691,1072.549019607843
GBR,BRA,711011,469568.98201243393
GBR,BRA,711021,9010708.4300934
GBR,BRA,720293,2527.450980392157
GBR,BRA,740311,10180.884
GBR,BRA,750210,5229801.696210883
GBR,BRA,810194,2230.7692307692305
GBR,BRA,810820,24194.856
GBR,BRA,811292,22258.103077781918
GBR,BRA,850511,82933.03002097324
GBR,BRB,850511,515.1960784313725
GBR,BRN,280429,40046.876076232744
GBR,BRN,850511,4208.923529411764
GBR,CAN,250490,768.313725490196
GBR,CAN,252922,375867.468
GBR,CAN,260600,21208.419607843138
GBR,CAN,270112,22995502.25490196
GBR,CAN,280429,18967.674392987105
GBR,CAN,282200,102768.56792391778
GBR,CAN,283691,120869.01764705882
GBR,CAN,711011,58436.52598234623
GBR,CAN,720293,150373.93801202351
GBR,CAN,750210,63258556.947453134
GBR,CAN,810194,203213.7274549511
GBR,CAN,810411,536764.488
GBR,CAN,810820,99693.88423839396
GBR,CAN,850511,1096677.7367054059
GBR,CHE,250490,501.00588235294117
GBR,CHE,251110,3900.7060546800026
GBR,CHE,260200,39024.276
GBR,CHE,280429,55335.15085986638
GBR,CHE,280469,43477.33637813505
GBR,CHE,282200,2341.184191210632
GBR,CHE,283691,2453558.553248123
GBR,CHE,283692,2518.030163734674
GBR,CHE,711011,76298990.90809348
GBR,CHE,711021,397209337.34337264
GBR,CHE,750210,23368331.59780972
GBR,CHE,810194,224688.41408785005
GBR,CHE,810820,428463.47830786684
GBR,CHE,811010,2712.3077241717037
GBR,CHE,811231,992.4092307692308
GBR,CHE,811292,6451.4862745098035
GBR,CHE,850511,231458.4982664003
GBR,CHL,260600,1019745.8515001986
GBR,CHL,280429,7749.192
GBR,CHL,283691,31489.248802653623
GBR,CHL,750210,3549397.716
GBR,CHL,810194,5321.446153846154
GBR,CHL,850511,16098.738496335576
GBR,CHN,250490,353423.5051318078
GBR,CHN,251110,26008.969233717995
GBR,CHN,252800,8940.624
GBR,CHN,260600,117922.46
GBR,CHN,280429,51001.300514739225
GBR,CHN,280469,124275.136
GBR,CHN,280480,1430.7692307692307
GBR,CHN,282200,224164.21200066045
GBR,CHN,283691,45881907.01265169
GBR,CHN,283692,411.2162059249105
GBR,CHN,711011,24305774.441787183
GBR,CHN,711021,50352514.40983263
GBR,CHN,750210,253130768.18756402
GBR,CHN,810194,31553.412
GBR,CHN,810411,6562.64
GBR,CHN,810820,41403.52392834113
GBR,CHN,811212,10747.3
GBR,CHN,811292,47166.15111725362
GBR,CHN,850511,2016065.5023603362
GBR,CIV,280429,3103.6410480196632
GBR,CIV,850511,452.2959186730288
GBR,CMR,280429,26764.120576618006
GBR,CMR,850511,475.0705882352941
GBR,COG,280429,13379.196
GBR,COG,282200,8720.892
GBR,COG,850511,2359.0202830162275
GBR,COL,270112,263404.108
GBR,COL,280429,17876.36
GBR,COL,750210,333981.8
GBR,COL,810194,28393.998977274638
GBR,COL,850511,525221.6470588235
GBR,CPV,280429,4208.444057379897
GBR,CRI,850511,1053.0882352941178
GBR,CUB,850511,1066.8039215686276
GBR,CYP,250490,31985.358399220127
GBR,CYP,252910,57.8156862745098
GBR,CYP,280429,7255.834912588979
GBR,CYP,850511,24019.43476931949
GBR,CZE,250490,86121.59317257549
GBR,CZE,251110,9334.223514371399
GBR,CZE,252922,1117.6470588235295
GBR,CZE,260600,85264.66575921427
GBR,CZE,280429,19401.131267137556
GBR,CZE,280469,2626.3664963828314
GBR,CZE,282200,1003.7801792618809
GBR,CZE,283691,1697317.6951193698
GBR,CZE,711021,733013.7222630279
GBR,CZE,750210,1911043.137254902
GBR,CZE,810194,14746.412
GBR,CZE,810820,245210.74110975605
GBR,CZE,811010,14249.358266361221
GBR,CZE,811212,23.52941176470588
GBR,CZE,811292,4000.0
GBR,CZE,850511,1051579.5202127234
GBR,DEU,250490,254138.70166019446
GBR,DEU,251110,1720720.1896072128
GBR,DEU,252800,19038.496
GBR,DEU,252910,107.424
GBR,DEU,252922,2311345.1600782988
GBR,DEU,260200,974469.7536979198
GBR,DEU,260600,13218.58513742014
GBR,DEU,270112,803728.4528351211
GBR,DEU,280429,1462002.4961685454
GBR,DEU,280469,2240478.6029546736
GBR,DEU,280470,7197.555442396359
GBR,DEU,280480,3933.293431385771
GBR,DEU,282200,426123.0817331642
GBR,DEU,283691,20757303.352637626
GBR,DEU,283692,3770.9429112161674
GBR,DEU,711011,423586255.3445553
GBR,DEU,711021,2361703971.1302953
GBR,DEU,720292,218179.30784313724
GBR,DEU,740311,163157.81
GBR,DEU,750210,499049455.2191587
GBR,DEU,810194,3948539.3968438734
GBR,DEU,810320,1356886.8785992765
GBR,DEU,810411,3201463.021538461
GBR,DEU,810820,2008506.810447797
GBR,DEU,811010,17173.89162344133
GBR,DEU,811212,14575.508
GBR,DEU,811231,1973589.466206099
GBR,DEU,811292,2274451.77235107
GBR,DEU,850511,35188514.709840946
GBR,DMA,850511,135.4392156862745
GBR,DNK,250490,133.85980392156864
GBR,DNK,252910,3185.9009504078404
GBR,DNK,260600,276866.31200000003
GBR,DNK,270112,3467.9085301542777
GBR,DNK,280429,22999.360772972657
GBR,DNK,282200,1373666.0992400837
GBR,DNK,283691,2665688.2314432543
GBR,DNK,711021,1666330.5639841622
GBR,DNK,810194,25199.05978227474
GBR,DNK,810820,377.1009903115657
GBR,DNK,850511,188575.82216883314
GBR,DOM,810820,959570.3628337684
GBR,DOM,850511,320682.4062108855
GBR,DZA,280469,5883.916
GBR,DZA,810411,60831.388
GBR,ECU,750210,246122.94117647057
GBR,ECU,850511,14075.098039215687
GBR,EGY,252910,185160.236
GBR,EGY,252922,692869.973799026
GBR,EGY,280429,156623.23515906278
GBR,EGY,282200,14375.308
GBR,EGY,750210,1604854.3458297683
GBR,EGY,810194,7978.688
GBR,EGY,850511,56962.425752418436
GBR,ESP,250490,17620.93333333333
GBR,ESP,251110,138627.8699487547
GBR,ESP,252922,104318.652
GBR,ESP,260200,27060.632062927652
GBR,ESP,260600,38041.4907988236
GBR,ESP,270112,3691392.654922016
GBR,ESP,280429,239113.73418196425
GBR,ESP,280469,41114.06006072133
GBR,ESP,282200,1298736.7951389875
GBR,ESP,283691,5935668.356069879
GBR,ESP,711011,102405081.80400139
GBR,ESP,711021,33252798.852564067
GBR,ESP,750210,19177398.2594279
GBR,ESP,810194,270463.8903182933
GBR,ESP,810320,8584.168
GBR,ESP,810820,3436974.736053826
GBR,ESP,811010,61608.00613878695
GBR,ESP,811231,12588.16
GBR,ESP,811292,8478.321568627453
GBR,ESP,850511,1368203.0367908888
GBR,EST,283691,150421.88235294117
GBR,EST,811292,3684.078431372549
GBR,EST,850511,172321.1512805852
GBR,ETH,280429,4917.8951430255765
GBR,ETH,850511,1222.2882352941176
GBR,FIN,250490,2417.882352941176
GBR,FIN,252800,101.17450980392157
GBR,FIN,252910,425.3490196078431
GBR,FIN,252922,31700.894117647058
GBR,FIN,260200,152.85864670512382
GBR,FIN,270112,94.98039215686273
GBR,FIN,280429,2417.6922892555035
GBR,FIN,283691,351577.8352941176
GBR,FIN,711011,128759.84944996721
GBR,FIN,711021,13043706.705377238
GBR,FIN,750210,19015409.444
GBR,FIN,810820,1529.0396244022181
GBR,FIN,811292,2145.3294117647056
GBR,FIN,850511,1166892.4420657707
GBR,FRA,250490,58904.047128845894
GBR,FRA,251010,130.3230769230769
GBR,FRA,251110,965.5806694352823
GBR,FRA,252800,6021.086274509804
GBR,FRA,252910,315.8276307665023
GBR,FRA,252922,772113.8592791583
GBR,FRA,260200,795637.25
GBR,FRA,260600,645770.2863242369
GBR,FRA,270112,9114.542035085795
GBR,FRA,280429,159004.2821457462
GBR,FRA,280469,117531.826
GBR,FRA,280470,34.348503947859406
GBR,FRA,282200,15466035.691396538
GBR,FRA,283691,490864.9536833591
GBR,FRA,283692,16144.628003888025
GBR,FRA,711011,6069966.3167785015
GBR,FRA,711021,15582212.816600729
GBR,FRA,720293,126534.19607843137
GBR,FRA,750210,94792080.0244899
GBR,FRA,810194,2558142.9525690153
GBR,FRA,810320,464407.97389106045
GBR,FRA,810411,405849.16917215305
GBR,FRA,810820,5882243.77531532
GBR,FRA,811010,18235.190122164153
GBR,FRA,811292,1884877.1055418092
GBR,FRA,850511,10890840.794779731
GBR,GAB,280429,37892.17018603667
GBR,GAB,850511,846.5666666666667
GBR,GEO,280429,3669.3584220935013
GBR,GEO,850511,357.5860863816247
GBR,GHA,280429,36592.60345680302
GBR,GHA,711021,13115.516
GBR,GHA,740311,222.09803921568627
GBR,GHA,850511,14317.854039569398
GBR,GIB,280429,26191.972
GBR,GIB,850511,131487.208
GBR,GNQ,251010,4629.004
GBR,GNQ,280429,4760.844
GBR,GRC,250490,130.08235294117645
GBR,GRC,252800,94.98039215686273
GBR,GRC,252910,119.75882352941176
GBR,GRC,260600,751.5882352941177
GBR,GRC,280429,14574.692239549953
GBR,GRC,280469,8086.112
GBR,GRC,283691,214822.4737021345
GBR,GRC,711011,202.35098039215686
GBR,GRC,720292,23457.644600972653
GBR,GRC,720293,79954.83040438585
GBR,GRC,810320,9199.416
GBR,GRC,850511,39614.83837257224
GBR,GRD,850511,2021.7882352941178
GBR,GTM,750210,44934.313725490196
GBR,GTM,850511,42.15686274509804
GBR,GUY,260200,3581233.872877442
GBR,GUY,280429,1951.7288232515723
GBR,GUY,850511,12914.842851550846
GBR,HKG,250490,13369.428
GBR,HKG,251010,6547.992
GBR,HKG,280429,22023.878739752177
GBR,HKG,711011,4229968.957094409
GBR,HKG,711021,114466505.41987117
GBR,HKG,810820,173348.46
GBR,HKG,811292,82223.452
GBR,HKG,850511,68111.83880365027
GBR,HRV,280429,9385.18301849618
GBR,HRV,282200,607.4010743828995
GBR,HRV,850511,1551.9607843137255
GBR,HUN,251110,90660.41245411268
GBR,HUN,260200,336635.9293569655
GBR,HUN,270112,69674.352
GBR,HUN,280429,123565.46079767386
GBR,HUN,280469,283765.7422720745
GBR,HUN,282200,53.23076708206944
GBR,HUN,283691,10633.62455500477
GBR,HUN,711021,587136.8120849697
GBR,HUN,740311,376.4705882352941
GBR,HUN,810194,69259.304
GBR,HUN,810820,13063.938951667547
GBR,HUN,811292,956905.368
GBR,HUN,850511,1559758.1019335554
GBR,IDN,250490,547.0588235294117
GBR,IDN,251010,278955.7393985151
GBR,IDN,251110,2114.8375914860935
GBR,IDN,252922,11230.712
GBR,IDN,260600,148296.11602125183
GBR,IDN,280429,1328.861556323056
GBR,IDN,280469,2114.542584569961
GBR,IDN,282200,2009076.464
GBR,IDN,283691,206336.56677299808
GBR,IDN,711021,48.839780378447976
GBR,IDN,720293,14097.387839451429
GBR,IDN,750210,140029.41176470587
GBR,IDN,810194,11340.782172954656
GBR,IDN,810820,13325.484
GBR,IDN,850511,208592.06793345945
GBR,IND,250490,42287.453658547536
GBR,IND,252800,17998.436
GBR,IND,252922,10330.537919495975
GBR,IND,260600,65497.06563169447
GBR,IND,270112,599707.2277208366
GBR,IND,280429,32353.640968020645
GBR,IND,280469,3256624.0889377617
GBR,IND,282200,4675.692416839643
GBR,IND,283691,2607997.899172799
GBR,IND,711011,28379490.09947222
GBR,IND,711021,60918144.97704884
GBR,IND,750210,56283166.686456054
GBR,IND,810194,10778.589341482542
GBR,IND,810411,12396.533634583631
GBR,IND,810820,234711.29701639994
GBR,IND,811010,23083.255728682692
GBR,IND,811212,1694.7558823529412
GBR,IND,811292,1137163.156
GBR,IND,850511,613165.0042663502
GBR,IRL,250490,56067.618746990905
GBR,IRL,251010,3490.595373514456
GBR,IRL,251110,8932.91078894611
GBR,IRL,252800,165.21665069784677
GBR,IRL,252910,516.7452231631406
GBR,IRL,260200,102414.81738009048
GBR,IRL,260600,785955.1872975796
GBR,IRL,270112,10582259.351425515
GBR,IRL,280429,5852183.577964627
GBR,IRL,280469,83122.29177831241
GBR,IRL,282200,383.7419951395413
GBR,IRL,283691,151.15171656074497
GBR,IRL,711011,83945661.4471368
GBR,IRL,711021,263899594.16372132
GBR,IRL,750210,16292648.770433335
GBR,IRL,810194,209953.02727905786
GBR,IRL,810320,4543.993217268016
GBR,IRL,810411,60.75307692307692
GBR,IRL,810820,1947319.404841068
GBR,IRL,811010,342.9655185113572
GBR,IRL,811212,7133.944
GBR,IRL,811292,260.1647058823529
GBR,IRL,850511,929637.5336342299
GBR,IRN,280429,42086.46996589673
GBR,IRQ,850511,32974.344
GBR,ISL,252910,28.379411764705882
GBR,ISL,260600,49.483333333333334
GBR,ISL,270112,316007.3145479108
GBR,ISL,280469,1977.042211443722
GBR,ISL,282200,709.5680263028099
GBR,ISL,283692,1563.5616297311706
GBR,ISL,810820,93654.36
GBR,ISL,850511,6962.077645573438
GBR,ISR,250490,148842.71583050012
GBR,ISR,252910,9370.611256193224
GBR,ISR,280429,21620.97141552063
GBR,ISR,280470,810.9477747629475
GBR,ISR,283691,980.3921568627451
GBR,ISR,711011,5178.607819386077
GBR,ISR,720292,826470.5882352941
GBR,ISR,740311,9497.276
GBR,ISR,750210,359686.3480766747
GBR,ISR,810194,119489.40881328554
GBR,ISR,810411,7071.605935114066
GBR,ISR,810820,949.0279229192175
GBR,ISR,811292,5819.414403050645
GBR,ISR,850511,106971.9098913379
GBR,ITA,250490,1166.612745098039
GBR,ITA,251010,7324.376
GBR,ITA,251110,17163.343024586924
GBR,ITA,252800,34158.12575966987
GBR,ITA,252922,5677294.07472973
GBR,ITA,260200,25291.078132615712
GBR,ITA,280429,254009.24946214532
GBR,ITA,282200,1778353.317820241
GBR,ITA,283691,648413.2366540817
GBR,ITA,711011,15269269.259352257
GBR,ITA,711021,275996828.0785753
GBR,ITA,740311,4980.576
GBR,ITA,750210,14406297.81346011
GBR,ITA,810194,623812.4253058716
GBR,ITA,810320,49463.956
GBR,ITA,810820,501890.24286380317
GBR,ITA,811010,13520.8
GBR,ITA,811292,43095.18122765788
GBR,ITA,850511,2595165.964475882
GBR,JAM,260600,1215.848
GBR,JAM,280429,42935.496
GBR,JAM,280469,2239.463110491442
GBR,JPN,250490,33877.684
GBR,JPN,260600,5450.0137254901965
GBR,JPN,280429,156307.076
GBR,JPN,282200,238687.9662044739
GBR,JPN,283691,6625988.130816806
GBR,JPN,711011,15870033.757136391
GBR,JPN,711021,48251707.91803951
GBR,JPN,750210,64078417.42014739
GBR,JPN,810194,1229421.004
GBR,JPN,810820,241011.048
GBR,JPN,811010,159677.37984581594
GBR,JPN,811292,665053.384
GBR,JPN,850511,378145.3029319589
GBR,KAZ,280429,1925751.1321614415
GBR,KAZ,280469,5918.096
GBR,KAZ,282200,3688.5988986143066
GBR,KAZ,850511,91574.23800000001
GBR,KEN,280429,246.59650727931506
GBR,KEN,280480,46.36076923076923
GBR,KEN,750210,34248.784
GBR,KEN,811010,289630.26
GBR,KEN,850511,4011.67701441464
GBR,KOR,252800,227758.812
GBR,KOR,270112,238.23529411764704
GBR,KOR,280429,190735.08573447404
GBR,KOR,280470,4265.936984124163
GBR,KOR,282200,181908.06010124463
GBR,KOR,283691,27518286.16942843
GBR,KOR,711011,56921603.400859065
GBR,KOR,711021,461594284.2128298
GBR,KOR,740311,897.0588235294117
GBR,KOR,750210,2783347.058823529
GBR,KOR,810320,214.71286382299266
GBR,KOR,810411,8025.384615384615
GBR,KOR,810820,2653.528270768185
GBR,KOR,811010,239.9303630189305
GBR,KOR,811292,55881.231940912534
GBR,KOR,850511,77714.30840751773
GBR,KWT,270112,14708.464556762458
GBR,KWT,283691,145236.07606938636
GBR,KWT,740311,1249.1781918923737
GBR,KWT,810411,2614.0576923076924
GBR,KWT,850511,1206.5598039215686
GBR,LAO,270112,148074.476
GBR,LAO,850511,750.0
GBR,LBN,810820,29404.932
GBR,LBN,850511,108107.796
GBR,LBY,250490,6797.02
GBR,LBY,280429,230112.376
GBR,LKA,280429,769.4030357568273
GBR,LKA,740311,231.37450980392157
GBR,LKA,850511,750.1176470588235
GBR,LTU,252800,20054.144
GBR,LTU,810820,21250.456
GBR,LTU,811010,338.21509003873336
GBR,LTU,850511,122534.758117827
GBR,LUX,250490,28585.850980392155
GBR,LUX,252800,96.87843137254902
GBR,LUX,810820,8125.176
GBR,LUX,850511,8830.093197320624
GBR,LVA,850511,15175.871838306373
GBR,MAR,283691,1986.419607843137
GBR,MAR,750210,68189.65882352942
GBR,MAR,810820,8552.8389372118
GBR,MAR,850511,18537.33654500566
GBR,MDA,850511,262.7450980392157
GBR,MDG,280429,194592.33568882124
GBR,MDV,810820,277.2679979600786
GBR,MEX,250490,5405.388
GBR,MEX,252800,6767.724
GBR,MEX,282200,2530113.072
GBR,MEX,810194,1152441.808
GBR,MEX,850511,213278.1710919292
GBR,MKD,711011,891186307.1463501
GBR,MKD,711021,2147900480.197627
GBR,MKD,750210,11290.588235294117
GBR,MKD,850511,759.9019607843137
GBR,MLT,251010,317.5353846153846
GBR,MLT,251110,1980.7599165929275
GBR,MLT,252910,169.31372549019608
GBR,MLT,260200,19.850792992599786
GBR,MLT,280429,486888.58175653714
GBR,MLT,280469,9233.396767628237
GBR,MLT,282200,1069.041099704498
GBR,MLT,283691,582.2745098039215
GBR,MLT,711011,1069.5686274509803
GBR,MLT,850511,47583.73448534133
GBR,MNE,850511,9959.772549019608
GBR,MRT,850511,53438.652
GBR,MUS,280469,5741.890950761243
GBR,MUS,850511,535.3882352941176
GBR,MYS,252910,4882.916
GBR,MYS,252922,19140.76638387109
GBR,MYS,260600,11045.984532331784
GBR,MYS,270112,477691.70431504684
GBR,MYS,280429,208125.4198246363
GBR,MYS,283691,79089.4540672774
GBR,MYS,750210,20315963.898130693
GBR,MYS,810194,13341.743904489906
GBR,MYS,850511,16330.89767913579
GBR,NAM,280429,2069.9448156233243
GBR,NAM,280469,16.998531377726717
GBR,NAM,850511,1380.521568627451
GBR,NGA,252800,872.1392156862745
GBR,NGA,280429,2616.517729266783
GBR,NGA,280469,12104.752
GBR,NGA,850511,3311.742889763668
GBR,NIC,850511,1024.9117647058824
GBR,NLD,250490,40424.157034699674
GBR,NLD,251010,235.72076923076924
GBR,NLD,251110,1017702.5386266306
GBR,NLD,252800,602685.4204370211
GBR,NLD,252910,35520.67386607685
GBR,NLD,252922,466431.77151481283
GBR,NLD,260200,117.12533415291784
GBR,NLD,260600,4649330.747442487
GBR,NLD,270112,1400202.6753193412
GBR,NLD,280429,1018496.1287439073
GBR,NLD,280469,1044322.2372536449
GBR,NLD,280470,32144.248
GBR,NLD,282200,221988.63818552074
GBR,NLD,283691,59386339.38922037
GBR,NLD,283692,495.41620897113694
GBR,NLD,711011,33472.435139430745
GBR,NLD,711021,1628.008939255721
GBR,NLD,720292,167.24901960784314
GBR,NLD,720293,24.777450980392157
GBR,NLD,740311,587398.0319146771
GBR,NLD,750210,60558920.4644924
GBR,NLD,810194,694078.4347950297
GBR,NLD,810320,83746.43151630033
GBR,NLD,810411,105465.85999455574
GBR,NLD,810820,1067221.2300558342
GBR,NLD,811010,25.3670953286601
GBR,NLD,811231,614663.4442850103
GBR,NLD,811292,284674.23503470985
GBR,NLD,850511,1738204.7080759646
GBR,NOR,250490,2187.0588235294117
GBR,NOR,251110,9199.08926190667
GBR,NOR,252910,7995.311764705882
GBR,NOR,252922,6388189.308
GBR,NOR,260600,2216.4607843137255
GBR,NOR,270112,207809914.06
GBR,NOR,280429,1012373.6103317378
GBR,NOR,280469,1878.378812589386
GBR,NOR,711011,4307084.37977926
GBR,NOR,711021,51450184.831723444
GBR,NOR,750210,5005.066666666667
GBR,NOR,810194,1236.2246153846154
GBR,NOR,810411,238562.99001357204
GBR,NOR,810820,11805.599662355064
GBR,NOR,811010,17578.504
GBR,NOR,811292,41553.63
GBR,NOR,850511,2210809.8816065886
GBR,NPL,850511,28.64607843137255
GBR,NZL,280429,42502.56169144884
GBR,NZL,282200,26609.812151646172
GBR,NZL,283691,22236.21470588235
GBR,NZL,283692,165355.124
GBR,NZL,850511,40121.03789505985
GBR,OMN,250490,22.948039215686276
GBR,OMN,252922,175267.22958296697
GBR,OMN,270112,144167.3786439359
GBR,OMN,280429,296735.7120834291
GBR,OMN,850511,2948.682759530036
GBR,PAK,260200,146629.132
GBR,PAK,270112,384529.764
GBR,PAK,280429,11220.310297377018
GBR,PAK,280469,2674.798301030745
GBR,PAK,282200,10.829609452964592
GBR,PAK,711011,53463.064
GBR,PAK,750210,511998.72269631684
GBR,PAK,810194,25440.0
GBR,PAK,850511,157.52450980392157
GBR,PAN,280429,16147.808
GBR,PAN,750210,822483.532
GBR,PAN,850511,459.80392156862746
GBR,PER,250490,44227.94117647059
GBR,PER,280429,1115.7671332257519
GBR,PER,280469,72457.06739008304
GBR,PER,282200,119099.244
GBR,PER,750210,260344.36903823452
GBR,PER,850511,11973.111764705882
GBR,PHL,252922,17177.450980392157
GBR,PHL,280429,31679.43450275791
GBR,PHL,810194,8316.923076923076
GBR,PHL,810320,243.95036017335764
GBR,PHL,850511,2073.4356058597386
GBR,PNG,280429,21495.065474145205
GBR,POL,250490,18649.22903658821
GBR,POL,251110,49844.21518326731
GBR,POL,252922,18425.01263396885
GBR,POL,260600,202353.04394672214
GBR,POL,270112,568275.1255499804
GBR,POL,280429,127784.29087834619
GBR,POL,280469,2910145.67
GBR,POL,282200,155.89010359748906
GBR,POL,283691,712912.3000218079
GBR,POL,711011,77196901.77259709
GBR,POL,711021,426484731.7742204
GBR,POL,750210,1912815.6862745099
GBR,POL,810194,161646.47884427238
GBR,POL,810820,4288.152290748263
GBR,POL,811010,5705.979094815077
GBR,POL,811292,73908.8774966677
GBR,POL,850511,761307.6413511435
GBR,PRT,260200,36609.67196032818
GBR,PRT,260600,188030.01515036006
GBR,PRT,280429,41503.41837837949
GBR,PRT,280469,9786.936196224337
GBR,PRT,283691,1568104.2746775555
GBR,PRT,283692,2177.145868555327
GBR,PRT,711011,25403284.82352941
GBR,PRT,740311,10411.808364586113
GBR,PRT,750210,1021.5058823529411
GBR,PRT,810194,100682.70412681684
GBR,PRT,810820,50533.316
GBR,PRT,811292,921.8509803921569
GBR,PRT,850511,596257.7199129346
GBR,PRY,740311,280351.94117647054
GBR,PRY,850511,229.54901960784312
GBR,PYF,850511,247.3392156862745
GBR,QAT,280429,18818.764
GBR,QAT,850511,304696.70488284715
GBR,ROU,251110,159945.72225205286
GBR,ROU,280429,57098.679809939014
GBR,ROU,280469,9467.976
GBR,ROU,280470,12204.050376140569
GBR,ROU,282200,979781.84
GBR,ROU,283691,392466.47798541404
GBR,ROU,750210,1236.235294117647
GBR,ROU,810194,4692.693413559068
GBR,ROU,810320,1985.3356428010948
GBR,ROU,810820,1405567.936379883
GBR,ROU,811010,1541.258691791324
GBR,ROU,811292,26816.984
GBR,ROU,850511,338211.81185180857
GBR,RUS,252922,49488.37
GBR,RUS,270112,13448697.784
GBR,RUS,283691,932544.492
GBR,RUS,850511,13647.756
GBR,RWA,280469,560.6993594500375
GBR,RWA,283691,65.72549019607844
GBR,S19,250490,9673.06
GBR,S19,252800,82658.028
GBR,S19,260200,210800.436
GBR,S19,280429,19277.76
GBR,S19,280469,145095.896
GBR,S19,280470,108.91028615066386
GBR,S19,282200,1148.9100635134946
GBR,S19,283691,4147.5
GBR,S19,283692,29.246881425633994
GBR,S19,711011,12573473.394237163
GBR,S19,720292,296.2450980392157
GBR,S19,720293,67140.116
GBR,S19,740311,472422.28
GBR,S19,750210,34392083.64540909
GBR,S19,810194,201712.85867070698
GBR,S19,810820,45716.052307794744
GBR,S19,811010,9835.04428863004
GBR,S19,811292,625.4117647058823
GBR,S19,850511,62147.22946300136
GBR,SAU,250490,2279.7382352941177
GBR,SAU,251110,6602141.66482355
GBR,SAU,252800,60548.18
GBR,SAU,252922,721.8303921568628
GBR,SAU,270112,467496.5003370073
GBR,SAU,280429,4570.815432497983
GBR,SAU,280469,67750.484
GBR,SAU,740311,430.06568627450974
GBR,SAU,750210,613802.28
GBR,SAU,810194,7758.956
GBR,SAU,850511,67523.35528338283
GBR,SEN,280429,5190.54
GBR,SEN,810411,33.12
GBR,SEN,850511,58386.804482195395
GBR,SGP,251110,296.5441422286079
GBR,SGP,252910,942.228431372549
GBR,SGP,270112,7.822549019607843
GBR,SGP,280429,157949.619711831
GBR,SGP,280469,3656.170226181834
GBR,SGP,282200,59.294321782364456
GBR,SGP,283691,673958.6830350469
GBR,SGP,711011,762875.9391125172
GBR,SGP,711021,2566.2956522510062
GBR,SGP,720292,62130.14010788902
GBR,SGP,740311,46417.58008781387
GBR,SGP,750210,784142.9486193034
GBR,SGP,810194,37578.936
GBR,SGP,810320,6891.292415444886
GBR,SGP,810820,7230.9474088038
GBR,SGP,811010,622.0372922780466
GBR,SGP,811292,5611.7568184328
GBR,SGP,850511,188527.16021910997
GBR,SLV,850511,44.96078431372549
GBR,SRB,260600,375521.56862745096
GBR,SRB,280429,133096.90019630396
GBR,SRB,283691,343124.5079374526
GBR,SRB,750210,229349.01960784313
GBR,SRB,810194,184916.92307692306
GBR,SRB,810820,22503.350108260485
GBR,SRB,850511,60451.919656248836
GBR,SVK,280429,33042.05478773779
GBR,SVK,283692,46143.572
GBR,SVK,750210,4162341.9607843133
GBR,SVK,810820,6328.986830855833
GBR,SVK,850511,620339.9275269384
GBR,SVN,252910,81.05882352941177
GBR,SVN,280469,146363.58887797742
GBR,SVN,283691,3425532.807703613
GBR,SVN,810411,187.89538461538461
GBR,SVN,850511,331317.28601096844
GBR,SWE,250490,3489.543137254902
GBR,SWE,251110,17632.499639000183
GBR,SWE,252800,151.372
GBR,SWE,252910,87.892
GBR,SWE,252922,308943.16826870444
GBR,SWE,260200,184085.996
GBR,SWE,260600,775.4549019607844
GBR,SWE,270112,15699454.749019608
GBR,SWE,280429,6945.465666246062
GBR,SWE,280469,178768.0016527567
GBR,SWE,282200,16175.874673609464
GBR,SWE,283691,7834196.59064959
GBR,SWE,711011,387.72549019607845
GBR,SWE,711021,6772589.129277623
GBR,SWE,740311,20549.533333333333
GBR,SWE,750210,116971971.21563946
GBR,SWE,810194,304.2153846153846
GBR,SWE,810320,4441.197001385652
GBR,SWE,810411,64719.98186085295
GBR,SWE,810820,40461.195022525855
GBR,SWE,850511,1513730.7769621387
GBR,SWZ,280469,21.696477137614927
GBR,SYC,850511,112.89803921568628
GBR,THA,251110,114000.82678601495
GBR,THA,252800,9342.878945059569
GBR,THA,252910,3121.478431372549
GBR,THA,260600,547001.1367420686
GBR,THA,270112,3861937.3000561264
GBR,THA,280429,137970.1033254657
GBR,THA,280469,9268.989077174523
GBR,THA,283691,98705.8862745098
GBR,THA,711011,12765.611764705884
GBR,THA,720293,574126.133954822
GBR,THA,740311,223.27450980392157
GBR,THA,750210,6727211.9719821075
GBR,THA,810194,14127.769131186358
GBR,THA,811292,813262.1137254902
GBR,THA,850511,96966.83053915642
GBR,TKM,280429,34448.984
GBR,TTO,280429,3676.681666141332
GBR,TTO,280469,432.2324915702475
GBR,TTO,850511,1086.6774509803922
GBR,TUN,280429,1394.8421669015456
GBR,TUN,280469,16723.992
GBR,TUN,810411,12307.298484029217
GBR,TUN,850511,3874.8470588235296
GBR,TUR,251110,40.37876069663186
GBR,TUR,252910,376.4705882352941
GBR,TUR,252922,466307.6601096405
GBR,TUR,260600,4839.21568627451
GBR,TUR,280429,388327.954866569
GBR,TUR,280469,561478.8995123707
GBR,TUR,282200,14421.813422963052
GBR,TUR,711011,15830.42
GBR,TUR,720293,286812.816
GBR,TUR,750210,54014786.90394669
GBR,TUR,810194,57747.692307692305
GBR,TUR,810820,273711.948
GBR,TUR,811292,164800.77724559014
GBR,TUR,850511,3176552.923083632
GBR,TZA,283691,110.05882352941177
GBR,TZA,850511,37.705882352941174
GBR,UGA,280480,5087.692307692308
GBR,UGA,811010,226133.00532877867
GBR,UGA,850511,2079.843137254902
GBR,UKR,251010,5610.472
GBR,UKR,251110,19306.212729462473
GBR,UKR,252922,33836.862745098035
GBR,UKR,283691,22926.980392156864
GBR,UKR,850511,10717.740592280508
GBR,URY,850511,17695.450980392157
GBR,USA,250490,89639.91568118091
GBR,USA,251110,199944.68705536562
GBR,USA,252800,1517288.528
GBR,USA,252910,1992.228
GBR,USA,252922,87138.34283391437
GBR,USA,260600,26005.61659958892
GBR,USA,270112,24199.74
GBR,USA,280429,594369.3705722316
GBR,USA,280469,1450868.9956610594
GBR,USA,282200,49249656.568579435
GBR,USA,283691,2054157.41857306
GBR,USA,711011,161579360.00068185
GBR,USA,711021,33828399.51085623
GBR,USA,720293,208237.8457368322
GBR,USA,740311,122572.34807415996
GBR,USA,750210,22829392.326650903
GBR,USA,810194,692742.0189307898
GBR,USA,810320,317021.2615152521
GBR,USA,810411,95634.43060850842
GBR,USA,810820,3035183.94515865
GBR,USA,811010,500366.48322748585
GBR,USA,811212,19531.672
GBR,USA,811231,6960398.442795999
GBR,USA,811292,4577942.633885497
GBR,USA,850511,7411139.3621278675
GBR,UZB,750210,25952.941176470587
GBR,UZB,850511,40.19607843137255
GBR,VCT,850511,1.0529411764705883
GBR,VNM,252922,11230.712
GBR,VNM,260200,142556.78
GBR,VNM,280429,65663.86930415439
GBR,VNM,280469,9627.788847178232
GBR,VNM,282200,1101.5917137751835
GBR,VNM,750210,1441873.9411764706
GBR,VNM,850511,12649.464930976796
GBR,ZAF,250490,277.16862745098035
GBR,ZAF,260600,23.976470588235294
GBR,ZAF,280429,16328.48634066553
GBR,ZAF,280469,369458.2013914507
GBR,ZAF,282200,64072.57778728876
GBR,ZAF,283691,3491.4627450980392
GBR,ZAF,711011,7619939.223027583
GBR,ZAF,711021,134164.20219384122
GBR,ZAF,750210,179181.7568627451
GBR,ZAF,810320,4919.884878052007
GBR,ZAF,810820,7617.352
GBR,ZAF,811010,1919.6279106964225
GBR,ZAF,850511,229035.67838990543
GBR,ZMB,280429,2034.6919332789303
GBR,ZMB,850511,3138.105882352941
GBR,ZWE,811010,42532.8890614556
GBR,ZWE,850511,214.3921568627451
GEO,ARE,850511,753.008
GEO,ARM,252910,59200.0
GEO,ARM,270112,44640.0
GEO,ARM,850511,11425.38
GEO,AZE,850511,1608.922
GEO,BGR,850511,171.68459006960614
GEO,BLR,850511,449.42
GEO,DEU,850511,62.72
GEO,FRA,260200,159.6923717381888
GEO,IRQ,850511,470.8
GEO,KAZ,260200,6230839.34
GEO,KOR,850511,264.29
GEO,LTU,850511,71.286
GEO,NLD,260200,298.7685732800746
GEO,NLD,740311,8174101.060784314
GEO,POL,850511,884.224
GEO,RUS,260200,1174338.18
GEO,TUR,260200,1700419.3047792031
GEO,TUR,720293,8750112.46
GEO,TUR,740311,26354941.17647059
GEO,TUR,850511,3569.81
GEO,USA,252910,2284.3137254901962
GEO,UZB,260200,372752.89265702316
GEO,UZB,720293,1542640.0
GEO,ZMB,850511,723.9372549019608
GHA,BEL,850511,29.544
GHA,BEN,280429,37924.824
GHA,CHN,252910,254.90196078431373
GHA,CHN,260200,78601090.51732956
GHA,CHN,260600,31942839.215686273
GHA,CIV,251110,279320.8339693638
GHA,CIV,280429,17456.292255508106
GHA,CIV,850511,1502.3627450980393
GHA,CMR,850511,1.4236123065298358
GHA,DEU,260600,4988523.752
GHA,FRA,260200,135679.64340611832
GHA,GAB,280469,207.384
GHA,JPN,850511,48.784
GHA,KOR,282200,0.9505494121798114
GHA,MLT,280429,13375.012
GHA,NLD,260200,114418.82775652522
GHA,PRT,850511,573.0431372549019
GHA,SLE,280429,633843.148
GHA,TGO,280429,1296.2475953363898
GHA,TUR,260600,78.43137254901961
GHA,TZA,810194,2974.507692307692
GHA,UKR,260200,32636344.929075807
GHA,UKR,260600,7347262.264534946
GHA,USA,250490,510.9
GHA,ZAF,250490,775.643137254902
GHA,ZAF,260600,409.51764705882357
GIB,ESP,280429,8219.416555616208
GIB,IRL,850511,6.194117647058823
GIN,ARE,260600,151266590.36470586
GIN,BIH,260600,35607018.666666664
GIN,CAN,260600,205674890.7960784
GIN,CHE,750210,51455.850980392155
GIN,CHN,260600,4412084143.137255
GIN,DEU,260600,1227541301.5882354
GIN,ESP,260600,1855056988.9019608
GIN,FRA,280429,694.2550366444084
GIN,GRC,260600,8305033.2039215695
GIN,HUN,260600,62.745098039215684
GIN,IND,260600,224209932.23921567
GIN,IRL,260600,102270965.88823529
GIN,TUR,260600,5654.901960784314
GIN,UKR,260600,55622706.2745098
GNQ,NGA,280429,32407.034584285368
GRC,ALB,251110,21178.914
GRC,ALB,280429,696075.674
GRC,ALB,283691,1684.878
GRC,ALB,850511,3946.826
GRC,ARE,280429,66.41771041493077
GRC,ARE,850511,10077.676
GRC,BEL,250490,11871.425490196078
GRC,BEL,850511,2285.2994623892764
GRC,BGR,250490,33.698
GRC,BGR,251110,2375.678
GRC,BGR,280429,144283.19519151727
GRC,BGR,280470,14285.658
GRC,BGR,740311,10232691.03128435
GRC,BGR,811292,46072.984
GRC,BGR,850511,5605.642164706592
GRC,BIH,850511,6000.0
GRC,CAN,810820,145.83142674745864
GRC,CAN,850511,12515.95294117647
GRC,CHE,850511,4927.933333333333
GRC,CHN,252910,12904.058
GRC,CHN,850511,1765.7632090150892
GRC,CPV,850511,6.223529411764706
GRC,CYP,252910,1244.704
GRC,CYP,260600,4816958.284313725
GRC,CYP,270112,669711.3724833535
GRC,CYP,280429,647361.4137127349
GRC,CYP,850511,54397.501530300375
GRC,CZE,740311,688941.1764705882
GRC,DEU,260600,465441.18890308234
GRC,DEU,270112,58.97
GRC,DEU,280429,37.91
GRC,DEU,711011,32463.787626646645
GRC,DEU,711021,227292.51264950028
GRC,DEU,750210,366115.3568627451
GRC,DEU,850511,15334.494
GRC,DNK,280429,2026.2992261515508
GRC,DNK,850511,107.32745098039216
GRC,EGY,280429,317.12763936932515
GRC,EGY,850511,6665.798
GRC,ESP,850511,157477.104
GRC,EST,810820,1137.292
GRC,EST,850511,2108.461752673579
GRC,FRA,260600,16888572.220146462
GRC,FRA,850511,386.0436212773177
GRC,GAB,740311,1552.6323529411764
GRC,GBR,250490,10964.342
GRC,GBR,251110,2007738.928349138
GRC,GBR,850511,35571.982
GRC,HRV,252800,888.2352941176471
GRC,HRV,850511,199.01960784313727
GRC,HUN,850511,8797.168
GRC,IDN,260600,41378.43137254902
GRC,ISR,252800,7843.137254901961
GRC,ISR,280429,701487.859526595
GRC,ISR,850511,179.018
GRC,ITA,280429,11560.693926468533
GRC,ITA,711021,57614.21228256245
GRC,ITA,850511,8596.271784693405
GRC,KOR,850511,1893.3237210983768
GRC,LBR,740311,10102.948
GRC,LBR,850511,680.27
GRC,LTU,850511,73.714
GRC,LVA,850511,1501.7059687243272
GRC,MDA,252800,410.688
GRC,MDA,850511,216.928
GRC,MKD,280429,159087.4172481891
GRC,MKD,850511,191.4953043806574
GRC,MLT,850511,22272.55474413555
GRC,MNE,850511,17.733333333333334
GRC,NGA,280429,341.188
GRC,NGA,850511,1718.576
GRC,NLD,250490,4.129411764705882
GRC,NLD,251010,1684.0676923076924
GRC,NLD,251110,5033.399272603383
GRC,NLD,252800,288.04019607843134
GRC,NLD,252910,781.5274509803921
GRC,NLD,252922,445.99705882352936
GRC,NLD,260200,446.66357915428523
GRC,NLD,260600,1781.9235294117645
GRC,NLD,270112,2567.5803921568627
GRC,NLD,280429,6133.740048558117
GRC,NLD,280469,1550.0465751171512
GRC,NLD,280470,1.7078560136507674
GRC,NLD,280480,0.8099999999999999
GRC,NLD,282200,1142.1117341175845
GRC,NLD,283691,5045.342156862745
GRC,NLD,283692,426.60893458228617
GRC,NLD,711011,229.19313725490196
GRC,NLD,711021,3472.559103141121
GRC,NLD,720292,2798.8382352941176
GRC,NLD,720293,28.90686274509804
GRC,NLD,740311,10623551.930404453
GRC,NLD,750210,29100.276470588233
GRC,NLD,810320,32.7131037290146
GRC,NLD,810411,4974.44
GRC,NLD,810820,6.995284819837552
GRC,NLD,811010,26.3817405987763
GRC,NLD,811292,33.037254901960786
GRC,NLD,850511,14192.411764705883
GRC,NOR,280429,3515.076
GRC,NOR,850511,2873.212529870846
GRC,NZL,280469,1245.3665798762106
GRC,OMN,850511,844.546
GRC,PAK,850511,5612.150142219412
GRC,PAN,850511,4473.35
GRC,POL,260200,152939.7088227574
GRC,POL,850511,1630.3893187525325
GRC,PRT,810820,341.188
GRC,ROU,252910,5783.09245408434
GRC,ROU,270112,3970585.148
GRC,ROU,280429,335391.2305099554
GRC,ROU,750210,4841.226772953921
GRC,ROU,811010,360555.2470333648
GRC,ROU,850511,4150.352748916595
GRC,SGP,280429,1769.122
GRC,SGP,850511,30915.402
GRC,SRB,280429,258947.6934101545
GRC,SRB,283691,17181.542
GRC,SRB,850511,136541.17647058822
GRC,SVK,810820,568.646
GRC,SVN,251010,280.11
GRC,SWE,260600,1585233.7129955324
GRC,TUR,260600,39.21568627450981
GRC,TUR,270112,1749749.816
GRC,TUR,280429,420306.26068273204
GRC,TUR,850511,38716.386
GRC,UKR,260600,650228.8039215687
GRC,UKR,850511,686.588
GRC,USA,850511,3342.245275619721
GRC,UZB,850511,24.509803921568626
GRC,ZAF,750210,24304877.03137255
GRL,CHE,750210,910846.5764705882
GRL,CHN,252910,2725.4901960784314
GRL,DNK,252910,16531.343137254902
GRL,IRL,250490,25.809803921568626
GRL,JPN,252910,6874.025490196079
GRL,NLD,252910,118606.31274509804
GRL,POL,252910,6904.901960784314
GTM,BLZ,280429,22495.493617401273
GTM,BLZ,850511,196.078431372549
GTM,CAN,280429,38.97993898547631
GTM,CHN,251110,757.1017630618474
GTM,CHN,811010,73711.0
GTM,CRI,252800,92325.73529411765
GTM,CRI,252910,413269.5657465634
GTM,CRI,280429,136276.11080989885
GTM,CRI,850511,2690.597878014565
GTM,DOM,280429,399755.0
GTM,DOM,283691,8347.0
GTM,ECU,252910,214524.98708829246
GTM,ECU,260200,1156.0
GTM,FRA,850511,95.50588235294117
GTM,HND,252910,89.0
GTM,HND,280429,32102.0
GTM,HND,850511,1916.0
GTM,MEX,252800,263825.0
GTM,MEX,252910,609280.0
GTM,NIC,252800,283518.1764705882
GTM,NIC,252910,797136.5054459147
GTM,NIC,280429,30668.0
GTM,NIC,850511,17.03921568627451
GTM,NZL,850511,15701.85588235294
GTM,PAN,251110,13457.0
GTM,PAN,280429,26006.130886598803
GTM,PER,252910,440300.11795961135
GTM,SLV,280429,56643.0
GTM,SLV,850511,4003.923131418544
GTM,SWE,750210,1017007.9725490196
GTM,USA,250490,30.0
GTM,USA,280429,150.0
GTM,USA,850511,83.0
GUM,S19,811292,43120.96078431372
GUY,AUS,260600,930909.2489019184
GUY,AUT,260600,3003.252941176471
GUY,BRA,260600,3314904.751963579
GUY,CAN,260600,33317719.442790627
GUY,CHE,260600,50823.43137254902
GUY,CHN,260200,17087881.90873578
GUY,CHN,260600,785552.992
GUY,COL,260600,491225.1184611212
GUY,DEU,260200,109294.07001124695
GUY,DEU,260600,66611724.96749759
GUY,DNK,260600,73411.46470588236
GUY,ECU,260600,2041605.0980392157
GUY,EGY,260600,1841869.0
GUY,ESP,260600,64179459.05694163
GUY,FRA,260600,47201180.77467723
GUY,GBR,260600,23993234.4655421
GUY,HRV,260600,109866.69990015352
GUY,IDN,260600,777754.9019607843
GUY,IND,260600,2503614.4854501043
GUY,IRL,260600,3793.040196078431
GUY,ITA,260600,13048474.410568886
GUY,JPN,260600,3636925.9715686273
GUY,LUX,260600,8720731.876
GUY,LVA,260600,2566845.2666666666
GUY,MEX,260600,26235664.064
GUY,NLD,260200,2167.806508564794
GUY,NLD,260600,33021817.97926614
GUY,NZL,260600,73206.32941176472
GUY,PER,260600,232353.3965676694
GUY,POL,260600,1339678.2811844265
GUY,S19,260600,297370.06862745096
GUY,SVN,260600,10290182.143581571
GUY,SWE,260600,1811737.688
GUY,TTO,251110,25000.893283546233
GUY,TTO,260600,33496323.728
GUY,TTO,850511,1.0107843137254902
GUY,TUR,260600,42004341.714591436
GUY,USA,260600,129646055.5533021
GUY,VEN,260600,7961623.68
HKG,ARE,280429,9959.883
HKG,ARE,711011,18034338.737171277
HKG,ARE,810320,3013169.332
HKG,ARE,850511,39.43431372549019
HKG,ARG,850511,2152.266396447434
HKG,AUS,280429,2441.9479978515587
HKG,AUS,711011,4438863.913
HKG,AUS,750210,1315276.1534703702
HKG,AUS,810194,1495459.2541934967
HKG,AUS,810320,3293.850655244069
HKG,AUS,850511,4996.8917446514415
HKG,AUT,850511,6990.196580015657
HKG,BEL,750210,5138435.104901961
HKG,BEL,850511,176.63627450980394
HKG,BGD,850511,7780.584
HKG,BGR,811292,801.121568627451
HKG,BGR,850511,120539.96678483667
HKG,BHR,810411,592435.2884615385
HKG,BIH,850511,850.5098039215686
HKG,BOL,850511,3096.078431372549
HKG,BRA,251110,2257.8457022866646
HKG,BRA,260600,1012088.2352941176
HKG,BRA,280469,1800672.8981624322
HKG,BRA,810411,271838.4615384615
HKG,BRA,850511,126628.31549716734
HKG,BRB,850511,84.80392156862744
HKG,BRN,280429,145680.02491548733
HKG,BTN,810411,512836.4276923077
HKG,CAN,280429,59.96853648886954
HKG,CAN,280469,2502.9608945214977
HKG,CAN,711011,10744.416
HKG,CAN,850511,85248.59808187833
HKG,CHE,711011,254647664.04678738
HKG,CHE,711021,34299585.09315766
HKG,CHE,720293,160519.25490196078
HKG,CHE,811292,124828.69019607843
HKG,CHE,850511,156546.4841905094
HKG,CHL,810194,3921.257
HKG,CHL,850511,1383.078431372549
HKG,CHN,260200,4916.096
HKG,CHN,280429,2158864.656067085
HKG,CHN,280469,145032.627
HKG,CHN,280480,15836.214
HKG,CHN,282200,3380400.823
HKG,CHN,283691,89469.631
HKG,CHN,711011,329407053.08283836
HKG,CHN,711021,23441713.688113187
HKG,CHN,740311,125494.528
HKG,CHN,750210,6010390.338
HKG,CHN,810411,1781.031
HKG,CHN,810820,140771.967
HKG,CHN,811292,22411497.628
HKG,CHN,850511,4275968.634894578
HKG,CIV,850511,2734.626
HKG,COL,250490,14683.372549019608
HKG,COL,280469,1107646.8696560843
HKG,COL,850511,1473.8039215686274
HKG,CRI,810194,1289.8
HKG,CRI,850511,1989.0686274509803
HKG,CYP,850511,664.8666666666667
HKG,CZE,850511,32150.226072836384
HKG,DEU,280429,477102.283
HKG,DEU,280469,3537.035
HKG,DEU,280480,52707.702
HKG,DEU,711011,6530059.246
HKG,DEU,711021,16507538.219
HKG,DEU,810194,30327.798227647738
HKG,DEU,811292,247706.381
HKG,DEU,850511,1277651.5765875771
HKG,DNK,850511,68279.55493720433
HKG,DOM,850511,14414.643137254901
HKG,ECU,850511,3795.2002074788566
HKG,EGY,850511,26961.06568627451
HKG,ESP,260600,29775.592156862745
HKG,ESP,850511,70525.70071354069
HKG,EST,850511,1968813.2549019607
HKG,FIN,711011,72.26862745098039
HKG,FIN,850511,410.89509803921567
HKG,FRA,280429,3957311.1258712304
HKG,FRA,810320,3053.726
HKG,FRA,850511,828600.1641921517
HKG,GBR,280429,278233.2097239131
HKG,GBR,280469,1599885.4957768668
HKG,GBR,283691,8481388.580392156
HKG,GBR,711011,55432067.836
HKG,GBR,711021,50692182.415
HKG,GBR,810320,888301.698284529
HKG,GBR,810411,3210056.3476923076
HKG,GBR,811010,1163147.5531621675
HKG,GBR,850511,319067.4414134757
HKG,GEO,850511,17947.25490196078
HKG,GRC,850511,28876.245098039217
HKG,GRD,810820,1962.7302007295339
HKG,GTM,850511,2875.725
HKG,HND,850511,10457.877
HKG,HRV,810820,1344.7725667765312
HKG,HRV,850511,1768.627450980392
HKG,HUN,280429,78014.51545050775
HKG,HUN,850511,3606650.9803921566
HKG,IDN,252910,61686.27450980392
HKG,IDN,260200,52.78463473815708
HKG,IDN,280469,765886.5769430475
HKG,IDN,711011,153287.837
HKG,IDN,750210,635759.774
HKG,IDN,810411,18176.923076923078
HKG,IDN,850511,241458.1026546391
HKG,IND,250490,259.7176470588235
HKG,IND,251010,12789917.67230769
HKG,IND,251110,8685.400763014293
HKG,IND,252910,20201.53137254902
HKG,IND,252922,2018865.8225490195
HKG,IND,260200,14743109.808273379
HKG,IND,260600,3491496.81372549
HKG,IND,280429,149229.51912792548
HKG,IND,280469,21198020.059244327
HKG,IND,280480,23204.059999999998
HKG,IND,711011,2240737.344262258
HKG,IND,711021,164222.512
HKG,IND,720293,171712.66261000195
HKG,IND,810411,4674272.574615384
HKG,IND,811010,197277.44614354134
HKG,IND,850511,2047538.9081131767
HKG,IRL,270112,104.27254901960785
HKG,IRL,850511,130289.34545384154
HKG,IRN,260600,29752.941176470587
HKG,IRN,720292,620881.3725490196
HKG,IRN,720293,24409.803921568626
HKG,IRN,850511,37063.72549019608
HKG,ISL,280469,349735.19573823316
HKG,ISL,850511,1188.450980392157
HKG,ISR,260600,173529.41176470587
HKG,ISR,280480,5384.615384615385
HKG,ISR,740311,980.3921568627451
HKG,ISR,850511,186868.45659624095
HKG,ITA,280480,30497.162
HKG,ITA,711021,63.207
HKG,ITA,811010,7246.1692624005
HKG,ITA,850511,318805.23260367854
HKG,JAM,810820,137.36230156332755
HKG,JAM,850511,26928.637254901958
HKG,JPN,280429,180308.362
HKG,JPN,711011,224314.94767902323
HKG,JPN,711021,53665412.36
HKG,JPN,810320,364199.473
HKG,JPN,811292,9579.12484963064
HKG,JPN,850511,51406.24168271115
HKG,KAZ,810320,1018896.432
HKG,KEN,252910,6557.425490196078
HKG,KHM,280469,848.9925836458016
HKG,KOR,260600,8.823529411764707
HKG,KOR,280429,2583422.9723443133
HKG,KOR,280469,713004.3326239878
HKG,KOR,810320,10800.513886177006
HKG,KOR,810820,488.749380303397
HKG,KOR,811010,377.7216959976737
HKG,KOR,811292,178899.00376154785
HKG,KOR,850511,56880.316317232835
HKG,KWT,850511,20542.514
HKG,LKA,711011,38237.652
HKG,LKA,711021,49501.002
HKG,LKA,850511,8317.88180513291
HKG,LUX,280469,167.75122108190882
HKG,LVA,850511,404.7019607843137
HKG,MAR,810411,120823.84
HKG,MDG,810194,9522.547692307691
HKG,MDG,850511,2347.278431372549
HKG,MDV,280469,117.05356824045914
HKG,MEX,850511,78061.351
HKG,MLT,850511,7486.9686274509795
HKG,MUS,850511,119.29019607843138
HKG,MYS,251110,12964.681253502293
HKG,MYS,260200,118487.51328862598
HKG,MYS,270112,102077.07647058823
HKG,MYS,280429,62976.9053832535
HKG,MYS,280469,8650267.844157318
HKG,MYS,280470,275553.83065122605
HKG,MYS,711011,222455.268
HKG,MYS,720292,57166.49607843137
HKG,MYS,750210,986633.7366968947
HKG,MYS,810194,10657.881538461537
HKG,MYS,810820,43710.16104489889
HKG,MYS,850511,367066.80230663135
HKG,NAM,850511,909.1490196078431
HKG,NGA,850511,11.887254901960784
HKG,NLD,251010,69.66307692307691
HKG,NLD,251110,954.9459133368068
HKG,NLD,270112,1371529.7666666666
HKG,NLD,280480,767399.039
HKG,NLD,282200,438371.8893707243
HKG,NLD,283691,2574.806862745098
HKG,NLD,810820,73.95394992140294
HKG,NLD,811010,382459.514
HKG,NLD,811292,524654.723
HKG,NLD,850511,188883.0160881079
HKG,NOR,280469,157555.830724353
HKG,NOR,810411,945578.6523076922
HKG,NOR,811292,1427.5784313725492
HKG,NOR,850511,431.2921568627451
HKG,NZL,750210,160035.3236492359
HKG,NZL,850511,1783.3615883260866
HKG,OMN,280429,57433.80624537914
HKG,OMN,810320,2927.5514232338046
HKG,PAK,850511,1803.3245098039215
HKG,PAN,252800,2188.62
HKG,PER,811010,38149.162
HKG,PHL,711021,10623.591458858175
HKG,PHL,750210,12296.625
HKG,PHL,811292,209.80392156862746
HKG,PHL,850511,356146.3643013155
HKG,PNG,850511,45.67745098039216
HKG,POL,850511,84180.25083268707
HKG,PRT,283692,17911.630041885615
HKG,PRT,850511,60277.31764705882
HKG,PRY,850511,1697.394
HKG,PSE,850511,1.9617647058823529
HKG,PYF,850511,51.61372549019608
HKG,QAT,280429,94618.89
HKG,ROU,850511,698223.8431372548
HKG,S19,280429,128156.115
HKG,S19,280469,42315.458
HKG,S19,711011,1618464.5905916966
HKG,S19,811292,303415.9693354218
HKG,S19,850511,90610.00427196242
HKG,SAU,260600,86982.48137254901
HKG,SAU,850511,11335.686274509804
HKG,SGP,280429,2343048.344
HKG,SGP,711011,5079795.392561731
HKG,SGP,750210,740729.153
HKG,SGP,811292,11764561.276
HKG,SGP,850511,236741.07306678037
HKG,SVK,850511,21428.561
HKG,SVN,850511,33491.615686274505
HKG,SWE,711011,387.72549019607845
HKG,SWE,810820,7881.783190971468
HKG,SWE,850511,187719.85037468234
HKG,THA,280429,109255.62765849431
HKG,THA,280469,6942730.5968621345
HKG,THA,282200,401147.68334034027
HKG,THA,711011,934078.390495911
HKG,THA,711021,298570.6346278467
HKG,THA,750210,1091.141176470588
HKG,THA,810194,3741.956923076923
HKG,THA,810411,195.3723076923077
HKG,THA,810820,16215.163217119893
HKG,THA,850511,471126.09046792705
HKG,TUR,250490,392.156862745098
HKG,TUR,260600,933.3333333333334
HKG,TUR,280469,1153098.1779638135
HKG,TUR,850511,250459.50385258475
HKG,UKR,850511,387.3529411764706
HKG,USA,252922,156490.19607843136
HKG,USA,280429,8236766.488897951
HKG,USA,280469,3950.371
HKG,USA,280480,38261.53846153846
HKG,USA,711011,10335412.216590092
HKG,USA,711021,17060626.621
HKG,USA,810194,7669.230769230769
HKG,USA,810411,280000.0
HKG,USA,810820,1316.5562814030443
HKG,USA,811010,612.661
HKG,USA,811292,542365.439
HKG,USA,850511,459137.9737140491
HKG,UZB,280469,188514.64696422985
HKG,VNM,280429,3457.101
HKG,VNM,750210,879312.245
HKG,VNM,850511,99430.02632060918
HKG,ZAF,810820,3421.0786332093453
HKG,ZAF,850511,27117.393885268415
HKG,ZMB,850511,1262.2980392156865
HKG,ZWE,850511,62.86274509803922
HND,BRA,850511,123.52941176470588
HND,GTM,260200,162.12423526719675
HND,GTM,280429,749.3140053275382
HND,GTM,850511,97.05882352941177
HND,IRL,850511,24.777450980392157
HND,NIC,850511,309.79411764705884
HND,NOR,850511,565.9843137254902
HND,PER,850511,134.89901960784314
HRV,ALB,850511,53.0
HRV,ARE,850511,1540.749926784898
HRV,AUS,850511,79.0
HRV,AUT,280469,224849.0
HRV,AUT,750210,2.0
HRV,AUT,810411,170108.0
HRV,AUT,850511,11453.36400712279
HRV,BEL,850511,25220.0
HRV,BGR,850511,1210.0767925948337
HRV,BIH,251110,30.60703985901159
HRV,BIH,270112,1132055.0
HRV,BIH,280429,4174.646636046862
HRV,BIH,283691,52.0
HRV,BIH,850511,32728.4234426841
HRV,CHE,850511,4480.313725490196
HRV,CRI,850511,5100.78431372549
HRV,CYM,280429,319.0
HRV,CYP,850511,111.0
HRV,CZE,280469,2826515.1760734743
HRV,CZE,850511,436.0
HRV,DEU,280469,14772410.000568928
HRV,DEU,711011,118852.11764705883
HRV,DEU,711021,560667.7700149382
HRV,DEU,720292,249978.95686274508
HRV,DEU,850511,120859.0
HRV,DNK,850511,15025.285686262134
HRV,ESP,280469,133068.0
HRV,ESP,810411,157807.0
HRV,ESP,850511,125663.0
HRV,FIN,850511,2105.1707744375753
HRV,FRA,280469,2222410.0
HRV,FRA,850511,55176.27993429115
HRV,HUN,260600,55887.722915586
HRV,HUN,280469,3902698.753631839
HRV,HUN,810411,1110865.0
HRV,HUN,850511,1811.2652192086719
HRV,IND,260600,523.6509803921568
HRV,IND,280469,533558.9363893328
HRV,IND,850511,75.42941176470589
HRV,IRL,850511,1337.0
HRV,ISL,850511,30.372549019607842
HRV,ITA,270112,13212485.531372549
HRV,ITA,280469,29303973.667447023
HRV,ITA,711021,18944.286775632132
HRV,ITA,750210,222026.01176470588
HRV,ITA,810411,296183.47675436566
HRV,ITA,850511,110376.75995779954
HRV,KAZ,850511,39.0
HRV,LBY,280429,896.0
HRV,LUX,850511,749.0
HRV,MKD,850511,1484.5161948678965
HRV,MLT,850511,743.0
HRV,MNE,850511,509.5794560615095
HRV,MYS,850511,5.0
HRV,NLD,251010,2300792.1807692307
HRV,NLD,251110,120.47592110766941
HRV,NLD,252800,65.04117647058823
HRV,NLD,252910,165.1843137254902
HRV,NLD,252922,57.81470588235294
HRV,NLD,260200,68.4880635727588
HRV,NLD,260600,247.7764705882353
HRV,NLD,270112,3732.128431372549
HRV,NLD,280429,942.1511354017134
HRV,NLD,280469,352.1040298143172
HRV,NLD,282200,318.3095311072413
HRV,NLD,283691,792.8833333333333
HRV,NLD,283692,13.761803366080267
HRV,NLD,711011,3643200.3411764707
HRV,NLD,711021,928.7194183721977
HRV,NLD,720292,786.6892156862745
HRV,NLD,720293,2.064705882352941
HRV,NLD,750210,24014.670588235294
HRV,NLD,810320,16.3565518645073
HRV,NLD,810411,318.3446153846154
HRV,NLD,810820,12.992192264764087
HRV,NLD,811010,3.0439358103486
HRV,NLD,811292,5.161764705882352
HRV,NLD,850511,17311.795452778108
HRV,OMN,850511,648.0
HRV,POL,260600,1244081.0495054105
HRV,POL,280469,8641842.837265043
HRV,POL,850511,10495.321096512727
HRV,PRT,280469,68397.0
HRV,PRT,850511,13916.0
HRV,ROU,260600,963213.0642959165
HRV,ROU,280469,1147278.8691909574
HRV,ROU,810411,1080271.1425750535
HRV,ROU,850511,700.7058823529412
HRV,SAU,850511,50.0
HRV,SGP,850511,710.4049019607844
HRV,SRB,250490,28862.745098039217
HRV,SRB,280429,23182.364096170208
HRV,SRB,283691,31020.634161969956
HRV,SRB,850511,4758.667558005634
HRV,SVK,260600,110740.14908693032
HRV,SVK,280469,3083923.473639406
HRV,SVK,850511,72.0
HRV,SVN,251010,27.415384615384614
HRV,SVN,251110,12527.0
HRV,SVN,252800,9402.407843137255
HRV,SVN,260200,8369.034000383228
HRV,SVN,260600,459796.0
HRV,SVN,280429,350066.92715718684
HRV,SVN,280469,722955.9561468986
HRV,SVN,282200,287.0
HRV,SVN,750210,3772.0
HRV,SVN,810411,938378.0
HRV,SVN,811010,135369.0
HRV,SVN,811292,3613.6313725490195
HRV,SVN,850511,34764.45755026758
HRV,SWE,850511,5357.0
HRV,UKR,850511,3169.0
HRV,USA,850511,196185.0
HTI,GAB,850511,229.00588235294117
HUN,ALB,850511,100.0
HUN,ARE,850511,4884.8626688722425
HUN,ARG,850511,82.37538657464829
HUN,AUS,850511,6680.0
HUN,AUT,280429,1659827.9873383178
HUN,AUT,850511,14775.640591751679
HUN,BEL,711021,56084.57853790583
HUN,BEL,850511,10122.153548666736
HUN,BGD,250490,136.0
HUN,BGR,280429,436754.9029925204
HUN,BGR,850511,831156.9165890175
HUN,BIH,280429,194821.64138515992
HUN,BIH,850511,5193.876289515198
HUN,BLR,850511,88.0
HUN,BOL,850511,201.9607843137255
HUN,BRA,850511,4695.748294502273
HUN,CAN,810820,3529.081806949244
HUN,CAN,850511,20141.823529411766
HUN,CHE,252910,1824.0
HUN,CHE,280429,57073.029919838395
HUN,CHE,810194,2104.7307847493958
HUN,CHE,850511,162697.6030936788
HUN,CHL,850511,96.0
HUN,CHN,283691,703332.0
HUN,CHN,740311,1388.0
HUN,CHN,850511,742696.4124336024
HUN,COL,850511,423.40624361599964
HUN,CYP,850511,7028.0
HUN,CZE,252910,9435.29411764706
HUN,CZE,270112,9066968.62745098
HUN,CZE,280429,11033112.54230068
HUN,CZE,850511,74375.89367701422
HUN,DEU,260600,15028.0
HUN,DEU,280429,2782144.042443226
HUN,DEU,711011,16238440.267219488
HUN,DEU,711021,111694536.53075701
HUN,DEU,810194,769672.8676923077
HUN,DEU,850511,6459486.952762732
HUN,DNK,280429,612.1397832194324
HUN,DNK,850511,30965.128694646904
HUN,EGY,850511,64.71372549019607
HUN,ESP,850511,129825.95484660733
HUN,EST,850511,1788.0
HUN,FIN,850511,8236.0
HUN,FRA,711011,8192.831372549019
HUN,FRA,850511,111546.9038513168
HUN,GBR,251110,300.0
HUN,GBR,850511,85935.81749791786
HUN,GRC,850511,3730.480137894232
HUN,HKG,850511,36.0
HUN,HRV,251110,317900.0
HUN,HRV,252910,36.0
HUN,HRV,280429,200014.3273693269
HUN,HRV,280469,17612.0
HUN,HRV,283691,13133.333333333334
HUN,HRV,810411,390.6951478822167
HUN,HRV,850511,6691.440364944001
HUN,IDN,283691,268013.08133472863
HUN,IDN,850511,872.5490196078431
HUN,IND,280429,21563.17021545544
HUN,IND,850511,249046.58979097987
HUN,IRL,850511,1547.4474468605436
HUN,ISL,850511,53.67941176470588
HUN,ISR,850511,920.0
HUN,ITA,280469,229910.4120323924
HUN,ITA,711011,566483.7611518443
HUN,ITA,711021,523789.4006132618
HUN,ITA,740311,1938.8480392156862
HUN,ITA,810194,8120.625384615384
HUN,ITA,850511,75924.182057089
HUN,JOR,850511,3124.0
HUN,JPN,850511,216.0
HUN,KAZ,250490,16.0
HUN,KAZ,850511,16520.0
HUN,KOR,280429,644.9173926061234
HUN,KOR,282200,114.06592946157737
HUN,KOR,283691,326382.76065343386
HUN,KOR,850511,237.81541189425766
HUN,LBN,850511,908.8235294117646
HUN,LBY,850511,220.0
HUN,LKA,850511,304.0
HUN,LTU,850511,476.02906614468384
HUN,LUX,850511,4.0
HUN,LVA,850511,1216.0
HUN,MDA,283691,223.52139575671873
HUN,MDA,850511,1852.0
HUN,MEX,850511,1286.6376781069976
HUN,MKD,850511,40.0
HUN,MLT,850511,376.0
HUN,MNE,850511,115.13231368612468
HUN,MYS,280469,40994.04494041533
HUN,MYS,850511,860.0
HUN,NLD,250490,11.356862745098038
HUN,NLD,251010,5248.232307692308
HUN,NLD,251110,36849.535690732475
HUN,NLD,252800,1144.9323529411763
HUN,NLD,252910,4507.4607843137255
HUN,NLD,252922,775.3333333333334
HUN,NLD,260200,2055.6448152427893
HUN,NLD,260600,4828.537254901961
HUN,NLD,270112,10993.001960784313
HUN,NLD,280429,18554.307533702893
HUN,NLD,280469,4148.537348010992
HUN,NLD,280470,1.7078560136507674
HUN,NLD,280480,0.8099999999999999
HUN,NLD,282200,3902.800946856121
HUN,NLD,283691,10755.55
HUN,NLD,283692,89.90911278653567
HUN,NLD,711011,1683.8450980392156
HUN,NLD,711021,7430.741534850607
HUN,NLD,720292,9341.160784313726
HUN,NLD,720293,23.745098039215684
HUN,NLD,740311,8381.028431372548
HUN,NLD,750210,306502.1921568627
HUN,NLD,810320,427.1908865187043
HUN,NLD,810411,3555.253846153846
HUN,NLD,810820,24.98410909877132
HUN,NLD,811010,37.54380214580959
HUN,NLD,811292,157.95686274509805
HUN,NLD,850511,378001.521499615
HUN,NOR,810820,198.65242288129645
HUN,NOR,850511,3113.3240273412957
HUN,NZL,850511,671.825280064515
HUN,OMN,850511,3800.0
HUN,POL,251010,316699.23076923075
HUN,POL,280429,527066.302496205
HUN,POL,810320,17196.21621281934
HUN,POL,850511,85349.50126794245
HUN,PRT,850511,61.630411758023534
HUN,ROU,251010,33244.76923076923
HUN,ROU,251110,33926.10597741818
HUN,ROU,252800,19884.0
HUN,ROU,252910,49101.90049335731
HUN,ROU,280429,5348719.752007531
HUN,ROU,282200,11655.910565455471
HUN,ROU,283691,721.92949177429
HUN,ROU,711021,416.0
HUN,ROU,810194,1.3538461538461537
HUN,ROU,810411,6917.742080494887
HUN,ROU,850511,153388.52454772498
HUN,RUS,850511,4892.0
HUN,S19,850511,36365.166876856994
HUN,SAU,850511,4701.176470588235
HUN,SGP,280429,375.78390067959367
HUN,SGP,850511,5784.930392156863
HUN,SLE,850511,1992.0
HUN,SRB,280429,314136.0
HUN,SRB,850511,10452.39430492544
HUN,SVK,260600,6291707.016650982
HUN,SVK,270112,1544202.1623388361
HUN,SVK,280429,926024.8163805956
HUN,SVK,282200,6988.612577654547
HUN,SVK,711011,707847.8055353279
HUN,SVK,711021,59493.77686109107
HUN,SVK,850511,341563.0484857936
HUN,SVN,280429,776048.5741970342
HUN,SVN,850511,29596.250727332554
HUN,SWE,252910,3719.8428272495134
HUN,SWE,850511,45904.0
HUN,THA,811231,5670.218461538461
HUN,THA,850511,610.9900134141695
HUN,TUR,250490,36.0
HUN,TUR,850511,18573.40767754662
HUN,UKR,270112,14624.0
HUN,UKR,280429,245689.82119585728
HUN,UKR,850511,162788.23373141608
HUN,URY,850511,233.01960784313727
HUN,USA,280429,15016.829550660357
HUN,USA,850511,166358.93469440602
HUN,VNM,850511,3124.0
HUN,ZAF,850511,17630.07964028368
IDN,ARE,850511,29.47941176470588
IDN,AUS,270112,104241.66306689195
IDN,AUS,280429,239.76
IDN,AUS,740311,94.0
IDN,AUS,850511,1733.6044726648834
IDN,BEL,270112,1508.1578431372548
IDN,BEL,850511,0.010784313725490196
IDN,BGD,270112,26961000.0
IDN,BRA,850511,264139.7971204557
IDN,BRN,270112,276591000.0
IDN,CAN,850511,964.1568627450981
IDN,CHE,270112,19848528.0
IDN,CHE,850511,2151.866666666667
IDN,CHN,250490,2475.4901960784314
IDN,CHN,260200,492.0282023806785
IDN,CHN,260600,1202022121.7267833
IDN,CHN,270112,4150388948.3732095
IDN,CHN,280429,1806070.4974778376
IDN,CHN,280469,126.0
IDN,CHN,740311,332442543.1168417
IDN,CHN,850511,5170790.035157825
IDN,CZE,251010,2332.3076923076924
IDN,DEU,270112,10406000.0
IDN,DEU,850511,203114.07697088807
IDN,ESP,250490,1873.0196078431372
IDN,ESP,252800,3670.392156862745
IDN,ESP,252910,2637.2470588235296
IDN,ESP,270112,396396419.3960784
IDN,ESP,850511,109955.70196078432
IDN,FIN,270112,12856947.407843137
IDN,FIN,740311,18429666.275095172
IDN,FRA,251010,113564.16615384615
IDN,FRA,260600,14147.478431372549
IDN,FRA,850511,16393.966666666667
IDN,GBR,811292,14658.325490196079
IDN,GBR,850511,9047.760784313725
IDN,GRC,850511,220.93333333333334
IDN,HKG,270112,1031275614.5997272
IDN,HKG,280429,796536.9768983178
IDN,HKG,711021,79888.16987002619
IDN,HKG,850511,1685831.958
IDN,HRV,270112,59022184.50555968
IDN,IND,270112,158677749.32906678
IDN,IND,280469,82695.57062474215
IDN,IND,850511,6298984.211872636
IDN,IRL,850511,47.49019607843137
IDN,IRN,260200,307131.1675550197
IDN,ITA,270112,496300765.1692361
IDN,ITA,711021,17837.538843968126
IDN,ITA,850511,5080.090863235522
IDN,JPN,250490,11449.264
IDN,JPN,270112,7369489205.849425
IDN,JPN,280469,6020.0
IDN,JPN,850511,27624.28267006677
IDN,KHM,270112,25394291.76
IDN,KHM,850511,342907.61764705885
IDN,KOR,251010,17.692307692307693
IDN,KOR,252910,12.745098039215685
IDN,KOR,270112,779968139.3419185
IDN,KOR,280470,125.69690508825687
IDN,KOR,740311,8378147.470929148
IDN,KOR,811010,8.672181795864958
IDN,KOR,850511,236.08
IDN,LBR,252800,387318.96
IDN,LVA,270112,20478040.0
IDN,MDV,850511,4184.767647058823
IDN,MMR,280429,59904.1
IDN,MMR,280469,5430496.834501378
IDN,MYS,251110,2306615.759995432
IDN,MYS,252910,805298.8308292509
IDN,MYS,270112,120930747.40645261
IDN,MYS,280429,300.0
IDN,MYS,280469,2783.153151432643
IDN,MYS,740311,1527101960.0175874
IDN,MYS,850511,275288.6886916842
IDN,NLD,250490,2897.949019607843
IDN,NLD,251010,59.94307692307692
IDN,NLD,270112,229321862.8
IDN,NLD,720292,3598.949019607843
IDN,NLD,850511,18.0
IDN,NOR,850511,36000.0
IDN,NPL,270112,2185926.4264705884
IDN,PAK,252910,4929.381803230194
IDN,PAK,270112,202165446.17627227
IDN,PHL,270112,741514344.6476578
IDN,PHL,850511,1390864.3395106373
IDN,PNG,270112,718723.4439215015
IDN,POL,270112,132692628.17844915
IDN,POL,850511,943.1372549019608
IDN,PYF,850511,528.7705882352941
IDN,QAT,270112,19662.78823529412
IDN,QAT,280429,5600.56
IDN,S19,270112,1827921851.9304395
IDN,S19,280429,1479442.6774125795
IDN,S19,740311,71989226.40968294
IDN,S19,850511,3719.7414585975935
IDN,SGP,280429,220396.99177765503
IDN,SGP,280469,5786.596306813097
IDN,SGP,740311,12613221.934185334
IDN,SGP,850511,338494.99176167505
IDN,SVN,280469,755623.760323007
IDN,SWE,711011,387.72549019607845
IDN,SWZ,850511,1179.058
IDN,THA,252910,402307.3458243069
IDN,THA,270112,721041396.1536752
IDN,THA,280429,847925.1869358959
IDN,THA,740311,907329115.0995005
IDN,THA,810320,307434.6642894142
IDN,THA,850511,12422941.081167398
IDN,TLS,280429,40.0
IDN,TLS,282200,60.16027229686026
IDN,TLS,850511,426.29651387552866
IDN,TUR,280469,635.1099635634159
IDN,TUR,850511,2117.6470588235293
IDN,USA,810320,91001.70739051094
IDN,USA,850511,8119520.118989666
IDN,VNM,252910,3954.1551981090133
IDN,VNM,270112,521287872.9132019
IDN,VNM,740311,570985300.0408916
IDN,VNM,850511,6092261.320428751
IDN,ZAF,850511,59.70196078431373
IND,AGO,250490,756.0819598771344
IND,AGO,850511,5970.042928070923
IND,ARE,250490,2044.38
IND,ARE,251110,13244231.591679096
IND,ARE,252800,2631.1979902768835
IND,ARE,252910,2176963.1174541917
IND,ARE,252922,33217.880242163425
IND,ARE,260600,65617.62044010163
IND,ARE,280429,707276.2112976897
IND,ARE,280469,37475.575103445306
IND,ARE,280470,325466.70487038465
IND,ARE,282200,161105.12699993636
IND,ARE,283692,593.0704744497754
IND,ARE,711011,113932.64411764707
IND,ARE,720292,200930.96005455422
IND,ARE,720293,107694.07767859522
IND,ARE,740311,1330259.8425675766
IND,ARE,750210,3027426.516779514
IND,ARE,810194,5312.067211302352
IND,ARE,810320,1724.7132688407025
IND,ARE,810411,153999.92218081394
IND,ARE,811010,8688.082805839107
IND,ARE,850511,200773.43995024133
IND,ARG,280470,528120.4404228812
IND,ARG,283691,1080.9607843137253
IND,ARG,850511,3505.2077738879625
IND,ARM,280429,5162.422255766741
IND,ARM,750210,4885.747
IND,ARM,850511,22.43597621318064
IND,AUS,250490,41.084
IND,AUS,251110,3742810.494826084
IND,AUS,252910,234035.8200265847
IND,AUS,252922,6.133
IND,AUS,260600,36976.264
IND,AUS,280429,5865.382091207966
IND,AUS,280469,46.962
IND,AUS,283691,3665.8324673108827
IND,AUS,711011,204.96
IND,AUS,740311,1516.6151529681
IND,AUS,810820,1994.53
IND,AUS,850511,286352.7289950758
IND,AUT,260600,321931.41960784316
IND,AUT,270112,1955.3666666666666
IND,AUT,282200,62.06042057180771
IND,AUT,850511,5763.087857691428
IND,AZE,280429,99877.48224193779
IND,BDI,250490,69271.2274509804
IND,BDI,252910,44.913
IND,BEL,250490,3581.508823529412
IND,BEL,251010,1506.9261538461537
IND,BEL,252800,7.972549019607842
IND,BEL,270112,256.90294117647056
IND,BEL,280470,2759.6633869960583
IND,BEL,283691,43402.27827831426
IND,BEL,711011,356.914
IND,BEL,740311,480.483
IND,BEL,750210,1055120.3957828681
IND,BEL,850511,25136.9981899457
IND,BEN,850511,763.831
IND,BFA,250490,35651.086274509806
IND,BGD,250490,6644.044
IND,BGD,251110,51653.544
IND,BGD,252800,781.923
IND,BGD,252910,13946490.758
IND,BGD,252922,31474.645
IND,BGD,260200,2538.705
IND,BGD,260600,53195.01
IND,BGD,270112,1182998.693
IND,BGD,280429,151124.927
IND,BGD,280469,13895.218
IND,BGD,280470,1343.351
IND,BGD,280480,16897.395
IND,BGD,282200,990.56
IND,BGD,283691,79692.364
IND,BGD,750210,18663.707
IND,BGD,810194,1422.63
IND,BGD,811010,257551.031
IND,BGD,850511,285141.304
IND,BGR,850511,1703.6482166387914
IND,BHR,250490,13369.51633913542
IND,BHR,251110,668146.8733668876
IND,BHR,280429,21577.02134585189
IND,BHR,280469,59257.31468589219
IND,BHR,283691,6.3617647058823525
IND,BHR,283692,627.3251328916305
IND,BHR,750210,535.5276910951707
IND,BHR,810411,7.590000000000001
IND,BHR,850511,2884.9366354072863
IND,BIH,850511,936.078431372549
IND,BLR,850511,16643.947
IND,BOL,850511,421.5686274509804
IND,BRA,252910,458.41772629141576
IND,BRA,252922,6772.824246586539
IND,BRA,280429,247783.1722658144
IND,BRA,280469,1994.8091513641584
IND,BRA,280470,183513.82250100092
IND,BRA,283691,1026.5826129158493
IND,BRA,810194,8123.076923076923
IND,BRA,810411,1087.6923076923076
IND,BRA,810820,3572.1411018679346
IND,BRA,811010,1670478.9637656296
IND,BRA,850511,15955.499520334999
IND,BRN,251110,867175.2119392939
IND,BRN,282200,179.666
IND,BTN,250490,280.6470588235294
IND,BTN,252910,19507.68214053752
IND,BTN,270112,1237349.815275119
IND,BTN,280429,13316.31105720507
IND,BTN,280469,585.8299067867526
IND,BTN,810194,332.39274658137793
IND,BTN,810411,84345.70862218735
IND,BTN,810820,338.0760130932045
IND,BTN,811010,38.0377816234125
IND,BTN,850511,2975.6637463399566
IND,BWA,250490,42.76078431372549
IND,BWA,850511,343.86824177185696
IND,CAN,251010,13236.24
IND,CAN,251110,1613730.343865438
IND,CAN,252800,1446.235294117647
IND,CAN,252910,21021.61568627451
IND,CAN,252922,753.9591442282201
IND,CAN,280470,308345.3025072431
IND,CAN,280480,96.92615384615385
IND,CAN,282200,33.373
IND,CAN,283691,47.96530438772458
IND,CAN,711011,1007.953
IND,CAN,720292,607104.9843137255
IND,CAN,810820,5183.237580161267
IND,CAN,811010,2003537.2630126125
IND,CAN,850511,97384.39270645585
IND,CHE,711021,7766610.172358426
IND,CHE,810194,692.7538461538462
IND,CHE,850511,43776.42310679512
IND,CHL,252910,342.34313725490193
IND,CHL,252922,1012.7156862745098
IND,CHL,280470,337041.4041703374
IND,CHL,283691,171.76470588235293
IND,CHL,850511,13676.338502941457
IND,CHN,251110,414.7235213216564
IND,CHN,252910,3258116.133766448
IND,CHN,260200,6.598079342269635
IND,CHN,260600,65.2517158845711
IND,CHN,280429,110972.62365358618
IND,CHN,280469,8126.842
IND,CHN,283691,2117119.306237613
IND,CHN,711011,7546601.960784313
IND,CHN,740311,113353258.64164402
IND,CHN,750210,13304409.983
IND,CHN,850511,2072367.4163806513
IND,CIV,280429,6719.469238346277
IND,CIV,810411,1578.117692307692
IND,CIV,850511,2717.735
IND,CMR,251110,21117.154
IND,CMR,260600,18455.236
IND,CMR,280429,389.791
IND,CMR,280469,101506.67386119896
IND,COD,252910,7086.795098039215
IND,COD,280429,1954.6402203764385
IND,COD,280469,1102.9347646799497
IND,COD,283691,29.136
IND,COD,810320,110.02252610994525
IND,COD,850511,2943.3130960652115
IND,COL,252922,6862.745098039216
IND,COL,282200,5797.971194531978
IND,COL,283691,53.107
IND,COL,850511,17421.49019607843
IND,CRI,850511,3.9313725490196076
IND,CYP,280429,38678.158892255036
IND,CYP,850511,4740.78431372549
IND,CZE,260200,33.93297947452955
IND,CZE,282200,2866.857027134311
IND,CZE,850511,1662358.874637272
IND,DEU,250490,46.682
IND,DEU,252910,4131.039
IND,DEU,260200,453257.4055631274
IND,DEU,260600,363.9697697862084
IND,DEU,280469,7.265
IND,DEU,283691,546.822
IND,DEU,283692,3557.2826202643773
IND,DEU,711011,3812253.788235294
IND,DEU,711021,312807.2445943529
IND,DEU,720293,99.66274509803922
IND,DEU,750210,49381.22352941176
IND,DEU,810194,2786384.022
IND,DEU,810411,42824.77
IND,DEU,850511,2652437.853189978
IND,DJI,251110,14889.391
IND,DJI,260200,5829.796155907469
IND,DJI,810194,408.672
IND,DJI,850511,43.857
IND,DNK,250490,3015.497058823529
IND,DNK,260200,87117.99886333424
IND,DNK,280429,249.784
IND,DNK,811010,16659.087
IND,DNK,850511,3855.632140889189
IND,DOM,280470,238059.32844041302
IND,ECU,283691,28904.835858080416
IND,ECU,810411,59.07692307692307
IND,ECU,850511,342.592919318837
IND,EGY,251110,37814.896985388135
IND,EGY,252910,63524.485
IND,EGY,252922,88677.45969111234
IND,EGY,260600,9228.812252921789
IND,EGY,280429,51269.33577407895
IND,EGY,280469,6187.544
IND,EGY,280470,134036.19072544988
IND,EGY,280480,12354.197
IND,EGY,282200,188.648
IND,EGY,283692,3184.1617097876738
IND,EGY,720293,11894.326
IND,EGY,810194,36829.907
IND,EGY,810411,168348.44953710542
IND,EGY,850511,26024.058196231315
IND,ESP,252910,1808.4600395672705
IND,ESP,260200,95.208
IND,ESP,260600,4600.44278926849
IND,ESP,282200,10100.706603523486
IND,ESP,750210,16333.82332580408
IND,ESP,850511,146925.46943312977
IND,EST,850511,4195.385110255342
IND,ETH,250490,80.29705882352941
IND,ETH,251110,37032.96728918174
IND,ETH,260200,26347.14974564965
IND,ETH,260600,4203.858823529411
IND,ETH,850511,4970.564511262281
IND,FIN,750210,224.261
IND,FIN,850511,8164.301566965839
IND,FJI,720292,22500.170944426496
IND,FJI,850511,1407.9493649892572
IND,FRA,250490,224.2323529411765
IND,FRA,251010,254.13000000000002
IND,FRA,251110,270.7900639217874
IND,FRA,252910,4879.156862745098
IND,FRA,260200,1453.2071808968603
IND,FRA,260600,2433486.9803921566
IND,FRA,280429,505.204
IND,FRA,280470,3809.7642836381096
IND,FRA,283691,62241.43921568627
IND,FRA,711021,521.1317273565887
IND,FRA,720292,4937.290196078431
IND,FRA,740311,11676.756862745096
IND,FRA,810820,82322.03020452498
IND,FRA,811010,376.19073534509926
IND,FRA,811212,609.103
IND,FRA,811292,195.16470588235296
IND,FRA,850511,137359.56266645782
IND,GAB,251110,109221.92126572829
IND,GAB,260200,19.98275457944518
IND,GAB,750210,479.51372549019607
IND,GBR,250490,213235.09803921566
IND,GBR,251110,3163.7478595660214
IND,GBR,252910,956.4143194446364
IND,GBR,252922,41646.94053654822
IND,GBR,260200,19731.14907730365
IND,GBR,260600,339650.0049019608
IND,GBR,270112,717.7709489276349
IND,GBR,280429,363.835
IND,GBR,283692,1089.102
IND,GBR,711011,1418053.2163323218
IND,GBR,711021,165114.59297502998
IND,GBR,720293,3819.496076725179
IND,GBR,740311,382801.5960784314
IND,GBR,810820,38276.44557072755
IND,GBR,850511,924621.1925135045
IND,GEO,250490,670.951
IND,GEO,280429,16014.912402644546
IND,GHA,251010,20872.664615384616
IND,GHA,252922,5369.011764705882
IND,GHA,260200,1578.3755737680049
IND,GHA,810194,221.7505670975807
IND,GHA,850511,110297.94924362468
IND,GIN,250490,308.705
IND,GIN,251110,6905.749
IND,GIN,280469,7238.871
IND,GIN,850511,35157.926
IND,GMB,280469,621.215
IND,GMB,740311,1588.1960784313726
IND,GMB,850511,10178.805
IND,GNQ,811010,6.718
IND,GNQ,850511,9002.18
IND,GRC,280429,91772.56984574303
IND,GRC,850511,1089.369
IND,GTM,252800,99631.37254901961
IND,GTM,280470,69042.08579515423
IND,GTM,850511,282.394
IND,GUY,850511,211.35353679606027
IND,HKG,280429,160411.78685645544
IND,HKG,850511,50049.19141568013
IND,HND,280470,52402.107
IND,HND,850511,3695.673
IND,HUN,280470,716877.8328904456
IND,HUN,850511,11736.555871435237
IND,IDN,251110,611321.1009747146
IND,IDN,252910,10599937.215952137
IND,IDN,252922,537799.0142811902
IND,IDN,260200,75693.77006234192
IND,IDN,280470,410544.72488175693
IND,IDN,280480,107.6923076923077
IND,IDN,282200,81.05404795311797
IND,IDN,283691,80.144
IND,IDN,720292,4739.073591411835
IND,IDN,850511,51486.1168536733
IND,IRL,251110,8514.069987102275
IND,IRL,260200,24228.01915355831
IND,IRL,280429,12.329532663182423
IND,IRL,711021,5339972.634751548
IND,IRL,810411,344.2661538461538
IND,IRL,850511,2973.722915217695
IND,IRN,252910,888181.349846165
IND,IRN,720293,93627.45098039215
IND,IRN,850511,1476.424
IND,IRQ,280429,502.43
IND,IRQ,850511,115763.072
IND,ISL,850511,131.34019607843138
IND,ISR,252910,4148.152
IND,ISR,280429,125423.85797978086
IND,ISR,280470,133470.61094342844
IND,ISR,283691,85.59
IND,ISR,720292,11080.261212004283
IND,ISR,810820,10439.307152111392
IND,ISR,850511,28194.02764702592
IND,ITA,252910,73.732
IND,ITA,252922,1.272
IND,ITA,280470,0.942
IND,ITA,711021,138006.27437669816
IND,ITA,720292,342.104
IND,ITA,810194,18967.026153846153
IND,ITA,811010,8146.9626683074575
IND,ITA,850511,247576.8213671775
IND,JOR,250490,5452.723
IND,JOR,252910,779.366
IND,JOR,280429,978.803
IND,JOR,280469,10.319
IND,JOR,850511,389.88
IND,JPN,250490,1759.5117647058823
IND,JPN,251110,324.47
IND,JPN,252910,541821.6225420372
IND,JPN,260200,44212.414769594194
IND,JPN,260600,3.066
IND,JPN,280429,249667.598
IND,JPN,280470,33358.83242029831
IND,JPN,282200,2067.3841363287106
IND,JPN,711011,226582.712161329
IND,JPN,810820,439.781
IND,JPN,850511,419349.9241809435
IND,KAZ,282200,1166.2321928821534
IND,KAZ,283691,1882.3529411764705
IND,KEN,250490,347.359
IND,KEN,251110,67190.33492145568
IND,KEN,252910,399925.1162452253
IND,KEN,252922,24359.640183513326
IND,KEN,260200,23221.082494803486
IND,KEN,260600,868.3139310587325
IND,KEN,280429,29337.832720206276
IND,KEN,280469,540.1918128767305
IND,KEN,280480,5814.039
IND,KEN,283691,438.3155700587604
IND,KEN,810194,100.3576923076923
IND,KEN,810411,3171.2847283068018
IND,KEN,850511,91439.76488179105
IND,KHM,850511,100.272
IND,KOR,251010,12.307692307692307
IND,KOR,251110,178.9139088197707
IND,KOR,252910,612078.786562881
IND,KOR,260600,20010.550455466353
IND,KOR,280429,177856.453
IND,KOR,280469,551.3456766141578
IND,KOR,280470,151.153
IND,KOR,283691,3225.1165122809607
IND,KOR,283692,59.787
IND,KOR,740311,4820139.215686275
IND,KOR,850511,22004.692450659502
IND,KWT,251110,11722128.121353364
IND,KWT,252800,15613.447770266504
IND,KWT,252910,719407.2241858804
IND,KWT,260600,1998820.8998450146
IND,KWT,280429,25045.60873472179
IND,KWT,282200,10435.956
IND,KWT,850511,46823.576883468995
IND,LBN,251010,5493.145
IND,LBN,252910,5.115
IND,LBN,750210,3026.122
IND,LBN,850511,1194.1176470588234
IND,LBR,850511,32.966
IND,LKA,250490,4.488235294117647
IND,LKA,251110,10645.888701035943
IND,LKA,252910,25708.16451496178
IND,LKA,260200,33629.89764252516
IND,LKA,280429,17554.813473974486
IND,LKA,280469,35798.59616738195
IND,LKA,280470,97759.11367916867
IND,LKA,283691,4852.808882844066
IND,LKA,283692,11.122004417028405
IND,LKA,740311,84892.07464418077
IND,LKA,750210,73499.374
IND,LKA,810411,115093.98153846154
IND,LKA,811010,203077.37406962222
IND,LKA,850511,99338.04507209934
IND,LTU,280470,105160.886
IND,LTU,850511,7.559243498602538
IND,LUX,850511,1998.070588235294
IND,LVA,850511,14.140453976460773
IND,MAR,250490,3321.73137254902
IND,MAR,260200,56.40320996601039
IND,MAR,280470,14.594
IND,MAR,282200,51.360085838899565
IND,MAR,283691,1131.381333500259
IND,MAR,811212,39.27058823529411
IND,MAR,850511,115319.53720627884
IND,MDG,850511,152.7764705882353
IND,MDV,252800,2694.3392156862747
IND,MDV,280429,3278.502
IND,MDV,280469,100.49110914598192
IND,MDV,282200,147.74579623393242
IND,MDV,810411,30.517692307692307
IND,MDV,850511,9429.903955060568
IND,MEX,850511,560738.9335463356
IND,MKD,850511,3939.159
IND,MLI,282200,5497.977800048029
IND,MLI,850511,301.11
IND,MMR,250490,24974.11764705882
IND,MMR,280469,476.8656631502971
IND,MMR,282200,1552.599
IND,MMR,850511,299.417
IND,MNE,850511,1974.6509803921567
IND,MOZ,251110,54837.00856464515
IND,MOZ,850511,1172.338
IND,MRT,280429,68117.94487112862
IND,MRT,850511,23879.089
IND,MUS,250490,1893.7325821209317
IND,MUS,251110,164977.25285312178
IND,MUS,260200,8860.572059727052
IND,MUS,280429,25656.320311236464
IND,MUS,282200,8492.101986880272
IND,MUS,283691,577.8117647058824
IND,MUS,711011,433.636
IND,MUS,720292,16847.178951166723
IND,MUS,750210,2033.0024776319876
IND,MUS,850511,3107.7442573488383
IND,MWI,280429,1596.151
IND,MWI,850511,32.75379780724937
IND,MYS,251010,7375.2349516008835
IND,MYS,251110,7618458.552082367
IND,MYS,252910,3352581.9046481363
IND,MYS,260600,5099.793029193553
IND,MYS,280429,320.424
IND,MYS,280470,3493.5922077986693
IND,MYS,283691,183617.9347833248
IND,MYS,711011,20.395
IND,MYS,720292,14171.90364248982
IND,MYS,720293,429378.4571981159
IND,MYS,740311,767639.4034324748
IND,MYS,750210,12676955.139103277
IND,MYS,810411,1046.4626632144318
IND,MYS,850511,64815.96397269784
IND,NER,251110,764528.5250462046
IND,NGA,251010,1.056
IND,NGA,251110,216691.108
IND,NGA,252910,3048.846
IND,NGA,260600,319208.181
IND,NGA,280429,62154.918074920526
IND,NGA,280469,5982.953348365211
IND,NGA,280480,13198.121
IND,NGA,282200,12212.443072969652
IND,NGA,283691,816.34
IND,NGA,720292,905.25
IND,NGA,750210,30627.04190373234
IND,NGA,810194,3269.812
IND,NGA,811010,3231.705
IND,NGA,850511,75468.05211696547
IND,NIC,850511,2105.452
IND,NLD,251010,263.2623076923077
IND,NLD,251110,96.55739396418329
IND,NLD,252910,1.0323529411764705
IND,NLD,252922,113.56372549019608
IND,NLD,260200,81.39202160071186
IND,NLD,270112,67.10588235294117
IND,NLD,280429,24968.96290670013
IND,NLD,282200,63102.60354536346
IND,NLD,283691,9853.23137254902
IND,NLD,711011,1776.1332969332052
IND,NLD,720292,1665776.27
IND,NLD,750210,25660272.032022685
IND,NLD,810194,145.911
IND,NLD,850511,15686.872062556176
IND,NOR,283691,278.12549019607843
IND,NOR,850511,3795.5339552552973
IND,NPL,250490,2918.8453173878843
IND,NPL,251010,19546.23560189201
IND,NPL,251110,30330.390610825158
IND,NPL,252800,40841.793
IND,NPL,252910,453574.86679920566
IND,NPL,260200,4312.62815589975
IND,NPL,260600,2069630.3224800525
IND,NPL,270112,17679212.731157176
IND,NPL,280429,254046.88044833494
IND,NPL,280469,71209.38216216372
IND,NPL,280470,62.21591327981333
IND,NPL,280480,715.439619987936
IND,NPL,282200,5.09055522116963
IND,NPL,283691,35065.3582981512
IND,NPL,283692,52.96689328183827
IND,NPL,711011,5.016666666666667
IND,NPL,740311,29.412745098039217
IND,NPL,750210,48021.529107260416
IND,NPL,810194,123.8990291157113
IND,NPL,810411,2394.867375964364
IND,NPL,811010,53802.73634521862
IND,NPL,850511,116701.00046360519
IND,NZL,251110,254383.1943141441
IND,NZL,252910,53212.26387735048
IND,NZL,850511,136326.02546374302
IND,OMN,251110,3118221.1938838777
IND,OMN,252910,1106108.7191697974
IND,OMN,260600,647771.3637378259
IND,OMN,280429,41179.81190667398
IND,OMN,280469,1446627.746073326
IND,OMN,282200,7904.605
IND,OMN,720292,333982.6574961163
IND,OMN,810411,43137.530151845625
IND,OMN,850511,171437.45062016632
IND,PAK,811010,15859.072
IND,PAN,850511,50.372
IND,PER,280470,195816.40291500936
IND,PER,720293,241110.105076884
IND,PER,850511,124.87450980392157
IND,PHL,250490,86.048
IND,PHL,252910,71638.19560417825
IND,PHL,280429,100269.04465077125
IND,PHL,280470,54764.23922190246
IND,PHL,283691,68.235
IND,PHL,810320,18809.760542655105
IND,PHL,810820,269.5317645481262
IND,PHL,850511,58.8235294117647
IND,PNG,251010,176.599
IND,PNG,251110,349381.6627027145
IND,POL,250490,1503.3549245612658
IND,POL,260200,121493.26267750033
IND,POL,260600,576.2645122138696
IND,POL,280469,1966.9729165655203
IND,POL,283691,24.509803921568626
IND,POL,750210,317.6470588235294
IND,POL,850511,132894.70417477004
IND,PRY,283691,22438.62755447407
IND,PSE,252910,8266.18431372549
IND,PSE,850511,150.14607843137256
IND,QAT,251110,3438043.729299895
IND,QAT,252910,176113.03327346925
IND,QAT,252922,7239.57
IND,QAT,260600,21919.424137737853
IND,QAT,280429,16581.835329592424
IND,QAT,280469,12608.574
IND,QAT,810411,37366.462029130365
IND,QAT,850511,7849.449
IND,RUS,252910,43745.415
IND,RUS,280470,241642.529
IND,RUS,282200,2911.778
IND,RUS,283691,3844712.875
IND,RUS,720293,75142.601
IND,RUS,811010,21.083
IND,RUS,850511,290756.656
IND,RWA,251110,164.04042640840828
IND,RWA,280429,2182.7831485307315
IND,RWA,280469,2298.892591346648
IND,RWA,810194,22.184615384615384
IND,RWA,810411,43.53076923076923
IND,RWA,850511,1875.5887292395478
IND,S19,251110,59110.73295496156
IND,S19,252910,1631152.279634132
IND,S19,280429,700.787
IND,S19,280469,32456.201925176945
IND,S19,280470,40816.474
IND,S19,283691,180.8554955129325
IND,S19,740311,98628.77537763861
IND,S19,810194,240129.50375942755
IND,S19,850511,8199.577714609388
IND,SAU,250490,18757.822977127995
IND,SAU,251110,82867166.0134284
IND,SAU,252910,2103795.0727060833
IND,SAU,252922,50078.18495322762
IND,SAU,260200,1333597.227800262
IND,SAU,260600,254538.83332468502
IND,SAU,280429,4709.13350869143
IND,SAU,280469,36654.932007481286
IND,SAU,280480,13725.532736629348
IND,SAU,283692,4888.745927637125
IND,SAU,750210,145120.17891841562
IND,SAU,810194,4178.260501540218
IND,SAU,850511,99020.54213560827
IND,SDN,251110,69583.69
IND,SDN,252910,22443.659
IND,SDN,811010,9645.928
IND,SDN,850511,24814.964
IND,SEN,252910,5344.906
IND,SEN,850511,844.8348282805282
IND,SGP,250490,698.3156862745099
IND,SGP,251110,22434.36773837851
IND,SGP,252910,26249.346452368107
IND,SGP,280429,23656.70477574441
IND,SGP,750210,9746508.070846315
IND,SGP,850511,186502.01049750642
IND,SLE,283691,200.659
IND,SLV,282200,402.34855518747054
IND,SRB,283691,1552.9411764705883
IND,SRB,850511,25694.11764705882
IND,SUR,251110,6525.857
IND,SVK,850511,135.23338027990553
IND,SVN,260600,7825581.005033329
IND,SVN,280470,202806.412
IND,SVN,850511,18868.194442823304
IND,SWE,280470,328756.1571848669
IND,SWE,280480,2433.7323076923076
IND,SWE,810820,8031.84035480071
IND,SWE,850511,19682.60917689968
IND,SYC,280469,266.591
IND,SYC,850511,7.447058823529412
IND,SYR,283692,9092.694
IND,TGO,260600,75091.25882352941
IND,TGO,850511,150503.20546204096
IND,THA,251110,696131.2813155248
IND,THA,252910,6556820.753437025
IND,THA,252922,2891.395794356865
IND,THA,260600,469.7655431390653
IND,THA,270112,596521.3058823529
IND,THA,280429,103065.95225496477
IND,THA,280470,31621.769404149447
IND,THA,283691,348086.82102266164
IND,THA,720292,2486448.9537127563
IND,THA,740311,9061181.435052503
IND,THA,810411,4419.870769230769
IND,THA,850511,319482.9173529825
IND,TJK,280469,9074.600597032571
IND,TTO,850511,51.856862745098034
IND,TUN,250490,31.608676333003398
IND,TUN,252910,43.95396482408973
IND,TUN,283691,156.98
IND,TUN,850511,6384.992303042037
IND,TUR,251010,2781.5384615384614
IND,TUR,252910,609442.9832883049
IND,TUR,252922,1223.5294117647059
IND,TUR,260200,3043562.0390021373
IND,TUR,260600,2613.552745992455
IND,TUR,280429,83243.4327125417
IND,TUR,280469,104.217
IND,TUR,280470,68739.53021402012
IND,TUR,280480,597.41
IND,TUR,282200,2311.7361704213013
IND,TUR,283691,3933.904
IND,TUR,283692,5464.296702459827
IND,TUR,720292,170561.67406398605
IND,TUR,750210,34564.705882352944
IND,TUR,810194,19451.464548875356
IND,TUR,810820,220.17447811725845
IND,TUR,811010,18752.045
IND,TUR,850511,501526.0165357743
IND,TZA,250490,477.0099738173857
IND,TZA,251110,8899.088220226162
IND,TZA,252800,32714.196078431374
IND,TZA,252910,75229.41176470587
IND,TZA,260200,308.794
IND,TZA,280429,8877.31715458441
IND,TZA,282200,512.7747516647158
IND,TZA,810194,53.031
IND,TZA,850511,58377.83416610879
IND,UGA,250490,43167.62745098039
IND,UGA,251010,923.0769230769231
IND,UGA,251110,11157.156314988091
IND,UGA,252910,30477.2824850735
IND,UGA,280480,5309.223076923076
IND,UGA,283691,16.666666666666668
IND,UGA,720292,7818.684
IND,UGA,810411,37394.25169440356
IND,UGA,850511,52922.87991911201
IND,UKR,260200,3719.356176892657
IND,UKR,260600,24446.666666666664
IND,UKR,850511,2861.490196078431
IND,URY,280429,1454.146
IND,URY,283691,177390.00298577597
IND,USA,251010,166489.635
IND,USA,251110,94570950.7619719
IND,USA,252800,196950.98039215687
IND,USA,252910,32924.898
IND,USA,252922,883.862
IND,USA,260600,3141.866
IND,USA,280429,9.988
IND,USA,280469,5.586
IND,USA,280470,1996265.219964498
IND,USA,280480,2137.6923076923076
IND,USA,283691,108275.70300095274
IND,USA,711011,8991.513887851204
IND,USA,720292,139576.09212168495
IND,USA,740311,88026.47058823529
IND,USA,810320,4005.5369999999994
IND,USA,810411,212657.72448535528
IND,USA,810820,2421.931
IND,USA,811010,15864362.871330837
IND,USA,811212,1332.13
IND,USA,811231,2419.230769230769
IND,USA,850511,1398521.098995224
IND,UZB,252910,33586.27450980392
IND,UZB,280429,2084.1220997821206
IND,UZB,850511,47.05882352941176
IND,VEN,280470,36940.829
IND,VEN,810411,4878.406
IND,VNM,251110,2754.634868676289
IND,VNM,252910,25013062.41225389
IND,VNM,260200,181752.57872768573
IND,VNM,280429,6985.723602736598
IND,VNM,283691,419003.83
IND,VNM,811010,217168.69944598989
IND,VNM,850511,200455.68034905574
IND,YEM,850511,251.87
IND,ZAF,251010,30.289230769230766
IND,ZAF,251110,106012.8614973699
IND,ZAF,252910,45251.714449127365
IND,ZAF,252922,363.964705882353
IND,ZAF,260200,417816.8592171655
IND,ZAF,280429,245604.72098360976
IND,ZAF,280470,320050.5095742312
IND,ZAF,282200,4164.881678035276
IND,ZAF,283692,55.273760851902466
IND,ZAF,711011,13610.058545391208
IND,ZAF,720293,37872.69199187873
IND,ZAF,810194,6482.915693804999
IND,ZAF,811010,794516.0169781101
IND,ZAF,850511,79964.72941823963
IND,ZMB,250490,498.2196078431373
IND,ZMB,251110,224832.66113462372
IND,ZMB,260200,4539.885783235203
IND,ZMB,280429,557.3155999684809
IND,ZMB,280469,29.29724902508416
IND,ZMB,810194,5784.75878313658
IND,ZMB,850511,116835.58173954918
IND,ZWE,251110,893.0099417732607
IND,ZWE,280429,1685.31644762758
IND,ZWE,850511,292.598
IRL,ARE,250490,102.5107843137255
IRL,ARE,711011,266.8450980392157
IRL,ARG,850511,52.588235294117645
IRL,AUT,850511,505.3345065403901
IRL,BEL,280429,1507925.4344713117
IRL,BEL,720292,406490.9215686274
IRL,BEL,810820,2313.688111041871
IRL,BEL,850511,113.06713638222412
IRL,BGR,850511,1007.7254901960786
IRL,BHR,250490,679.4166666666666
IRL,BLR,850511,3.159
IRL,BRA,850511,317.6470588235294
IRL,BRB,280469,718.7016425912478
IRL,CAN,280469,6722.662
IRL,CAN,850511,14236.834717667281
IRL,CHE,280469,659.208
IRL,CHE,850511,4696.780979197736
IRL,CHN,252800,103.92156862745098
IRL,CHN,280469,425.432
IRL,CHN,711011,50768.776532850185
IRL,CHN,850511,40.29617658325512
IRL,CZE,711011,112054.90196078431
IRL,CZE,711021,2411749.6810557735
IRL,CZE,810820,9277.358
IRL,CZE,850511,874.2686062064496
IRL,DEU,270112,444352.07555515016
IRL,DEU,711011,2040010.968627451
IRL,DEU,711021,3538303.796701961
IRL,DEU,811292,42080.876
IRL,DEU,850511,546910.9013410481
IRL,DNK,280429,514.0030645841914
IRL,DNK,850511,37.59712320669701
IRL,EGY,280429,5269.589769237023
IRL,ESP,280429,5347.963330981751
IRL,ESP,850511,394.23421845298145
IRL,EST,850511,8.424
IRL,FIN,850511,913.8060410536457
IRL,FRA,711021,7057.179203907499
IRL,FRA,720292,420022.77647058823
IRL,FRA,850511,65160.53423719461
IRL,GBR,250490,2138.8918987856914
IRL,GBR,251110,390724.9754024008
IRL,GBR,260200,5852.844
IRL,GBR,260600,313295.06557449576
IRL,GBR,270112,28428911.61029849
IRL,GBR,280429,2083030.850748596
IRL,GBR,280469,98467.33106873168
IRL,GBR,283691,37466.37985298386
IRL,GBR,711011,9029662.425844716
IRL,GBR,750210,4060.556
IRL,GBR,810820,2173.492
IRL,GBR,811231,12962.267692307692
IRL,GBR,811292,5521.134
IRL,GBR,850511,290551.2513765077
IRL,GEO,850511,2.106
IRL,GIN,260600,10.53
IRL,GRC,850511,335.8029325975045
IRL,HUN,280429,4780.779461074137
IRL,IND,280429,6179.32039020771
IRL,IND,283691,137564.54844975733
IRL,IND,850511,75.27941176470588
IRL,ISL,850511,104.61274509803921
IRL,ISR,280429,188304.17060965477
IRL,ISR,850511,2660.197469384281
IRL,ITA,280429,2489.4562619940243
IRL,ITA,282200,13555.2005792078
IRL,ITA,711011,3686.7029411764706
IRL,ITA,711021,34289.41704124947
IRL,ITA,850511,1061.529983473567
IRL,JPN,850511,22.114
IRL,KEN,850511,167.3637254901961
IRL,KOR,711011,1235.437002475891
IRL,KOR,850511,27.87923793924238
IRL,LTU,282200,157695.085
IRL,LTU,850511,150.52093655230127
IRL,LUX,850511,200.57150702200923
IRL,MYS,750210,210.61
IRL,NLD,250490,11.356862745098038
IRL,NLD,251010,22514.99
IRL,NLD,251110,2617.686916803968
IRL,NLD,252800,721.6480392156863
IRL,NLD,252910,1803.6039215686274
IRL,NLD,252922,324.17352941176466
IRL,NLD,260200,828.8092533343316
IRL,NLD,260600,2253.7303921568628
IRL,NLD,270112,27265.356463970777
IRL,NLD,280429,11738.35611006516
IRL,NLD,280469,3154.1867734103353
IRL,NLD,280470,2.561784020476151
IRL,NLD,280480,0.8099999999999999
IRL,NLD,282200,14277.303708819745
IRL,NLD,283691,8006.266666666666
IRL,NLD,283692,93.57869469195035
IRL,NLD,711011,1389.6107843137254
IRL,NLD,711021,6268.606474557804
IRL,NLD,720292,7611.890196078431
IRL,NLD,720293,16.518627450980393
IRL,NLD,740311,4025.330392156863
IRL,NLD,750210,57271.39215686274
IRL,NLD,810194,0.8099999999999999
IRL,NLD,810320,78.89555655793794
IRL,NLD,810411,3093.533076923077
IRL,NLD,810820,23.984782695937383
IRL,NLD,811010,47.6902548469716
IRL,NLD,811292,1598.1893135219145
IRL,NLD,850511,2351.730043352084
IRL,NOR,850511,4796.703702164671
IRL,NZL,850511,668.8519607843137
IRL,PHL,850511,1827.2836229057257
IRL,POL,270112,21699.12
IRL,POL,711021,172150.83356857172
IRL,POL,811292,2718.972
IRL,POL,850511,2663.9223708259096
IRL,PRT,270112,5527.452
IRL,PRT,711021,7162479.213055408
IRL,PRT,810194,2384.923076923077
IRL,PRT,850511,9433.982981348474
IRL,ROU,850511,140882.66666666666
IRL,SAU,850511,4381.735
IRL,SGP,250490,92.44509803921568
IRL,SGP,280429,301.4759528153351
IRL,SGP,280469,14736.678657557672
IRL,SGP,850511,140.33956385609338
IRL,SRB,850511,10.53
IRL,SVK,850511,59.43988049629649
IRL,SVN,850511,488.878431372549
IRL,SWE,270112,49470478.15686274
IRL,SWE,711011,775.4549019607844
IRL,SWE,720292,1763770.2117647058
IRL,SWE,850511,314.862
IRL,TUR,711011,119421.21193880819
IRL,UKR,850511,4348.901960784314
IRL,USA,280429,91268.778
IRL,USA,280469,15775.722
IRL,USA,711011,484477.64519462467
IRL,USA,810820,22379.027450358066
IRL,USA,850511,325412.035
IRL,ZAF,250490,2832.5470028163204
IRL,ZAF,711011,1111.313725490196
IRL,ZAF,810820,1222.589
IRL,ZAF,850511,6365.647174250864
IRL,ZMB,850511,3524.870588235294
IRN,ARE,251110,547305.8027977403
IRN,ARE,252910,4206178.555646915
IRN,ARE,270112,225736.0
IRN,ARE,740311,153966514.0
IRN,ARE,850511,124.18266058713944
IRN,ARM,252910,6886.665768874011
IRN,ARM,850511,25596.235294117647
IRN,AUS,251110,3472.12420619759
IRN,AZE,251110,3302433.49787424
IRN,AZE,252910,9085.432059939249
IRN,AZE,270112,117.6470588235294
IRN,AZE,740311,5572169.082611285
IRN,BHR,280480,7946.87
IRN,CHN,260600,263.4421829153315
IRN,CHN,270112,30544528.43137255
IRN,CHN,283692,67434.70271077739
IRN,CHN,740311,752125100.7543021
IRN,ESP,252910,1135.7254901960785
IRN,GEO,251110,17790.68952983014
IRN,GEO,740311,4080354.7632318833
IRN,GEO,850511,539.2156862745098
IRN,IND,251110,51913.0
IRN,IND,283692,423617.0
IRN,IND,740311,19243046.0
IRN,IRQ,251110,7451523.0
IRN,IRQ,252910,827.0
IRN,IRQ,260600,664457.0
IRN,IRQ,280429,33058.0
IRN,IRQ,850511,14154.0
IRN,ITA,740311,240725.0
IRN,KOR,283692,102788.38501153038
IRN,KWT,251110,1858488.0640796728
IRN,NOR,740311,333.75098039215686
IRN,OMN,251110,55605.0
IRN,OMN,252922,30.597058823529412
IRN,OMN,260600,466.61078431372545
IRN,OMN,850511,5.1
IRN,PAK,270112,76709.09607843138
IRN,QAT,260600,115783.84752984944
IRN,RUS,251110,77955.0
IRN,RUS,252910,14466.0
IRN,SYR,740311,383697.0
IRN,TJK,850511,651.9607843137255
IRN,TKM,251110,595435.0
IRN,TKM,252910,19842.0
IRN,TKM,280429,30580.0
IRN,TKM,283691,12000.0
IRN,TUN,251110,5129.0
IRN,TUR,251110,313119.1418652966
IRN,TUR,252910,345.09803921568624
IRN,TUR,270112,1178472.0782884015
IRN,TUR,740311,861095878.4318349
IRN,TUR,850511,823.5294117647059
IRN,UZB,251110,30406.247836225986
IRN,UZB,850511,8030.392156862745
IRQ,AUT,850511,3.0970588235294114
IRQ,OMN,251110,74029.91596792031
ISL,ARE,280469,96930.24447281219
ISL,AUT,280469,995776.8494516982
ISL,AUT,850511,15.449
ISL,BEL,280469,2152668.381
ISL,BEL,850511,113.71568627450979
ISL,BRA,850511,16.455
ISL,CAN,850511,49.616
ISL,CHE,280469,349917.2677550082
ISL,CHN,850511,364.156
ISL,CZE,280469,898452.7060435431
ISL,CZE,810411,7491587.692307692
ISL,CZE,850511,3.711
ISL,DEU,280469,29953384.193783265
ISL,DEU,850511,26.737
ISL,DNK,850511,1131.779
ISL,ESP,280469,7339760.071406231
ISL,ESP,850511,81.202
ISL,FRA,280469,250087.22801267714
ISL,FRA,850511,7.392
ISL,GBR,280469,956.986
ISL,GBR,850511,503.327
ISL,HUN,850511,1121.5686274509803
ISL,IRL,850511,37.166666666666664
ISL,ITA,280469,5216014.924
ISL,JPN,280469,663893.8467898337
ISL,MEX,850511,28.844
ISL,MLT,850511,140.4078431372549
ISL,MYS,850511,82.444
ISL,NLD,280469,45016082.475030154
ISL,NLD,283691,170.34607843137252
ISL,NLD,810820,89.94317236674591
ISL,NLD,850511,191.5877602213148
ISL,NOR,280469,23854398.42010941
ISL,NZL,850511,2170.6607843137253
ISL,POL,280469,782109.9005711306
ISL,POL,850511,136.443
ISL,QAT,280469,2733029.3751499834
ISL,SAU,280469,8298.769879233554
ISL,SRB,280469,32801.56164756936
ISL,SVN,280469,41700.21436904909
ISL,SWE,850511,387.72549019607845
ISL,UKR,280469,90832.95999621948
ISL,USA,850511,759.071
ISR,ARE,810194,4897.6884615384615
ISR,ARE,810411,1246123.8428780471
ISR,ARE,850511,1000.0
ISR,ARM,810820,38000.0
ISR,AUS,850511,5208.898919980155
ISR,AUT,850511,1155.2558823529412
ISR,BEL,810411,2715627.1965475976
ISR,BEL,850511,1.1
ISR,BRA,280429,1000.0
ISR,BRA,810411,5234478.487079368
ISR,CAN,251110,94000.0
ISR,CAN,280429,515.7387802293447
ISR,CAN,810194,21021.012307692305
ISR,CAN,810411,8764111.101758398
ISR,CAN,811292,151180.41428358917
ISR,CAN,850511,234805.15098039218
ISR,CHE,810411,25741274.62153846
ISR,CHE,850511,6366.761504671588
ISR,CHL,750210,44000.0
ISR,CHL,850511,1859.0588235294117
ISR,CHN,280469,2028.1631728556733
ISR,CHN,811292,67000.0
ISR,CHN,850511,24958.88607130597
ISR,COL,280429,862881.9092599932
ISR,CRI,850511,1475.1666666666667
ISR,CYP,251110,417113.33905406785
ISR,CYP,850511,86.72156862745098
ISR,CZE,251110,551.8430628539687
ISR,CZE,810411,2294147.692307692
ISR,CZE,850511,133789.78038139618
ISR,DEU,251010,3062277.1938461536
ISR,DEU,252910,290.6745098039216
ISR,DEU,720292,10646.941176470587
ISR,DEU,810194,1000.0
ISR,DEU,810411,454921.323076923
ISR,DEU,811292,239689.12156862745
ISR,DEU,850511,2080929.450980392
ISR,ESP,810820,3786.9858391700786
ISR,ESP,811292,16223.277480043671
ISR,ESP,850511,19645.098039215685
ISR,ETH,280429,168.41124970519752
ISR,FRA,810411,16373603.196923075
ISR,FRA,810820,11660.947142000845
ISR,FRA,811292,1000.0
ISR,FRA,850511,29129.604901960785
ISR,GBR,280429,30000.0
ISR,GBR,810194,13818.655384615384
ISR,GBR,810411,919537.0230189259
ISR,GBR,810820,12419.012304495582
ISR,GBR,850511,15419.486274509803
ISR,GRC,810411,265652.187284946
ISR,HKG,850511,220366.17058823528
ISR,HRV,280469,677.1392993874655
ISR,HUN,810411,4373969.230769231
ISR,HUN,850511,3824.20178724119
ISR,IND,280469,5000.0
ISR,IND,750210,457389.144321915
ISR,IND,850511,37695.71960784314
ISR,IRL,280429,246795.20427907153
ISR,IRL,850511,140.40686274509804
ISR,ISL,720292,28.72058823529412
ISR,ISL,810411,437394.53692307696
ISR,ITA,810411,13820000.0
ISR,ITA,811292,1000.0
ISR,ITA,850511,5000.0
ISR,JOR,720292,37000.0
ISR,JPN,750210,3000.0
ISR,JPN,850511,1774.422549019608
ISR,KEN,270112,5000.0
ISR,KOR,810194,64070.53606455005
ISR,KOR,810411,362.3076923076923
ISR,KOR,811292,31245.870292629243
ISR,KOR,850511,3000.0
ISR,LKA,711021,88.63950525415439
ISR,MEX,850511,50879.302563456156
ISR,MLT,750210,5000.0
ISR,NIC,850511,386.6470588235294
ISR,NLD,251010,643842.843076923
ISR,NLD,750210,131409.38495389494
ISR,NLD,810820,54.96579923963524
ISR,NLD,850511,4887.480564207662
ISR,NZL,810194,60.96538461538461
ISR,NZL,850511,1178.4661107325473
ISR,PHL,850511,8373.563290570639
ISR,POL,850511,4013.725490196078
ISR,PSE,260600,7311447.383333334
ISR,PSE,280429,161128.03465372717
ISR,PSE,280480,521.4699999999999
ISR,PSE,850511,3397.586274509804
ISR,ROU,850511,47760.86274509804
ISR,S19,280470,217.82057230132773
ISR,S19,850511,12941.706907333342
ISR,SEN,251110,27000.0
ISR,SGP,810194,2032.063846153846
ISR,SGP,811010,1000.0
ISR,SGP,850511,351.29117647058825
ISR,SRB,850511,180.39215686274508
ISR,SVK,850511,247.77254901960785
ISR,SVN,750210,4000.0
ISR,SVN,850511,42029.38823529412
ISR,SWE,811292,27000.0
ISR,SWE,850511,2326.360784313725
ISR,THA,850511,6.956862745098039
ISR,TUR,750210,2502896.081044152
ISR,TUR,810411,1702828.7258191216
ISR,TZA,850511,225.37254901960785
ISR,USA,280429,1000.0
ISR,USA,280470,1005876.102330492
ISR,USA,283691,16218.354598515036
ISR,USA,711011,76552.2440247886
ISR,USA,750210,29000.0
ISR,USA,810320,168888.67170352253
ISR,USA,810411,104250783.86148386
ISR,USA,810820,480000.0
ISR,USA,811292,86590.56374341568
ISR,USA,850511,718395.4382371203
ISR,VNM,283691,3000.0
ISR,VNM,811292,1000.0
ISR,VNM,850511,81880.04901960783
ISR,ZAF,750210,325288.7487627095
ISR,ZAF,810194,25973.104615384615
ISR,ZAF,850511,60.90196078431372
ITA,AGO,252800,179.5313725490196
ITA,AGO,280429,6431.35094282717
ITA,AGO,280470,1579.0158749875295
ITA,ALB,280429,35980.566
ITA,ALB,280469,529894.071
ITA,ALB,810411,39009.133
ITA,ALB,850511,50811.702
ITA,ARE,250490,307.7941176470588
ITA,ARE,251110,25473.235885378104
ITA,ARE,252910,14402.546
ITA,ARE,260600,3023.7526969542732
ITA,ARE,280429,17702.989995461576
ITA,ARE,282200,512370.288
ITA,ARE,283691,583792.259
ITA,ARE,711011,756734.3445170545
ITA,ARE,750210,247070.482
ITA,ARE,810194,2824.276
ITA,ARE,810411,23.63307692307692
ITA,ARE,850511,21070.02532981213
ITA,ARG,260200,3432.939
ITA,ARG,280429,9553.675514383891
ITA,ARG,282200,291810.306
ITA,ARG,283691,463788.943
ITA,ARG,283692,53.3709846927119
ITA,ARG,711011,1142088.5098039217
ITA,ARG,740311,100755.37347443448
ITA,ARG,750210,1731636.4064284454
ITA,ARG,850511,16528.27943529733
ITA,ARM,740311,2539.953
ITA,ARM,850511,14869.882352941175
ITA,AUS,250490,6556.688177684295
ITA,AUS,280429,22243.546
ITA,AUS,283691,1078879.8027636418
ITA,AUS,711011,478143.30980392155
ITA,AUS,750210,175196.46078431373
ITA,AUS,850511,70678.79906263277
ITA,AUT,251010,508848.894
ITA,AUT,251110,64393.20023200519
ITA,AUT,252800,5954.99
ITA,AUT,252910,984.6953517036702
ITA,AUT,260200,4131.942642665254
ITA,AUT,260600,382.66424082154765
ITA,AUT,270112,383.31
ITA,AUT,280429,1014760.0642175359
ITA,AUT,280469,289434.628
ITA,AUT,280470,111.01550657394846
ITA,AUT,283691,304734.20419038815
ITA,AUT,283692,455814.4953090526
ITA,AUT,711011,1439639.631
ITA,AUT,711021,2867475.7078761784
ITA,AUT,740311,6142176.743509263
ITA,AUT,750210,1115604.9438236817
ITA,AUT,810194,758.195
ITA,AUT,810411,1760434.047
ITA,AUT,850511,468153.66808880324
ITA,AZE,810820,646.781510027905
ITA,AZE,850511,17248.70588235294
ITA,BEL,250490,7686.202
ITA,BEL,251010,5471.042307692307
ITA,BEL,251110,86809.38196774879
ITA,BEL,252800,31827.342
ITA,BEL,252910,284810.023926474
ITA,BEL,260200,7950.517
ITA,BEL,260600,31.10917477625278
ITA,BEL,270112,12.637
ITA,BEL,280429,372993.839255201
ITA,BEL,282200,167457.87721526355
ITA,BEL,711011,2036934.2031227942
ITA,BEL,711021,66150212.65987039
ITA,BEL,720292,254009.30392156861
ITA,BEL,740311,74215.04497878524
ITA,BEL,750210,5368.442
ITA,BEL,810820,152780.2097064546
ITA,BEL,850511,227837.85746864963
ITA,BEN,280469,742.7760461512634
ITA,BGD,850511,32608.704
ITA,BGR,250490,630.3529411764706
ITA,BGR,251110,3679.123751116311
ITA,BGR,260200,524.418
ITA,BGR,260600,3.7740144990560927
ITA,BGR,270112,11.584
ITA,BGR,280429,79390.27348996399
ITA,BGR,280469,662.778342329008
ITA,BGR,280470,744886.8628979931
ITA,BGR,282200,673.951
ITA,BGR,283691,71558.87313677733
ITA,BGR,711011,6950.121
ITA,BGR,711021,7266.036
ITA,BGR,720293,17431.114
ITA,BGR,740311,1953559.3251556766
ITA,BGR,750210,1148022.0458294598
ITA,BGR,810411,3722.527
ITA,BGR,810820,134.79
ITA,BGR,850511,141508.1195186374
ITA,BHR,282200,1037.8431174473444
ITA,BHR,720293,7056.659803921568
ITA,BHR,850511,2201.893137254902
ITA,BIH,280429,254005.06164981396
ITA,BIH,280469,2433455.4314537677
ITA,BIH,750210,76728.66428137473
ITA,BIH,810820,165.05493635411028
ITA,BIH,850511,47657.71011019101
ITA,BOL,850511,4525.490196078431
ITA,BRA,250490,20068.173431362535
ITA,BRA,251110,347010.062
ITA,BRA,252800,382.3529411764706
ITA,BRA,260600,13.72549019607843
ITA,BRA,280429,28862.227712245964
ITA,BRA,280469,48833.52307967614
ITA,BRA,280470,104612.26294442023
ITA,BRA,282200,39883.96191761858
ITA,BRA,283692,362.4278425100906
ITA,BRA,711011,4016229.411764706
ITA,BRA,750210,550864.481
ITA,BRA,810194,31549.23076923077
ITA,BRA,810820,4085.5117070528313
ITA,BRA,811292,4292.156862745098
ITA,BRA,850511,525515.407951419
ITA,CAN,250490,9588.312307689546
ITA,CAN,280429,104.94689019407723
ITA,CAN,280470,842.3768667216603
ITA,CAN,283692,690.7892102657831
ITA,CAN,711011,18164417.415686272
ITA,CAN,711021,30671063.916551415
ITA,CAN,810820,42603.97625438008
ITA,CAN,850511,244911.35829895717
ITA,CHE,250490,12785.695523450653
ITA,CHE,251110,30536.304
ITA,CHE,252910,51575.39623158744
ITA,CHE,260200,623.8201243286986
ITA,CHE,260600,30431.08898512195
ITA,CHE,270112,3695.949019607843
ITA,CHE,280429,2146598.9056082508
ITA,CHE,280470,845.8152852866552
ITA,CHE,283691,2320.919
ITA,CHE,283692,13108.35990556698
ITA,CHE,711011,337388494.4308869
ITA,CHE,711021,562307221.566896
ITA,CHE,720292,9478.06274509804
ITA,CHE,740311,54111.3689074074
ITA,CHE,750210,558199.71745155
ITA,CHE,810194,3599.098461538462
ITA,CHE,810320,4726.515386564781
ITA,CHE,810411,3092.804
ITA,CHE,811292,24641.338
ITA,CHE,850511,538087.7591928092
ITA,CHL,280429,249.16642015696183
ITA,CHL,850511,13897.939921157124
ITA,CHN,250490,20154.901960784315
ITA,CHN,251110,46340.458
ITA,CHN,252800,12633.759887992223
ITA,CHN,280429,9172.083244324534
ITA,CHN,280469,1242.597
ITA,CHN,280470,475.21539601108725
ITA,CHN,283691,119095.0366547801
ITA,CHN,283692,737.0527758738862
ITA,CHN,711011,1160944.1176470588
ITA,CHN,711021,134254.22464260965
ITA,CHN,810194,11427.684
ITA,CHN,811292,3106.8627450980393
ITA,CHN,850511,2488709.799297199
ITA,CIV,252800,218.1
ITA,CIV,740311,7630.899019607843
ITA,CIV,850511,679.4617647058824
ITA,CMR,260200,5898.886824224683
ITA,COG,850511,78.06372549019608
ITA,COL,251110,77239.2396838937
ITA,COL,280429,25000.428
ITA,COL,280470,70622.65204375991
ITA,COL,283691,119541.91298510726
ITA,COL,283692,38123.39171386753
ITA,COL,750210,21280.958879230187
ITA,COL,810194,4577.415384615385
ITA,COL,850511,20611.14904003804
ITA,CPV,850511,1174.4352941176471
ITA,CRI,850511,3429.5196078431372
ITA,CUB,280469,22966.991
ITA,CUB,850511,47.90196078431372
ITA,CYP,252800,293.2
ITA,CYP,740311,3093.5907224691173
ITA,CYP,810820,13913.912634141607
ITA,CYP,850511,16935.527087921022
ITA,CZE,251110,168315.8386447356
ITA,CZE,252800,83.191
ITA,CZE,252910,9302.686880568417
ITA,CZE,260200,405164.673
ITA,CZE,280429,2886407.234762212
ITA,CZE,280469,1729110.3648297323
ITA,CZE,282200,20571.388036015054
ITA,CZE,283692,2014.2624324118499
ITA,CZE,711011,3050723.320868681
ITA,CZE,711021,3761813.9960205313
ITA,CZE,740311,157275.30354924384
ITA,CZE,750210,7847514.618801915
ITA,CZE,810411,144704.82459087207
ITA,CZE,810820,31246476.52165261
ITA,CZE,811010,6243.015206374827
ITA,CZE,850511,602897.4614149142
ITA,DEU,250490,6132.677381043771
ITA,DEU,251010,31766.43076923077
ITA,DEU,251110,455649.15748520335
ITA,DEU,252800,4960.912
ITA,DEU,252910,1588194.0313830168
ITA,DEU,252922,42970.702
ITA,DEU,260200,247729.69
ITA,DEU,260600,57446.16983468558
ITA,DEU,270112,728.71
ITA,DEU,280429,3136862.922473931
ITA,DEU,280469,1889639.3247568896
ITA,DEU,280470,81894462.42883824
ITA,DEU,282200,5808385.70285884
ITA,DEU,283691,29271.593
ITA,DEU,283692,916143.7482868355
ITA,DEU,711011,472741443.50955415
ITA,DEU,711021,1453572227.094894
ITA,DEU,740311,35689041.46097407
ITA,DEU,750210,20265684.341435604
ITA,DEU,810194,33.698
ITA,DEU,810411,337323.5927014503
ITA,DEU,810820,343606.98927380383
ITA,DEU,811292,236169.3487259255
ITA,DEU,850511,12099992.544644924
ITA,DNK,250490,1290.0225490196078
ITA,DNK,252922,3204714.4794117645
ITA,DNK,280429,65050.1159670051
ITA,DNK,282200,41618.149204667614
ITA,DNK,711011,20988.599019607842
ITA,DNK,711021,303703.65975879034
ITA,DNK,740311,36591.334
ITA,DNK,750210,62197.89803045134
ITA,DNK,850511,33823.280521197776
ITA,DOM,810820,85368.546
ITA,DOM,850511,174479.41960784313
ITA,DZA,250490,9978.689
ITA,DZA,251110,4662.899
ITA,DZA,252800,172732.62
ITA,DZA,252910,163779.6
ITA,DZA,260200,1120.444
ITA,DZA,260600,8251.689
ITA,DZA,280429,4321.712
ITA,DZA,750210,117725.572
ITA,DZA,811292,1850.206
ITA,DZA,850511,22145.613
ITA,ECU,280470,98101.00107129358
ITA,ECU,810194,2690.539
ITA,ECU,850511,28962.35294117647
ITA,EGY,250490,1890.7598831001262
ITA,EGY,251110,35814.184
ITA,EGY,252922,252731.671
ITA,EGY,280429,219012.8620295155
ITA,EGY,282200,26314.632
ITA,EGY,720293,85413.827
ITA,EGY,740311,123976.33039215686
ITA,EGY,750210,2553168.9534123624
ITA,EGY,810194,17149.95
ITA,EGY,810411,12539.703
ITA,EGY,811292,25976.604
ITA,EGY,850511,294896.6208666825
ITA,ESP,250490,6282.776470588235
ITA,ESP,251010,4640.8
ITA,ESP,251110,34729.012171614035
ITA,ESP,252800,2238.0692786153963
ITA,ESP,252910,38911422.25170481
ITA,ESP,252922,12067.777739058376
ITA,ESP,260200,18863.868314265434
ITA,ESP,260600,1023121.6428354357
ITA,ESP,270112,40186409.474174455
ITA,ESP,280429,180383.41758909213
ITA,ESP,280469,10901.4042950494
ITA,ESP,280470,2632494.6960351747
ITA,ESP,282200,913019.3344288303
ITA,ESP,283691,636606.8670738782
ITA,ESP,283692,9798.43437489554
ITA,ESP,711011,7453375.8599714255
ITA,ESP,711021,37981544.58675132
ITA,ESP,720292,16801.391
ITA,ESP,720293,28700.73725490196
ITA,ESP,740311,7127500.367616028
ITA,ESP,750210,2739646.2143033
ITA,ESP,810194,11156.597389949477
ITA,ESP,810411,876544.808640545
ITA,ESP,810820,931654.4181538733
ITA,ESP,811292,2619.476673099221
ITA,ESP,850511,3819133.4263758883
ITA,EST,260200,1455.4120418715174
ITA,EST,280429,32583.804496610857
ITA,EST,711011,337965.427
ITA,EST,711021,101750.824
ITA,EST,740311,34986.488
ITA,EST,810820,451.758
ITA,EST,850511,204435.42257833533
ITA,FIN,251110,47414.23314168255
ITA,FIN,280469,5830.376712449476
ITA,FIN,711011,1033630.413
ITA,FIN,711021,16718107.382
ITA,FIN,740311,39763.116
ITA,FIN,750210,532730.984
ITA,FIN,810820,85438.35888918235
ITA,FIN,850511,20585.1644797139
ITA,FRA,250490,36201.998748121834
ITA,FRA,251110,246894.8129299481
ITA,FRA,252800,274395.5019607843
ITA,FRA,252910,1857238.8871439947
ITA,FRA,252922,51945.77046881984
ITA,FRA,260200,77660.51595136721
ITA,FRA,260600,260179.1553788739
ITA,FRA,270112,21838.122
ITA,FRA,280429,1267329.9409371521
ITA,FRA,280469,476.1479883705655
ITA,FRA,280470,1219301.864808658
ITA,FRA,282200,228935.95322513024
ITA,FRA,283692,7785.477209573299
ITA,FRA,711011,32090176.870549817
ITA,FRA,711021,81992144.76817136
ITA,FRA,720292,357.11372549019603
ITA,FRA,740311,2562607.864267126
ITA,FRA,750210,1619516.9663590046
ITA,FRA,810194,25306.23925287894
ITA,FRA,810320,8281.539114676094
ITA,FRA,810411,171955.47
ITA,FRA,810820,3223.745359140906
ITA,FRA,811292,73519.5568627451
ITA,FRA,850511,6486577.900346789
ITA,GAB,280469,39.06486667059328
ITA,GAB,850511,145.09411764705882
ITA,GBR,250490,5223.355181270233
ITA,GBR,251110,27330.761351741858
ITA,GBR,252910,17349.240065262627
ITA,GBR,260600,11149.329411764706
ITA,GBR,280429,10811.848683221666
ITA,GBR,280470,161096.1865057876
ITA,GBR,282200,4242247.633269485
ITA,GBR,283692,5795.29957797528
ITA,GBR,711011,173556364.2280882
ITA,GBR,711021,560243985.8611245
ITA,GBR,740311,4083.296918754481
ITA,GBR,810194,34850.86222709374
ITA,GBR,810820,57094.802660899964
ITA,GBR,811212,19502.949019607844
ITA,GBR,811292,1092.011
ITA,GBR,850511,5584228.762578207
ITA,GEO,850511,145.5911450481269
ITA,GHA,850511,1837.9529411764706
ITA,GRC,250490,485354.24313725485
ITA,GRC,252800,22428.586043837364
ITA,GRC,252910,3497.530105059928
ITA,GRC,260200,1811.2755801636658
ITA,GRC,280429,3044269.947641812
ITA,GRC,282200,8955.126
ITA,GRC,283691,132301.85797773028
ITA,GRC,283692,81.085
ITA,GRC,711011,5285.244272853541
ITA,GRC,711021,80900.461
ITA,GRC,720292,264235.99359228567
ITA,GRC,740311,16568.039752698962
ITA,GRC,750210,773699.2170652963
ITA,GRC,810194,479.137
ITA,GRC,810411,173067.0285338866
ITA,GRC,810820,569182.643747393
ITA,GRC,850511,168498.00068686582
ITA,GTM,850511,6350.980392156863
ITA,HKG,260200,18573.672
ITA,HKG,711011,2135038.62867462
ITA,HKG,711021,1475311.0581893784
ITA,HKG,810194,1709.098
ITA,HKG,811292,1740.0906735812125
ITA,HKG,850511,41820.773
ITA,HND,283691,21885.51
ITA,HND,850511,3538.243
ITA,HRV,251110,7295.447010095646
ITA,HRV,252800,4020.481044524907
ITA,HRV,252910,33292.099719992424
ITA,HRV,252922,4475.457
ITA,HRV,260200,1245.371632842812
ITA,HRV,270112,3406.54585316488
ITA,HRV,280429,680404.7097060204
ITA,HRV,280469,20218.534
ITA,HRV,282200,1536.798805907866
ITA,HRV,283692,102.146
ITA,HRV,711011,772054.187
ITA,HRV,740311,6245594.568
ITA,HRV,750210,108529.298
ITA,HRV,810194,962.9066640147639
ITA,HRV,810411,726043.3615284037
ITA,HRV,810820,164.276
ITA,HRV,850511,2266802.298604414
ITA,HUN,251110,151.71881825687873
ITA,HUN,252800,200.079
ITA,HUN,260200,7250.521634318578
ITA,HUN,260600,198.0964024435563
ITA,HUN,270112,18338.842
ITA,HUN,280429,454102.40988036327
ITA,HUN,282200,10292.717492096413
ITA,HUN,711011,635561.8855412917
ITA,HUN,711021,579480.8171394565
ITA,HUN,740311,1144587.1153474064
ITA,HUN,750210,29694.918
ITA,HUN,810194,688.2361578831719
ITA,HUN,810411,176478.314
ITA,HUN,810820,686.588
ITA,HUN,850511,7606454.79002781
ITA,IDN,252910,8437.254901960785
ITA,IDN,260200,3561.07767929924
ITA,IDN,280470,247176.8817477464
ITA,IDN,283692,12877.206529687515
ITA,IDN,711021,12078.45337820848
ITA,IDN,740311,1103.921568627451
ITA,IDN,750210,2084.3137254901962
ITA,IDN,810194,101740.0
ITA,IDN,850511,18450.10408861929
ITA,IND,250490,4601.823
ITA,IND,252910,227.37913801688921
ITA,IND,260600,11967.049019607843
ITA,IND,280429,4970.125969799284
ITA,IND,280469,151.39433756442926
ITA,IND,282200,264217.7787926178
ITA,IND,283691,13878.90173840012
ITA,IND,711011,2896217.5892156865
ITA,IND,711021,204337.768
ITA,IND,740311,24728.475927290056
ITA,IND,750210,998010.2945786567
ITA,IND,810194,5963.388279285618
ITA,IND,811292,38702.696
ITA,IND,850511,842462.8212108532
ITA,IRL,252800,242.201
ITA,IRL,260200,7746.226
ITA,IRL,270112,3884.9235294117643
ITA,IRL,280429,60955.94344184538
ITA,IRL,711011,52454.79990366042
ITA,IRL,711021,957583.7470588551
ITA,IRL,740311,24304.362
ITA,IRL,850511,156064.99172379862
ITA,IRN,280429,4617.705996053017
ITA,IRN,282200,416849.3
ITA,IRN,850511,23469.382850377064
ITA,IRQ,280429,21277.901
ITA,ISL,280429,15314.316704114839
ITA,ISL,740311,2083.051960784314
ITA,ISL,810820,95.35168249946254
ITA,ISL,850511,2263.512745098039
ITA,ISR,250490,980.3921568627451
ITA,ISR,251110,646901.3953272896
ITA,ISR,252800,3665.662
ITA,ISR,280429,20197.78377656008
ITA,ISR,280469,27860.289508361628
ITA,ISR,282200,950.5494121798114
ITA,ISR,711011,25819.181715634113
ITA,ISR,720292,980.3921568627451
ITA,ISR,750210,258518.16361525698
ITA,ISR,850511,64136.76855480569
ITA,JAM,850511,91.54901960784314
ITA,JPN,280429,13047.273
ITA,JPN,280469,37227.375
ITA,JPN,282200,16693.98
ITA,JPN,283692,598392.3694263077
ITA,JPN,711011,7534246.373856263
ITA,JPN,711021,22688553.61808059
ITA,JPN,750210,142754.431
ITA,JPN,850511,101642.51579202761
ITA,KAZ,260200,3792.028
ITA,KAZ,260600,4007.903
ITA,KAZ,280470,109.41307377101687
ITA,KAZ,282200,76492.399
ITA,KAZ,810194,11554.05
ITA,KAZ,850511,65121.58
ITA,KEN,280429,1728.0234685673022
ITA,KEN,850511,28.846078431372547
ITA,KOR,252910,30004.243949597432
ITA,KOR,260200,34.87556223771093
ITA,KOR,280429,6001.411982828076
ITA,KOR,280469,38.29339486191184
ITA,KOR,280470,18133.60319147427
ITA,KOR,282200,941.0439180580133
ITA,KOR,283691,114724.19160824857
ITA,KOR,283692,6668.302299007084
ITA,KOR,850511,196162.47706966253
ITA,KWT,810320,256.5051238405565
ITA,KWT,850511,22788.22645670303
ITA,LBN,280469,8131.642
ITA,LBN,810411,35795.229
ITA,LBN,850511,108.82352941176471
ITA,LBY,280429,112742.545
ITA,LKA,850511,4333.574371117956
ITA,LTU,250490,1279.454
ITA,LTU,252800,71.5981183846441
ITA,LTU,260600,176.912
ITA,LTU,280429,13928.857495047414
ITA,LTU,282200,5731.812955444263
ITA,LTU,711011,2154524.9009645833
ITA,LTU,740311,31482.995
ITA,LTU,750210,59857.03012400319
ITA,LTU,810820,1001.449
ITA,LTU,811231,93.84615384615384
ITA,LTU,850511,26340.971038040414
ITA,LUX,252910,5138.764495343158
ITA,LUX,260600,53.705
ITA,LUX,280429,79612.45878828561
ITA,LUX,711011,95026.77647058824
ITA,LUX,810820,261169.75
ITA,LUX,850511,79765.18678808534
ITA,LVA,252800,2366.2
ITA,LVA,711021,28377.554
ITA,LVA,740311,20445.992
ITA,LVA,850511,503.6260563489283
ITA,MAC,810194,6722.662
ITA,MAR,250490,102.27843137254902
ITA,MAR,251110,15145.593300929311
ITA,MAR,280429,29805.891229024295
ITA,MAR,280469,198.18326217424232
ITA,MAR,750210,46953.332
ITA,MAR,810411,20445.992
ITA,MAR,850511,22584.11706625339
ITA,MDA,282200,52400.72699954685
ITA,MDA,810820,79.71834552521427
ITA,MDA,850511,104172.54901960785
ITA,MDV,850511,57.93333333333333
ITA,MEX,251110,6911.158
ITA,MEX,252910,25088.884
ITA,MEX,282200,556747.864
ITA,MEX,750210,301932.209
ITA,MEX,810194,2056.604
ITA,MEX,850511,547346.4487288414
ITA,MKD,280429,31433.56975530674
ITA,MKD,280470,57726.976748435016
ITA,MKD,750210,552315.4842070137
ITA,MKD,850511,13509.038809460597
ITA,MLI,850511,203.8764705882353
ITA,MLT,252800,32.645
ITA,MLT,270112,69.501
ITA,MLT,280429,17980.73144685476
ITA,MLT,283691,1340.531
ITA,MLT,711011,295599.175
ITA,MLT,711021,81732.57507101262
ITA,MLT,740311,65541.747
ITA,MLT,750210,12262.751
ITA,MLT,810411,3155.987
ITA,MLT,810820,468.607
ITA,MLT,850511,55172.97968016462
ITA,MNE,280429,42069.293
ITA,MNE,850511,1901.6549019607844
ITA,MNG,850511,1771.5882352941176
ITA,MOZ,280429,130996.74475716377
ITA,MOZ,811292,65405.16078431372
ITA,MUS,250490,4896.858823529412
ITA,MUS,850511,565.2980392156863
ITA,MYS,280429,96097.006
ITA,MYS,283691,191843.68280679127
ITA,MYS,711011,12965.135
ITA,MYS,711021,73980.9984332529
ITA,MYS,750210,1731531.5460031773
ITA,MYS,810194,11450.346153846154
ITA,MYS,850511,20777.9344101053
ITA,NAM,280469,1164.8439763487745
ITA,NGA,260200,36195.388
ITA,NGA,810320,3541.8796461583024
ITA,NGA,811292,1530.5336150087892
ITA,NGA,850511,56864.626
ITA,NIC,850511,240.86274509803923
ITA,NLD,250490,803.0286489101995
ITA,NLD,251010,8353.105384615385
ITA,NLD,251110,8129.444955138536
ITA,NLD,252800,59468.113916248825
ITA,NLD,252910,3568.793865643114
ITA,NLD,252922,1759.2107843137255
ITA,NLD,260200,27811.25318328889
ITA,NLD,260600,54245.42549019608
ITA,NLD,270112,300469.87549019605
ITA,NLD,280429,390142.38634055114
ITA,NLD,280469,6108.6466495180375
ITA,NLD,280470,6.83142405460307
ITA,NLD,280480,3.2399999999999998
ITA,NLD,282200,6.455259356115132
ITA,NLD,283691,1012269.2060919811
ITA,NLD,283692,17908.4396120588
ITA,NLD,711011,2848325.3011375223
ITA,NLD,711021,39915447.8953904
ITA,NLD,720292,43426.9
ITA,NLD,720293,190.9941176470588
ITA,NLD,740311,115625.7319507123
ITA,NLD,750210,384060.35605714936
ITA,NLD,810194,2.4299999999999997
ITA,NLD,810320,759.1287509432025
ITA,NLD,810411,19181.686153846153
ITA,NLD,810820,14.035885725636586
ITA,NLD,811010,153.21818081783186
ITA,NLD,811292,790.8186274509803
ITA,NLD,850511,364433.2500255681
ITA,NOR,250490,5922.633883268501
ITA,NOR,251010,1560.7507692307693
ITA,NOR,280429,14998.409650240734
ITA,NOR,280480,32062.03692307692
ITA,NOR,711011,885805.0836044126
ITA,NOR,711021,779994.0398840958
ITA,NOR,810411,951342.506153846
ITA,NOR,850511,60980.73745181372
ITA,NPL,280429,1340.4759234056328
ITA,NZL,280429,2695.804
ITA,NZL,280469,18.949626545203156
ITA,NZL,850511,41859.80490196078
ITA,PAK,252910,13446.378
ITA,PAK,282200,7538.775
ITA,PAK,810411,83343.534
ITA,PAK,850511,3206.533
ITA,PER,750210,23907.357100379784
ITA,PER,810194,1222.589
ITA,PER,811292,704.4303921568627
ITA,PER,850511,53040.34411764706
ITA,PHL,280429,5570.095906790255
ITA,PHL,280469,277.39361643872724
ITA,PHL,740311,459.80392156862746
ITA,PHL,810194,619.2307692307692
ITA,PHL,850511,1247.6231156823917
ITA,PNG,850511,167.09411764705882
ITA,POL,251010,21534.615384615383
ITA,POL,251110,352574.0142217352
ITA,POL,252800,7.371
ITA,POL,252910,27342.40399477867
ITA,POL,260200,96326.57
ITA,POL,260600,73.1583439487605
ITA,POL,270112,15750.980392156862
ITA,POL,280429,3626.7002541956554
ITA,POL,280469,144044.7504375356
ITA,POL,280470,554808.298208521
ITA,POL,282200,249334.19434941595
ITA,POL,283691,154480.29247608545
ITA,POL,283692,46.24629608354101
ITA,POL,711011,131128974.83108446
ITA,POL,711021,369941138.8546837
ITA,POL,720292,469996.665
ITA,POL,740311,1888842.1325683282
ITA,POL,750210,1823915.3300868955
ITA,POL,810194,10595.349278175541
ITA,POL,810320,848325.5087948523
ITA,POL,810411,223523.55713858764
ITA,POL,811010,192716.324
ITA,POL,811292,15813.971620984377
ITA,POL,850511,829095.1549705178
ITA,PRT,250490,1591.4925906836625
ITA,PRT,260200,27647.88957586368
ITA,PRT,260600,131.09318490101117
ITA,PRT,280429,570.752
ITA,PRT,282200,749462.9883479732
ITA,PRT,283691,1686938.4771644124
ITA,PRT,283692,996.3211088264413
ITA,PRT,711021,57557062.465576
ITA,PRT,720292,37737.686274509804
ITA,PRT,740311,559302.56
ITA,PRT,750210,5125295.1457116045
ITA,PRT,810194,32529.196363563882
ITA,PRT,810820,2653.683
ITA,PRT,850511,6630491.952193027
ITA,PRY,283691,25888.31282662367
ITA,PRY,850511,6053.7058823529405
ITA,PSE,252910,4725.361764705882
ITA,PSE,850511,7259.967647058824
ITA,PYF,850511,474.3235294117647
ITA,QAT,280429,119746.372
ITA,QAT,280469,2400.951
ITA,QAT,850511,4391.213
ITA,ROU,250490,7672.09578624968
ITA,ROU,251010,487.26153846153846
ITA,ROU,251110,48903.566406548416
ITA,ROU,252800,1843.3777610743975
ITA,ROU,252910,39693.621413550645
ITA,ROU,252922,10356.290217944812
ITA,ROU,260200,379272.5549392951
ITA,ROU,260600,303895.83432229224
ITA,ROU,270112,12.637
ITA,ROU,280429,528915.1768546782
ITA,ROU,280469,76384.58529312446
ITA,ROU,283691,253212.468600966
ITA,ROU,711011,38891.192
ITA,ROU,720293,5990.627450980392
ITA,ROU,740311,1114279.2907728904
ITA,ROU,750210,3415141.8337079263
ITA,ROU,810194,2692.3754607194965
ITA,ROU,810320,3493.3691576824813
ITA,ROU,810411,105842.23794251277
ITA,ROU,810820,86448.9626738625
ITA,ROU,811010,492977.8057059239
ITA,ROU,811212,1728.0
ITA,ROU,811292,4503.889
ITA,ROU,850511,2098654.1604459947
ITA,RUS,251110,2757.934
ITA,RUS,252800,9319.48
ITA,RUS,252910,80244.412
ITA,RUS,260600,17160.48
ITA,RUS,720293,1012011.325
ITA,RUS,740311,8103.209
ITA,RUS,850511,62199.37
ITA,S19,280470,108.91028615066386
ITA,S19,283692,204596.07042906783
ITA,S19,711011,1121249.6580048352
ITA,S19,850511,2271.2254901960787
ITA,SAU,251110,15949.610475169584
ITA,SAU,252800,20945.137
ITA,SAU,270112,111439.99705882353
ITA,SAU,280429,13284.972414147365
ITA,SAU,282200,15833.639
ITA,SAU,740311,4038732.970588235
ITA,SAU,811010,857.4542664601069
ITA,SAU,811292,448.10490196078433
ITA,SAU,850511,394914.5065764264
ITA,SDN,280429,3554.039
ITA,SGP,250490,327.82450980392156
ITA,SGP,280429,3278.7297782619203
ITA,SGP,280470,89.40780311538973
ITA,SGP,283691,84371.06149667464
ITA,SGP,283692,1443.3279354199985
ITA,SGP,711011,893094.3490196079
ITA,SGP,740311,535.470588235294
ITA,SGP,811292,1733.318
ITA,SGP,850511,64402.78288795135
ITA,SLV,280429,1539.1963392247626
ITA,SLV,850511,1642.5392156862745
ITA,SRB,250490,6678.18982909394
ITA,SRB,251110,72797.84356254595
ITA,SRB,252800,894.1176470588235
ITA,SRB,260200,71884.259
ITA,SRB,260600,379105.88235294115
ITA,SRB,280429,386074.0430717602
ITA,SRB,280470,162.1895549525895
ITA,SRB,283691,44963.07
ITA,SRB,740311,7592.481
ITA,SRB,750210,4162.701
ITA,SRB,810194,18535.384615384613
ITA,SRB,811292,2698.0392156862745
ITA,SRB,850511,392730.4095517633
ITA,SVK,251110,20362.47821435323
ITA,SVK,260600,1675.6274688908093
ITA,SVK,270112,20.19381459128075
ITA,SVK,280429,154316.29950160967
ITA,SVK,280470,9359.485622813478
ITA,SVK,282200,43322.421
ITA,SVK,711011,164237.2795784875
ITA,SVK,711021,117004.53487038896
ITA,SVK,740311,30957223.506
ITA,SVK,750210,36041.50002443826
ITA,SVK,810411,1876.165772820981
ITA,SVK,850511,426402.5708541586
ITA,SVN,250490,1498.0312234106843
ITA,SVN,251110,114124.65970229106
ITA,SVN,252800,1827.6954847029317
ITA,SVN,252910,777642.2094616977
ITA,SVN,260600,63023.064237290106
ITA,SVN,270112,20497.592
ITA,SVN,280429,742182.7053987273
ITA,SVN,280469,282317.57893716067
ITA,SVN,280470,110258.6976726287
ITA,SVN,282200,792854.7813555894
ITA,SVN,283691,360142.631
ITA,SVN,720293,977451.4313725489
ITA,SVN,740311,115555.238
ITA,SVN,750210,9362433.284915332
ITA,SVN,810411,461114.199
ITA,SVN,850511,494049.16248806845
ITA,SWE,251110,6321.08299856406
ITA,SWE,252910,37061.013388688836
ITA,SWE,260200,14263.544
ITA,SWE,260600,12407.262745098038
ITA,SWE,280429,220141.19457550938
ITA,SWE,280469,841243.694
ITA,SWE,280470,305320.5753635122
ITA,SWE,282200,46238.74613353838
ITA,SWE,711011,266663.505
ITA,SWE,711021,4396755.046000811
ITA,SWE,740311,682673.525
ITA,SWE,750210,1768313.932449279
ITA,SWE,810411,280852.282
ITA,SWE,850511,514474.16692567477
ITA,SYC,850511,4848.719607843138
ITA,THA,250490,3616.772549019608
ITA,THA,252910,2505.4823529411765
ITA,THA,280429,7764.563378892421
ITA,THA,750210,3284.486274509804
ITA,THA,810820,5578.549363721902
ITA,THA,811292,95829.42908996518
ITA,THA,850511,62735.49723246626
ITA,TTO,850511,2996.85
ITA,TUN,250490,12053.49391516017
ITA,TUN,251110,2079.0519536208258
ITA,TUN,252910,5610.816530526149
ITA,TUN,252922,3004.6460784313726
ITA,TUN,280429,9723.89614772933
ITA,TUN,740311,89215.72995366764
ITA,TUN,750210,45057.251259348785
ITA,TUN,810194,2632.622
ITA,TUN,810411,6847.431147654654
ITA,TUN,810820,5265.243
ITA,TUN,850511,33059.18686697225
ITA,TUR,250490,13243.14
ITA,TUR,251010,166.15384615384616
ITA,TUR,251110,33.64896724719321
ITA,TUR,252910,9192.156862745098
ITA,TUR,260200,9082.544
ITA,TUR,260600,56879.622936460524
ITA,TUR,280429,804858.5581617332
ITA,TUR,280470,9141.003317127945
ITA,TUR,282200,1624546.6225417608
ITA,TUR,283691,157725.624
ITA,TUR,283692,19238.071887059
ITA,TUR,720293,28432.313
ITA,TUR,740311,1248823.5294117646
ITA,TUR,750210,7767309.862
ITA,TUR,810194,23430.774455773895
ITA,TUR,810820,9487.013543249053
ITA,TUR,811292,123738.57634960294
ITA,TUR,850511,943903.1607521661
ITA,TZA,850511,137.66666666666666
ITA,UGA,850511,2023.9901960784312
ITA,UKR,252910,44301.09462763049
ITA,UKR,260200,4546.011
ITA,UKR,260600,13108.255090287343
ITA,UKR,280429,4777.989046939714
ITA,UKR,280470,4026.3232637870437
ITA,UKR,850511,61114.29411764706
ITA,URY,750210,3896.5098039215686
ITA,URY,850511,2596.8627450980393
ITA,USA,260200,1211.006
ITA,USA,280429,97783.27927608791
ITA,USA,282200,150323.6862397641
ITA,USA,283692,88297.50877781975
ITA,USA,711011,152087244.53762364
ITA,USA,711021,94385824.64607213
ITA,USA,740311,4311.133648800123
ITA,USA,750210,717632.633
ITA,USA,810820,10349.48570998972
ITA,USA,811292,2835.86
ITA,USA,850511,1308046.8229977372
ITA,UZB,252910,99.01960784313725
ITA,UZB,850511,10553.921568627451
ITA,VEN,252922,5236.811
ITA,VEN,283691,20690.299
ITA,VNM,280429,17631.45611228475
ITA,VNM,711021,33449.037
ITA,VNM,810194,121363.77999999998
ITA,VNM,850511,377730.71869765804
ITA,YEM,850511,1526.921
ITA,ZAF,251110,72083.285
ITA,ZAF,280429,649.4991355345323
ITA,ZAF,280470,1038.4348445394496
ITA,ZAF,283691,54817.39556375917
ITA,ZAF,283692,148.93344908993984
ITA,ZAF,711011,3704054.4509803923
ITA,ZAF,711021,1043231.616950338
ITA,ZAF,750210,35993.202
ITA,ZAF,850511,70941.08235294117
JAM,CHN,260600,6239906.068712471
JAM,CYM,270112,713.8627450980392
JAM,CYM,280429,16218.85
JAM,SUR,251110,41186.33591056449
JAM,USA,260600,69564485.87092504
JAM,USA,850511,60.32
JOR,ARE,850511,32.94509803921569
JOR,AUS,251010,29517741.74586279
JOR,BEL,251010,2831.8307692307694
JOR,BGD,251010,20769456.276
JOR,BGR,251010,7683912.653
JOR,BRA,251010,81142432.16801283
JOR,CYP,280429,18025.775
JOR,ESP,251010,25044675.981
JOR,FRA,251010,1404.24
JOR,FRA,280469,15.825445915615468
JOR,IDN,251010,190899019.146
JOR,IND,251010,588904485.7625736
JOR,IRL,280469,3.9339458331310406
JOR,JPN,251010,5139750.689
JOR,KOR,251010,5957675.029350992
JOR,LBN,280429,43491.549
JOR,MYS,251010,234925.9729527009
JOR,NLD,270112,817.6617647058823
JOR,POL,251010,5009309.844
JOR,QAT,282200,3549.296
JOR,S19,251010,14576440.801
JOR,SAU,251010,7704.708154806901
JOR,TUR,711021,39071.746
JPN,ARE,711011,2884152.137254902
JPN,ARE,850511,23804.155237853964
JPN,ARG,750210,1343104.1964733228
JPN,ARG,850511,5509.384421985212
JPN,ARM,850511,98.62745098039215
JPN,AUS,260600,23291.827450980392
JPN,AUS,280480,2259.523504375145
JPN,AUS,810320,8508.909987075273
JPN,AUS,810820,11127.316333166753
JPN,AUS,811292,1894.7493238902832
JPN,AUS,850511,34880.12254235264
JPN,AUT,280429,1051.05826719426
JPN,AUT,282200,748.7287609857938
JPN,AUT,711011,38251.49
JPN,AUT,711021,17947266.329979584
JPN,AUT,810411,49392.332
JPN,AUT,810820,34178.21397811101
JPN,AUT,811292,5844.813193033753
JPN,AUT,850511,263273.34070813673
JPN,AZE,750210,313541.17647058825
JPN,BEL,282200,4497.155730556852
JPN,BEL,283691,277.9254901960784
JPN,BEL,711011,6556039.643137255
JPN,BEL,711021,140450.31278794337
JPN,BEL,750210,397322.64336071763
JPN,BEL,810820,465628.42080099887
JPN,BEL,811292,132254.1229147761
JPN,BEL,850511,12074.997185277996
JPN,BGD,850511,2433.494
JPN,BGR,711011,164108.91086749567
JPN,BGR,711021,63833.6
JPN,BGR,850511,1581.156862745098
JPN,BHR,850511,164.05882352941177
JPN,BIH,282200,1609.0140009850104
JPN,BIH,850511,5922.666666666666
JPN,BRA,280469,18905.729238898035
JPN,BRA,750210,2657856.024123386
JPN,BRA,850511,244413.72549019608
JPN,BTN,850511,15.581372549019608
JPN,CAN,251010,161858.48923076922
JPN,CAN,280469,261.20204830882227
JPN,CAN,280470,24172.267408006774
JPN,CAN,280480,12364.557386464905
JPN,CAN,711011,5626462.7550440375
JPN,CAN,711021,5218626.747804512
JPN,CAN,740311,4805.713725490196
JPN,CAN,750210,2219634.945098039
JPN,CAN,810820,13605.928622515947
JPN,CAN,811292,783.3764705882353
JPN,CAN,850511,96051.08137925192
JPN,CHE,280429,84703.62206268113
JPN,CHE,283692,82414.34775713226
JPN,CHE,711011,172060116.46296722
JPN,CHE,711021,40424936.03152984
JPN,CHE,750210,22171.6
JPN,CHE,810194,106.32923076923078
JPN,CHE,811292,91386.43964663331
JPN,CHE,850511,11481808.0527884
JPN,CHL,280469,109.68722664836406
JPN,CHL,850511,3815.2941176470586
JPN,CHN,250490,57627.54781439209
JPN,CHN,251110,68547.80259802967
JPN,CHN,252910,59122.16888669626
JPN,CHN,252922,175016.66666666666
JPN,CHN,260200,38761.003
JPN,CHN,280429,492775.9296122621
JPN,CHN,280469,1062456.708462773
JPN,CHN,280470,3991787.386358633
JPN,CHN,280480,3368592.4807922593
JPN,CHN,282200,313466.61541365605
JPN,CHN,283691,2442903.32159523
JPN,CHN,711011,5724181.805774558
JPN,CHN,711021,66307231.77954517
JPN,CHN,720292,209181.36693267166
JPN,CHN,720293,3401.9607843137255
JPN,CHN,740311,1815489775.5791502
JPN,CHN,750210,62595318.47183572
JPN,CHN,810194,390249.01422877883
JPN,CHN,810320,1269168.3872037092
JPN,CHN,810411,2900.681687812369
JPN,CHN,810820,38865485.70555576
JPN,CHN,811010,196998.78680966294
JPN,CHN,811292,8333200.446025602
JPN,CHN,850511,55441336.64210458
JPN,CIV,850511,28.8421568627451
JPN,COL,850511,14496.878935778503
JPN,CRI,850511,5194.1503853434415
JPN,CYP,850511,45.42745098039215
JPN,CZE,280470,248413.99983905576
JPN,CZE,711011,17574.392
JPN,CZE,750210,4644905.882352941
JPN,CZE,810320,11986962.107852126
JPN,CZE,810820,45.553340300122436
JPN,CZE,850511,1095042.9257661954
JPN,DEU,250490,277244.1019607843
JPN,DEU,252922,7872700.964705883
JPN,DEU,280429,38820.42876659221
JPN,DEU,280469,230761.09910535737
JPN,DEU,280470,323006.07369724417
JPN,DEU,280480,6776342.849230769
JPN,DEU,282200,178290.6902097561
JPN,DEU,711011,2563870.923896638
JPN,DEU,711021,10762618.981905034
JPN,DEU,740311,184916.28544227363
JPN,DEU,750210,83047451.56078431
JPN,DEU,810194,119421.87889458456
JPN,DEU,810320,9106.50232606369
JPN,DEU,810411,596296.5907692307
JPN,DEU,810820,6939737.310304663
JPN,DEU,811010,256122.79877556415
JPN,DEU,811231,13705.277307388451
JPN,DEU,811292,282179.23502927844
JPN,DEU,850511,7063135.061415569
JPN,DNK,280429,771.225585967702
JPN,DNK,711011,37795.21
JPN,DNK,810194,213.28230769230768
JPN,DNK,850511,10639.386274509805
JPN,DOM,850511,17881.380392156865
JPN,ECU,850511,773.3333333333333
JPN,EGY,750210,14827.654901960785
JPN,EGY,850511,24682.29705882353
JPN,ESP,250490,5924.038
JPN,ESP,280470,3101.609247598152
JPN,ESP,750210,4681705.545098039
JPN,ESP,810194,1722606.913323653
JPN,ESP,810820,1872157.2918671144
JPN,ESP,811292,49726.19607843137
JPN,ESP,850511,85270.72405232936
JPN,EST,810820,3115117.711013034
JPN,EST,811292,136640.711
JPN,EST,850511,69549.88235294117
JPN,FIN,270112,20.647058823529413
JPN,FIN,280470,293086.62791133684
JPN,FIN,282200,180975.937
JPN,FIN,811010,12877.801536182596
JPN,FIN,850511,20844.16764705882
JPN,FRA,250490,1951.662745098039
JPN,FRA,260200,534.9722730712219
JPN,FRA,260600,12.458823529411765
JPN,FRA,280469,5105.292283559405
JPN,FRA,280470,84400.11000095143
JPN,FRA,280480,1779588.0661401188
JPN,FRA,282200,21716.647299215438
JPN,FRA,711011,156997.4840125457
JPN,FRA,711021,5005556.859390145
JPN,FRA,740311,838.7970588235294
JPN,FRA,750210,68295.74509803922
JPN,FRA,810194,400.7446153846153
JPN,FRA,810320,553.3927121715327
JPN,FRA,810820,837362.0326499125
JPN,FRA,811010,30812.64036426615
JPN,FRA,811292,45655.4998937732
JPN,FRA,850511,1275910.8057555312
JPN,GBR,250490,95207.31862745098
JPN,GBR,252910,8750.95294117647
JPN,GBR,252922,2106.494
JPN,GBR,280469,149053.20829253516
JPN,GBR,280470,238038.83740303927
JPN,GBR,280480,1495896.8446153847
JPN,GBR,283691,1916448.9642781226
JPN,GBR,711011,28192668.32179929
JPN,GBR,711021,32820233.492488183
JPN,GBR,750210,605773.8039215687
JPN,GBR,810820,54154138.592697926
JPN,GBR,811292,149923.55351843295
JPN,GBR,850511,71166.50393398081
JPN,GTM,280429,296.60346044215055
JPN,GTM,850511,59.80392156862745
JPN,HKG,251010,4006.1515384615386
JPN,HKG,280469,33712.19725709043
JPN,HKG,282200,33404.00592634755
JPN,HKG,711011,223989485.99760944
JPN,HKG,711021,931347.2938520486
JPN,HKG,740311,1830086.65
JPN,HKG,750210,4066261.324319129
JPN,HKG,810320,3351058.673
JPN,HKG,810820,6258.643
JPN,HKG,850511,4841097.602501554
JPN,HUN,250490,7984.904
JPN,HUN,280429,78053.54222161855
JPN,HUN,280469,17407.09
JPN,HUN,850511,27427.817115782564
JPN,IDN,250490,186503.92156862744
JPN,IDN,251110,103827.2891355518
JPN,IDN,252910,8478.383666859318
JPN,IDN,270112,1479336.455
JPN,IDN,280429,14957.010028217657
JPN,IDN,280469,9230.924527627132
JPN,IDN,280470,496.30003815492387
JPN,IDN,282200,6505.560176958629
JPN,IDN,283691,230797.87256563746
JPN,IDN,283692,23177.957505140508
JPN,IDN,711011,11450.470219644998
JPN,IDN,711021,2297411.5734792673
JPN,IDN,720292,21055.746721974767
JPN,IDN,740311,347964221.6037564
JPN,IDN,750210,2017705.1545458906
JPN,IDN,810194,13391.423873839114
JPN,IDN,810320,37032370.27821885
JPN,IDN,810411,107.6923076923077
JPN,IDN,810820,9243.594554232606
JPN,IDN,811010,58856.44027875769
JPN,IDN,850511,2466912.874897406
JPN,IND,251110,418148.7416267039
JPN,IND,252910,6197.806
JPN,IND,252922,2030.447
JPN,IND,280469,155137.27501000385
JPN,IND,711011,10540.073
JPN,IND,720292,6549076.431016976
JPN,IND,740311,807242405.835324
JPN,IND,750210,58183077.912467636
JPN,IND,810194,13285.6896921295
JPN,IND,810411,9806.255843604962
JPN,IND,810820,10623.724
JPN,IND,811292,52495.037
JPN,IND,850511,2797441.6707620467
JPN,IRL,280469,334.40127356522754
JPN,IRL,711021,57969826.4478629
JPN,IRL,810820,3044241.8987407247
JPN,IRL,811010,115.67534224777738
JPN,IRL,850511,122636.80490196079
JPN,ISL,850511,76.65980392156862
JPN,ISR,810320,2223693.2339476943
JPN,ISR,850511,11827.641060694485
JPN,ITA,251110,35099.14772455985
JPN,ITA,280470,445679.1799285906
JPN,ITA,283692,1084.4111126342243
JPN,ITA,711011,574000.492
JPN,ITA,711021,409187.2047133057
JPN,ITA,750210,4193480.5122566484
JPN,ITA,810194,21998.996153846154
JPN,ITA,810820,702413.1293234535
JPN,ITA,811010,6007.9921541754875
JPN,ITA,850511,253117.24355993126
JPN,KGZ,850511,33.333333333333336
JPN,KHM,280469,152204.7472177886
JPN,KHM,850511,5716.077156134298
JPN,KOR,250490,391.1764705882353
JPN,KOR,251110,26.07794961657474
JPN,KOR,252922,5315.664
JPN,KOR,260200,4247249.653412387
JPN,KOR,280429,35713.88184107396
JPN,KOR,280469,3920.211399299388
JPN,KOR,280470,56174.352357829375
JPN,KOR,280480,11073.348157298991
JPN,KOR,282200,340452.0097179335
JPN,KOR,283691,5814868.48440072
JPN,KOR,283692,3365.5973316310856
JPN,KOR,711011,6297705.292984
JPN,KOR,711021,404585743.5131723
JPN,KOR,720292,35274.59715076066
JPN,KOR,720293,8591.922904887299
JPN,KOR,740311,414988.37622032576
JPN,KOR,750210,7145124.61266786
JPN,KOR,810194,494337.98339672573
JPN,KOR,810320,2513.511014370438
JPN,KOR,810820,671245.6592732137
JPN,KOR,811010,21810.54942102976
JPN,KOR,811292,5240833.02168105
JPN,KOR,850511,1844082.2126885392
JPN,KWT,282200,400.2877640618648
JPN,KWT,850511,304.04019607843134
JPN,LKA,252910,3399.2449086615816
JPN,LKA,810320,3117.915
JPN,LKA,850511,9784.395034973126
JPN,LUX,280469,830.3352944808856
JPN,LUX,850511,6769.856156428814
JPN,MAR,282200,1736.9788639514811
JPN,MAR,711011,680.4401960784313
JPN,MAR,850511,822.2794117647059
JPN,MEX,711011,313730.661
JPN,MEX,810194,80191.245
JPN,MEX,850511,5472100.973489045
JPN,MLT,850511,161.05490196078432
JPN,MMR,850511,15691.882352941177
JPN,MNG,850511,3172.866666666667
JPN,MUS,850511,4828.160784313725
JPN,MYS,250490,97500.65686274509
JPN,MYS,251110,147340.481
JPN,MYS,270112,13167.03494015946
JPN,MYS,280429,34412.28221338324
JPN,MYS,280469,134835.76379634906
JPN,MYS,280470,34642.48248077734
JPN,MYS,711011,5838.590196078431
JPN,MYS,711021,12475937.792365493
JPN,MYS,720292,30265.323529411766
JPN,MYS,740311,268104038.03234
JPN,MYS,750210,2066495.1105777177
JPN,MYS,810194,231650.3086216907
JPN,MYS,810820,34441.55
JPN,MYS,811010,44842.836919916095
JPN,MYS,850511,78254532.27394615
JPN,NIC,850511,9.803921568627452
JPN,NLD,251010,99.63461538461539
JPN,NLD,260600,91.88333333333334
JPN,NLD,270112,5909172.06372549
JPN,NLD,280469,2714.867
JPN,NLD,283691,104.27254901960785
JPN,NLD,283692,9.173954763536669
JPN,NLD,750210,7591344.308395662
JPN,NLD,810820,3913728.583926086
JPN,NLD,811010,270574.159
JPN,NLD,811292,34608.853
JPN,NLD,850511,7668397.7075190665
JPN,NOR,280470,227.75630443772332
JPN,NOR,282200,209.75583768689464
JPN,NOR,283691,51848.34117647058
JPN,NOR,811292,266.99999999999994
JPN,NOR,850511,36055.583333333336
JPN,NZL,280469,1391.0439937833285
JPN,NZL,711011,461519.818
JPN,NZL,720292,6636.983423527764
JPN,NZL,720293,21239.83251882572
JPN,NZL,850511,3773.4283757007042
JPN,PAK,251110,78130.03673842155
JPN,PAK,280429,2539.1607576807514
JPN,PAK,750210,888883.4156862745
JPN,PAK,850511,1710.2225490196076
JPN,PER,260600,329568.0833333333
JPN,PER,750210,54788.915686274515
JPN,PER,850511,1397.0843137254903
JPN,PHL,250490,1455.8823529411764
JPN,PHL,251110,4158.171127571902
JPN,PHL,280429,3322799.9636390856
JPN,PHL,280469,441327.6398425718
JPN,PHL,280470,1585.4028996615623
JPN,PHL,282200,63.10981874445658
JPN,PHL,711011,16488.235294117647
JPN,PHL,711021,320.27625209713
JPN,PHL,720292,10097.627216844683
JPN,PHL,740311,24239805.22325173
JPN,PHL,750210,228309.27425722222
JPN,PHL,810194,11543.846153846154
JPN,PHL,810320,353373.99661594484
JPN,PHL,810411,46.92307692307692
JPN,PHL,810820,4349.871
JPN,PHL,811010,11460.77003111309
JPN,PHL,811292,16086.226669426094
JPN,PHL,850511,325058339.67862064
JPN,PNG,810820,15.536536126110509
JPN,PNG,850511,1038.105882352941
JPN,POL,280469,4043963.389486773
JPN,POL,280480,18258.46153846154
JPN,POL,283692,1040507.4722926433
JPN,POL,750210,2717160.153504055
JPN,POL,810820,46343.88055991415
JPN,POL,811010,17020.602138017624
JPN,POL,811292,5181.3725490196075
JPN,POL,850511,107854.83117476304
JPN,PRT,850511,7366.4862745098035
JPN,PRY,850511,20289.43137254902
JPN,PYF,850511,161.14901960784314
JPN,ROU,850511,184.94117647058823
JPN,RUS,811292,80411.781
JPN,RWA,850511,370.10784313725486
JPN,S19,250490,26267.56862745098
JPN,S19,251110,7541.179408912026
JPN,S19,252910,310361.328153064
JPN,S19,260200,2996.24
JPN,S19,280429,556070.3813132072
JPN,S19,280469,757330.4090665702
JPN,S19,280470,435769.07617740793
JPN,S19,280480,14296.587617730047
JPN,S19,282200,14416.383519317274
JPN,S19,283691,183518.96103996015
JPN,S19,283692,26036.10381818261
JPN,S19,711011,10033172.504057586
JPN,S19,711021,2572543.0643237475
JPN,S19,720292,24742.46635304457
JPN,S19,720293,35595.12115490191
JPN,S19,740311,1166557979.9825528
JPN,S19,750210,34070429.02717916
JPN,S19,810194,206380.90301943503
JPN,S19,810320,26596.619492518243
JPN,S19,810820,3480304.9247904755
JPN,S19,811010,12846.212359788138
JPN,S19,811292,1331875.2560455427
JPN,S19,850511,5991566.5605424885
JPN,SAU,280470,8144.19744249949
JPN,SAU,740311,570.4578431372548
JPN,SAU,750210,1123.1372549019607
JPN,SAU,810194,216.6153846153846
JPN,SAU,850511,3905.098039215686
JPN,SGP,250490,21550.37549019608
JPN,SGP,251110,51.254106910924705
JPN,SGP,252910,4310.075490196078
JPN,SGP,280429,9506.217159751408
JPN,SGP,280469,87907.27736448318
JPN,SGP,280470,769.9689618086262
JPN,SGP,280480,4025.287694012729
JPN,SGP,711011,3333490.8700704733
JPN,SGP,740311,1876487.7309500831
JPN,SGP,750210,37110.4773666282
JPN,SGP,810194,2606.754615384615
JPN,SGP,811010,483.6514330584091
JPN,SGP,850511,107219.63578936203
JPN,SLV,810320,3523637.092016486
JPN,SRB,282200,3931.4723687757
JPN,SRB,750210,292486.2745098039
JPN,SRB,850511,135262.11491856852
JPN,SVK,810820,459895.25681053527
JPN,SVK,850511,1081195.9980392158
JPN,SVN,251110,23.332193889203776
JPN,SVN,282200,13936.356113212887
JPN,SVN,850511,33876.11372549019
JPN,SWE,250490,682787.2823529412
JPN,SWE,711011,186504.532
JPN,SWE,711021,4457.362556239054
JPN,SWE,810194,367406.11701384117
JPN,SWE,810820,2404895.3021636354
JPN,SWE,850511,22066.474607902626
JPN,SWZ,850511,38.254901960784316
JPN,THA,250490,362538.31764705887
JPN,THA,251010,28.839999999999996
JPN,THA,251110,168682.1954175549
JPN,THA,252800,8754.069977165398
JPN,THA,252910,204.85098039215686
JPN,THA,252922,5134.607843137255
JPN,THA,260600,1311902.0705882353
JPN,THA,270112,382899.30583797436
JPN,THA,280429,485430.1682955622
JPN,THA,280469,148547.80892125584
JPN,THA,282200,88149.37610077602
JPN,THA,283691,69.30196078431372
JPN,THA,711011,12311078.587366631
JPN,THA,711021,4075895.7081757244
JPN,THA,720292,1705842.9042349954
JPN,THA,720293,74360.66251521166
JPN,THA,740311,971336282.3766106
JPN,THA,750210,11010296.037817916
JPN,THA,810194,5703.546153275963
JPN,THA,810320,5983900.232352217
JPN,THA,810411,113104.257
JPN,THA,810820,15092.55545601434
JPN,THA,811010,316721.11123607424
JPN,THA,811292,62190.991
JPN,THA,850511,72692718.80330881
JPN,TUN,250490,204.22745098039218
JPN,TUN,280429,483.44022445803887
JPN,TUN,740311,23970.14901960784
JPN,TUN,850511,1855.8058823529411
JPN,TUR,280429,394342.1060120613
JPN,TUR,280480,7215.7420513161205
JPN,TUR,711011,1649815.6615194236
JPN,TUR,750210,60856532.75722654
JPN,TUR,810820,4449.042902645291
JPN,TUR,811010,243221.9377983388
JPN,TUR,811292,50847.05882352941
JPN,TUR,850511,21104.769846778276
JPN,TZA,850511,2090.1960784313724
JPN,UGA,280469,24.283616253895314
JPN,UKR,850511,104.90196078431373
JPN,USA,250490,164551.96078431373
JPN,USA,251010,215917.6923076923
JPN,USA,251110,5561.333061779858
JPN,USA,252922,1050382.3529411764
JPN,USA,280429,50337.86987124874
JPN,USA,280469,701699.3769174422
JPN,USA,280470,408809.7871976613
JPN,USA,280480,358546.59373123315
JPN,USA,282200,2906.780102445863
JPN,USA,283691,81146.26124866195
JPN,USA,711011,37323514.31535866
JPN,USA,711021,91371483.4097041
JPN,USA,720292,3560808.564596838
JPN,USA,740311,228283.33333333334
JPN,USA,750210,20222788.589427453
JPN,USA,810194,318870.76923076925
JPN,USA,810320,16315083.440248363
JPN,USA,810411,321076.92307692306
JPN,USA,810820,234725268.43814778
JPN,USA,811010,674317.1413082012
JPN,USA,811292,8576628.902067466
JPN,USA,850511,32024229.85923672
JPN,UZB,750210,368350.98039215687
JPN,UZB,850511,10824.509803921568
JPN,VCT,850511,14.422549019607843
JPN,VNM,250490,2143.866666666667
JPN,VNM,251110,86273.40815987952
JPN,VNM,252910,6836.935452176002
JPN,VNM,252922,1226.2019607843138
JPN,VNM,270112,62913.435
JPN,VNM,280429,97331.32235405002
JPN,VNM,280469,20584.298493219754
JPN,VNM,280470,14687938.85028115
JPN,VNM,282200,485223.5364575445
JPN,VNM,711011,8621024.25581194
JPN,VNM,711021,826986.0454422478
JPN,VNM,720292,180702.169
JPN,VNM,740311,177130853.69328442
JPN,VNM,750210,1295453.9460532314
JPN,VNM,810194,4680.991926221785
JPN,VNM,810820,361674.406894205
JPN,VNM,811010,256070.8988239691
JPN,VNM,850511,28670619.7573259
JPN,ZAF,260200,52.328424680777296
JPN,ZAF,280470,1541331.9914989364
JPN,ZAF,711021,2957714.0248010335
JPN,ZAF,850511,8076.268954084651
JPN,ZMB,850511,57055.1137254902
KAZ,ARE,740311,252550801.15392154
KAZ,AUS,250490,217.16
KAZ,AZE,251110,9908823.0243869
KAZ,BEL,270112,16959825.305292625
KAZ,BEL,280470,20.41155549078339
KAZ,BGR,270112,1342340.5123464593
KAZ,BHR,740311,7297830.5470588235
KAZ,BLR,251110,60564.0
KAZ,BLR,270112,6694660.0
KAZ,BLR,850511,959.3
KAZ,BRA,270112,25855317.647058822
KAZ,CAN,260200,20.003600603180807
KAZ,CHE,270112,80325442.8
KAZ,CHE,280469,23.0
KAZ,CHE,280470,11287808.863360466
KAZ,CHL,270112,89986455.6372549
KAZ,CHN,251110,426.3879621955394
KAZ,CHN,260200,2751522.078787755
KAZ,CHN,270112,4830725.277335375
KAZ,CHN,740311,2322337832.352941
KAZ,CHN,810320,106576.15622764597
KAZ,CHN,810820,30363205.06004498
KAZ,CHN,811212,13048844.11764706
KAZ,CYP,270112,30038137.8
KAZ,CZE,280470,76319125.76541214
KAZ,DEU,250490,741.1938967230576
KAZ,DEU,270112,754557767.6960784
KAZ,DEU,280470,118836514.9846344
KAZ,DEU,740311,40818490.30588236
KAZ,DEU,810320,1551875.4549618447
KAZ,DEU,811212,572700.9490196079
KAZ,DEU,811231,763945.1384615385
KAZ,DNK,280470,21909702.0
KAZ,EGY,270112,10832307.843137255
KAZ,ESP,270112,2438948082.7294116
KAZ,ESP,740311,255523721.94509804
KAZ,EST,270112,3731157.6973064807
KAZ,EST,810820,876662.1902073784
KAZ,FIN,270112,70473272.57647058
KAZ,FRA,270112,5769381.370588235
KAZ,FRA,280470,4713324.0
KAZ,FRA,810320,4614520.507174085
KAZ,FRA,810820,137673585.72382036
KAZ,GBR,270112,1416554.0935688044
KAZ,GBR,810820,8543469.55844582
KAZ,GBR,811231,990544.9169230768
KAZ,GBR,811292,253380.3411764706
KAZ,GEO,270112,556027.8846995448
KAZ,GEO,740311,74364.70588235294
KAZ,GRC,270112,1084542.0
KAZ,GRC,740311,44480464.41176471
KAZ,HRV,270112,30479001.960784312
KAZ,IDN,270112,550328458.8235294
KAZ,IND,270112,19502749.28
KAZ,IND,280470,123420339.79879163
KAZ,IND,810820,2707352.751389422
KAZ,IRL,270112,200865.9294117647
KAZ,IRN,250490,200.0
KAZ,IRN,270112,7896.3
KAZ,IRN,282200,212481.06285161414
KAZ,ITA,270112,100868739.75392157
KAZ,ITA,740311,74279414.64117648
KAZ,ITA,810820,2265156.8444627156
KAZ,JPN,280469,261396.05959346713
KAZ,JPN,280470,689225.2705185661
KAZ,JPN,810320,6685649.438600218
KAZ,KGZ,251110,36534.240052153575
KAZ,KGZ,270112,9799104.550197737
KAZ,KGZ,280429,67833.41351933095
KAZ,KGZ,850511,1116.8449272948365
KAZ,KOR,270112,89.2156862745098
KAZ,KOR,810820,37138035.438528016
KAZ,LTU,270112,4120946.294375971
KAZ,LVA,270112,42969712.30663745
KAZ,NLD,270112,5930796.239638982
KAZ,NLD,810820,409885.65719944163
KAZ,NOR,270112,15074715.429411765
KAZ,POL,270112,185096859.2405843
KAZ,POL,280470,126408507.09656852
KAZ,ROU,270112,4413708.0
KAZ,ROU,810820,1669063.7215226325
KAZ,ROU,850511,19551.098039215685
KAZ,RUS,251110,26725147.72
KAZ,RUS,260200,10707825.120000001
KAZ,RUS,260600,15350.32
KAZ,RUS,270112,109481612.66
KAZ,RUS,280469,2860704.68
KAZ,RUS,282200,4270.06
KAZ,RUS,740311,445754.92
KAZ,RUS,750210,480.48
KAZ,RUS,810320,19357818.38
KAZ,RUS,810820,6138057.46
KAZ,RUS,811212,2329695.8
KAZ,RUS,811292,221061.88
KAZ,RUS,850511,254984.44
KAZ,SAU,270112,238094.1
KAZ,SAU,740311,244669.79803921568
KAZ,SVK,270112,132650520.67941175
KAZ,SVN,270112,4009755.6
KAZ,SVN,810820,1874050.2528582038
KAZ,SWE,270112,6766094.719077692
KAZ,TJK,252800,2196.078431372549
KAZ,TKM,251110,17566076.0
KAZ,TKM,280429,71100.0
KAZ,TUR,270112,27675047.911308445
KAZ,TUR,280429,164502.36
KAZ,TUR,740311,10090596211.764706
KAZ,UKR,270112,49330962.62807625
KAZ,USA,251110,1162.88
KAZ,USA,280470,56037409.54132145
KAZ,USA,810320,22549316.72898175
KAZ,USA,810411,1685384.6153846153
KAZ,USA,810820,35331205.850808114
KAZ,USA,811231,484813.0769230769
KAZ,USA,811292,20069.607843137255
KAZ,UZB,251010,331200.0
KAZ,UZB,251110,2875994.046778591
KAZ,UZB,260200,801089.6483681179
KAZ,UZB,270112,14015717.627813691
KAZ,UZB,280429,606132.6460682147
KAZ,UZB,750210,34678.43137254902
KAZ,UZB,810320,8002.850954151459
KAZ,UZB,850511,1416.6666666666667
KEN,ARE,280429,2460.402
KEN,BDI,250490,31.617194030218716
KEN,BDI,280470,210.920419290733
KEN,BDI,282200,22055.14362963345
KEN,CHE,810820,306.767
KEN,CHN,252910,112.95812830984332
KEN,CHN,260200,15674122.588665135
KEN,CIV,251110,100037.567
KEN,COD,270112,362.222
KEN,DEU,252922,41965013.38039216
KEN,DEU,280429,428.71
KEN,DJI,280469,155.513
KEN,ETH,280429,975.85
KEN,GHA,850511,719.9529411764705
KEN,IND,260200,1064521.715457599
KEN,IND,280470,0.492
KEN,IRL,260200,7269.799
KEN,IRL,711021,3813660.867702125
KEN,IRN,260200,8365.044
KEN,MOZ,251110,129.15819588162643
KEN,NAM,280469,62.58448299773142
KEN,NLD,850511,9.291176470588235
KEN,RWA,251110,18.591054404074253
KEN,RWA,260200,9866.886721210936
KEN,RWA,270112,427.85411765251945
KEN,RWA,280429,44448.498919400125
KEN,RWA,280469,198.70792840350381
KEN,RWA,850511,769.178
KEN,SDN,260200,60524.367
KEN,SGP,260200,111829.481
KEN,TZA,251110,6109.29
KEN,TZA,280429,76958.04897505233
KEN,UGA,250490,129.7156862745098
KEN,UGA,252800,6642.217103116649
KEN,UGA,260600,54674.36380424204
KEN,UGA,280429,23496.71685834607
KEN,UGA,280469,2351.412051360244
KEN,UGA,280480,5620.916
KEN,ZAF,260200,0.4599803884325117
KGZ,CHN,270112,1609978.9646802796
KGZ,CHN,811010,88224.9961365995
KGZ,EST,260200,77952.39005630054
KGZ,HKG,260200,44000.0
KGZ,KAZ,270112,254.90196078431373
KGZ,LTU,260200,265726.8115133026
KGZ,LTU,270112,240.90336425299103
KGZ,POL,270112,2127230.6561938925
KGZ,ROU,270112,6431213.396783464
KGZ,RUS,270112,2215254.0
KGZ,RUS,280469,72626.0
KGZ,RUS,850511,7678.0
KGZ,SVK,270112,78809787.80392157
KGZ,SWE,270112,21344372.43137255
KGZ,TKM,251110,1358910.0
KGZ,TUR,811010,3575521.28292002
KGZ,UKR,270112,1797504.2156862745
KGZ,UZB,251110,123832.14020037602
KGZ,UZB,252910,11980.334462166142
KGZ,UZB,270112,35280.0
KGZ,UZB,811010,19223.33631416732
KHM,CAN,850511,346.4941176470588
KHM,CHN,850511,12.745098039215685
KHM,IDN,850511,52.94117647058823
KHM,MUS,850511,114.58823529411764
KHM,S19,811292,19684.225490196077
KHM,S19,850511,197.49999999999997
KHM,SGP,850511,15.76
KIR,CAN,850511,840.6235294117647
KOR,ARE,280429,156683.0
KOR,ARE,711011,380645.7539215686
KOR,ARE,811292,71790.13174099474
KOR,ARE,850511,20638.195250755172
KOR,ARG,720292,4883385.725490196
KOR,ARG,750210,23150.0
KOR,ARG,850511,4349.173691267022
KOR,ARM,850511,88.62745098039215
KOR,AUS,282200,221661.69340410805
KOR,AUS,720293,16015.0
KOR,AUS,811010,148910.0
KOR,AUS,850511,44274.507309231536
KOR,AUT,280469,3280.0
KOR,AUT,720292,374342.26960784313
KOR,AUT,810411,6432.0
KOR,AUT,811010,243938.07597170802
KOR,AUT,850511,112974.78297050897
KOR,BEL,280469,864.0708413689895
KOR,BEL,282200,559.7338349163143
KOR,BEL,720292,5384474.315512994
KOR,BEL,810820,18250.861530200305
KOR,BEL,850511,840.3049019607843
KOR,BGD,250490,2002.0
KOR,BGD,280429,17000.0
KOR,BGD,850511,6027.0
KOR,BGR,850511,17414.0
KOR,BHR,850511,2582.0
KOR,BOL,280429,5208.1226047374985
KOR,BOL,850511,554.781834639802
KOR,BRA,280429,44649.10456855523
KOR,BRA,711011,319519.60784313723
KOR,BRA,720292,487162.7450980392
KOR,BRA,850511,13766.948403381573
KOR,BRN,850511,78.20588235294117
KOR,CAN,260600,6.027450980392157
KOR,CAN,283691,117.50588235294117
KOR,CAN,711011,2593567.8156862743
KOR,CAN,711021,177874241.66493064
KOR,CAN,720292,7839.796078431372
KOR,CAN,740311,628584.5725490196
KOR,CAN,811292,73769.63433263582
KOR,CAN,850511,234982.65780620757
KOR,CHE,280469,1852.0
KOR,CHE,711011,8117631.958342328
KOR,CHE,711021,113862917.71877919
KOR,CHE,850511,12625.355748502481
KOR,CHL,850511,84000.0
KOR,CHN,250490,6959.0
KOR,CHN,251110,45534.03607320516
KOR,CHN,252910,47098.94033020362
KOR,CHN,260200,2226.0
KOR,CHN,280429,33439667.21388822
KOR,CHN,280469,96184.67674737293
KOR,CHN,280470,20228.0
KOR,CHN,282200,878744.639513047
KOR,CHN,283691,139085099.32439575
KOR,CHN,283692,31764.48183070111
KOR,CHN,711011,200752.44934624186
KOR,CHN,711021,887027.9225959469
KOR,CHN,720293,1157597.0
KOR,CHN,740311,1799156339.8789682
KOR,CHN,750210,15706443.95188001
KOR,CHN,810194,2363.0
KOR,CHN,810411,27706.639036842433
KOR,CHN,810820,11753.0
KOR,CHN,811010,3838854.4225792442
KOR,CHN,811292,5570409.393713713
KOR,CHN,850511,4388685.619337162
KOR,COL,280469,32087.324454427868
KOR,COL,720292,7744990.431372549
KOR,COL,850511,290.99719638554353
KOR,CRI,850511,149.98039215686273
KOR,CYP,850511,443.74885413054767
KOR,CZE,720292,1233243.137254902
KOR,CZE,740311,140886.27450980392
KOR,CZE,811010,1166265.8423320826
KOR,CZE,850511,655255.8398512717
KOR,DEU,251010,31202.0
KOR,DEU,280469,340541.1356269805
KOR,DEU,282200,247.0
KOR,DEU,711011,916498.5928917341
KOR,DEU,711021,55119947.92340397
KOR,DEU,720292,100689330.03921568
KOR,DEU,810320,480078.73387177056
KOR,DEU,810820,168493.22381828996
KOR,DEU,811292,450013.0
KOR,DEU,850511,360564.49497499375
KOR,DNK,252910,23.59607843137255
KOR,DNK,810320,50381.83899808508
KOR,DNK,850511,4405.952941176471
KOR,ECU,740311,5049.607843137255
KOR,ECU,850511,252.00570083082582
KOR,EGY,850511,3938.453986808304
KOR,ESP,250490,1468.156862745098
KOR,ESP,280429,916.0
KOR,ESP,282200,618.282964053534
KOR,ESP,711021,62172346.05533592
KOR,ESP,720292,6557726.129411765
KOR,ESP,810820,494.48910118121245
KOR,ESP,811010,446869.6805799718
KOR,ESP,811292,10848.627450980392
KOR,ESP,850511,8724.961529672792
KOR,EST,850511,11742.666666666666
KOR,ETH,280469,52389.003911577754
KOR,FIN,282200,99.0
KOR,FIN,720292,6061539.94117647
KOR,FIN,850511,4378.9709823248595
KOR,FJI,252922,3377.0735294117644
KOR,FRA,250490,328.0450980392157
KOR,FRA,260200,87.82986187324066
KOR,FRA,280429,413189.70992473705
KOR,FRA,280469,19751.8937152355
KOR,FRA,282200,1183.665952220437
KOR,FRA,720292,3557212.9666666663
KOR,FRA,740311,58.13333333333333
KOR,FRA,810320,58.04739431660583
KOR,FRA,810820,933639.5414402097
KOR,FRA,811010,1157629.682852246
KOR,FRA,811292,149647.22510072746
KOR,FRA,850511,116121.78218099744
KOR,GBR,251110,537881.6150681864
KOR,GBR,282200,5143.0
KOR,GBR,711011,16636470.379510488
KOR,GBR,711021,341486228.8344384
KOR,GBR,720292,2625410.7725490197
KOR,GBR,750210,232436.4549019608
KOR,GBR,810194,9292.56923076923
KOR,GBR,811292,24404.74208920077
KOR,GBR,850511,79996.30869545072
KOR,GRC,850511,59.09074635029311
KOR,GTM,850511,1230.4536607867794
KOR,GUM,850511,27.0
KOR,HKG,280429,10016283.0
KOR,HKG,280469,1894.0
KOR,HKG,711011,23067595.890455034
KOR,HKG,711021,41372049.62534787
KOR,HKG,811010,2103774.0
KOR,HKG,811292,168288.97137190204
KOR,HKG,850511,572332.6072043092
KOR,HUN,283691,1321059.6111985978
KOR,HUN,850511,408463.1420743205
KOR,IDN,250490,17671.113844041032
KOR,IDN,251110,4722.789153562837
KOR,IDN,252910,1174679.6239184043
KOR,IDN,260600,84960.67506261593
KOR,IDN,280469,53837.060754640304
KOR,IDN,283691,941.0
KOR,IDN,720292,106326.29714643791
KOR,IDN,720293,61591.0
KOR,IDN,740311,62570503.86417513
KOR,IDN,750210,462399.58751400147
KOR,IDN,810194,12365.432776865224
KOR,IDN,811212,51950.98039215686
KOR,IDN,811292,71860.0
KOR,IDN,850511,158899.5862033721
KOR,IND,250490,562.0
KOR,IND,251110,1319.0
KOR,IND,260200,20312.958287877354
KOR,IND,280429,924686.6199965823
KOR,IND,280469,599010.9631387658
KOR,IND,720292,14010326.010232035
KOR,IND,720293,560029.3715686274
KOR,IND,750210,14519058.895006333
KOR,IND,810194,150.0
KOR,IND,811292,2789.0
KOR,IND,850511,1232967.0043148934
KOR,IRL,270112,249.84117647058824
KOR,IRL,280429,5720.8776141276785
KOR,IRL,711021,9578713.872745546
KOR,IRL,850511,1560.4406445422812
KOR,IRN,252800,16267.64705882353
KOR,IRN,750210,500687.2549019608
KOR,IRQ,280429,25546.0
KOR,ISR,280469,200.0
KOR,ISR,740311,1817.63710179008
KOR,ISR,750210,3232.9795601975243
KOR,ISR,850511,90196.07843137255
KOR,ITA,252910,16.0
KOR,ITA,282200,341882.9283974417
KOR,ITA,711021,12955137.320501471
KOR,ITA,720292,695036.6596357622
KOR,ITA,811231,1400.0
KOR,ITA,850511,310602.5308721605
KOR,JPN,251110,97667.70690177687
KOR,JPN,252800,3462.0
KOR,JPN,252910,2066654.7236662926
KOR,JPN,280429,22681905.61780077
KOR,JPN,280469,1735692.848757004
KOR,JPN,283691,15464817.0
KOR,JPN,711011,33661669.09413896
KOR,JPN,711021,53944469.31162324
KOR,JPN,720292,3994126.2153912787
KOR,JPN,720293,144844.04501760183
KOR,JPN,740311,6305302.176794924
KOR,JPN,750210,7561503.664638996
KOR,JPN,810194,423.0
KOR,JPN,810320,6607.0
KOR,JPN,810411,459.0
KOR,JPN,810820,650.0
KOR,JPN,811010,8686132.874513976
KOR,JPN,811231,10914.0
KOR,JPN,811292,15521460.485015348
KOR,JPN,850511,1789163.0648710344
KOR,KAZ,280429,42056.12665135808
KOR,KEN,850511,30.0
KOR,KHM,280469,672.4693731847933
KOR,KHM,810194,153.84615384615384
KOR,KWT,850511,31652.842362922773
KOR,LAO,280469,5483.614144225775
KOR,LAO,282200,17763.867414816315
KOR,LBN,850511,1050.0
KOR,LKA,850511,24.23921568627451
KOR,LUX,720292,373291.2862745098
KOR,MAR,810411,84550.1523076923
KOR,MAR,850511,71.69117647058823
KOR,MDA,280429,34011.831023070285
KOR,MEX,280429,2160.0
KOR,MEX,280469,36542.0
KOR,MEX,750210,95745.0
KOR,MEX,850511,4882781.073552709
KOR,MLT,850511,239.5176470588235
KOR,MMR,280480,3540.307692307692
KOR,MMR,810194,12000.0
KOR,MNG,280429,1975.0
KOR,MOZ,280429,1598.0
KOR,MOZ,850511,47.0
KOR,MUS,850511,299.0
KOR,MYS,250490,45.0
KOR,MYS,252910,23227.415529407965
KOR,MYS,280429,2594.0
KOR,MYS,280469,1703256.8537948572
KOR,MYS,280480,24.0
KOR,MYS,282200,1775.3616887650219
KOR,MYS,283691,2183362.3175680097
KOR,MYS,283692,38.0
KOR,MYS,740311,297944218.74848497
KOR,MYS,750210,77935.03333333333
KOR,MYS,810194,171157.42846153845
KOR,MYS,850511,16943.12109359518
KOR,NIC,850511,16.225490196078432
KOR,NLD,260200,116188.08640817607
KOR,NLD,280429,4721.0
KOR,NLD,720292,26963377.78896652
KOR,NLD,750210,9813765.916666666
KOR,NLD,810820,58861.863988033125
KOR,NLD,811010,799977.6705869155
KOR,NLD,811292,487981.0
KOR,NLD,850511,81141.56675775263
KOR,NOR,711021,2977790.3754206435
KOR,NOR,720292,776777.5
KOR,NOR,740311,212.3686274509804
KOR,NOR,850511,522.5901168986255
KOR,NZL,280429,280.0
KOR,NZL,850511,42907.39775843861
KOR,OMN,280429,23.0
KOR,PAK,251110,290.5378015749839
KOR,PAK,280469,9226.94735199777
KOR,PAK,720292,20440.0
KOR,PAK,750210,49368.69125324105
KOR,PAK,810411,3529.43
KOR,PAN,850511,5789.0
KOR,PER,850511,10605.520026386048
KOR,PHL,280429,59602.83421891587
KOR,PHL,280469,18537.73905412747
KOR,PHL,283691,62212.74509803922
KOR,PHL,711011,6071.56862745098
KOR,PHL,740311,74061.25079402066
KOR,PHL,750210,295123.3274000467
KOR,PHL,810194,169.23076923076923
KOR,PHL,811292,6377.471759143534
KOR,PHL,850511,1028921.1257357642
KOR,POL,251110,280.96887651406337
KOR,POL,720292,3781330.3921568627
KOR,POL,850511,279020.7726817703
KOR,PRT,850511,431.8588235294117
KOR,QAT,280429,3479564.0
KOR,QAT,850511,8373.0
KOR,ROU,850511,14094.723162574535
KOR,RUS,283691,765.0
KOR,S19,250490,24.0
KOR,S19,280429,1654542.220128188
KOR,S19,280469,704821.0
KOR,S19,280470,8469.0
KOR,S19,280480,114.0
KOR,S19,282200,16831.258468945816
KOR,S19,283691,2167.0
KOR,S19,283692,603.0
KOR,S19,711011,182.0
KOR,S19,720292,2046901.32649024
KOR,S19,740311,29143832.37528012
KOR,S19,750210,4377.881674692618
KOR,S19,810194,1173062.4076923076
KOR,S19,810820,3670.9117274868045
KOR,S19,811010,833.0
KOR,S19,811292,12349.688137653238
KOR,S19,850511,377489.83786855964
KOR,SAU,251110,73852.224689199
KOR,SAU,252910,295226.12278684514
KOR,SAU,740311,2168.8892156862744
KOR,SAU,850511,5666.901917184811
KOR,SGP,280429,18348766.113581058
KOR,SGP,280469,43158.65380380415
KOR,SGP,280480,48.0
KOR,SGP,711021,4825771.838007507
KOR,SGP,720292,640409.620096633
KOR,SGP,740311,5515979.800332402
KOR,SGP,750210,215354.41960784313
KOR,SGP,811010,70.0
KOR,SGP,811231,237.0
KOR,SGP,811292,19443.54978372386
KOR,SGP,850511,45743.719034969574
KOR,SLV,850511,86.08310884341327
KOR,SRB,720292,66564.70588235294
KOR,SRB,850511,1686.2745098039215
KOR,SVK,720292,3024644.7372549023
KOR,SVK,850511,16286.773567632785
KOR,SVN,720292,3742505.056862745
KOR,SVN,810411,1676.0
KOR,SVN,850511,9195.355377327058
KOR,SWE,280429,8488.90421549057
KOR,SWE,282200,185706.83489940886
KOR,SWE,850511,2195.4844897468256
KOR,THA,250490,23.0
KOR,THA,252800,13925.0
KOR,THA,260600,42.75686274509804
KOR,THA,280429,50383.04347821284
KOR,THA,280469,117372.0
KOR,THA,280480,1289.0
KOR,THA,282200,369846.3131538435
KOR,THA,283691,1409.0
KOR,THA,283692,174.0
KOR,THA,720292,1062171.8421354936
KOR,THA,740311,327386930.36333543
KOR,THA,850511,211423.70296139648
KOR,TTO,280429,151.94585497354709
KOR,TUR,251110,29935.0
KOR,TUR,252910,1467125.9770933704
KOR,TUR,252922,1615.686274509804
KOR,TUR,280469,13.0
KOR,TUR,720292,24249843.1372549
KOR,TUR,750210,2014152.472022539
KOR,TUR,811292,259589.1855859293
KOR,TUR,850511,80346.38586007446
KOR,UKR,720292,1263725.7058823528
KOR,UKR,850511,2902.8570707706385
KOR,USA,251010,23850.0
KOR,USA,251110,260.0
KOR,USA,280429,6212816.488720981
KOR,USA,280469,56224.56491268409
KOR,USA,280480,12744.615384615385
KOR,USA,282200,69388.29103538167
KOR,USA,283691,5.0
KOR,USA,283692,5.0
KOR,USA,711011,39443887.806365944
KOR,USA,711021,143749618.77403602
KOR,USA,740311,73979.41176470587
KOR,USA,750210,5108400.0
KOR,USA,810411,32641.613537780613
KOR,USA,810820,111779.56562933918
KOR,USA,811010,18357.081710335922
KOR,USA,811231,5799.0
KOR,USA,811292,9382776.827674469
KOR,USA,850511,8892753.001982184
KOR,UZB,251110,4599.805323791466
KOR,UZB,282200,4900.0
KOR,UZB,850511,1728.5877076953918
KOR,VNM,250490,129320.70034613449
KOR,VNM,251110,180866.2457915541
KOR,VNM,252800,3089.0
KOR,VNM,252910,800754.8727432694
KOR,VNM,260200,2549.0
KOR,VNM,280429,311702.86175649334
KOR,VNM,280469,87800.29429833894
KOR,VNM,280470,59228.72194744128
KOR,VNM,282200,1096128.5686115357
KOR,VNM,283691,62892.69472355838
KOR,VNM,283692,41807.53431693661
KOR,VNM,711011,20.0
KOR,VNM,720292,1133303.8620443232
KOR,VNM,740311,319247419.8114206
KOR,VNM,750210,6305071.284584043
KOR,VNM,810194,12393.720174241053
KOR,VNM,810411,276218.2187698963
KOR,VNM,810820,75960.32624817276
KOR,VNM,811010,8204.847554643346
KOR,VNM,811231,2948.0
KOR,VNM,811292,8013.166648067529
KOR,VNM,850511,12470029.186275262
KOR,ZAF,260200,1037084.2937183738
KOR,ZAF,711011,1785619.6274509805
KOR,ZAF,850511,570.2305971239955
KOR,ZWE,811010,165122.0
KWT,ARE,251110,4000.196
KWT,ARE,260600,653093.16
KWT,ARE,280429,373600.14988365554
KWT,BHR,280429,19873.915842595576
KWT,BHR,850511,88.168
KWT,CZE,280469,295890.2601422712
KWT,DEU,850511,1515.176
KWT,EGY,280429,104566.746
KWT,IND,260600,259016.747
KWT,IRQ,280429,7412.607
KWT,JOR,280429,1760.5756245617652
KWT,JPN,280429,372075.05426020076
KWT,PAK,260600,13061.863
KWT,PAK,280429,408.4610161306743
KWT,QAT,251110,1358773.5830541274
KWT,QAT,740311,97.964
KWT,S19,280429,354081.6051388538
KWT,SAU,280429,5932.855158225435
KWT,THA,850511,63.698039215686265
LAO,CHN,251110,3013686.756865653
LAO,CHN,260200,11031.98866027483
LAO,CHN,270112,57255.92
LAO,CHN,280469,107500.32919589407
LAO,CHN,740311,63214600.0
LAO,CZE,260200,170671.57576372547
LAO,JPN,280469,26238102.07815271
LAO,KWT,251110,3739954.2529106117
LAO,MYS,251110,654996.6234888586
LAO,MYS,740311,11018063.411764706
LAO,SAU,251110,2568327.3510608585
LAO,THA,251110,6445533.733912316
LAO,THA,270112,25098.074509803922
LAO,THA,280469,96073549.12001167
LAO,THA,740311,205808412.3807678
LAO,USA,280469,2025890.8048666879
LAO,VNM,251110,364416.43187962053
LBN,AGO,251010,512.3369230769231
LBN,AGO,251110,508.19166514186526
LBN,ARE,850511,19.815686274509805
LBN,ARG,850511,258.80392156862746
LBN,BEL,811292,114.77450980392156
LBN,CHE,711011,1296280.874509804
LBN,CHE,711021,4989897.44811509
LBN,CHN,251010,4080286.1538461535
LBN,CIV,270112,19000.0
LBN,CIV,280469,482.88251116442996
LBN,CIV,810320,1323.0
LBN,COD,251010,617.6553846153846
LBN,COD,282200,4068.0824786459457
LBN,CYP,850511,4.129411764705882
LBN,GRC,251010,44196408.87846154
LBN,IND,251010,21264217.19076923
LBN,MOZ,850511,454.1490196078432
LBN,NLD,270112,450.1264705882353
LBN,SYR,280429,165970.0
LBN,SYR,850511,1013.0
LBN,TUR,280469,5507.0
LBN,TUR,711011,325670.5882352941
LBN,TUR,810411,8260.0
LBR,ZAF,250490,75.52549019607844
LBY,IND,280469,15125.052251709178
LKA,AUS,250490,175967.36862745095
LKA,CAN,250490,1259.4274509803922
LKA,CHE,711011,113.892
LKA,CHE,850511,0.347
LKA,CHN,250490,7339.288150090116
LKA,COL,850511,1185.7254901960785
LKA,DEU,250490,404.80707599587
LKA,ESP,850511,5263.835294117647
LKA,FJI,850511,49.43333333333333
LKA,IND,250490,6144.94797859122
LKA,IND,260600,15836.304901960784
LKA,IND,280429,40.45612660274267
LKA,IND,850511,22789.339215686276
LKA,JPN,250490,425302.3529411765
LKA,MDV,252800,62.29509803921568
LKA,MDV,280429,6951.347976321739
LKA,MDV,280469,1825.9103237318832
LKA,MDV,810820,2049.699119585851
LKA,MDV,850511,66.93736447113375
LKA,USA,250490,543142.1568627451
LKA,VNM,280469,604.649
LSO,ZAF,280429,79.664
LTU,ARE,850511,740.0
LTU,ARM,850511,2096.0
LTU,AUS,850511,32006.0
LTU,AZE,850511,213.8609610487069
LTU,BEL,711021,42890.161537166554
LTU,BEL,850511,208.0
LTU,BGR,810820,2536.671919617543
LTU,BGR,850511,215.0
LTU,BLR,251110,1820.0
LTU,BLR,252800,42345.0
LTU,BLR,280429,21347.0
LTU,BLR,750210,61998.0
LTU,BLR,850511,1396.0
LTU,CAN,850511,465.25914070625413
LTU,CHE,711011,7853686.31372549
LTU,CHE,711021,18922421.934796497
LTU,CHE,850511,48905.39456325209
LTU,CHL,850511,80.85226026025057
LTU,CHN,850511,41318.0
LTU,CZE,850511,12.0
LTU,DEU,280469,737730.994116583
LTU,DEU,711011,21057595.88235294
LTU,DEU,711021,47126739.87637046
LTU,DEU,811292,90197.34318731209
LTU,DEU,850511,3494.977709891742
LTU,DNK,280429,327.45119599741196
LTU,DNK,750210,371.22941176470584
LTU,DNK,850511,129.3868914703512
LTU,ESP,850511,2716.8950277009662
LTU,EST,260200,1438.0
LTU,EST,270112,37524.20737879429
LTU,EST,280429,221.28179219828863
LTU,EST,280469,6096.682056112579
LTU,EST,283691,4791.0
LTU,EST,810194,1385.2923076923078
LTU,EST,850511,14402.525533390777
LTU,FIN,850511,2464.6656084232063
LTU,FRA,850511,6614.515609266708
LTU,GBR,850511,40606.94331998148
LTU,GEO,850511,1403.0
LTU,GNQ,850511,505.0
LTU,GRC,850511,1273.12091861199
LTU,HKG,850511,8793.0
LTU,HRV,850511,125.99456684196599
LTU,HUN,850511,428.8975045949326
LTU,IND,850511,49816.291537157966
LTU,IRL,270112,145971.12352941177
LTU,IRL,850511,99.0
LTU,ISL,850511,379.5833333333333
LTU,ISR,282200,6030.0
LTU,ISR,850511,147.0
LTU,ITA,711011,1598.155882352941
LTU,ITA,850511,200324.99389171152
LTU,JPN,850511,41646.0
LTU,KAZ,251110,5488.0
LTU,KAZ,252910,8243.0
LTU,KAZ,260600,9834.0
LTU,KAZ,720293,742826.0
LTU,KAZ,740311,2116.0
LTU,KAZ,811292,725.0
LTU,KAZ,850511,21221.0
LTU,KGZ,850511,4482.0
LTU,KOR,850511,2246.2926619399595
LTU,LVA,250490,5467.5921568627455
LTU,LVA,251110,2304.0
LTU,LVA,260200,98661.0
LTU,LVA,270112,119205.0
LTU,LVA,280429,234048.22491656334
LTU,LVA,283691,46727.854533690246
LTU,LVA,711021,22562.235330374075
LTU,LVA,811292,94604.0
LTU,LVA,850511,95556.68176127433
LTU,NAM,850511,5974.96862745098
LTU,NLD,250490,5.161764705882352
LTU,NLD,251010,4782.460769230769
LTU,NLD,251110,3577.947684517469
LTU,NLD,252800,493.4872549019608
LTU,NLD,252910,1344.185294117647
LTU,NLD,252922,255.00294117647059
LTU,NLD,260200,623.344120033292
LTU,NLD,260600,1224.427450980392
LTU,NLD,270112,12226.720588235294
LTU,NLD,280429,7305.007600458615
LTU,NLD,280469,2434.2410624786958
LTU,NLD,280470,0.8539280068253837
LTU,NLD,282200,2415.351759645374
LTU,NLD,283691,6694.085294117646
LTU,NLD,283692,166.0564222069911
LTU,NLD,711011,344.821568627451
LTU,NLD,711021,4380.507526454292
LTU,NLD,720292,5591.481372549019
LTU,NLD,720293,46.457843137254905
LTU,NLD,740311,3547.328431372549
LTU,NLD,750210,36081.36960784314
LTU,NLD,810320,1163.228411047445
LTU,NLD,810411,1720.519230769231
LTU,NLD,810820,22.985456293103447
LTU,NLD,811010,26.3817405987763
LTU,NLD,811292,456.3205882352941
LTU,NLD,850511,1035950.6788262762
LTU,NOR,850511,7686.257220933535
LTU,NZL,850511,3313.4269101534915
LTU,PER,850511,4754.1882352941175
LTU,POL,251010,200669.23076923075
LTU,POL,270112,4244163.961414843
LTU,POL,750210,59523.529411764706
LTU,POL,850511,9260.31949542665
LTU,PYF,850511,22.0
LTU,ROU,810820,1316612.4787920353
LTU,ROU,850511,1905.0758351117493
LTU,RUS,252800,74840.0
LTU,RUS,280429,25512.0
LTU,RUS,283691,162815.0
LTU,RUS,720293,155314.0
LTU,RUS,740311,5511.0
LTU,RUS,850511,260683.0
LTU,S19,850511,4350.0
LTU,SAU,850511,6410.71862745098
LTU,SGP,850511,1010.3990819661518
LTU,SRB,850511,185.0
LTU,SVK,270112,386927.0
LTU,SVK,850511,117.0
LTU,SVN,280429,1591.0277939370285
LTU,SVN,850511,329.3928275428198
LTU,SWE,280429,443.0
LTU,SWE,850511,10420.846310320263
LTU,TJK,850511,5.83708783660589
LTU,TUR,850511,425.0
LTU,UKR,260200,1998.0
LTU,UKR,850511,178.91359241793074
LTU,URY,850511,1435.8823529411764
LTU,USA,720292,818618.0
LTU,USA,850511,52261.17987920086
LTU,UZB,252910,326.0
LTU,UZB,282200,114256.03934401333
LTU,UZB,750210,253654.0
LTU,UZB,850511,457.8458997536286
LTU,ZWE,850511,29.705882352941178
LUX,AUT,251010,59.13307692307693
LUX,AUT,252800,48120.1931372549
LUX,AUT,260600,5818417.854901961
LUX,AUT,280469,5230.422887325018
LUX,AUT,750210,12361693.474509804
LUX,AUT,810820,318427.0789434342
LUX,AUT,850511,1538.3231190723322
LUX,BEL,252800,5134241.500980392
LUX,BEL,252910,127490.4398620476
LUX,BEL,260200,0.424
LUX,BEL,260600,5321.159669977822
LUX,BEL,280429,35020.33151453166
LUX,BEL,280480,12453.710769230769
LUX,BEL,720292,830613.5098039216
LUX,BEL,750210,7796376.090196078
LUX,BEL,810411,18886.094615384613
LUX,BEL,850511,35289.3113688726
LUX,BGR,280480,25169.29846153846
LUX,BGR,811010,751266.6225670656
LUX,BGR,850511,399.232
LUX,CAN,850511,84.16
LUX,CHE,711011,266658.75294117647
LUX,CHE,711021,615474.9112241166
LUX,CHE,750210,601158.7411764705
LUX,CHE,850511,2598.441639381912
LUX,CHN,260600,42.208
LUX,CMR,260600,21.064
LUX,COL,280429,30526.81841641724
LUX,COL,850511,304.3921568627451
LUX,CYP,850511,2780.048
LUX,CZE,850511,16715.248
LUX,DEU,252800,2906723.7176470584
LUX,DEU,260600,1097972.3450980391
LUX,DEU,711011,112488.8343126666
LUX,DEU,711021,546693.3231854127
LUX,DEU,720292,5910200.0784313725
LUX,DEU,740311,236297721.81960785
LUX,DEU,750210,260881549.05882353
LUX,DEU,810194,1685493.376
LUX,DEU,810411,29667837.23076923
LUX,DEU,810820,233299.34448564664
LUX,DEU,811292,32480.650980392158
LUX,DEU,850511,31506.9526140766
LUX,DNK,280429,2967.697144870826
LUX,DNK,750210,1708370.2215686273
LUX,DNK,850511,12771.714037145395
LUX,EGY,280429,376.6259032663094
LUX,ESP,260600,544333.2235294118
LUX,ESP,740311,251702442.19607842
LUX,ESP,850511,3686.94501686127
LUX,EST,850511,2175.176
LUX,FIN,280469,2942.7278450271365
LUX,FIN,850511,22656.552
LUX,FRA,252800,3185516.499042696
LUX,FRA,260600,119956.67843137255
LUX,FRA,280429,3347.3027421114452
LUX,FRA,280469,1735610.9868629905
LUX,FRA,711021,4562943.25511861
LUX,FRA,720292,4567543.188235294
LUX,FRA,720293,909450.0078431373
LUX,FRA,750210,142659401.1294118
LUX,FRA,810194,293082.728
LUX,FRA,810411,2269735.7523076925
LUX,FRA,850511,151185.61656766714
LUX,GBR,252910,1490.864
LUX,GBR,810411,260792.87384615382
LUX,GBR,850511,5399.104
LUX,GRC,850511,829.2666652750263
LUX,HRV,850511,1667.190651566232
LUX,HUN,260600,26160.78431372549
LUX,HUN,850511,2235.408
LUX,IDN,850511,37219.624
LUX,IND,252922,3166504.0029411763
LUX,IND,750210,878471.9784313724
LUX,IND,850511,3108.936
LUX,IRL,850511,1055.9530021432693
LUX,ISR,811010,71304.60587711187
LUX,ITA,252800,13454.245098039215
LUX,ITA,260600,12314.47450980392
LUX,ITA,280429,108.90713179254661
LUX,ITA,750210,611465.075490196
LUX,ITA,810411,385446.58
LUX,ITA,810820,121536.6943789796
LUX,ITA,811010,155501.5691754104
LUX,ITA,811292,145849.3
LUX,ITA,850511,9684.318138448001
LUX,JPN,850511,6300.6
LUX,KEN,252800,1988.1098039215688
LUX,LBN,850511,4856.664
LUX,LVA,850511,1037.888
LUX,MAR,850511,2829.92
LUX,MEX,252800,1249015.248
LUX,MUS,850511,353.744
LUX,NCL,850511,6171.704
LUX,NLD,251010,647.2199999999999
LUX,NLD,251110,2463.548568862206
LUX,NLD,252800,415823.09411764704
LUX,NLD,252910,324.17352941176466
LUX,NLD,252922,108.40196078431372
LUX,NLD,260200,151.86516447273067
LUX,NLD,260600,276.68333333333334
LUX,NLD,270112,2913.43431372549
LUX,NLD,280429,39380.03302500213
LUX,NLD,280469,195.72314505067462
LUX,NLD,282200,186.18126171542312
LUX,NLD,283691,508.97352941176473
LUX,NLD,283692,14.679198842433935
LUX,NLD,711011,80.52745098039216
LUX,NLD,711021,409.4670833336334
LUX,NLD,720292,369.5990196078431
LUX,NLD,720293,2.064705882352941
LUX,NLD,740311,520.3303921568627
LUX,NLD,750210,1109531.070084084
LUX,NLD,810320,149.13224583736314
LUX,NLD,810411,184.68846153846152
LUX,NLD,810820,83.9472139497423
LUX,NLD,811010,2.0292905402324
LUX,NLD,811292,4.129411764705882
LUX,NLD,850511,48264.36525022213
LUX,NOR,850511,57.624
LUX,NZL,850511,1724.392
LUX,OMN,252800,33690.302941176466
LUX,OMN,280429,32114.617720714126
LUX,OMN,850511,744.5372549019608
LUX,POL,260600,17290.19607843137
LUX,POL,850511,10049.792
LUX,PRT,720292,913212.1490196078
LUX,PRT,850511,1713.1612501324294
LUX,QAT,850511,17021.07549019608
LUX,ROU,850511,1679.1221964255678
LUX,SRB,850511,1597.096
LUX,SVK,850511,1076.3562966374325
LUX,SVN,750210,12027590.250980392
LUX,SVN,850511,3946.744
LUX,SWE,250490,6591.360784313725
LUX,SWE,260600,540879.1921568627
LUX,SWE,850511,3165.04
LUX,TUR,850511,6163.704
LUX,USA,750210,67821.56862745098
LUX,USA,810194,126736.92307692308
LUX,USA,811292,176470.58823529413
LUX,USA,850511,5021.44
LUX,UZB,850511,1.9607843137254901
LUX,VNM,850511,2633.3823529411766
LVA,ARE,850511,690.6258905553518
LVA,ARG,850511,1492.2941176470588
LVA,ARM,850511,155.852
LVA,AUS,850511,51829.90588235294
LVA,AUT,252800,991019.852
LVA,AUT,260200,143429.436
LVA,AUT,720292,2919207.4254382635
LVA,AUT,850511,5099.026470588235
LVA,BEL,270112,437880.15
LVA,BGR,850511,3656.184
LVA,BLR,850511,1482.692
LVA,CAN,850511,84731.2431372549
LVA,CHE,850511,152256.75294117647
LVA,CHN,850511,120615.6862745098
LVA,CZE,850511,13847.05882352941
LVA,DEU,252800,52125.908
LVA,DEU,711011,2498967.349019608
LVA,DEU,711021,34883649.10126871
LVA,DEU,720292,2140376.1
LVA,DEU,810411,278.004
LVA,DEU,810820,131811.71815443822
LVA,DEU,850511,17509.20373933041
LVA,DNK,280429,834.3035804448253
LVA,DNK,750210,20977.11176470588
LVA,DNK,850511,109.516
LVA,ECU,850511,766.8627450980392
LVA,ESP,283691,634.470588235294
LVA,ESP,850511,164.274
LVA,EST,250490,105.304
LVA,EST,280429,1702926.6143746595
LVA,EST,283691,12864.044
LVA,EST,720292,2706113.439069093
LVA,EST,850511,152363.04486967536
LVA,FIN,252800,168174.32808775813
LVA,FIN,280429,8327.508
LVA,FIN,850511,9596.474597844865
LVA,FRA,850511,73054.47941176471
LVA,GBR,282200,9035.156
LVA,GBR,850511,358176.368627451
LVA,GEO,850511,114.59905064236177
LVA,GRC,850511,3546.668
LVA,HKG,850511,6486.78
LVA,HRV,850511,222.54901960784312
LVA,IDN,850511,18337.254901960783
LVA,IND,280470,26827258.72547097
LVA,IND,850511,248.52
LVA,IRL,270112,13922.954901960784
LVA,IRL,850511,5105.220588235294
LVA,ISR,850511,248.52
LVA,ITA,711021,5595.062698717902
LVA,ITA,850511,3192.844
LVA,JPN,850511,49452.72156862745
LVA,KAZ,850511,147.428
LVA,KEN,850511,399.9980392156863
LVA,KOR,850511,49896.078431372545
LVA,LBN,850511,585.2941176470588
LVA,LTU,260600,551568.2227077719
LVA,LTU,270112,786251.1720564734
LVA,LTU,280429,1621134.571130954
LVA,LTU,283691,316.92658589167644
LVA,LTU,720292,453584.3137254902
LVA,LTU,811010,326.6521809775801
LVA,LTU,811292,50172.063468259024
LVA,LTU,850511,84952.24957706276
LVA,LUX,252800,40373.884
LVA,MDA,850511,299.064
LVA,NLD,250490,1.0323529411764705
LVA,NLD,251010,719.3130769230769
LVA,NLD,251110,472.15810229170927
LVA,NLD,252800,6221.246078431373
LVA,NLD,252910,27843.845098039215
LVA,NLD,252922,198.22058823529412
LVA,NLD,260200,10217.675387255465
LVA,NLD,260600,20866.88137254902
LVA,NLD,270112,6623.882352941176
LVA,NLD,280429,7316.308777703027
LVA,NLD,280469,447.50688619394765
LVA,NLD,282200,493.48057898138563
LVA,NLD,283691,1531.05
LVA,NLD,283692,77.06470489680908
LVA,NLD,711011,109.4343137254902
LVA,NLD,711021,811.0221222459583
LVA,NLD,720292,6718748.4736577645
LVA,NLD,720293,5.161764705882352
LVA,NLD,740311,1344.185294117647
LVA,NLD,750210,4663.353921568628
LVA,NLD,810320,336.7492599176551
LVA,NLD,810411,324.01461538461535
LVA,NLD,810820,45.97091258620689
LVA,NLD,811010,4.0585810804648
LVA,NLD,811292,10.323529411764705
LVA,NLD,850511,8503.88431372549
LVA,NOR,252800,127600.008
LVA,NOR,280429,31812.7506972715
LVA,NOR,850511,38612.14744657045
LVA,NZL,850511,4860.986274509804
LVA,PER,850511,1305.1215686274509
LVA,PHL,850511,849.0196078431372
LVA,POL,252800,581788.308
LVA,POL,270112,736161.024
LVA,POL,280429,395537.57340444217
LVA,POL,850511,397026.94777678594
LVA,PYF,850511,1299.8352941176472
LVA,RUS,280429,26570.524
LVA,RUS,850511,35673.076
LVA,S19,850511,2005.9846478297504
LVA,SGP,850511,10599.898039215686
LVA,SVK,850511,636.8884160643528
LVA,SVN,850511,12703.98
LVA,SWE,252800,272444.74
LVA,SWE,270112,46.336
LVA,SWE,280429,11697.496949662267
LVA,SWE,810820,110043.58
LVA,SWE,850511,4858.132315862714
LVA,SYC,850511,98.25490196078431
LVA,TKM,850511,126.364
LVA,TTO,850511,527.521568627451
LVA,TUR,280469,239188.35600036834
LVA,TUR,720292,122345.09803921568
LVA,TUR,850511,19896.931264513518
LVA,UKR,720292,106858.82352941176
LVA,UKR,850511,597.5686274509803
LVA,URY,850511,1502.9019607843138
LVA,USA,720292,1491562.9175943136
LVA,USA,811292,43048.03921568627
LVA,USA,850511,1150425.4901960783
LVA,ZAF,850511,1365.2235294117647
MAC,CAN,811010,1076594.931397507
MAC,GBR,251110,2276435.333339425
MAC,GHA,251110,2150470.0980545743
MAC,HKG,850511,2661.9774509803924
MAC,LVA,850511,1238.8823529411766
MAC,POL,251110,137.11954153231235
MAC,S19,850511,32.911764705882355
MAR,AGO,251110,4707672.869940506
MAR,ARG,251110,26726162.234726936
MAR,ARG,260200,179.90134618079753
MAR,AUS,251010,16449281.126033254
MAR,AUT,251010,23923465.924309857
MAR,AUT,251110,97351.83127042213
MAR,AUT,260200,19.85173557536297
MAR,AZE,260200,472.4224809065059
MAR,BEL,251010,5634012.157881686
MAR,BEL,251110,141020.06240523752
MAR,BEL,260200,5.019
MAR,BEL,270112,114.19313725490196
MAR,BGD,251010,13570153.459
MAR,BGR,251010,9758145.979
MAR,BLR,251010,8960727.227
MAR,BRA,251010,51916635.57398665
MAR,BRA,260200,84.83244868632389
MAR,CAN,251110,2210132.8409997146
MAR,CAN,260200,41.22819943378882
MAR,CAN,810820,87.691
MAR,CAN,850511,578.4941176470588
MAR,CHN,251110,574.5561157458242
MAR,CHN,260200,8808120.468708089
MAR,CHN,850511,9.65851908308948
MAR,CIV,251110,530793.945
MAR,CIV,850511,21.357
MAR,CMR,251010,270.288
MAR,CMR,251110,946378.9118694629
MAR,COD,850511,176.15392156862745
MAR,COG,251110,607109.1654140146
MAR,COG,850511,124.795
MAR,COL,251110,6524838.393212211
MAR,CYP,251010,8912390.494
MAR,CYP,251110,280529.011
MAR,CZE,260200,49128.68224327341
MAR,DEU,251110,501792.2559982245
MAR,DEU,252922,24132071.25490196
MAR,DEU,260200,3494736.0006221063
MAR,ECU,251110,5872.748
MAR,EGY,251110,1945732.196
MAR,ESP,251010,64608136.6937019
MAR,ESP,251110,18644931.14422035
MAR,ESP,252910,53498092.51916341
MAR,ESP,260200,125763.90097935943
MAR,ESP,850511,18541.913725490194
MAR,FIN,251010,6678111.663
MAR,FRA,251010,61.90461538461538
MAR,FRA,251110,1773386.9421038572
MAR,FRA,252910,112.11764705882352
MAR,FRA,260200,209326.84297369124
MAR,FRA,810820,1400.7029220664313
MAR,FRA,850511,80886.05
MAR,GAB,251110,459348.4967733874
MAR,GBR,251010,84029.448
MAR,GBR,251110,324728.24537716614
MAR,GBR,252922,437624.3137254902
MAR,GHA,251110,2410994.5209753574
MAR,GIN,850511,67.318
MAR,GUY,251110,1039208.243
MAR,IDN,251010,52405850.904
MAR,IND,251010,66745549.101224296
MAR,IND,252922,508959.0338865464
MAR,IND,260200,21107.39805215381
MAR,ISR,251010,788563.726
MAR,ITA,251010,3368769.672906296
MAR,ITA,251110,1373737.7970932906
MAR,ITA,252922,3702393.3836458055
MAR,ITA,260200,10819.246264840076
MAR,JPN,251010,7033832.232
MAR,KOR,260200,47.12913815906882
MAR,LBN,251010,12736651.955
MAR,LBY,251110,48482.085
MAR,LTU,251010,21289928.94
MAR,MEX,251010,256924373.864
MAR,MEX,251110,10705890.579558052
MAR,MLI,260200,179.72319803855623
MAR,MRT,250490,3567.977
MAR,MRT,251110,325589.96
MAR,MRT,270112,30996.10490196078
MAR,MRT,283691,2530.992156862745
MAR,MRT,850511,1027.5676470588235
MAR,NAM,251110,356823.9949562901
MAR,NAM,260200,13800703.892
MAR,NER,251110,369388.6269522383
MAR,NER,260200,719836.776
MAR,NGA,251110,297115.0600497701
MAR,NLD,251010,2851869.729141779
MAR,NLD,251110,7204567.058624621
MAR,NLD,252922,1360387.5812196443
MAR,NLD,260200,45030.57248146295
MAR,NLD,270112,771.2029411764705
MAR,NLD,810820,51.96782003113343
MAR,NOR,251010,107382209.825
MAR,NOR,251110,7327186.411736312
MAR,NZL,251010,82261658.60525516
MAR,PAK,251010,71277409.4086187
MAR,PER,251010,45309800.848415
MAR,PER,260200,121.39429148736627
MAR,PHL,251010,8170865.537
MAR,POL,251010,72109336.671
MAR,PRT,251010,3701454.354
MAR,PRT,251110,2185076.951803467
MAR,PRT,850511,1054.729411764706
MAR,S19,251010,3034078.7846153844
MAR,SAU,251010,8539684.391857026
MAR,SEN,251110,542266.2195615446
MAR,SVN,251010,1973815.353
MAR,SYR,252910,423787.711
MAR,TGO,251110,116043.442
MAR,TTO,251110,4450757.4730222905
MAR,TUN,251110,1299391.0451673006
MAR,TUN,252922,1279220.143094291
MAR,TUR,251010,88823259.487
MAR,TUR,251110,6078341.7691394035
MAR,TUR,260200,663.578265279689
MAR,TUR,280429,43264.019
MAR,USA,251010,110.702
MAR,USA,251110,32195844.356354084
MAR,USA,260200,47275.23848736194
MAR,ZAF,251010,231.88045301772613
MAR,ZAF,251110,84657.34160507872
MDA,BEL,850511,572.0
MDA,CAN,850511,524.0
MDA,DEU,740311,813741.2050092733
MDA,ESP,850511,236.0
MDA,FRA,850511,456.7725490196078
MDA,NLD,850511,87.98008609805255
MDA,ROU,280429,215339.63336864894
MDA,ROU,850511,105635.87417225698
MDA,SAU,850511,29377.77745098039
MDA,TUR,850511,124.0
MDA,UKR,850511,5344.0
MDG,AUS,250490,693.072
MDG,AUS,750210,643820.4470588235
MDG,BEL,750210,68932490.04431158
MDG,CHN,250490,48449.43
MDG,CHN,251010,316562.94662820833
MDG,CHN,252910,56190.81551433034
MDG,CHN,260200,964013.8328916845
MDG,CHN,750210,1733941031.383824
MDG,CHN,811212,296512.384
MDG,DEU,250490,207.69599477390324
MDG,DEU,750210,96739322.06666666
MDG,DEU,850511,9882.886274509803
MDG,DNK,750210,26662120.98744479
MDG,FIN,750210,11892654.84
MDG,FRA,750210,13846918.756332109
MDG,FRA,850511,2555.5177920489614
MDG,IND,250490,1481512.1166666665
MDG,ITA,750210,35296510.12794369
MDG,JPN,750210,1096967152.0846705
MDG,KOR,750210,855285586.5660106
MDG,NLD,250490,156.92450980392155
MDG,NLD,750210,123671171.19266175
MDG,S19,750210,285128522.9630955
MDG,SRB,750210,802658.8235294118
MDG,SWE,750210,58633234.07040862
MDG,TUR,250490,156.86274509803923
MDG,USA,750210,161377515.1713988
MDG,ZAF,250490,590.2475043780851
MDG,ZAF,260200,77.592
MEX,ARE,850511,2038.0225490196078
MEX,ARG,252922,451.5490196078431
MEX,ARG,283692,68826.44124590664
MEX,ARG,850511,728837.450980392
MEX,AUS,850511,8956.259803921568
MEX,AUT,252922,291.1372549019608
MEX,AUT,850511,276.68333333333334
MEX,AZE,252922,120294.43137254902
MEX,BEL,282200,8141.759891131982
MEX,BEL,740311,592163.3921568628
MEX,BEL,810411,354600.77307692304
MEX,BEL,850511,2.003921568627451
MEX,BGR,252910,44192.29019607843
MEX,BGR,850511,2011.2313725490196
MEX,BIH,850511,24427.215686274507
MEX,BLZ,850511,558.3137254901961
MEX,BOL,280469,184.92907762581817
MEX,BOL,850511,3882.3529411764707
MEX,BRA,252922,586201.5405882753
MEX,BRA,260200,1349467.4645638813
MEX,BRA,283692,1924390.7821186504
MEX,BRA,810194,293792.3076923077
MEX,BRA,850511,56003.92156862745
MEX,BRB,850511,183.33333333333334
MEX,CAN,252922,6328024.538235294
MEX,CAN,260200,3192.263895721631
MEX,CAN,280469,20.09189049437677
MEX,CAN,283692,1123627.3559667962
MEX,CAN,740311,8147625.098039215
MEX,CAN,810820,37.91556357646858
MEX,CAN,850511,14088.843031917722
MEX,CHE,850511,38400.9294117647
MEX,CHL,252922,10783.372549019608
MEX,CHL,270112,45119.10588235294
MEX,CHL,280429,7215.806061069194
MEX,CHL,720293,140909.568627451
MEX,CHL,850511,5844.718534065706
MEX,CHN,252922,3995439.215686274
MEX,CHN,260200,717.3054827810275
MEX,CHN,283692,7446219.419693854
MEX,CHN,740311,121428175.49019608
MEX,CHN,850511,694.6280606960668
MEX,COD,850511,665.5617647058824
MEX,COL,251110,2831425.7287905826
MEX,COL,252910,1703740.549019608
MEX,COL,252922,2394885.725490196
MEX,COL,270112,4598.745098039216
MEX,COL,280429,62149.19635145712
MEX,COL,280480,50531.93846153846
MEX,COL,850511,111256.7616034267
MEX,CRI,250490,635.4019607843137
MEX,CRI,850511,7505.615271945833
MEX,CUB,251110,1614682.6062736365
MEX,CUB,280429,8588.523951428022
MEX,CUB,850511,2293.71568627451
MEX,CZE,850511,74988.23529411765
MEX,DEU,251110,105137.74601634857
MEX,DEU,252910,12532.164705882353
MEX,DEU,252922,720313.111764706
MEX,DEU,850511,13464.753127927906
MEX,DNK,850511,3736.6401960784315
MEX,DOM,251010,71140.57846153845
MEX,DOM,283692,30946.45891402026
MEX,DOM,850511,30798.70980392157
MEX,ECU,251110,715461.1660934457
MEX,ECU,252910,147.45098039215688
MEX,ECU,252922,130898.431372549
MEX,ECU,810194,2144.0
MEX,ECU,850511,51392.199502869335
MEX,EGY,252922,137708.9343137255
MEX,EGY,260200,248443.84202296456
MEX,ESP,251110,2550506.7806141204
MEX,ESP,252922,6780.807843137255
MEX,ESP,260200,559621.1290362234
MEX,ESP,282200,602.6635361125952
MEX,ESP,283692,867361.8875394106
MEX,ESP,850511,14668.68137254902
MEX,EST,850511,5834.666666666666
MEX,FIN,850511,1086.0862745098038
MEX,FRA,250490,8.305882352941175
MEX,FRA,251010,19.547692307692305
MEX,FRA,252922,3438.2470588235296
MEX,FRA,260200,239.54044277280957
MEX,FRA,280470,3.4351747738958456
MEX,FRA,850511,39859.6
MEX,GAB,280429,131.84999485931363
MEX,GBR,251110,174594.74630477082
MEX,GBR,252922,6601.513725490196
MEX,GBR,850511,210635.66274509803
MEX,GEO,850511,531.9019607843137
MEX,GHA,251110,500081.3040688758
MEX,GTM,250490,1108.8235294117646
MEX,GTM,251010,7306.923076923076
MEX,GTM,252910,1.9607843137254901
MEX,GTM,260200,102289.08146044298
MEX,GTM,280429,100739.804268332
MEX,GTM,720292,145980.39215686274
MEX,GTM,750210,965.6862745098039
MEX,GTM,811010,665.8308467714095
MEX,GTM,850511,20059.57075993719
MEX,HND,850511,5198.0
MEX,HUN,850511,89733.33333333333
MEX,IDN,252922,27358.823529411766
MEX,IDN,283692,192365.54717843272
MEX,IDN,850511,1321.5686274509803
MEX,IND,283692,4439759.970140887
MEX,IND,811292,108673.9588235294
MEX,IND,850511,8658.454901960784
MEX,IRL,850511,25403.25
MEX,ISR,850511,3921.5686274509803
MEX,ITA,251110,322401.553990172
MEX,ITA,252922,37092582.87843137
MEX,JAM,280469,463.0231829949462
MEX,JPN,280469,3892.2517980083435
MEX,JPN,283692,686233.5140659508
MEX,JPN,850511,3384.8235294117644
MEX,KOR,283692,1292606.7412992155
MEX,KOR,850511,4612.745098039216
MEX,KWT,850511,406.4539215686275
MEX,LTU,850511,634.313725490196
MEX,MAR,850511,6185.042156862745
MEX,MKD,850511,14713.666666666666
MEX,MYS,260600,101018.9588235294
MEX,MYS,850511,8976.858823529412
MEX,NAM,850511,3576.1254901960783
MEX,NER,251110,1486246.9252228627
MEX,NIC,280429,969.3664542358363
MEX,NIC,280469,37510.27625728093
MEX,NIC,850511,2599.810830707239
MEX,NLD,250490,166.21666666666667
MEX,NLD,251110,1798047.778393086
MEX,NLD,252922,48522.8294117647
MEX,NLD,260200,159.80642425253373
MEX,NLD,260600,2.064705882352941
MEX,NLD,850511,12090.44411764706
MEX,NZL,280429,2250.521685553039
MEX,NZL,850511,1853.6392156862744
MEX,PAN,251110,11855.37238536735
MEX,PAN,252800,208.8235294117647
MEX,PAN,280429,5547.655513401539
MEX,PAN,283692,37042.564922702004
MEX,PAN,850511,2123.0016269994244
MEX,PER,252922,219965.95980392158
MEX,PER,260200,413622.28297372523
MEX,PER,260600,19519.607843137255
MEX,PER,280429,8419.64633180805
MEX,PER,283692,593253.8664229686
MEX,PER,850511,3939.0890737783902
MEX,PHL,280429,3543.630816861483
MEX,PHL,850511,25.49019607843137
MEX,POL,252922,63228.43137254902
MEX,POL,850511,820.5882352941177
MEX,PRT,252910,66.43921568627451
MEX,ROU,850511,1115.8823529411766
MEX,S19,252922,33377.598039215685
MEX,S19,283692,404633.5840986977
MEX,S19,850511,987.5
MEX,SAU,252922,44281.56764705882
MEX,SAU,810820,716.9592778440125
MEX,SAU,850511,1800.5225490196078
MEX,SGP,250490,69.68921568627451
MEX,SGP,850511,26597.87843137255
MEX,SLV,810194,51.661538461538456
MEX,SLV,850511,11897.345806511512
MEX,SRB,850511,11686.274509803921
MEX,SVK,850511,165.1843137254902
MEX,SVN,252922,111810.26666666666
MEX,SVN,850511,5165.287254901961
MEX,SWE,850511,2326.362745098039
MEX,THA,740311,42363303.23137254
MEX,TJK,850511,321.5686274509804
MEX,TUN,252922,27192374.371568628
MEX,TUR,252922,2121960.7843137253
MEX,TUR,283692,20.90929860635138
MEX,TUR,740311,980.3921568627451
MEX,TUR,850511,583184.3137254902
MEX,TZA,850511,374.88235294117646
MEX,UKR,252922,144394.45098039214
MEX,UKR,850511,528.5294117647059
MEX,URY,280429,52529.95586160707
MEX,URY,850511,2004.4313725490194
MEX,USA,250490,117718.62745098039
MEX,USA,251110,36995845.45068617
MEX,USA,252910,1794471.4106266869
MEX,USA,252922,81770903.80963854
MEX,USA,260200,17151866.546716895
MEX,USA,260600,7352.941176470588
MEX,USA,270112,1402641.1764705882
MEX,USA,280429,91932.48725781521
MEX,USA,280469,90066.06471521665
MEX,USA,282200,121737.81376728063
MEX,USA,283692,2190282.3437205534
MEX,USA,711011,26571.56862745098
MEX,USA,740311,674758576.4705882
MEX,USA,750210,79068.62745098039
MEX,USA,810320,1608100.6734840327
MEX,USA,811010,227341.24577859987
MEX,USA,850511,16037199.544875586
MEX,VNM,283692,1981680.3436143475
MEX,VNM,740311,40882840.705882356
MEX,ZAF,850511,17551.78823529412
MHL,NGA,280469,156150.80590550412
MHL,USA,810411,279230.76923076925
MKD,BGR,252910,620008.9137785062
MKD,COG,810320,699.98
MKD,DEU,850511,571.86
MKD,DNK,850511,46.68
MKD,GRC,252910,330535.1930382716
MKD,HRV,252910,151096.96342659675
MKD,ITA,280429,200774.68553213644
MKD,MLT,850511,37.16470588235294
MKD,POL,252910,236103.29369871176
MKD,SRB,252910,3278517.60855414
MKD,SRB,280429,25876.32
MKD,SRB,740311,939781.8634878334
MKD,SRB,850511,742.16
MKD,SUR,252910,4972.82
MKD,SVN,252910,236286.89405037652
MKD,TUR,740311,15487251.951778091
MKD,TUR,850511,465.62
MLI,CHN,260200,4493654.926449446
MLI,DEU,750210,260409.968627451
MLI,DEU,850511,8512.572549019607
MLI,ZAF,250490,312.65490196078434
MLI,ZAF,252800,1606.667
MLT,ARE,280429,678710.904
MLT,COD,280429,473252.692
MLT,COG,280429,35092.28109532271
MLT,EGY,850511,71.608
MLT,GBR,750210,2681164.3251448153
MLT,GHA,280429,27816.484928595084
MLT,GNQ,280429,936050.716
MLT,ISR,280429,92851.77858420229
MLT,ITA,850511,1942.978431372549
MLT,LBY,252800,25273.168
MLT,LBY,280429,149322.296
MLT,LBY,850511,930.896
MLT,NLD,251010,2.4299999999999997
MLT,NLD,252910,1.0323529411764705
MLT,NLD,260200,0.9925396496299893
MLT,NLD,260600,2.064705882352941
MLT,NLD,270112,1.0323529411764705
MLT,NLD,280429,768.5151767140563
MLT,NLD,280469,0.9834864582827602
MLT,NLD,282200,2.0018570620506826
MLT,NLD,283691,8.258823529411764
MLT,NLD,711011,2.064705882352941
MLT,NLD,711021,4.945027763317857
MLT,NLD,720292,10.323529411764705
MLT,NLD,720293,3.0970588235294114
MLT,NLD,740311,1011.7529411764706
MLT,NLD,750210,17.550980392156863
MLT,NLD,810411,2.4299999999999997
MLT,NLD,850511,9183.203921568627
MLT,TUN,280429,176693.6632747408
MLT,USA,850511,12729.252
MLT,ZAF,850511,32.84705882352941
MMR,ARE,850511,283.8666666666666
MMR,AUS,740311,22.4
MMR,AUT,811010,1087366.4084757878
MMR,AUT,850511,597.7598039215686
MMR,BEL,811010,8206609.71596772
MMR,BRA,811010,518652.35878652
MMR,CHN,252910,283.3333333333333
MMR,CHN,252922,2345107.843137255
MMR,CHN,260200,61720023.36212889
MMR,ESP,811010,34611730.86664367
MMR,FRA,811010,2649048.316763828
MMR,FRA,850511,32098.62745098039
MMR,HKG,252922,12000.0
MMR,HKG,740311,1034572.24
MMR,ITA,811010,187181.2718617045
MMR,JPN,252922,28400.0
MMR,KOR,740311,3444.0
MMR,KOR,811010,6877440.048059276
MMR,MYS,740311,22.4
MMR,POL,811010,12697.037724901395
MMR,S19,811010,421710.34567417094
MMR,SGP,251010,313.01153846153846
MMR,SGP,280429,87.04628595482679
MMR,THA,260200,2811540.3404345303
MMR,THA,811010,6226788.452555229
MMR,TUR,811010,2785034.5678633377
MMR,USA,811010,1087605.299140567
MNE,ALB,251110,18681.784
MNE,ALB,252800,574870.824
MNE,ALB,810411,305354.312
MNE,BEL,850511,246.7718637877763
MNE,BIH,260600,11238155.797970256
MNE,BIH,810411,71883.79756679155
MNE,CHN,260600,42376710.54744335
MNE,CZE,260600,1292411.0346007112
MNE,ESP,260600,208.472
MNE,GRC,260600,4962741.509803921
MNE,NLD,260200,30.77061430405604
MNE,NLD,270112,1707.5901960784313
MNE,POL,260600,2476253.090051061
MNE,SRB,260600,9368929.34919552
MNE,SRB,850511,1801.8
MNE,SVN,260600,6325.254901960784
MNE,TUR,252910,8808.688
MNE,TUR,720292,20360.78431372549
MNE,USA,260600,1.936
MNG,ARE,850511,597.9794117647058
MNG,AUS,270112,10.0
MNG,CHN,252922,8857871.595
MNG,CHN,260200,441367.2628905416
MNG,CHN,270112,5972208119.302081
MNG,CHN,740311,82548535.1564403
MNG,DEU,270112,20559.560510976877
MNG,HKG,270112,7835390.071
MNG,JPN,252922,27026.400980392158
MNG,KAZ,850511,10050.0
MNG,KOR,252922,870566.6666666666
MNG,KOR,270112,149921485.747
MNG,POL,252922,1095172.5490196077
MNG,RUS,270112,953.591
MNG,S19,252922,17906.715686274507
MNG,SGP,270112,337137407.759
MNG,USA,850511,3565.6862745098038
MOZ,ARE,260200,219841.52
MOZ,ARE,270112,1623652.1656862744
MOZ,BEL,270112,401491.51960784313
MOZ,BGR,740311,62348337.56862745
MOZ,CHN,250490,2796565.6
MOZ,CHN,260200,37438.979995025584
MOZ,CHN,270112,59931843.1372549
MOZ,CHN,810820,99424.24
MOZ,DEU,250490,3152435.2
MOZ,DEU,270112,112290305.15294117
MOZ,FIN,270112,8882456.935294116
MOZ,GBR,270112,43917013.91372549
MOZ,GHA,850511,91102.4
MOZ,IDN,260200,5064698.899284856
MOZ,IND,250490,40.32
MOZ,IND,260200,68131.47334591037
MOZ,IND,270112,115056172.64509805
MOZ,IND,850511,8610.88
MOZ,JPN,250490,40.32
MOZ,JPN,270112,55628421.99411765
MOZ,KOR,270112,537278836.2745098
MOZ,MUS,252800,116785.2
MOZ,NLD,270112,32106025.95098039
MOZ,OMN,740311,1023083.1980392156
MOZ,PAK,270112,130343058.64313725
MOZ,POL,270112,103856312.74509804
MOZ,S19,740311,872788.0980392157
MOZ,SEN,270112,7779122.096078431
MOZ,SVK,270112,1043275934.0156863
MOZ,THA,850511,14512.0
MOZ,TUR,270112,246195184.31372547
MOZ,VNM,270112,113173180.88235293
MOZ,ZAF,250490,77.60357161601885
MOZ,ZMB,252800,927843.44
MOZ,ZMB,260200,424719.6190118059
MOZ,ZWE,260600,2746033.5635900823
MOZ,ZWE,280470,381138.64
MRT,CHN,260200,285125.34671027435
MRT,GBR,280429,719506.527
MRT,SEN,251110,618827.32
MUS,ARE,850511,236.836
MUS,CYP,850511,16.517647058823528
MUS,FRA,280429,71558.385281568
MUS,FRA,850511,16137.01506110224
MUS,KEN,850511,455.108
MUS,LBN,850511,113.348
MUS,MDG,280429,1748746.1844844716
MUS,MDG,850511,1165.16
MUS,MOZ,252800,1226609.7490196077
MUS,OMN,850511,7419.872549019608
MUS,POL,850511,21.56862745098039
MUS,SWZ,850511,3.6862745098039214
MUS,SYC,280429,991.1487302683813
MUS,SYC,850511,4147.369087264741
MUS,ZAF,850511,2890.448
MWI,CHN,252910,167.64705882352942
MWI,ZAF,250490,91.10980392156863
MWI,ZAF,251010,1.342
MYS,ARE,280429,154242.72
MYS,ARE,280469,258280.92727834967
MYS,ARE,750210,12326805.940196078
MYS,ARE,850511,70110.44998029209
MYS,ARG,280469,180293.01772796776
MYS,AUS,251010,584419.9107692307
MYS,AUS,251110,4544.342
MYS,AUS,280429,165174.27850772045
MYS,AUS,280469,500104.8627651983
MYS,AUS,850511,62188.21449845556
MYS,AUT,280469,753999.1424983151
MYS,AUT,850511,69557.48288798064
MYS,BEL,280469,86164.81116746004
MYS,BEL,750210,431473.1028604109
MYS,BEL,850511,781.806862745098
MYS,BGD,252800,157481.018
MYS,BGD,252910,4045735.236
MYS,BGD,740311,41697129.054
MYS,BHR,280469,358232.91941746435
MYS,BIH,280469,100291.85816032234
MYS,BRA,280469,370366.24322248704
MYS,BRA,850511,60337.25490196078
MYS,BRN,250490,4.266666666666667
MYS,BRN,270112,4.266666666666667
MYS,BRN,280429,84012.29317420177
MYS,BRN,280469,9774.894577336854
MYS,BRN,282200,1421.3888547124861
MYS,BRN,711011,34.12549019607843
MYS,BRN,850511,3788.0313725490196
MYS,CAN,280469,24206472.044034217
MYS,CAN,850511,300129.7362745098
MYS,CHE,250490,110.87843137254902
MYS,CHE,280469,172619.1222680466
MYS,CHE,711011,3201317.7215686273
MYS,CHE,711021,5481273.396900532
MYS,CHE,750210,4405104.592
MYS,CHE,850511,10748846.450230608
MYS,CHN,251110,7.571017630618473
MYS,CHN,252800,1858499.874
MYS,CHN,252910,57460.37020349007
MYS,CHN,260200,58156471.19071869
MYS,CHN,260600,21397876.243482497
MYS,CHN,280429,651886.8810232806
MYS,CHN,280469,13023.178
MYS,CHN,283691,1521695.908
MYS,CHN,283692,14281.050948137994
MYS,CHN,740311,1442049.0067115186
MYS,CHN,750210,155968047.016
MYS,CHN,810820,539389.86
MYS,CHN,850511,12129824.177257825
MYS,CIV,280469,109.67134889927497
MYS,CIV,850511,53488.90072289842
MYS,COL,850511,12818.509803921568
MYS,CRI,850511,337.79411764705884
MYS,CZE,280469,3317694.899544496
MYS,CZE,850511,1043.1372549019607
MYS,DEU,280469,36661625.57681355
MYS,DEU,750210,365.41960784313727
MYS,DEU,850511,17379653.999607146
MYS,DNK,850511,858.9460784313725
MYS,EGY,280429,113.83621298384182
MYS,EGY,850511,4267.7920659486745
MYS,ESP,252910,3249.3333333333335
MYS,ESP,280469,19639027.859347276
MYS,ESP,850511,8506.980392156864
MYS,EST,810820,226548.668
MYS,FIN,850511,1276.0470588235294
MYS,FRA,260200,447.14241119798135
MYS,FRA,280469,1100587.4580296746
MYS,FRA,850511,3355.2
MYS,GBR,280429,160837.924
MYS,GBR,280469,407277.4109112862
MYS,GBR,850511,28902.00417309361
MYS,HKG,711011,477582.254
MYS,HKG,711021,260160.16597122527
MYS,HKG,850511,6315563.975741938
MYS,HRV,280469,624175.936
MYS,HUN,850511,690486.2745098039
MYS,IDN,250490,3399.168
MYS,IDN,251110,4458.488160253101
MYS,IDN,252800,2546888.4855112783
MYS,IDN,252910,784090.3877197044
MYS,IDN,260200,2927527.4799680645
MYS,IDN,280429,3949927.199279168
MYS,IDN,280469,1536621.0538145984
MYS,IDN,740311,150662.74509803922
MYS,IDN,750210,1555919.4850088647
MYS,IDN,810194,8583.354
MYS,IDN,850511,310591.0151885035
MYS,IND,251110,2996.8206386344027
MYS,IND,252910,32620.537952263825
MYS,IND,252922,6813.4119494988445
MYS,IND,260600,16379.951960784312
MYS,IND,280429,7232.322
MYS,IND,280469,52152840.3781495
MYS,IND,280470,149060.83473655724
MYS,IND,720292,41854.06862745098
MYS,IND,740311,850022.502
MYS,IND,750210,43353231.11886236
MYS,IND,810820,12653097.68
MYS,IND,850511,744286.7962490743
MYS,IRL,850511,32415.115893073693
MYS,IRN,850511,1176.4705882352941
MYS,ISL,280469,435809.9044155536
MYS,ITA,750210,1573971.896012526
MYS,ITA,850511,5105.220588235294
MYS,JAM,750210,3332659.686
MYS,JPN,252910,1249885.441506886
MYS,JPN,270112,26207.224
MYS,JPN,280429,81578.35379476073
MYS,JPN,280469,17753083.22649477
MYS,JPN,711021,443394.5886992967
MYS,JPN,740311,89858.926
MYS,JPN,750210,436188.29
MYS,JPN,850511,45543828.91404679
MYS,KAZ,850511,5589.088
MYS,KHM,251110,323.9554321723527
MYS,KHM,850511,244.88235294117646
MYS,KOR,252910,12326.470588235294
MYS,KOR,270112,91.17647058823529
MYS,KOR,280469,77297.37622028173
MYS,KOR,750210,37949.851446759625
MYS,KOR,810194,2807.95
MYS,KOR,811292,226395.0980392157
MYS,KOR,850511,145741.6931650314
MYS,LAO,810194,23799.632
MYS,LKA,252800,75292.49
MYS,LKA,252910,1035.4941176470588
MYS,LKA,850511,138.5735294117647
MYS,MAR,280469,5351.221736380019
MYS,MAR,850511,5526.794117647059
MYS,MDV,850511,269.43529411764706
MYS,MEX,750210,1404136.486
MYS,MEX,850511,189816.23945769464
MYS,MLT,280429,26973.402
MYS,MLT,850511,82.5921568627451
MYS,MMR,252800,514714.988
MYS,MMR,252910,122327.7894001734
MYS,MMR,850511,1887093.3333333333
MYS,NGA,280469,276335.578
MYS,NLD,260200,280.9019170039715
MYS,NLD,280469,45954576.7925334
MYS,NLD,750210,32134443.94061185
MYS,NLD,850511,16172.993807644123
MYS,NOR,280469,2113424.208227299
MYS,NZL,850511,533847.58
MYS,PAK,250490,2444.050980392157
MYS,PAK,740311,10150832.57
MYS,PHL,252910,22514.590650792168
MYS,PHL,270112,9134.584
MYS,PHL,280429,322972.4880419094
MYS,PHL,280469,89925.35442806406
MYS,PHL,282200,156925.25190735288
MYS,PHL,750210,1365608.186
MYS,PHL,850511,4444646.8275827905
MYS,PNG,250490,51.8156862745098
MYS,PNG,280429,17366.626297542465
MYS,PNG,280469,655.5119371576501
MYS,PNG,280470,293719.1110846781
MYS,PNG,850511,4116.871568627451
MYS,POL,280469,11585293.613205738
MYS,POL,850511,256808.82352941175
MYS,PRT,850511,72909.14509803921
MYS,QAT,280429,56030.22013041022
MYS,ROU,280469,308195.966
MYS,ROU,850511,642428.4057205807
MYS,RUS,850511,910057.814
MYS,S19,252910,1205829.0926222352
MYS,S19,280429,570256.2036184982
MYS,S19,750210,28912730.316
MYS,S19,810194,505976.79999999993
MYS,S19,811292,6517.519607843137
MYS,S19,850511,10621.575549046707
MYS,SAU,252910,526883.9061833762
MYS,SAU,850511,46675.81568627451
MYS,SGP,250490,966.3916309761327
MYS,SGP,251110,53810.36777824821
MYS,SGP,252910,239923.22330187747
MYS,SGP,260600,16.355882352941176
MYS,SGP,280429,2758509.92938392
MYS,SGP,280469,1079824.703386657
MYS,SGP,282200,2874185.1481674593
MYS,SGP,283691,42532.322
MYS,SGP,720293,14836.37
MYS,SGP,750210,3043146.214190179
MYS,SGP,850511,408082.26569860586
MYS,SLV,850511,1752.0
MYS,SRB,280469,212597.45639141026
MYS,SVN,280469,1272185.2350039305
MYS,SVN,811010,6150.473210354284
MYS,SVN,850511,21804.07450980392
MYS,SYC,850511,130.34117647058824
MYS,THA,250490,3022.896
MYS,THA,251110,51387.204038583826
MYS,THA,252800,1165797.068
MYS,THA,252910,302362.815215854
MYS,THA,280429,725931.2638451738
MYS,THA,280469,3242069.3698117393
MYS,THA,720292,3866.782
MYS,THA,750210,64.77254901960784
MYS,THA,810194,1566.0543927823446
MYS,THA,850511,4648537.5500778025
MYS,TUR,251110,54585.35466839683
MYS,TUR,252910,15.686274509803921
MYS,TUR,850511,1133462.557262951
MYS,UKR,280469,424773.9656349116
MYS,UKR,850511,3914.1960784313724
MYS,USA,280429,27707.767
MYS,USA,280469,1075805.4104887343
MYS,USA,711021,4128.08
MYS,USA,740311,18720.874
MYS,USA,750210,5291666.79
MYS,USA,810320,13465.694412864961
MYS,USA,811292,27882.35294117647
MYS,USA,850511,2591001.286498639
MYS,VNM,252800,36878.25
MYS,VNM,252910,201760.91997727085
MYS,VNM,252922,5987.172
MYS,VNM,260200,1129080.6056053273
MYS,VNM,280429,1467619.612457464
MYS,VNM,750210,18307921.988
MYS,VNM,850511,11168990.992726116
MYS,ZAF,810820,212.59743918067142
MYS,ZAF,850511,5643.277267190868
NAM,AGO,260600,244.316
NAM,AGO,280429,652.244
NAM,AGO,280469,2195.5210466469553
NAM,AGO,280470,1992.6981757451538
NAM,ARE,740311,1931251.030392157
NAM,BEL,280469,788.932
NAM,BGR,740311,29577226.329411764
NAM,BRA,740311,8.56
NAM,CAN,282200,12494761.168
NAM,CHN,260200,4146609.765465428
NAM,CHN,282200,9397338.284
NAM,CHN,740311,4848790.295836053
NAM,COD,850511,1742.988
NAM,COL,252910,5580.078431372549
NAM,ESP,740311,48663721.756
NAM,FIN,282200,430479040.24
NAM,HKG,282200,13474602.04
NAM,IND,283692,119277.624
NAM,JPN,280429,5766.508
NAM,LVA,270112,24.77647058823529
NAM,NLD,270112,4575922.678431373
NAM,NLD,282200,24922777.04
NAM,SGP,260200,23978346.176
NAM,SGP,740311,62111822.532
NAM,THA,740311,9002179.086274508
NAM,UGA,280469,19.32
NAM,ZAF,250490,168.0745098039216
NAM,ZAF,252922,26901.676
NAM,ZAF,260200,1255.1655742166897
NAM,ZAF,270112,1557.337068645698
NAM,ZAF,280469,73.368
NAM,ZAF,283692,55.46796202433069
NAM,ZAF,810820,5140.664
NAM,ZAF,850511,4366.745999999999
NAM,ZWE,252910,2.444
NCL,DEU,750210,103307365.43529412
NCL,PYF,280429,479392.5141088174
NER,CIV,811010,61.46071596305005
NGA,ARE,850511,102.5107843137255
NGA,BEL,280429,1597.386230620257
NGA,BEN,280429,338997.97261510196
NGA,BRA,251010,175.3846153846154
NGA,CAN,251010,11.821538461538461
NGA,CHE,750210,2558.4196078431373
NGA,CHN,251010,6726.387275158711
NGA,CHN,252910,13155.431290911574
NGA,CHN,252922,275989.796
NGA,CHN,260200,4218242.70006976
NGA,CHN,283691,16467.637
NGA,CHN,740311,10724408.503
NGA,CHN,811212,88389.309
NGA,CMR,251010,1933.3630769230767
NGA,COG,850511,39.31274509803921
NGA,IND,252910,78253.73618147291
NGA,IND,260200,26504.125
NGA,IND,740311,83505.125
NGA,JPN,740311,22085409.5
NGA,KOR,282200,421.09338959565645
NGA,KOR,283691,53.92156862745098
NGA,KOR,740311,7072927.282
NGA,LKA,850511,36.94901960784314
NGA,NER,270112,87697.474
NGA,NER,850511,895.8950980392157
NGA,NLD,251010,55.08230769230769
NGA,NLD,252922,66.0735294117647
NGA,NLD,260200,73.45170440367194
NGA,NLD,270112,660.7362745098039
NGA,NLD,283691,816.628431372549
NGA,NLD,810820,89.94317236674591
NGA,NLD,811292,67.10588235294117
NGA,POL,270112,105.88235294117646
NGA,RUS,283691,4384.874
NGA,TUR,252910,16175.312
NGA,TUR,260200,75.40662105451011
NGA,ZAF,250490,269.97647058823526
NIC,CYM,850511,1.75
NIC,ECU,850511,4.0
NIC,FRA,850511,7690.38431372549
NIC,GTM,252800,104.07
NIC,GTM,850511,20.0
NIC,ITA,850511,2.0
NIC,SLV,850511,0.5
NIC,SWE,850511,2.0
NIU,IND,850511,31.172549019607843
NLD,ABW,850511,3925.774354821799
NLD,AGO,251110,254199.63073722375
NLD,AGO,280429,6759.5889607995
NLD,AGO,850511,378.62072770807595
NLD,ARE,251110,114675.47131223656
NLD,ARE,260600,17483.968692877963
NLD,ARE,280429,8885.064890220543
NLD,ARE,280469,109818.229
NLD,ARE,720292,54758.529
NLD,ARE,720293,95155.58
NLD,ARE,740311,12727.29782916903
NLD,ARE,750210,2549107.447
NLD,ARE,850511,9681.891361830467
NLD,ARG,251110,17211.65748227805
NLD,ARG,280429,713325.665
NLD,ARG,720292,591932.325
NLD,ARG,750210,1988504.373
NLD,ARG,850511,8346.000616188148
NLD,ARM,850511,678.163
NLD,AUS,250490,1758.591
NLD,AUS,251110,8782.767024094815
NLD,AUS,280429,18990.679
NLD,AUS,283691,990104.156358459
NLD,AUS,810820,393716.3851765624
NLD,AUS,850511,59426.470260871494
NLD,AUT,250490,3.159
NLD,AUT,251010,11698.317
NLD,AUT,251110,817239.2740815103
NLD,AUT,252800,5103.9394547913425
NLD,AUT,252910,11778.349
NLD,AUT,252922,1699.62
NLD,AUT,260200,91326.59340740678
NLD,AUT,260600,8010.541
NLD,AUT,270112,1007261.023
NLD,AUT,280429,235011.86297080957
NLD,AUT,280469,1386370.7986323144
NLD,AUT,280470,302.225
NLD,AUT,280480,8.424
NLD,AUT,282200,25184.998152736072
NLD,AUT,283691,12193.80572974397
NLD,AUT,283692,32.645
NLD,AUT,711011,303.2598729459674
NLD,AUT,711021,14123.488
NLD,AUT,720292,1868506.322
NLD,AUT,720293,57747.081
NLD,AUT,740311,64106118.760513134
NLD,AUT,750210,36724656.3252264
NLD,AUT,810194,16502.325
NLD,AUT,810320,35.804
NLD,AUT,810411,754649.399
NLD,AUT,810820,125462.76246806553
NLD,AUT,811010,29342.147
NLD,AUT,811212,46.457843137254905
NLD,AUT,811231,81250.073
NLD,AUT,811292,272.6006263630244
NLD,AUT,850511,1005222.3645241135
NLD,AZE,280429,15025.541038288238
NLD,AZE,810411,344969.254
NLD,AZE,850511,4158.489
NLD,BEL,250490,110.2016156897069
NLD,BEL,251010,90434780.74505277
NLD,BEL,251110,1136276.3107822912
NLD,BEL,252800,1081590.8897334833
NLD,BEL,252910,2005876.4235602028
NLD,BEL,252922,140981.31285020217
NLD,BEL,260200,2074342.452045315
NLD,BEL,260600,167610.05784313724
NLD,BEL,270112,52592538.221087255
NLD,BEL,280429,1962438.183569156
NLD,BEL,280469,6604668.254744626
NLD,BEL,280470,86107.76968758265
NLD,BEL,280480,133621.64934958468
NLD,BEL,282200,403967.0302178242
NLD,BEL,283691,23060541.413676996
NLD,BEL,283692,176.912
NLD,BEL,711011,873976.3883704944
NLD,BEL,711021,2037420.418919478
NLD,BEL,720292,275089.7966346116
NLD,BEL,720293,5242497.31698548
NLD,BEL,740311,50801608.06049185
NLD,BEL,750210,263027227.34807098
NLD,BEL,810194,20720.838
NLD,BEL,810320,142.162
NLD,BEL,810411,2442770.6203103154
NLD,BEL,810820,34246.378691578546
NLD,BEL,811010,40305.5657566286
NLD,BEL,811231,2643.8777614258074
NLD,BEL,811292,48974.867987470905
NLD,BEL,850511,2598541.7958913166
NLD,BES,280429,3261.292
NLD,BES,850511,643.413
NLD,BFA,850511,5889.701
NLD,BGD,740311,24552457.478
NLD,BGD,850511,1890.222
NLD,BGR,251010,3088.592
NLD,BGR,251110,1385.812
NLD,BGR,252800,467.554
NLD,BGR,252910,4075.298
NLD,BGR,252922,735.028
NLD,BGR,260200,689.747
NLD,BGR,260600,35709.932
NLD,BGR,270112,29525.377
NLD,BGR,280429,1964.989
NLD,BGR,280469,552259.4608190662
NLD,BGR,280470,64.236
NLD,BGR,280480,4019.487
NLD,BGR,282200,918.258
NLD,BGR,283691,1754.379
NLD,BGR,283692,7.371
NLD,BGR,711011,2728.449
NLD,BGR,711021,4531.268
NLD,BGR,720292,2119.787
NLD,BGR,720293,2662318.075845547
NLD,BGR,740311,80742597.73234557
NLD,BGR,750210,4055290.0852234936
NLD,BGR,810194,3385.551
NLD,BGR,810320,9.477
NLD,BGR,810411,18302.469651917905
NLD,BGR,810820,1356.327
NLD,BGR,811010,115127.54378420269
NLD,BGR,811231,96.88
NLD,BGR,811292,205.344
NLD,BGR,850511,51842.13916615653
NLD,BHR,251110,13.828455672484392
NLD,BHR,850511,633.2421652778311
NLD,BIH,251110,1437.7289070713298
NLD,BIH,260600,7889.9607843137255
NLD,BIH,280469,170668.645
NLD,BIH,850511,22121.515693064986
NLD,BLR,810411,188982.213
NLD,BLR,850511,2479.93
NLD,BRA,251110,199848.15419667974
NLD,BRA,252910,7211.182832353352
NLD,BRA,252922,59332.21119977516
NLD,BRA,260200,4437.67964905792
NLD,BRA,260600,12637.637
NLD,BRA,280429,34267.64166120831
NLD,BRA,280469,15804.779641366342
NLD,BRA,282200,18030.299
NLD,BRA,750210,19149135.433
NLD,BRA,810820,13927.933796762436
NLD,BRA,811010,307164.808
NLD,BRA,850511,89066.73014074545
NLD,BRB,850511,9338.188908933978
NLD,BRN,740311,853.1607843137256
NLD,CAN,251110,899453.4684254079
NLD,CAN,260200,282160.168
NLD,CAN,270112,100131240.04705882
NLD,CAN,280429,8029.204262455762
NLD,CAN,280469,600.1723032541964
NLD,CAN,283691,3903755.41575673
NLD,CAN,720292,7858176.375
NLD,CAN,750210,458.076
NLD,CAN,810411,582664.444
NLD,CAN,850511,79169.54507473556
NLD,CHE,251110,1526580.058727343
NLD,CHE,260200,25607.10733919031
NLD,CHE,260600,25627.952618393938
NLD,CHE,270112,37015.01567817159
NLD,CHE,280429,72127.81899863007
NLD,CHE,280469,147733.18120071045
NLD,CHE,282200,60.024
NLD,CHE,283691,242126.73527193512
NLD,CHE,750210,1113594.714
NLD,CHE,810194,3860.293696797248
NLD,CHE,810411,847165.1711282419
NLD,CHE,810820,62587.945
NLD,CHE,811010,1461.7946565757288
NLD,CHE,811292,58424.7725490196
NLD,CHE,850511,4713810.642948039
NLD,CHL,280429,2340.927
NLD,CHL,720292,12284.865
NLD,CHL,750210,862667.968
NLD,CHL,810194,2073.376923076923
NLD,CHL,850511,12553.542875928202
NLD,CHN,250490,844.1176470588235
NLD,CHN,251110,55661.22853768634
NLD,CHN,260200,98013.26032954667
NLD,CHN,260600,3373.071468006774
NLD,CHN,270112,1920.761
NLD,CHN,280469,247768.97698442932
NLD,CHN,283691,6611458.412
NLD,CHN,711011,3098.0392156862745
NLD,CHN,720293,136691.17647058822
NLD,CHN,740311,26956489.575
NLD,CHN,750210,7556649.59
NLD,CHN,810820,724073.079
NLD,CHN,850511,745644.9235772128
NLD,CIV,850511,44391.97802065375
NLD,CMR,251110,1514.2960686094211
NLD,CMR,280429,13618.161521167343
NLD,COG,850511,956.168
NLD,COL,260600,71447.60784313724
NLD,COL,280429,3765.702
NLD,COL,720292,611357.913
NLD,COL,750210,28013.2
NLD,COL,850511,56026.141020826166
NLD,CRI,283691,7519.639778692497
NLD,CRI,850511,529.4855099916575
NLD,CUB,850511,1219.6666666666665
NLD,CUW,251110,2023.959
NLD,CUW,850511,6322.504
NLD,CYP,251010,1361.592
NLD,CYP,251110,3359.225
NLD,CYP,252800,185.337
NLD,CYP,252910,1745.955
NLD,CYP,252922,380.151
NLD,CYP,260200,274.846
NLD,CYP,260600,872.977
NLD,CYP,270112,14594.201
NLD,CYP,280429,736.081
NLD,CYP,280469,1805.978
NLD,CYP,280470,35.804
NLD,CYP,282200,386.469
NLD,CYP,283691,4619.724
NLD,CYP,283692,26.326
NLD,CYP,711011,1174.149
NLD,CYP,711021,1306.833
NLD,CYP,720292,1076.216
NLD,CYP,720293,3100.175
NLD,CYP,740311,1492.17
NLD,CYP,750210,1002421.211
NLD,CYP,810194,216.928
NLD,CYP,810320,2.106
NLD,CYP,810411,3109.653
NLD,CYP,810820,454.917
NLD,CYP,811010,23.167
NLD,CYP,811231,22.114
NLD,CYP,811292,155.851
NLD,CYP,850511,163105.03615294234
NLD,CZE,250490,2.106
NLD,CZE,251010,62816.457
NLD,CZE,251110,1700201.0006107271
NLD,CZE,252800,85850.843
NLD,CZE,252910,20369.12
NLD,CZE,252922,7617663.012291104
NLD,CZE,260200,554164.965147728
NLD,CZE,260600,184415.6862745098
NLD,CZE,270112,86440.55
NLD,CZE,280429,1517639.1835540542
NLD,CZE,280469,10672521.609867085
NLD,CZE,280470,273.793
NLD,CZE,280480,10.53
NLD,CZE,282200,100048.044
NLD,CZE,283691,26109.288
NLD,CZE,283692,34.751
NLD,CZE,711011,14914.328
NLD,CZE,711021,22468.899
NLD,CZE,720292,5713.822104514136
NLD,CZE,720293,15048.159348043662
NLD,CZE,740311,16251.7
NLD,CZE,750210,10314088.212605232
NLD,CZE,810194,5913.6856690784825
NLD,CZE,810320,48.44
NLD,CZE,810411,1880214.2039774836
NLD,CZE,810820,30038.60389584711
NLD,CZE,811010,4440.421047697476
NLD,CZE,811231,256.944
NLD,CZE,811292,1762.803
NLD,CZE,850511,4927763.044112992
NLD,DEU,250490,1848.8533136770855
NLD,DEU,251010,3144781.4273572196
NLD,DEU,251110,26448689.06925903
NLD,DEU,252800,1280020.01030232
NLD,DEU,252910,4530033.890196078
NLD,DEU,252922,2164052.2083197343
NLD,DEU,260200,18348430.555519328
NLD,DEU,260600,16661638.366306677
NLD,DEU,270112,511359390.7049204
NLD,DEU,280429,10353930.07683639
NLD,DEU,280469,96981470.07770391
NLD,DEU,280470,7018244.618092821
NLD,DEU,280480,261466.21662242291
NLD,DEU,282200,349752.3940350235
NLD,DEU,283691,15254437.823024066
NLD,DEU,283692,611.821
NLD,DEU,711011,3146197.604
NLD,DEU,711021,21627348.487
NLD,DEU,720292,33977797.886583835
NLD,DEU,720293,129115539.39344774
NLD,DEU,740311,540215909.6240072
NLD,DEU,750210,650617504.8846904
NLD,DEU,810194,12059.899593593807
NLD,DEU,810320,61662.422850614945
NLD,DEU,810411,45750671.382606395
NLD,DEU,810820,11159451.695069004
NLD,DEU,811010,785629.2341871372
NLD,DEU,811231,32209.26537131538
NLD,DEU,811292,1070261.6096311142
NLD,DEU,850511,49288194.83797317
NLD,DMA,251110,1272.083
NLD,DNK,250490,1.053
NLD,DNK,251010,20322.786
NLD,DNK,251110,70354.59879214333
NLD,DNK,252800,3095.963
NLD,DNK,252910,202024.69129842642
NLD,DNK,252922,3126.501
NLD,DNK,260200,8229.901784394433
NLD,DNK,260600,886.7225226325525
NLD,DNK,270112,10778210.725
NLD,DNK,280429,739405.1458416802
NLD,DNK,280469,21767.568
NLD,DNK,280470,560.222
NLD,DNK,280480,15.796
NLD,DNK,282200,893.943982580755
NLD,DNK,283691,1706.8419151708872
NLD,DNK,283692,55.812
NLD,DNK,711011,236.31049729989715
NLD,DNK,711021,18244.068
NLD,DNK,720292,13501.136
NLD,DNK,720293,21064.132
NLD,DNK,740311,320.0331301789479
NLD,DNK,750210,1034874.1884117419
NLD,DNK,810194,488.615
NLD,DNK,810320,51.599
NLD,DNK,810411,23063.871
NLD,DNK,810820,6544.697
NLD,DNK,811010,61479.39207865697
NLD,DNK,811231,174.806
NLD,DNK,811292,2012.376
NLD,DNK,850511,1624419.5478779334
NLD,DOM,850511,9066.749
NLD,DZA,811010,144489.856
NLD,DZA,850511,42.122
NLD,ECU,850511,20991.471
NLD,EGY,251110,295332.7775098345
NLD,EGY,280429,12360.833109282568
NLD,EGY,280469,1413.7557972626269
NLD,EGY,720293,1177545.304
NLD,EGY,750210,879651.6664164093
NLD,EGY,850511,19752.0208134259
NLD,ESP,250490,3.159
NLD,ESP,251010,18546.77790052107
NLD,ESP,251110,1448075.2573246462
NLD,ESP,252800,4795.583
NLD,ESP,252910,373264.9792058076
NLD,ESP,252922,42512.631237279245
NLD,ESP,260200,252695.73813754524
NLD,ESP,260600,89879.49975107836
NLD,ESP,270112,862031.7061256384
NLD,ESP,280429,531247.1533802708
NLD,ESP,280469,18448699.101588994
NLD,ESP,280470,976.176
NLD,ESP,280480,29.485
NLD,ESP,282200,318526.5613507548
NLD,ESP,283691,1453202.1384849441
NLD,ESP,283692,113.729
NLD,ESP,711011,2023.2303888892864
NLD,ESP,711021,30860.643
NLD,ESP,720292,25678214.398260105
NLD,ESP,720293,19201454.831966147
NLD,ESP,740311,12606877.67211572
NLD,ESP,750210,418688680.3310108
NLD,ESP,810194,24435.846700099253
NLD,ESP,810320,78.979
NLD,ESP,810411,19846.784040872255
NLD,ESP,810820,62190.77874984721
NLD,ESP,811010,1277.348
NLD,ESP,811231,453.864
NLD,ESP,811292,309936.8855495323
NLD,ESP,850511,17269016.44944307
NLD,EST,250490,2.106
NLD,EST,251010,1581.679
NLD,EST,251110,55078.7561929931
NLD,EST,252800,122.154
NLD,EST,252910,2052.392
NLD,EST,252922,420.166
NLD,EST,260200,484.402
NLD,EST,260600,801.37
NLD,EST,270112,13272.625
NLD,EST,280429,1140.452
NLD,EST,280469,885.614
NLD,EST,280470,25.273
NLD,EST,282200,261.156
NLD,EST,283691,1773.8240871946798
NLD,EST,283692,1.053
NLD,EST,711011,890.879
NLD,EST,711021,1115.178
NLD,EST,720292,1511668.157
NLD,EST,720293,1170.99
NLD,EST,740311,1734.371
NLD,EST,750210,17554.321
NLD,EST,810194,21.061
NLD,EST,810320,2.106
NLD,EST,810411,1056.208
NLD,EST,810820,340.135
NLD,EST,811010,56.865
NLD,EST,811231,15.796
NLD,EST,811292,50.546
NLD,EST,850511,34177.455378488405
NLD,ETH,280429,3093.857
NLD,FIN,251010,12225.895
NLD,FIN,251110,574409.8419057305
NLD,FIN,252800,1254.181
NLD,FIN,252910,8458.087
NLD,FIN,252922,1231.014
NLD,FIN,260200,366762.7772905117
NLD,FIN,260600,8875.094
NLD,FIN,270112,15397062.087
NLD,FIN,280429,17564.3039227741
NLD,FIN,280469,11029448.436882744
NLD,FIN,280470,290.641
NLD,FIN,280480,7.371
NLD,FIN,282200,2864.292
NLD,FIN,283691,520016.9924787052
NLD,FIN,283692,38.963
NLD,FIN,711011,8957.232
NLD,FIN,711021,4448.309104806646
NLD,FIN,720292,6926.954
NLD,FIN,720293,60522.917
NLD,FIN,740311,1151.315977366186
NLD,FIN,750210,17088021.251
NLD,FIN,810194,5871.799
NLD,FIN,810320,24.22
NLD,FIN,810411,10843.242
NLD,FIN,810820,3946.826
NLD,FIN,811010,809.794
NLD,FIN,811231,130.578
NLD,FIN,811292,313.808
NLD,FIN,850511,769270.5597321837
NLD,FRA,250490,9.477
NLD,FRA,251010,215191.45358206244
NLD,FRA,251110,3862416.0844486873
NLD,FRA,252800,45524.09996661278
NLD,FRA,252910,1425917.5105357475
NLD,FRA,252922,15893.5930294226
NLD,FRA,260200,434960.508450583
NLD,FRA,260600,3105869.6739096846
NLD,FRA,270112,5296397.11958962
NLD,FRA,280429,5104322.594590698
NLD,FRA,280469,9860183.007743306
NLD,FRA,280470,162145.26158474342
NLD,FRA,280480,27661.477695870857
NLD,FRA,282200,793657.479
NLD,FRA,283691,10173104.447525708
NLD,FRA,283692,197.973
NLD,FRA,711011,60132.236
NLD,FRA,711021,51779.454
NLD,FRA,720292,1411280.792213962
NLD,FRA,720293,168757.96530949904
NLD,FRA,740311,5596116.802773403
NLD,FRA,750210,70950579.85417758
NLD,FRA,810194,129392.221648226
NLD,FRA,810320,29898.157
NLD,FRA,810411,972570.6181800532
NLD,FRA,810820,21980.379027532083
NLD,FRA,811010,72590.60531487684
NLD,FRA,811231,1181.521
NLD,FRA,811292,636623.958956346
NLD,FRA,850511,11102772.193414599
NLD,GAB,280429,78.06329891439627
NLD,GBR,250490,3.159
NLD,GBR,251010,26408.177908779333
NLD,GBR,251110,14293095.136360228
NLD,GBR,252800,304724.894
NLD,GBR,252910,1688890.976
NLD,GBR,252922,451.758
NLD,GBR,260200,1403878.824106163
NLD,GBR,260600,51225.602170791535
NLD,GBR,270112,18717761.051497027
NLD,GBR,280429,300884.98758368584
NLD,GBR,280469,3154503.440891308
NLD,GBR,280470,4.212
NLD,GBR,280480,2931.687
NLD,GBR,282200,25033.54640424854
NLD,GBR,283691,4176990.790850941
NLD,GBR,711011,525774.544
NLD,GBR,711021,614104.263
NLD,GBR,720292,437020.447
NLD,GBR,720293,2156111.50697428
NLD,GBR,740311,61813.103980154636
NLD,GBR,750210,26897525.17
NLD,GBR,810194,319755.7574277233
NLD,GBR,810320,9967.68336599535
NLD,GBR,810411,756756.2576921926
NLD,GBR,810820,531905.0122469972
NLD,GBR,811010,212648.19053925129
NLD,GBR,811231,579268.362
NLD,GBR,811292,452886.5828256804
NLD,GBR,850511,4417441.6371580735
NLD,GEO,280429,15487.481414541333
NLD,GEO,720293,7236031.425658695
NLD,GEO,850511,5606.737925563126
NLD,GHA,251110,524732.9412617765
NLD,GHA,850511,17684.079818353603
NLD,GIB,280429,5468.482
NLD,GIB,850511,90.562
NLD,GRC,251010,3936.296
NLD,GRC,251110,1115754.768535632
NLD,GRC,252800,542.32
NLD,GRC,252910,4265.9
NLD,GRC,252922,651.837
NLD,GRC,260200,5856.313511347834
NLD,GRC,260600,84685.68919148766
NLD,GRC,270112,64910.971
NLD,GRC,280429,30791.541857579916
NLD,GRC,280469,1895242.5609414824
NLD,GRC,280470,447.546
NLD,GRC,280480,39757.22300685309
NLD,GRC,282200,629584.6140731797
NLD,GRC,283691,79976.73066537417
NLD,GRC,283692,11.584
NLD,GRC,711011,3868.901
NLD,GRC,711021,9359.496
NLD,GRC,720292,111528.23587412789
NLD,GRC,720293,4118.473
NLD,GRC,740311,145837617.54574257
NLD,GRC,750210,400955.637
NLD,GRC,810194,95.827
NLD,GRC,810320,9.477
NLD,GRC,810411,234077.67795730056
NLD,GRC,810820,1299.462
NLD,GRC,811010,1655.392
NLD,GRC,811231,58.971
NLD,GRC,811292,244.307
NLD,GRC,850511,566622.8889655635
NLD,GTM,252910,66315.737
NLD,GTM,850511,368.567
NLD,GUY,850511,5551.019607843137
NLD,HKG,250490,212.716
NLD,HKG,280429,3151.775
NLD,HKG,283691,81358.57549019608
NLD,HKG,810820,17901.827
NLD,HKG,850511,515.8728881467687
NLD,HRV,251010,8706.606
NLD,HRV,251110,108056.64087678229
NLD,HRV,252800,299.066
NLD,HRV,252910,6564.705
NLD,HRV,252922,330.657
NLD,HRV,260200,2149.272
NLD,HRV,260600,6986.923406639917
NLD,HRV,270112,951509.2490846954
NLD,HRV,280429,4149.557568041473
NLD,HRV,280469,2852.709
NLD,HRV,280470,51.599
NLD,HRV,280480,1.053
NLD,HRV,282200,3262.51702442507
NLD,HRV,283691,99491.01404182432
NLD,HRV,283692,5.265
NLD,HRV,711011,1930.238
NLD,HRV,711021,2171.386
NLD,HRV,720292,1321.576
NLD,HRV,720293,3318.156
NLD,HRV,740311,2215.614
NLD,HRV,750210,403503.61528695177
NLD,HRV,810194,60.024
NLD,HRV,810320,13.69
NLD,HRV,810411,680618.53897323
NLD,HRV,810820,647.625
NLD,HRV,811010,40.016
NLD,HRV,811231,23.167
NLD,HRV,811292,1406.414037006123
NLD,HRV,850511,30856.00202746446
NLD,HUN,251010,7356.598
NLD,HUN,251110,86727.29560676264
NLD,HUN,252800,1087.799
NLD,HUN,252910,11430.843
NLD,HUN,252922,1740.689
NLD,HUN,260200,4213.248
NLD,HUN,260600,6948.015
NLD,HUN,270112,43640.441
NLD,HUN,280429,37095.49636648439
NLD,HUN,280469,2388898.2720745183
NLD,HUN,280470,9766.127989070439
NLD,HUN,280480,5.265
NLD,HUN,282200,2150.325
NLD,HUN,283691,1976784.994
NLD,HUN,283692,20.008
NLD,HUN,711011,6534.167
NLD,HUN,711021,9993.431
NLD,HUN,720292,4453.343
NLD,HUN,720293,7711.475
NLD,HUN,740311,7649.345
NLD,HUN,750210,572303.4758931147
NLD,HUN,810194,5083.066
NLD,HUN,810320,18.955
NLD,HUN,810411,249612.12663871518
NLD,HUN,810820,2568.386
NLD,HUN,811010,143.215
NLD,HUN,811231,131.631
NLD,HUN,811292,677.11
NLD,HUN,850511,759577.1402524152
NLD,IDN,251110,5102.811541519184
NLD,IDN,260200,41992.13285985237
NLD,IDN,260600,37200.0
NLD,IDN,283691,26539.550500011304
NLD,IDN,850511,183806.69503854925
NLD,IND,251110,537331.1252801229
NLD,IND,252922,991883.8823529412
NLD,IND,260600,237614.17647058822
NLD,IND,280429,149388.07844604648
NLD,IND,280469,607972.1433906342
NLD,IND,282200,15887.345
NLD,IND,283691,625143.1635900598
NLD,IND,283692,98311.09798796741
NLD,IND,720292,3695.370588235294
NLD,IND,720293,323969.29607843136
NLD,IND,740311,12749.229936521791
NLD,IND,750210,69868276.82864246
NLD,IND,810320,9022.521
NLD,IND,810411,698.171
NLD,IND,810820,991500.0002770014
NLD,IND,811010,390.7873414264912
NLD,IND,850511,89166.36489078909
NLD,IRL,250490,1.053
NLD,IRL,251010,20080.584
NLD,IRL,251110,4178.497
NLD,IRL,252800,1742.795
NLD,IRL,252910,12983.037
NLD,IRL,252922,2523.105
NLD,IRL,260200,1400.161287658648
NLD,IRL,260600,10060.827
NLD,IRL,270112,337335.05679460114
NLD,IRL,280429,10145.501648765552
NLD,IRL,280469,26224.1192097791
NLD,IRL,280470,563.381
NLD,IRL,280480,11.584
NLD,IRL,282200,4255.37
NLD,IRL,283691,8785.585
NLD,IRL,283692,47.387
NLD,IRL,711011,16949.871
NLD,IRL,711021,17351.082
NLD,IRL,720292,9536.408
NLD,IRL,720293,15968.429
NLD,IRL,740311,14720.567
NLD,IRL,750210,68915.715
NLD,IRL,810194,629.836839255771
NLD,IRL,810320,499.145
NLD,IRL,810411,46865.929
NLD,IRL,810820,4581.815
NLD,IRL,811010,295.907
NLD,IRL,811231,257.997
NLD,IRL,811292,1126.762
NLD,IRL,850511,184628.4997287511
NLD,IRN,750210,5033675.490196078
NLD,IRQ,850511,1208.9
NLD,ISL,280429,11492.973
NLD,ISL,280469,1670020.9140993573
NLD,ISL,850511,7437.354160448651
NLD,ISR,251110,180188.8384683066
NLD,ISR,280429,7638.01177099127
NLD,ISR,720292,132485.101
NLD,ISR,810320,36615.554
NLD,ISR,811010,131188.798
NLD,ISR,850511,615257.7363898807
NLD,ITA,250490,9.477
NLD,ITA,251010,48001.116
NLD,ITA,251110,979712.0597808165
NLD,ITA,252800,62816.457
NLD,ITA,252910,44750.355
NLD,ITA,252922,1518459.245588684
NLD,ITA,260200,791804.2878180876
NLD,ITA,260600,46738.84117647059
NLD,ITA,270112,6532.617870934198
NLD,ITA,280429,102537.81175651198
NLD,ITA,280469,24402081.636220083
NLD,ITA,280470,1316.311
NLD,ITA,280480,62258.92940053268
NLD,ITA,282200,4055611.981242231
NLD,ITA,283691,4679996.470519152
NLD,ITA,283692,144.268
NLD,ITA,711011,978293.9489177626
NLD,ITA,711021,1760252.184184144
NLD,ITA,720292,14902547.347569548
NLD,ITA,720293,21910484.17064113
NLD,ITA,740311,266163849.80764532
NLD,ITA,750210,372913417.2703642
NLD,ITA,810194,54752.315535504255
NLD,ITA,810320,2068.188
NLD,ITA,810411,6209611.100814043
NLD,ITA,810820,742637.8748601604
NLD,ITA,811010,393319.73352268065
NLD,ITA,811231,804.529
NLD,ITA,811292,233242.99928503615
NLD,ITA,850511,1987939.0657183272
NLD,JOR,850511,7753.03651149583
NLD,JPN,260200,16386.11890798769
NLD,JPN,280429,26990.689
NLD,JPN,280469,75842.668
NLD,JPN,720293,198644.987
NLD,JPN,810820,2812.693
NLD,JPN,850511,42807.596002437225
NLD,KAZ,260600,12683.725490196079
NLD,KAZ,280469,404253.0474462818
NLD,KAZ,283691,17611.185
NLD,KAZ,850511,6954.333
NLD,KEN,850511,867.0788745392792
NLD,KGZ,850511,129.525
NLD,KOR,252922,1337.2549019607843
NLD,KOR,260200,47127.88161601313
NLD,KOR,260600,89.2156862745098
NLD,KOR,270112,58.8235294117647
NLD,KOR,280429,5240.312854297962
NLD,KOR,280469,494.4713369255081
NLD,KOR,280470,638.2158987384397
NLD,KOR,282200,131825.99467874496
NLD,KOR,740311,2796.078431372549
NLD,KOR,810820,640318.856
NLD,KOR,850511,187433.739097068
NLD,KWT,251110,97010.35287221742
NLD,KWT,270112,2998.7970588235294
NLD,KWT,280429,1554.3
NLD,KWT,283691,1364.751
NLD,KWT,850511,9052.290200994768
NLD,LBN,251110,30139.880174527036
NLD,LBN,260200,4278.537
NLD,LBN,850511,4318.552
NLD,LBR,850511,24.22
NLD,LBY,280429,6704.761
NLD,LBY,850511,4438.6
NLD,LKA,280469,13095.713
NLD,LKA,740311,1142.558
NLD,LKA,850511,1570.5084216484702
NLD,LTU,250490,1.053
NLD,LTU,251010,2368.306
NLD,LTU,251110,1290.784243194447
NLD,LTU,252800,209419.781
NLD,LTU,252910,2802.162
NLD,LTU,252922,552.851
NLD,LTU,260200,423.326
NLD,LTU,260600,247.74881639233115
NLD,LTU,270112,15160.741
NLD,LTU,280429,2278.797
NLD,LTU,280469,2907.467
NLD,LTU,280470,58.971
NLD,LTU,282200,442.2696576697311
NLD,LTU,283691,1391.077
NLD,LTU,283692,6.318
NLD,LTU,711011,4263.539530236374
NLD,LTU,711021,2204.031
NLD,LTU,720292,2151.378
NLD,LTU,720293,26616.79494812555
NLD,LTU,740311,2471.505
NLD,LTU,750210,61527.987991019894
NLD,LTU,810194,66.342
NLD,LTU,810320,7.371
NLD,LTU,810411,2701.07
NLD,LTU,810820,950.903
NLD,LTU,811010,48.44
NLD,LTU,811231,51.599
NLD,LTU,811292,256.07113128364176
NLD,LTU,850511,103765.49773666734
NLD,LUX,250490,16.849
NLD,LUX,251010,11900.503
NLD,LUX,251110,3426.62
NLD,LUX,252800,1078.322
NLD,LUX,252910,14449.933
NLD,LUX,252922,756.089
NLD,LUX,260200,3821.513
NLD,LUX,260600,367580.314
NLD,LUX,270112,39497197.27
NLD,LUX,280429,56665.906486572116
NLD,LUX,280469,62475.269
NLD,LUX,280470,4662.899
NLD,LUX,280480,2.106
NLD,LUX,282200,5984.475
NLD,LUX,283691,9962.893
NLD,LUX,283692,54.759
NLD,LUX,711011,23228.147
NLD,LUX,711021,115834.296
NLD,LUX,720292,11174.952
NLD,LUX,720293,184347.746
NLD,LUX,740311,78966.4670583055
NLD,LUX,750210,2369825.918
NLD,LUX,810194,6033.969
NLD,LUX,810320,28.432
NLD,LUX,810411,4952.737152239398
NLD,LUX,810820,997.237
NLD,LUX,811010,646.572
NLD,LUX,811231,370.673
NLD,LUX,811292,568.646
NLD,LUX,850511,105182.19154954609
NLD,LVA,250490,1.053
NLD,LVA,251010,1147.823
NLD,LVA,251110,309.596
NLD,LVA,252800,139.002
NLD,LVA,252910,2191.394
NLD,LVA,252922,202.185
NLD,LVA,260200,46522.635
NLD,LVA,260600,918.258
NLD,LVA,270112,7787.295
NLD,LVA,280429,1817.562
NLD,LVA,280469,57021.53
NLD,LVA,280470,18.955
NLD,LVA,282200,312.755
NLD,LVA,283691,6923.597556461015
NLD,LVA,283692,2.106
NLD,LVA,711011,1041.465
NLD,LVA,711021,1004.608
NLD,LVA,720292,785.574
NLD,LVA,720293,2483.089
NLD,LVA,740311,1181.521
NLD,LVA,750210,5481.118
NLD,LVA,810194,56.865
NLD,LVA,810320,3.159
NLD,LVA,810411,2079.771
NLD,LVA,810820,434.909
NLD,LVA,811010,20.008
NLD,LVA,811231,55.812
NLD,LVA,811292,53.705
NLD,LVA,850511,50564.18134498491
NLD,MAR,251110,95921.14772821852
NLD,MAR,280429,1522.708
NLD,MAR,280469,26409.407
NLD,MAR,811010,14716.355
NLD,MAR,850511,67.93900395469595
NLD,MDA,850511,14611.764705882353
NLD,MDG,280429,32691.50852426628
NLD,MDV,850511,1.892156862745098
NLD,MEX,251110,12674.493
NLD,MEX,280469,504371.331
NLD,MEX,282200,127725.321
NLD,MEX,720292,2493690.763
NLD,MEX,810411,148159.73
NLD,MEX,850511,64643.62570663673
NLD,MKD,280429,224.299
NLD,MKD,850511,5969.844139845053
NLD,MLI,850511,109.517
NLD,MLT,251010,432.803
NLD,MLT,251110,20710.738643197514
NLD,MLT,252800,61.077
NLD,MLT,252910,534.949
NLD,MLT,252922,166.382
NLD,MLT,260200,164.276
NLD,MLT,260600,3128.554186312448
NLD,MLT,270112,7450.319
NLD,MLT,280429,321.18
NLD,MLT,280469,942.479
NLD,MLT,280470,7.371
NLD,MLT,282200,252.732
NLD,MLT,283691,532.843
NLD,MLT,283692,8.424
NLD,MLT,711011,772.938
NLD,MLT,711021,380.151
NLD,MLT,720292,574.965
NLD,MLT,720293,2019.747
NLD,MLT,740311,18908.121958730168
NLD,MLT,750210,3240.231
NLD,MLT,810194,12.637
NLD,MLT,810320,2.106
NLD,MLT,810411,1411.085
NLD,MLT,810820,192.708
NLD,MLT,811010,9.477
NLD,MLT,811231,11.584
NLD,MLT,811292,343.294
NLD,MLT,850511,10026.86547361264
NLD,MNG,850511,652.89
NLD,MOZ,850511,1670.705882352941
NLD,MUS,251110,60583.152556777255
NLD,MUS,850511,383.5865491664488
NLD,MYS,251110,17939.736
NLD,MYS,260600,35971.088
NLD,MYS,270112,33323117.311764706
NLD,MYS,280429,3426.421715184389
NLD,MYS,280469,8094.678417991756
NLD,MYS,283691,15451.600957748073
NLD,MYS,720293,66130.401
NLD,MYS,750210,6367542.000583971
NLD,MYS,810411,15980.006153846154
NLD,MYS,850511,70390.76936200759
NLD,NAM,850511,863.5
NLD,NGA,251110,74739.07300000002
NLD,NGA,260600,5282.750980392157
NLD,NGA,740311,67048.08346114134
NLD,NGA,750210,9755.443
NLD,NGA,850511,2694.51690318125
NLD,NOR,250490,2076.801960784314
NLD,NOR,251110,12613484.108975384
NLD,NOR,270112,9995.538
NLD,NOR,280429,43508.24010808543
NLD,NOR,280469,3677424.667321113
NLD,NOR,282200,47986.373
NLD,NOR,283691,1181117.4060015338
NLD,NOR,720292,396891.923
NLD,NOR,720293,281685.243
NLD,NOR,740311,36516.14175257561
NLD,NOR,810194,629.723
NLD,NOR,810411,3573993.345
NLD,NOR,850511,219908.61921810778
NLD,NZL,280429,2337.768
NLD,NZL,283691,68354.65130583731
NLD,NZL,740311,1739.1237857582294
NLD,NZL,750210,93746.7931372549
NLD,NZL,850511,15461.739162240732
NLD,OMN,260600,46724.801960784316
NLD,OMN,280429,3628.806
NLD,OMN,720292,595053.4166666666
NLD,OMN,850511,1649.9225020392068
NLD,PAK,282200,27921.092324188576
NLD,PAK,750210,558348.498
NLD,PAK,850511,3520.6164866860886
NLD,PER,260200,957.221
NLD,PER,280429,909.4515795572441
NLD,PER,280469,37119.964
NLD,PER,740311,13923.409
NLD,PER,750210,882299.954
NLD,PER,850511,3673.5893955650436
NLD,PHL,740311,3388.235294117647
NLD,PHL,750210,1172315.6862745099
NLD,PHL,850511,21049.859085074
NLD,POL,250490,4.212
NLD,POL,251010,27769.945
NLD,POL,251110,1941350.7528332616
NLD,POL,252800,4695.544
NLD,POL,252922,5186.265
NLD,POL,260200,707918.8263722073
NLD,POL,260600,3029844.117647059
NLD,POL,270112,3088480.009
NLD,POL,280429,1738908.8871035248
NLD,POL,280469,3896910.0444931146
NLD,POL,280470,1102.8862454220105
NLD,POL,280480,15297.637
NLD,POL,282200,460818.6977100138
NLD,POL,283691,20082.19212832092
NLD,POL,283692,89.509
NLD,POL,711011,3942701.474
NLD,POL,711021,20175.359
NLD,POL,720292,188438.72794628382
NLD,POL,720293,121255.85332189797
NLD,POL,740311,489.1800304814767
NLD,POL,750210,11664885.626515757
NLD,POL,810194,18622.67415452582
NLD,POL,810320,89.509
NLD,POL,810411,189552.08089201432
NLD,POL,810820,10446.242
NLD,POL,811010,11457.817538724263
NLD,POL,811231,406.477
NLD,POL,811292,2563.12
NLD,POL,850511,714990.5844175098
NLD,PRT,250490,3726.083104948338
NLD,PRT,251010,4950.382
NLD,PRT,251110,5189471.2586980825
NLD,PRT,252800,858.235
NLD,PRT,252910,4834.546
NLD,PRT,252922,311282.7565513918
NLD,PRT,260200,216503.0367042858
NLD,PRT,260600,8339.092
NLD,PRT,270112,35239.219
NLD,PRT,280429,22777.993992835705
NLD,PRT,280469,2468797.030472963
NLD,PRT,280470,10560.357033862509
NLD,PRT,280480,1.053
NLD,PRT,282200,1914.442
NLD,PRT,283691,136467.731
NLD,PRT,283692,1497401.0461671497
NLD,PRT,711011,5163.097
NLD,PRT,711021,5376.866
NLD,PRT,720292,120277.108
NLD,PRT,720293,5930.77
NLD,PRT,740311,903.825592769258
NLD,PRT,750210,25857.609
NLD,PRT,810194,87276.0694595432
NLD,PRT,810320,27.379
NLD,PRT,810411,5951.831
NLD,PRT,810820,2097.673
NLD,PRT,811010,117.941
NLD,PRT,811231,91.615
NLD,PRT,811292,508.622
NLD,PRT,850511,1735984.393304841
NLD,PRY,850511,10.53
NLD,PYF,850511,836.7750442119501
NLD,QAT,251110,373.832
NLD,QAT,260600,26043.07745098039
NLD,QAT,280429,11848.903
NLD,QAT,850511,4404.902
NLD,ROU,250490,69.09803921568627
NLD,ROU,251010,4746.09
NLD,ROU,251110,390177.37209147884
NLD,ROU,252800,581.283
NLD,ROU,252910,426.70588235294116
NLD,ROU,252922,858.235
NLD,ROU,260200,11486.216463927845
NLD,ROU,260600,14495.214
NLD,ROU,270112,1292.3975570641132
NLD,ROU,280429,35732.915971843744
NLD,ROU,280469,2762236.530550847
NLD,ROU,280470,7604.064
NLD,ROU,280480,1.053
NLD,ROU,282200,1272.083
NLD,ROU,283691,26213.920131205286
NLD,ROU,283692,127.38898454777657
NLD,ROU,711011,5731.744
NLD,ROU,711021,33912.378
NLD,ROU,720292,670773.8200730769
NLD,ROU,720293,2163602.328368787
NLD,ROU,740311,4349.091
NLD,ROU,750210,7649096.832926686
NLD,ROU,810194,11712.754007502037
NLD,ROU,810320,9.477
NLD,ROU,810411,1507283.0215098395
NLD,ROU,810820,1582.732
NLD,ROU,811010,28217.86879732476
NLD,ROU,811231,71.607
NLD,ROU,811292,593.790162065949
NLD,ROU,850511,2603661.615315428
NLD,RUS,251110,647813.403
NLD,RUS,260200,17185.754
NLD,RUS,280469,14742.681
NLD,RUS,282200,6090.833
NLD,RUS,283691,8423915.168
NLD,RUS,720292,247608.59
NLD,RUS,810411,465812.902
NLD,RUS,850511,55693.636
NLD,S19,260200,44875.86578620085
NLD,S19,260600,22679.64705882353
NLD,S19,280429,3549.827
NLD,S19,720293,2294.9931148607398
NLD,S19,810194,138045.3230769231
NLD,S19,850511,182634.18274350165
NLD,SAU,251110,374626.4741427328
NLD,SAU,252800,32272.417647058825
NLD,SAU,260600,37261.437433357845
NLD,SAU,280469,9360.549
NLD,SAU,740311,5723686.818
NLD,SAU,750210,1728.63378733171
NLD,SAU,850511,17065.25369817719
NLD,SEN,280469,70851.7439508903
NLD,SEN,850511,3138.085
NLD,SGP,250490,10708.698039215686
NLD,SGP,260200,3212.851
NLD,SGP,280429,34883.569520958314
NLD,SGP,740311,4684.833333333333
NLD,SGP,750210,892938.6147058823
NLD,SGP,810820,1105.701
NLD,SGP,850511,114048.2873792425
NLD,SLE,850511,5876.011
NLD,SRB,280429,29223.24620777399
NLD,SRB,280469,35148.657
NLD,SRB,750210,475691.5516266877
NLD,SRB,810411,3046570.779
NLD,SRB,850511,21289.28209575681
NLD,STP,282200,417.007
NLD,SUR,251010,5659.246153846154
NLD,SUR,280429,10435.97324227151
NLD,SUR,282200,2867.2372468991834
NLD,SUR,810411,197.973
NLD,SUR,850511,8273.085843348144
NLD,SVK,250490,1.053
NLD,SVK,251010,4071.086
NLD,SVK,251110,6677.381
NLD,SVK,252800,105726.082
NLD,SVK,252910,2872.717
NLD,SVK,252922,552.851
NLD,SVK,260200,28336.746993530836
NLD,SVK,260600,38690.06
NLD,SVK,270112,2628337.773
NLD,SVK,280429,1565172.434014597
NLD,SVK,280469,3596917.707397105
NLD,SVK,280470,62.13
NLD,SVK,280480,1.053
NLD,SVK,282200,509345.933
NLD,SVK,283691,1688.037
NLD,SVK,283692,5.265
NLD,SVK,711011,3022.25
NLD,SVK,711021,6781.633
NLD,SVK,720292,105761.86138711848
NLD,SVK,720293,50188.298
NLD,SVK,740311,3077.008
NLD,SVK,750210,14968.033
NLD,SVK,810194,1861.79
NLD,SVK,810320,12.637
NLD,SVK,810411,569808.0677873539
NLD,SVK,810820,1133.08
NLD,SVK,811010,11871.351051025127
NLD,SVK,811231,169.541
NLD,SVK,811292,170.594
NLD,SVK,850511,246547.54920125878
NLD,SVN,250490,1.053
NLD,SVN,251010,19851.02
NLD,SVN,251110,34206.90465502519
NLD,SVN,252800,264.315
NLD,SVN,252910,1711.204
NLD,SVN,252922,288.535
NLD,SVN,260200,47324.36102145426
NLD,SVN,260600,84732.0709392043
NLD,SVN,270112,11016.995
NLD,SVN,280429,229073.57479884592
NLD,SVN,280469,309803.6622331976
NLD,SVN,280470,51.599
NLD,SVN,282200,140513.544
NLD,SVN,283691,28436.77630056184
NLD,SVN,283692,4.212
NLD,SVN,711011,5893.913
NLD,SVN,711021,29009.384
NLD,SVN,720292,580192.2733686927
NLD,SVN,720293,567007.9393183243
NLD,SVN,740311,1863.896
NLD,SVN,750210,4139039.1532184593
NLD,SVN,810194,46.334
NLD,SVN,810320,9.477
NLD,SVN,810411,2605.242
NLD,SVN,810820,4332401.124141089
NLD,SVN,811010,77030.11038542593
NLD,SVN,811231,61.077
NLD,SVN,811292,203.238
NLD,SVN,850511,197131.38981501453
NLD,SWE,250490,2.106
NLD,SWE,251010,21732.818
NLD,SWE,251110,2522096.414204185
NLD,SWE,252800,2616.826
NLD,SWE,252910,949804.9291628584
NLD,SWE,252922,3203.374
NLD,SWE,260200,94172.033
NLD,SWE,260600,2326.360784313725
NLD,SWE,270112,119493.64
NLD,SWE,280429,900639.248593294
NLD,SWE,280469,10095.010763688593
NLD,SWE,280470,591.813
NLD,SWE,280480,187218.85537210281
NLD,SWE,282200,6170.865
NLD,SWE,283691,463992.33598808607
NLD,SWE,283692,70.554
NLD,SWE,711011,827.553600851106
NLD,SWE,711021,26333.587
NLD,SWE,720292,3020916.162939599
NLD,SWE,720293,47505249.44535967
NLD,SWE,740311,6246.571930379627
NLD,SWE,750210,64512184.36752051
NLD,SWE,810194,39949.90680047911
NLD,SWE,810320,48.44
NLD,SWE,810411,408198.97633246094
NLD,SWE,810820,6056.083
NLD,SWE,811010,442.28
NLD,SWE,811231,415.954
NLD,SWE,811292,1162.566
NLD,SWE,850511,3436854.003438406
NLD,SXM,740311,6349.883
NLD,SXM,850511,1241.544
NLD,THA,251110,569.2814035439642
NLD,THA,252800,535.0549019607843
NLD,THA,260200,72438.79365536408
NLD,THA,260600,3230.3019607843135
NLD,THA,280429,4379.629
NLD,THA,283691,93878.21640170876
NLD,THA,850511,92322.76254492048
NLD,TUN,850511,5191.458460009154
NLD,TUR,251110,1536252.3431537077
NLD,TUR,252910,23.52941176470588
NLD,TUR,252922,619693.21035229
NLD,TUR,260200,1549645.2738172337
NLD,TUR,260600,4496298.039215686
NLD,TUR,280429,18363.292883907754
NLD,TUR,280469,57749.187
NLD,TUR,282200,28871.434
NLD,TUR,283691,17579982.404
NLD,TUR,283692,955.115
NLD,TUR,720292,4647662.773
NLD,TUR,720293,1681264.798
NLD,TUR,740311,18678.977
NLD,TUR,750210,11853426.029
NLD,TUR,810194,5779.131
NLD,TUR,810411,3314988.404624599
NLD,TUR,811010,361738.0
NLD,TUR,850511,168457.5346356564
NLD,TZA,850511,67.02796968631563
NLD,UGA,850511,96.1573341153276
NLD,UKR,282200,4507.048
NLD,UKR,720292,1296197.053959378
NLD,UKR,720293,115079.26
NLD,UKR,750210,3016071.332
NLD,UKR,850511,1801.2947200861165
NLD,URY,280429,1928.132
NLD,URY,850511,369.2549019607843
NLD,USA,250490,46933.324
NLD,USA,251110,78998.98345672192
NLD,USA,260200,136274.53450413808
NLD,USA,260600,540808.1103017605
NLD,USA,280429,416937.6308159421
NLD,USA,280469,1815223.7008635984
NLD,USA,280470,6985.534057921515
NLD,USA,280480,1002.502
NLD,USA,282200,1134645.7157775457
NLD,USA,283691,2460873.319325816
NLD,USA,711021,17863138.756
NLD,USA,720292,45437284.528
NLD,USA,720293,1070909.388
NLD,USA,740311,49566.94273587056
NLD,USA,750210,31275813.891
NLD,USA,810411,5260067.416
NLD,USA,810820,75422.502
NLD,USA,811010,260170.407
NLD,USA,811231,717094.0999549709
NLD,USA,811292,534850.771
NLD,USA,850511,1513153.103876291
NLD,UZB,810411,959668.49
NLD,UZB,850511,17.902
NLD,VEN,251110,23113.364
NLD,VEN,811010,57562.797
NLD,VGB,260200,39931.604
NLD,VNM,260600,2365.049019607843
NLD,VNM,280429,8717.657852443832
NLD,VNM,850511,17728.797095795944
NLD,ZAF,251110,587525.8860253738
NLD,ZAF,260200,38814.77092564835
NLD,ZAF,260600,8080.576470588236
NLD,ZAF,280429,1537.451
NLD,ZAF,280469,70202.36437171968
NLD,ZAF,282200,17768.684731152243
NLD,ZAF,720292,153514.482
NLD,ZAF,720293,1586337.8474773003
NLD,ZAF,811010,28106.921
NLD,ZAF,850511,82788.38443168391
NLD,ZMB,850511,126162.16714527611
NLD,ZWE,811010,36496.559
NLD,ZWE,850511,461.235
NOR,AGO,850511,2484.401960784314
NOR,ARE,750210,322488.09117647057
NOR,ARE,811292,8866.21568627451
NOR,ARE,850511,26315.795123356555
NOR,ARG,750210,2566701.274509804
NOR,ARM,750210,49314.70588235294
NOR,AUS,280469,1671.9323360197122
NOR,AUS,850511,1559.3927304773783
NOR,AUT,270112,810508.8176470587
NOR,AUT,280469,58958.99380566792
NOR,AUT,750210,59841675.0245098
NOR,BEL,260200,48.8663181916121
NOR,BEL,280469,102649.83190362081
NOR,BEL,282200,8732.522
NOR,BEL,750210,389775.39607843134
NOR,BEL,850511,3066.957952507951
NOR,BHR,750210,13433.693137254902
NOR,BHR,850511,1588.2419138169578
NOR,BHS,280429,2520.364
NOR,BIH,280469,36901.16217840385
NOR,BIH,750210,1318015.450980392
NOR,BOL,750210,12260.78431372549
NOR,BRA,280429,2544.545476424765
NOR,BRA,280469,218554.4142555389
NOR,BRA,750210,147731941.44255474
NOR,BRA,850511,92524.49027605099
NOR,CAN,280469,234484.94078883145
NOR,CAN,711021,1794862.518742234
NOR,CAN,750210,13949377.090196077
NOR,CAN,850511,461024.2728460249
NOR,CHE,280469,218604.33048054963
NOR,CHE,750210,13530832.760403838
NOR,CHE,850511,255.32
NOR,CHL,750210,16653.156862745098
NOR,CHN,252910,1588.235294117647
NOR,CHN,280469,88822.93036006531
NOR,CHN,711021,10778053.838890836
NOR,CHN,740311,7869246.0784313725
NOR,CHN,750210,277535657.4084075
NOR,CHN,810411,8746.153846153846
NOR,CHN,850511,42794.23836650092
NOR,CMR,280429,7723.823394634264
NOR,CMR,850511,2170.1274509803925
NOR,COL,750210,3894162.1960784313
NOR,COL,850511,11376.292
NOR,CUW,850511,49657.344
NOR,CYP,850511,18134.001402507918
NOR,CZE,280469,463196.9042496856
NOR,CZE,750210,402149.01960784313
NOR,CZE,850511,654.9019607843137
NOR,DEU,250490,111352.75294117647
NOR,DEU,252910,122623.21604479704
NOR,DEU,252922,1138.4
NOR,DEU,260200,2200250.0229949267
NOR,DEU,270112,118325087.76666667
NOR,DEU,280429,824.924
NOR,DEU,280469,1676493805.1521327
NOR,DEU,711011,22766588.211764704
NOR,DEU,711021,23272408.319015022
NOR,DEU,740311,121605622.98980995
NOR,DEU,750210,1494995395.2980392
NOR,DEU,810411,1130376.5907692306
NOR,DEU,850511,23114.793232523723
NOR,DNK,251110,225.63987966950356
NOR,DNK,252910,638.1470588235294
NOR,DNK,252922,637.3725490196078
NOR,DNK,260200,4634.847226294674
NOR,DNK,260600,38.389215686274504
NOR,DNK,280429,528829.7640976394
NOR,DNK,280469,1555439.8177605332
NOR,DNK,282200,11.562483049755226
NOR,DNK,750210,947.456862745098
NOR,DNK,810194,5072.542
NOR,DNK,810820,551.3007597309255
NOR,DNK,850511,53771.04316978454
NOR,ECU,850511,3464.842
NOR,EGY,750210,2474352.870588235
NOR,ESP,252910,1282.674
NOR,ESP,270112,23629455.584313724
NOR,ESP,280469,3328910.2905518874
NOR,ESP,750210,95750079.45959479
NOR,ESP,811292,587.64
NOR,ESP,850511,88800.35765861205
NOR,EST,260600,76.47058823529412
NOR,FIN,252910,20.64705882352941
NOR,FIN,260600,74.33333333333333
NOR,FIN,280469,1747693.1665242163
NOR,FIN,711011,19520.63137254902
NOR,FIN,711021,23292.157118848525
NOR,FIN,740311,7920999.767122523
NOR,FIN,850511,11168.088618170594
NOR,FRA,260200,576100.8312071953
NOR,FRA,270112,169001.55294117646
NOR,FRA,280469,390771176.3483424
NOR,FRA,283691,2437.5019607843137
NOR,FRA,750210,755045160.2137254
NOR,FRA,850511,382478.7218031045
NOR,GBR,251110,1247106.5361053564
NOR,GBR,252910,84967.55294117646
NOR,GBR,270112,8395865.71372549
NOR,GBR,280429,18009.477993486667
NOR,GBR,280469,147069199.72281668
NOR,GBR,711011,156178315.23840445
NOR,GBR,711021,640556880.7410687
NOR,GBR,750210,218095813.67523167
NOR,GBR,810411,643286.8369230769
NOR,GBR,810820,14448.889388658019
NOR,GBR,850511,391868.2320625688
NOR,GIB,850511,5490.374
NOR,GRC,850511,6497.718446841535
NOR,GUY,850511,353.8
NOR,HKG,750210,14816863.106222592
NOR,HUN,280469,743920.954
NOR,IDN,750210,105882.35294117648
NOR,IND,280469,1576608.6493641126
NOR,IND,750210,157458919.73474625
NOR,IRL,250490,463.5480392156863
NOR,IRL,280469,2371.229477970814
NOR,IRL,711021,12051292.488715686
NOR,IRL,750210,32248.065686274513
NOR,ISL,280429,19673.76835527744
NOR,ISL,280469,184185.79349169604
NOR,ISL,750210,6133.738
NOR,ISL,850511,1587.1630909097723
NOR,ISR,850511,1249.848
NOR,ITA,280469,3755201.12
NOR,ITA,711021,2877823.5641574627
NOR,ITA,750210,604063.7960784314
NOR,ITA,810820,209.322
NOR,ITA,850511,11076.129756403549
NOR,JPN,280469,86730374.66593857
NOR,JPN,711021,19797932.0513967
NOR,JPN,750210,142181414.41389745
NOR,JPN,850511,1166.768
NOR,KAZ,280469,123088.32707512428
NOR,KEN,750210,10649.858823529412
NOR,KOR,280469,154775.80784154413
NOR,KOR,711021,245980296.569946
NOR,KOR,750210,179880519.59476614
NOR,KOR,810411,3415.3846153846152
NOR,KOR,850511,927.5852396094425
NOR,LTU,260600,10.784313725490195
NOR,LTU,740311,10688.146
NOR,MAR,750210,62149.83235294117
NOR,MAR,850511,4862.006
NOR,MEX,750210,37577903.643239416
NOR,MLT,850511,2330.294
NOR,MUS,850511,1331.712
NOR,MYS,280469,4712.500985876697
NOR,MYS,750210,19066053.13612018
NOR,MYS,850511,104115.55592110209
NOR,NGA,850511,760.1871863585552
NOR,NLD,251010,50.222307692307695
NOR,NLD,251110,9.744740914787155
NOR,NLD,252910,171233.96666666667
NOR,NLD,252922,17.550980392156863
NOR,NLD,260200,3.9701585985199572
NOR,NLD,270112,5090509.345098039
NOR,NLD,280429,11059.225898564746
NOR,NLD,280469,153580502.1658325
NOR,NLD,282200,6460.07362666138
NOR,NLD,740311,43291367.46078792
NOR,NLD,750210,801538142.8404064
NOR,NLD,850511,96698.12608162513
NOR,NZL,850511,2943.1809450747105
NOR,PAK,750210,5838439.415840378
NOR,PAN,850511,43285.916
NOR,PER,750210,301813.83725490194
NOR,PER,850511,968.1607843137255
NOR,PHL,750210,48031.37254901961
NOR,POL,260600,202.634
NOR,POL,270112,24113029.411764704
NOR,POL,280469,7443415.272274171
NOR,POL,711021,95172.76510631754
NOR,POL,750210,4570853.9215686275
NOR,POL,850511,5474.378536752778
NOR,PRT,260600,240.8470588235294
NOR,PRT,280429,396.7149336955985
NOR,PRT,850511,3295.644
NOR,ROU,283691,1183.992
NOR,ROU,850511,844.58
NOR,RUS,280429,1765.958
NOR,RUS,280469,3898.682
NOR,RUS,850511,2883.282
NOR,S19,280469,79776.39601951081
NOR,S19,750210,38255950.4915599
NOR,SAU,252800,98019.60588235295
NOR,SAU,750210,128728.51325969769
NOR,SAU,850511,872.544
NOR,SGP,750210,8848425.102
NOR,SGP,850511,33696.584425440786
NOR,SRB,282200,43468.926703441124
NOR,SRB,750210,76384752.94117647
NOR,SVK,280469,1824176.2419030152
NOR,SVK,810411,7740458.258461538
NOR,SVK,850511,1883.0980392156862
NOR,SVN,280469,5651638.746523529
NOR,SVN,750210,8484331.688235294
NOR,SWE,251110,7367.488586148058
NOR,SWE,252910,20783.685415370892
NOR,SWE,270112,7695993.611764706
NOR,SWE,280429,103913.35366987955
NOR,SWE,280469,150490633.43149439
NOR,SWE,283691,387.72549019607845
NOR,SWE,711011,241025.01334570665
NOR,SWE,711021,584191.07
NOR,SWE,720292,768.5478547162247
NOR,SWE,720293,18019.445018128434
NOR,SWE,740311,302754101.8819132
NOR,SWE,750210,335412881.95114535
NOR,SWE,810820,33028.42660793362
NOR,SWE,850511,71363.16953126215
NOR,THA,280469,46611.954
NOR,THA,750210,16573914.800043263
NOR,THA,810820,2471.732
NOR,THA,850511,375.8156862745098
NOR,TTO,850511,35903.95
NOR,TUN,750210,66484.38529411764
NOR,TUR,252910,317606.413502159
NOR,TUR,280469,156177.2759812061
NOR,TUR,750210,71953012.87683867
NOR,UKR,280469,591027.9336574245
NOR,UKR,711011,37350.49477326911
NOR,UKR,711021,261372.94104904824
NOR,UKR,750210,4525043.549019608
NOR,USA,250490,23800.0
NOR,USA,280469,117027284.10719527
NOR,USA,711011,3041541.7061223015
NOR,USA,711021,8515890.073642246
NOR,USA,750210,427238659.1727162
NOR,USA,810820,2135.764
NOR,USA,850511,44013.767505500895
NOR,UZB,750210,54299.01960784313
NOR,VNM,750210,12133053.078431373
NOR,ZAF,280429,310.638
NOR,ZAF,280469,610634.4619098232
NOR,ZAF,711011,10748132.988235295
NOR,ZAF,750210,143524.31764705884
NOR,ZAF,850511,31.65098039215686
NPL,CAN,280469,6667.862597931893
NPL,CAN,850511,81.34901960784313
NPL,CHE,850511,4886.866666666667
NPL,CHN,850511,3.9215686274509802
NPL,FRA,850511,552.2803921568627
NPL,JPN,850511,2512.5235294117647
NRU,AUS,251010,5716183.05076923
NRU,GBR,850511,6563.21568627451
NRU,IND,251010,4600918.679230769
NRU,KOR,251010,18020486.923076924
NZL,ARE,850511,73.549
NZL,ARG,850511,455.80392156862746
NZL,AUS,251110,23381.555
NZL,AUS,252910,598059.5176470588
NZL,AUS,280429,49776.59352686111
NZL,AUS,280469,680.327
NZL,AUS,280470,2217.878
NZL,AUS,711011,593.463
NZL,AUS,711021,33443.80258205068
NZL,AUS,850511,19645.515086498137
NZL,BEL,850511,4.438
NZL,BRA,850511,353.9987818508308
NZL,CAN,850511,396.77263504708907
NZL,CHN,270112,39024049.01960784
NZL,CHN,850511,2808.5270334313122
NZL,COK,850511,5.072
NZL,CZE,850511,11.76470588235294
NZL,DEU,850511,3230.876239481919
NZL,DNK,850511,12.121568627450982
NZL,DOM,850511,98.46274509803922
NZL,ESP,850511,39.311
NZL,FJI,251010,264.16692307692307
NZL,FJI,251110,15199.994766096057
NZL,FJI,270112,45.425490196078435
NZL,FJI,280429,445.731
NZL,FJI,280469,27984.698
NZL,FJI,280470,201.13369994003054
NZL,FJI,283692,259.323
NZL,FJI,850511,119.75288823825011
NZL,FRA,850511,2765.5470588235294
NZL,GBR,810194,34327.651
NZL,GBR,850511,1.268
NZL,HKG,850511,1.902
NZL,IND,850511,15.217
NZL,IRL,850511,47.98567336025132
NZL,ITA,850511,3.17
NZL,JAM,283691,9764.242
NZL,JPN,270112,114701103.40980393
NZL,JPN,850511,14313.466111370606
NZL,KOR,270112,82199563.7254902
NZL,KOR,850511,2463.725490196078
NZL,MEX,850511,10.779
NZL,MNG,850511,2.536
NZL,MYS,740311,861237.6098039215
NZL,NCL,850511,455.242
NZL,NLD,283691,696.8705882352941
NZL,NLD,850511,8.243
NZL,NOR,850511,10.779
NZL,PAK,850511,25.362
NZL,PNG,280469,310.68
NZL,POL,850511,50.0
NZL,PRT,850511,5.072
NZL,PYF,850511,856.5980392156863
NZL,S19,850511,8.243
NZL,SGP,280429,12347.783532692392
NZL,SGP,850511,204.3874383673284
NZL,SRB,251010,5538.461538461538
NZL,SVK,850511,3179.7960784313723
NZL,SWE,850511,3.804
NZL,THA,711021,2416347.1236159503
NZL,THA,850511,4588.027450980391
NZL,TON,250490,1142.1666666666667
NZL,TON,251110,1103.233
NZL,TON,280469,267.1926296416101
NZL,TUR,850511,1568.627450980392
NZL,USA,280429,6727.816
NZL,USA,740311,3.804
NZL,USA,850511,4605184.284
NZL,VUT,251110,126.174
NZL,VUT,850511,216.208
NZL,WSM,850511,2217.878
NZL,ZAF,251010,172700.9076923077
NZL,ZAF,850511,28.532
OMN,ARE,251110,169795.4168895996
OMN,ARE,252910,23232.77
OMN,ARE,252922,241.873
OMN,ARE,260600,7561.901299941657
OMN,ARE,811010,136270.481
OMN,ARE,850511,4538.362
OMN,ARG,811010,152943.77371429562
OMN,AUT,811010,322219.54460686573
OMN,BEL,811010,11802912.678701082
OMN,BHR,750210,8380.866666666667
OMN,BRA,811010,435133.46663780994
OMN,CAN,811010,2575877.9121720023
OMN,CHN,260200,82827.048
OMN,CHN,740311,1290363.7254901961
OMN,CHN,850511,319.896
OMN,DEU,811010,242711.82079359092
OMN,DEU,850511,166.45
OMN,EGY,252800,23823.147
OMN,EGY,280429,501.951
OMN,ESP,811010,1836802.029471619
OMN,FRA,811010,3579160.9227928882
OMN,FRA,850511,4631.99
OMN,GBR,811010,1683593.1765348609
OMN,IND,811010,8188409.692036306
OMN,IRN,720292,1148875.4901960783
OMN,IRN,720293,4086621.568627451
OMN,IRN,750210,2720758.8235294116
OMN,IRN,850511,2533.16
OMN,ITA,811010,310918.075
OMN,LKA,811010,101386.23446257635
OMN,MKD,811010,224126.2752717217
OMN,NLD,811010,3873932.374
OMN,POL,811010,982743.2040164782
OMN,QAT,251110,297076.7042028212
OMN,QAT,252910,10187.256
OMN,SRB,811010,1660009.7678493683
OMN,TUR,811010,7081071.548807981
OMN,UGA,811010,117508.06333397017
OMN,UKR,811010,89333.39732768656
OMN,USA,811010,12164993.921244586
OMN,YEM,251110,11713.914
OMN,ZAF,250490,37.40392156862745
PAK,ARE,251110,589428.4097148376
PAK,ARE,280429,120.698
PAK,ARE,850511,3363.1969055388017
PAK,BEL,251010,612.9292307692308
PAK,BGD,252910,5709.122
PAK,CAN,252800,1545.6627450980393
PAK,CAN,850511,14109.553346315271
PAK,CHN,250490,147.05882352941177
PAK,CHN,252910,174.04963246143603
PAK,CHN,260200,46811.38329815332
PAK,CHN,270112,24.509803921568626
PAK,CHN,850511,76368.6329593424
PAK,CIV,850511,30.537254901960782
PAK,CZE,850511,400.0
PAK,FRA,252922,236.69019607843137
PAK,FRA,280429,120453.24885780487
PAK,GBR,250490,9.128
PAK,GBR,252922,17899.2431372549
PAK,GBR,850511,8522.137203624976
PAK,IDN,252910,4865.780822444634
PAK,IRL,250490,235.38725490196077
PAK,ISL,850511,157.87156862745098
PAK,KEN,850511,126.765
PAK,KOR,251110,4900.130855372512
PAK,KOR,252910,238636.309
PAK,KOR,252922,43086.48770931342
PAK,KOR,260600,18.627450980392158
PAK,KWT,251110,8881091.406304607
PAK,MYS,251010,895849.97
PAK,MYS,260200,20903.06921651513
PAK,NLD,251010,39.69153846153846
PAK,NLD,252922,99.11078431372549
PAK,NLD,850511,1786.4508102463194
PAK,NOR,850511,648.6274509803922
PAK,OMN,250490,124.93921568627451
PAK,OMN,251110,1965957.4762838033
PAK,OMN,260600,502284.0915123277
PAK,OMN,850511,3791.4873952052058
PAK,POL,850511,6766.666666666667
PAK,S19,252910,175310.429
PAK,SAU,810320,743.8503317566149
PAK,SAU,850511,12217.288
PAK,SGP,850511,7.822549019607843
PAK,SVN,850511,954.8235294117646
PAK,THA,251110,7205.076255402553
PAK,THA,252910,6009.548061334034
PAK,THA,740311,489.566
PAK,TJK,260600,89745.09803921568
PAK,TUR,252910,78.43137254901961
PAK,TUR,252922,15.686274509803921
PAK,TUR,810194,603.0769230769231
PAK,USA,260600,2901.187485913829
PAK,USA,811292,115481.37254901961
PAK,USA,850511,4535.165467929349
PAK,VNM,252922,60545.601
PAK,VNM,260200,41708.310344440426
PAN,BLZ,850511,2166.6470588235293
PAN,CHE,711011,100759.83529411766
PAN,CHE,850511,698.1254901960784
PAN,CHL,850511,444.428431372549
PAN,COL,250490,5857.098039215686
PAN,CRI,850511,633.8039215686274
PAN,CUB,850511,4.049019607843137
PAN,DOM,850511,2005.5372549019608
PAN,ECU,850511,235.49019607843135
PAN,ESP,850511,857.1372549019608
PAN,FRA,850511,5398.21568627451
PAN,GTM,250490,777.4509803921568
PAN,GTM,251110,111.04159191573761
PAN,GUY,850511,2274.698039215686
PAN,PRY,850511,367.7647058823529
PAN,S19,811292,216098.57843137253
PAN,USA,280469,212927.15318131892
PER,ARG,251010,52000736.74156375
PER,BOL,251110,109259.1049868322
PER,BOL,252800,1099.931128172653
PER,BOL,280429,35901.65851086597
PER,BOL,720292,2863.65
PER,BOL,720293,20447.98
PER,BOL,750210,33067.9
PER,BOL,850511,131.37254901960785
PER,BRA,251010,123869427.66885948
PER,BRA,251110,189643.4641880715
PER,BRA,740311,460230581.2750496
PER,BRB,850511,135.0
PER,CHE,850511,127.30588235294118
PER,CHL,250490,1797.6469174347621
PER,CHL,251010,1096380.829953456
PER,CHL,251110,575220.5462840857
PER,CHL,252800,39495.5
PER,CHL,252910,326968.2892626891
PER,CHL,252922,6480.922922529074
PER,CHL,280429,251748.0
PER,CHL,283691,1391.0134632491095
PER,CHL,740311,32.7156862745098
PER,CHL,850511,1373.0762144560385
PER,CHN,260200,26433.906643598242
PER,CHN,740311,1303213065.820041
PER,COL,251110,2363927.964094947
PER,COL,252800,40637.43177502593
PER,COL,252922,46613.554440053624
PER,COL,740311,5294075.003981165
PER,COL,750210,10618.2
PER,COL,850511,1197.2659886933238
PER,CRI,251010,86624.23330864821
PER,CRI,252800,56351.5
PER,CRI,850511,43.84684515988109
PER,CUB,251110,304730.71491248993
PER,CZE,850511,654.9019607843137
PER,DEU,252800,142521.22352941174
PER,DEU,740311,12375029.545098038
PER,DEU,850511,0.001
PER,ECU,251010,39432.598868075016
PER,ECU,251110,2695424.178724174
PER,ECU,252800,93920.39215686274
PER,ECU,252910,33219.100067018095
PER,ECU,740311,17316767.803112864
PER,ECU,811010,25756099.492210913
PER,ECU,850511,813.1593838039604
PER,ESP,251010,2038.0553846153848
PER,ESP,280469,224.3
PER,ESP,740311,29876715.99664055
PER,ESP,850511,95.0
PER,FRA,251110,687.6637542505395
PER,FRA,252800,23835.203921568627
PER,GRC,252800,58039.49803921569
PER,GTM,251110,7434.661218763837
PER,GTM,252800,99757.8431372549
PER,HKG,740311,3842733.79
PER,IDN,251010,16355213.32
PER,IND,251010,14236148.049039854
PER,IND,260200,139892.81283168175
PER,ITA,740311,232667409.25406432
PER,ITA,850511,316.16
PER,KOR,270112,1011.7647058823529
PER,KOR,740311,30161127.733579833
PER,KOR,850511,1850.9803921568628
PER,MEX,251010,11237888.9
PER,MEX,740311,6299960.97
PER,MYS,251010,6508812.95
PER,MYS,252800,1001824.8745098038
PER,NIC,251010,6702.8
PER,NLD,252800,1623.9656862745096
PER,NLD,270112,427.41372549019604
PER,NLD,740311,7399453.987079096
PER,NZL,251010,2214965.8131544106
PER,NZL,252800,251153.78
PER,PAN,251010,7033.245032992992
PER,POL,750210,814909.8039215686
PER,POL,850511,51.96078431372549
PER,PRY,250490,187.45098039215685
PER,PRY,251010,5402685.138461538
PER,S19,740311,20669185.072747614
PER,SGP,740311,7820354.26372549
PER,THA,740311,15844957.69
PER,URY,251010,5338555.379616079
PER,USA,251010,289756884.78252524
PER,USA,252800,65541.61080423824
PER,USA,280429,0.015
PER,USA,711011,272825.49019607843
PER,USA,740311,465714824.05679226
PER,USA,850511,14588.708236543765
PER,VEN,251110,24360.0
PER,VEN,252800,5.0
PER,VEN,252910,0.01
PHL,ARG,850511,6216.21568627451
PHL,AUS,810320,52923.0
PHL,AUS,850511,14310.174509803923
PHL,AUT,850511,148.66568627450982
PHL,BEL,850511,1658.570588235294
PHL,CAN,850511,325054.97830277105
PHL,CHE,283691,28.745098039215687
PHL,CHE,850511,6790114.831372549
PHL,CHN,280429,76694.67346274857
PHL,CHN,740311,824901766.4279573
PHL,CHN,850511,33720130.165648945
PHL,COL,850511,6650.196078431372
PHL,CZE,850511,2109.8039215686276
PHL,DEU,280429,9600.0
PHL,DEU,810320,86901.98910539232
PHL,DEU,811292,2481397.0
PHL,DEU,850511,422834525.15392154
PHL,ECU,850511,754.313725490196
PHL,ESP,850511,33550.29803921568
PHL,FIN,850511,3470.9313725490197
PHL,FRA,850511,28000591.06764706
PHL,GBR,850511,11905.701960784314
PHL,HKG,850511,1485227.8855054644
PHL,HUN,850511,4574662.7450980395
PHL,IDN,280429,99406.74988936669
PHL,IDN,740311,127896422.48697832
PHL,IND,850511,1954.1745098039216
PHL,IRL,850511,21263.323529411766
PHL,ISL,850511,20.429411764705883
PHL,JPN,280429,8970691.0
PHL,JPN,711011,42854.55196078431
PHL,JPN,711021,24200.333265036337
PHL,JPN,811292,3225560.0
PHL,JPN,850511,32074339.408212792
PHL,KOR,270112,278386026.4705882
PHL,KOR,740311,71181268.7991827
PHL,KOR,750210,334551.96078431373
PHL,KOR,811292,324693.26396030124
PHL,KOR,850511,58450922.46058375
PHL,MEX,850511,2888117.6470588236
PHL,MKD,850511,24.607843137254903
PHL,MYS,740311,122078141.7758818
PHL,MYS,850511,6972454.659803922
PHL,NLD,250490,37.166666666666664
PHL,NOR,850511,3915.211764705882
PHL,NZL,850511,890.1450980392157
PHL,PER,850511,2433.478431372549
PHL,S19,280429,20878.55323041138
PHL,S19,740311,34357229.84863911
PHL,S19,810194,92750.0
PHL,S19,810820,6480.0
PHL,S19,811292,1196656.156862745
PHL,S19,850511,239122.82767498947
PHL,SGP,250490,98.13431372549019
PHL,SGP,280429,3074.915393143552
PHL,SGP,811292,948547.0
PHL,SGP,850511,1483.3982413483704
PHL,SRB,850511,56424117.64705882
PHL,SVK,850511,20867467.68627451
PHL,SVN,850511,2540970.1921568625
PHL,SWE,280429,24412.0
PHL,SWE,850511,5428.176470588235
PHL,THA,740311,552008129.6283433
PHL,THA,850511,10984793.297449267
PHL,USA,850511,6030137.078209249
PHL,UZB,850511,7870.0
PHL,VNM,740311,165073594.0586729
PHL,VNM,850511,1649666.103890058
PHL,ZAF,850511,1651.0235294117647
PLW,S19,811292,22021.29411764706
PNG,AUS,260200,7084.122
PNG,AUS,280429,7713.192
PNG,CAN,260600,27.11764705882353
PNG,CHN,280429,10.163
PNG,IRL,280429,6332.034096902862
PNG,ITA,711011,74912.02156862745
PNG,JPN,280429,40.653
PNG,MYS,280429,1077.374
PNG,S19,280429,10.163
PNG,SGP,260600,2153.912
POL,ALB,280429,57190.0
POL,ALB,850511,733.0
POL,ARE,252922,703.0
POL,ARE,260600,8672.0
POL,ARE,283691,860.0
POL,ARE,850511,8351.806717074236
POL,ARG,252800,335.0
POL,ARM,280429,108900.0
POL,ARM,282200,4892.0
POL,ARM,850511,142.0
POL,AUS,251110,4237.0
POL,AUS,850511,3504.0885085870345
POL,AUT,252800,15849.414705882353
POL,AUT,270112,358417992.917117
POL,AUT,280429,32154.283687215935
POL,AUT,280469,103611.54009608596
POL,AUT,740311,8552369.224878179
POL,AUT,750210,329221.2701406219
POL,AUT,850511,128497.88166774625
POL,AZE,280429,671168.6721402671
POL,AZE,850511,218.82673471213982
POL,BEL,251010,186.07
POL,BEL,251110,35975.23960931209
POL,BEL,260200,2423.136155203655
POL,BEL,270112,1471856.3970588234
POL,BEL,280429,10228.534359477628
POL,BEL,280469,662832.784097823
POL,BEL,280470,2168507.600329615
POL,BEL,283691,21921.64281808954
POL,BEL,283692,68892.30962235638
POL,BEL,711011,9908793.641176471
POL,BEL,711021,30871880.73324625
POL,BEL,720292,179235.85923109658
POL,BEL,740311,2913848.0387095716
POL,BEL,850511,38812.763082
POL,BGR,251110,15153.543208035488
POL,BGR,252800,29388.4431372549
POL,BGR,260200,11496.606555902194
POL,BGR,270112,278.2823529411765
POL,BGR,280429,144330.53139765054
POL,BGR,280469,292189.10853589256
POL,BGR,280480,9906.892744713452
POL,BGR,282200,8042.2719829102325
POL,BGR,283691,1758.3896484365487
POL,BGR,740311,11959219.723664166
POL,BGR,750210,338810.8871950173
POL,BGR,810411,278643.18129047734
POL,BGR,811010,7239.737786945127
POL,BGR,850511,13994.891981478619
POL,BHR,850511,105.30544469737013
POL,BIH,280429,38714.88785647589
POL,BIH,810411,325.0
POL,BIH,850511,5289.026905340401
POL,BLR,251110,6987.0
POL,BLR,283691,17901.0
POL,BLR,750210,294466.0
POL,BLR,810411,178000.0
POL,BLR,850511,13949.0
POL,BLZ,850511,10.0
POL,BOL,280429,186122.21074911233
POL,BRA,280429,496200.02727271797
POL,BRA,750210,34749.01960784314
POL,BRA,850511,1723.6320744902755
POL,CAN,811292,1264718.0
POL,CAN,850511,17212.76216243719
POL,CHE,280429,168734.12053611138
POL,CHE,750210,54539.91764705882
POL,CHE,850511,105846.84286956026
POL,CHL,740311,2815.470588235294
POL,CHL,850511,456.456055954979
POL,CHN,250490,178.0
POL,CHN,252800,246.0
POL,CHN,280429,72812.57958958727
POL,CHN,740311,576067424.149809
POL,CHN,811292,94566.12120648258
POL,CHN,850511,300403.86444641056
POL,CMR,850511,117.01960784313725
POL,COL,850511,32360.23529411765
POL,CYP,850511,1248.100885230032
POL,CZE,251010,8452.0
POL,CZE,251110,16940.725974173412
POL,CZE,252800,94733.33333333333
POL,CZE,252910,9921.340625999657
POL,CZE,260200,14655.276801944041
POL,CZE,260600,5775.0
POL,CZE,270112,1595644656.5426936
POL,CZE,280429,4384292.430732611
POL,CZE,280469,5099083.497154984
POL,CZE,280470,408.71767848052554
POL,CZE,282200,187778.4169345814
POL,CZE,283691,13674.509803921568
POL,CZE,711011,130716.19408230306
POL,CZE,711021,24319.0
POL,CZE,720292,39235.0
POL,CZE,740311,33088338.181183618
POL,CZE,750210,4113815.0477238107
POL,CZE,810194,21.538461538461537
POL,CZE,810411,957878.2044120346
POL,CZE,810820,236991.09621470518
POL,CZE,811292,104211.76470588235
POL,CZE,850511,252711.90309588372
POL,DEU,250490,358.2564188262298
POL,DEU,251110,182.0
POL,DEU,252800,451967.59578738036
POL,DEU,260200,1146797.2852128893
POL,DEU,260600,23894.38933691652
POL,DEU,270112,42487170.5106054
POL,DEU,280429,25911233.31058283
POL,DEU,280469,762601.5234141145
POL,DEU,280470,97733411.67310975
POL,DEU,282200,57347.40647633777
POL,DEU,283691,711003.262745098
POL,DEU,711011,3887922.8059772206
POL,DEU,711021,5820105.168591319
POL,DEU,720292,85028.81373385753
POL,DEU,720293,56014.68711644286
POL,DEU,740311,1847276013.688148
POL,DEU,750210,3115217.8419942046
POL,DEU,810320,580.4812525401459
POL,DEU,810411,846887.774771525
POL,DEU,810820,220971.9797570783
POL,DEU,811292,89477.17213422571
POL,DEU,850511,11178268.962647228
POL,DNK,251110,34.0
POL,DNK,260200,15663.0
POL,DNK,280429,574150.7259463791
POL,DNK,810194,406.77468118025354
POL,DNK,850511,73523.79231268642
POL,DZA,740311,3228363.0
POL,ECU,850511,15.295161645335913
POL,EGY,280429,4322.2872800677005
POL,EGY,740311,2554313.1938427147
POL,EGY,850511,4912.9735294117645
POL,ESP,250490,12.0
POL,ESP,252800,172617.38039215686
POL,ESP,260600,1388196.0156862745
POL,ESP,280429,289078.1378496154
POL,ESP,720292,1375857.86411261
POL,ESP,740311,193068.35059057287
POL,ESP,750210,4268822.326263277
POL,ESP,810194,27876.43076923077
POL,ESP,850511,259047.29357496504
POL,EST,280429,280784.1244369768
POL,EST,280470,14110.0
POL,EST,280480,4906.0
POL,EST,283691,18520.0
POL,EST,750210,179283.42497577428
POL,EST,810411,8514.0
POL,EST,811010,14077.0
POL,EST,850511,11797.761618570017
POL,ETH,280429,13827.52551313767
POL,FIN,251110,10566.0
POL,FIN,270112,27065664.433333334
POL,FIN,280429,26934.276966472557
POL,FIN,850511,25444.257204911417
POL,FRA,250490,57.304623551491275
POL,FRA,251110,1013.4667821796792
POL,FRA,252800,29897.81568627451
POL,FRA,270112,3984784.945098039
POL,FRA,280429,1494259.9295950513
POL,FRA,280469,593.3869748982615
POL,FRA,720292,429422.77592899004
POL,FRA,740311,339174636.58217424
POL,FRA,750210,6694304.839454826
POL,FRA,810820,235162.21595648566
POL,FRA,811010,16579.0
POL,FRA,811212,443334.768627451
POL,FRA,850511,440910.79920146917
POL,GBR,250490,25156.6
POL,GBR,251010,37.0
POL,GBR,251110,73.0
POL,GBR,260600,1392.4523099296296
POL,GBR,270112,207.1552271435908
POL,GBR,280429,7279341.94049388
POL,GBR,280480,7484.0
POL,GBR,720292,78366.0
POL,GBR,810320,516.0
POL,GBR,810820,12660.157763428186
POL,GBR,850511,173626.43680822916
POL,GEO,850511,6245.363696318063
POL,GHA,850511,8069.7764705882355
POL,GRC,280429,102011.17835561585
POL,GRC,810411,116.64615384615384
POL,GRC,850511,7054.250134917524
POL,HKG,280429,1489097.8643809953
POL,HKG,850511,132.0
POL,HRV,280429,7276.37596763737
POL,HRV,740311,2212987.0
POL,HRV,850511,11664.754807674197
POL,HUN,251110,104752.5999372372
POL,HUN,252800,4278.431372549019
POL,HUN,260600,1419.3368208323107
POL,HUN,270112,49314091.32595576
POL,HUN,280429,211032.38204001923
POL,HUN,280469,3056275.913516833
POL,HUN,280480,5108.387169681408
POL,HUN,282200,11129.032517801232
POL,HUN,720292,49792.76534311229
POL,HUN,740311,4761329.411764706
POL,HUN,750210,78581.82293152653
POL,HUN,810411,296837.6861543425
POL,HUN,811010,32688.37398731225
POL,HUN,850511,108721.37722467503
POL,IDN,252910,10019.607843137255
POL,IDN,810320,225084.86565328465
POL,IDN,850511,364.70588235294116
POL,IND,252922,157.0
POL,IND,280469,21619.11420615622
POL,IND,850511,11340.314167206607
POL,IRL,252800,23.745098039215684
POL,IRL,270112,2222154.575490196
POL,IRL,280429,68.52223377180128
POL,IRL,280469,101976.51909417247
POL,IRL,720293,1134.6078431372548
POL,IRL,850511,11234.113803635935
POL,IRQ,850511,402.0
POL,ISL,280469,331.7758410540852
POL,ISL,850511,3017.348936337692
POL,ISR,280429,1572677.5136120864
POL,ISR,850511,101.0
POL,ITA,250490,1493.897805060143
POL,ITA,251110,3745.0
POL,ITA,280429,7390794.223241468
POL,ITA,280469,102583.93023029303
POL,ITA,280470,3416204.7427676255
POL,ITA,711011,6995292.614705882
POL,ITA,711021,15403264.243991867
POL,ITA,720292,333520.7821419818
POL,ITA,740311,532949095.8120007
POL,ITA,750210,480977.1294440189
POL,ITA,810411,126365.83538461539
POL,ITA,810820,250401.96627815944
POL,ITA,850511,260239.2347397883
POL,JPN,280469,98.0
POL,JPN,811292,354400.0
POL,JPN,850511,3136.944298766778
POL,KAZ,251110,4555.0
POL,KAZ,252910,83.0
POL,KAZ,252922,3162.0
POL,KAZ,260600,29003.0
POL,KAZ,850511,11745.0
POL,KGZ,850511,30.306767711190044
POL,KOR,740311,6328102.3475543475
POL,KOR,810820,511.5260504534582
POL,KOR,850511,2203.921568627451
POL,KWT,850511,201.6264705882353
POL,LBN,850511,534.0
POL,LKA,850511,24.0
POL,LTU,250490,13584.313725490196
POL,LTU,251010,2252.3076923076924
POL,LTU,251110,22796.922908576795
POL,LTU,270112,1520612.5833500258
POL,LTU,280429,239418.09134574074
POL,LTU,282200,3234.5797245675967
POL,LTU,750210,201747.32634748542
POL,LTU,850511,50792.32529165979
POL,LUX,250490,35886.407843137255
POL,LUX,252800,50763.0
POL,LUX,252910,595.8903265772044
POL,LUX,260600,4504.572549019607
POL,LUX,850511,10867.622951571568
POL,LVA,280429,1439683.4713988518
POL,LVA,280469,2656592.9797352697
POL,LVA,283691,7398.426485953354
POL,LVA,750210,18099.0
POL,LVA,810411,24377.310189107782
POL,LVA,811010,9393.016896793217
POL,LVA,850511,70746.49329832934
POL,MAR,282200,3534.111346353937
POL,MAR,850511,88.0
POL,MDA,280429,738537.5974228189
POL,MDA,850511,12531.238423487759
POL,MEX,260600,1064.0
POL,MEX,850511,1013.1460544990371
POL,MKD,280429,2422.030170854084
POL,MKD,850511,407.10081060869635
POL,MLT,280429,13537.0
POL,MLT,850511,3044.1432390926325
POL,MNE,250490,19960.12549019608
POL,MNE,280429,24666.43608049041
POL,MNE,850511,67.83183874190169
POL,MNG,280429,55713.479615783035
POL,MYS,740311,22044427.09104436
POL,MYS,850511,24592.913725490198
POL,NGA,850511,283.34901960784316
POL,NLD,250490,959971.5196078431
POL,NLD,251010,39294.914615384616
POL,NLD,251110,42420.30047762702
POL,NLD,252800,4332.985294117648
POL,NLD,252910,15257.849019607842
POL,NLD,252922,1952.2696078431372
POL,NLD,260200,6616.57470124878
POL,NLD,260600,52652.43137254902
POL,NLD,270112,570286.7450980392
POL,NLD,280429,490817.53946329444
POL,NLD,280469,454847.75829278847
POL,NLD,280470,11.101875036504751
POL,NLD,280480,5.67
POL,NLD,282200,21173.61933212418
POL,NLD,283691,70150.58921568627
POL,NLD,283692,418.3515040743279
POL,NLD,711011,12519.922549019608
POL,NLD,711021,38240.67643409032
POL,NLD,720292,142280.37706605304
POL,NLD,720293,198.22058823529412
POL,NLD,740311,35433.02156862745
POL,NLD,750210,420489.6959182478
POL,NLD,810194,2.4299999999999997
POL,NLD,810320,734.1133318001824
POL,NLD,810411,23216.482307692306
POL,NLD,810820,44697.87369872953
POL,NLD,811010,47205.71512181389
POL,NLD,811292,596.7274509803922
POL,NLD,850511,244309.4583567853
POL,NOR,252800,21.0
POL,NOR,270112,34856615.31372549
POL,NOR,280429,23581.481218838086
POL,NOR,280469,429.0
POL,NOR,720292,267065.5362447688
POL,NOR,720293,267631.55686274514
POL,NOR,810820,19.0
POL,NOR,811010,450.0592550842486
POL,NOR,850511,49356.97660164293
POL,NZL,850511,35202.98921568627
POL,OMN,850511,9.0
POL,PER,850511,12.0
POL,PHL,283691,78115.0
POL,PRT,251110,59.0
POL,PRT,280429,31948.0
POL,PRT,850511,17027.72847896607
POL,PYF,850511,38.0
POL,QAT,850511,54.0
POL,ROU,250490,218.54901960784312
POL,ROU,251110,18760.207762425893
POL,ROU,252910,6543.450980392156
POL,ROU,252922,6230.823529411764
POL,ROU,260200,61789.48635496214
POL,ROU,280429,3047135.106344599
POL,ROU,280469,2321956.642106333
POL,ROU,280480,1609.0
POL,ROU,282200,16706.128921562624
POL,ROU,283691,42.03921568627451
POL,ROU,720292,1344491.1388714334
POL,ROU,720293,59157.15017166474
POL,ROU,740311,513654.1344572238
POL,ROU,750210,1116097.294117647
POL,ROU,810411,563751.862227536
POL,ROU,810820,101571.649467392
POL,ROU,850511,96809.3818506756
POL,RUS,251110,118.0
POL,RUS,252800,19993.0
POL,RUS,252910,2.0
POL,RUS,280429,6126443.0
POL,RUS,282200,120678.0
POL,RUS,720293,1598868.0
POL,RUS,750210,906.0
POL,RUS,810194,8007.0
POL,RUS,811292,255.0
POL,RUS,850511,69387.0
POL,RWA,850511,165.64705882352942
POL,S19,740311,13375416.849405942
POL,S19,850511,65.83333333333334
POL,SAU,270112,266762.34607843135
POL,SAU,850511,3209.277899793822
POL,SGP,740311,12736338.01372549
POL,SGP,750210,28.0
POL,SGP,850511,4175.674509803922
POL,SRB,250490,7662.745098039216
POL,SRB,251110,15826.27252636913
POL,SRB,252800,11.0
POL,SRB,252910,248.69294103655722
POL,SRB,280429,29116.667981332885
POL,SRB,750210,191882.35294117648
POL,SRB,810411,5859.0
POL,SRB,811292,1281.0
POL,SRB,850511,23616.253834257604
POL,SVK,250490,3362685.733333333
POL,SVK,251110,39.0
POL,SVK,260200,15715181.0
POL,SVK,260600,192645.95294117648
POL,SVK,270112,219786514.50179642
POL,SVK,280429,816014.3003337473
POL,SVK,280469,3441450.321526903
POL,SVK,720292,349237.0
POL,SVK,720293,238344.0
POL,SVK,740311,2535256.1420577555
POL,SVK,750210,387342.343782611
POL,SVK,810411,43684.847210227694
POL,SVK,810820,14393.0
POL,SVK,811010,95560.95593140974
POL,SVK,850511,64277.48928344366
POL,SVN,280429,304246.570218571
POL,SVN,283691,157617.70196078432
POL,SVN,720292,30347.0
POL,SVN,720293,273056.4409430446
POL,SVN,750210,356763.36241179117
POL,SVN,850511,18394.373627333036
POL,SWE,252800,57852.0
POL,SWE,252922,592.8223471620605
POL,SWE,280429,6414.989961573313
POL,SWE,283691,103093.8378942919
POL,SWE,750210,30811.0
POL,SWE,850511,97270.38016143392
POL,THA,740311,211154673.24788064
POL,THA,850511,409.2274509803921
POL,TUN,850511,33.37089008253151
POL,TUR,252910,78.43137254901961
POL,TUR,260600,15.0
POL,TUR,280429,3801712.7159462725
POL,TUR,280480,27073.0
POL,TUR,740311,204335710.08525324
POL,TUR,810820,1055.3190502861698
POL,TUR,811010,928850.0
POL,TUR,811292,235000.0
POL,TUR,850511,957099.7281611365
POL,TZA,850511,44.0
POL,UKR,251110,2642.0525002131812
POL,UKR,252910,61613.0
POL,UKR,260600,136140.0
POL,UKR,270112,58958066.029808804
POL,UKR,280429,7446186.39561583
POL,UKR,280469,485020.0
POL,UKR,280470,38630.0
POL,UKR,280480,14859.0
POL,UKR,282200,146351.81337633592
POL,UKR,283691,11736.0
POL,UKR,711021,126443.0
POL,UKR,720292,7735.0
POL,UKR,720293,15036.0
POL,UKR,750210,15716.004180201886
POL,UKR,810411,3632.0
POL,UKR,811010,99386.0
POL,UKR,850511,36120.61107302809
POL,URY,850511,117.84313725490196
POL,USA,251110,87.0
POL,USA,252800,189.0
POL,USA,252922,67640.0
POL,USA,280429,34630.12432835283
POL,USA,740311,2924.0
POL,USA,810411,5700.0
POL,USA,810820,608232.0
POL,USA,811292,992138.5758005395
POL,USA,850511,320172.97088132
POL,UZB,260200,13820.0
POL,VNM,740311,87765164.84087116
POL,VNM,850511,78.0
POL,ZAF,252922,537.2788626565716
POL,ZAF,810820,553915.2504989392
POL,ZAF,850511,1016.9527758219533
POL,ZWE,850511,914.9509803921568
PRK,LBR,850511,1.8431372549019607
PRK,NLD,750210,4362488.304901961
PRK,PNG,280469,2780.426427823746
PRT,AGO,251010,165.79230769230767
PRT,AGO,251110,176062.89419200472
PRT,AGO,252800,15518.950980392157
PRT,AGO,252910,17568.952
PRT,AGO,260200,21854.487148291948
PRT,AGO,270112,406.608
PRT,AGO,280429,1083306.5068025042
PRT,AGO,280469,12714.041270133053
PRT,AGO,280470,57302.43747886887
PRT,AGO,283691,74.63529411764706
PRT,AGO,810194,174.66307692307691
PRT,AGO,810411,161.1123076923077
PRT,AGO,850511,97097.27510176017
PRT,ARE,252910,50.824
PRT,ARE,280429,328594.72942517546
PRT,ARE,282200,3892.860120486601
PRT,ARE,810320,134.62131092997262
PRT,ARE,850511,56.955950118288605
PRT,AUS,280429,10237562.257078266
PRT,AUS,280469,2117.76
PRT,AUS,850511,745.456
PRT,AUT,280429,208621.03597564306
PRT,AUT,850511,1313184.445406079
PRT,BEL,252910,526865.28
PRT,BEL,711011,212267.9676470588
PRT,BEL,711021,407051.30155301676
PRT,BEL,850511,97.09509803921569
PRT,BGR,850511,1666.7887611804183
PRT,BHR,850511,33.40098039215687
PRT,BIH,280429,114601.87920626478
PRT,BIH,850511,3946.7450980392155
PRT,BRA,252910,474.376
PRT,BRA,750210,202762.992
PRT,BRA,850511,13562.148000000001
PRT,CAN,850511,893.4630383101488
PRT,CHE,250490,372.728
PRT,CHE,251110,49930.44739163169
PRT,CHE,280429,849327.5912983933
PRT,CHE,280469,2964.864
PRT,CHE,850511,19171.408822603553
PRT,CHL,280429,77498.3864025673
PRT,CHL,850511,2406.4313725490197
PRT,CHN,250490,3347.0588235294117
PRT,CHN,850511,93130.696
PRT,COL,250490,1889.8823529411766
PRT,COL,282200,139558.82208246182
PRT,COL,850511,21584.86274509804
PRT,CPV,251110,24633.808
PRT,CPV,252800,148505.46681048727
PRT,CPV,252910,11918.76
PRT,CPV,280429,159917.4461894468
PRT,CPV,282200,2724.3335493708946
PRT,CPV,740311,16.944
PRT,CPV,850511,21700.842874370413
PRT,CZE,280429,219486.7826550617
PRT,CZE,850511,4399.807914523609
PRT,DEU,251110,16601.801044366766
PRT,DEU,280429,3475197.982115504
PRT,DEU,280469,1455065.2897875702
PRT,DEU,711011,216152.89411764705
PRT,DEU,711021,285708.3196336866
PRT,DEU,740311,14690025.670588236
PRT,DEU,850511,48494.28137363617
PRT,DNK,280429,134902.90544336705
PRT,DNK,850511,508.264
PRT,DZA,252910,289260.864
PRT,DZA,850511,22973.48
PRT,ESP,251010,1060859.2676923077
PRT,ESP,251110,1517074.8690108478
PRT,ESP,252800,8267.466666666667
PRT,ESP,252910,11365327.93818678
PRT,ESP,260600,36048.78431372549
PRT,ESP,280429,10734754.424692152
PRT,ESP,280469,717821.6155460295
PRT,ESP,283691,8969.741176470588
PRT,ESP,740311,1692386.4156862746
PRT,ESP,810194,6633.753846153845
PRT,ESP,810411,32240.808
PRT,ESP,850511,565369.2156737112
PRT,EST,280429,25582.56
PRT,EST,850511,2647.19011351005
PRT,FIN,280429,37899.464
PRT,FIN,850511,14686.602304540307
PRT,FRA,251110,186001.68969494666
PRT,FRA,252910,3710.32
PRT,FRA,280429,12766985.251057986
PRT,FRA,282200,135.536
PRT,FRA,283691,516775.42745098035
PRT,FRA,711021,1209945.144
PRT,FRA,850511,636091.7886142666
PRT,GBR,252910,98559.77031825267
PRT,GBR,280429,36076518.93297014
PRT,GBR,850511,331004.0986703933
PRT,GHA,251110,86668.55892032238
PRT,GHA,850511,282.8862745098039
PRT,GMB,280469,3499.9630532200317
PRT,GNB,252800,2541.312
PRT,GRC,850511,4853.912
PRT,HRV,850511,1624.8982634379481
PRT,HUN,280429,30478.832
PRT,HUN,850511,66654.90196078431
PRT,IND,711011,6004.923529411764
PRT,IND,850511,128.09411764705882
PRT,IRL,850511,911.0945694136951
PRT,ISL,850511,330.97357689704575
PRT,ISR,251110,28601.62216011423
PRT,ISR,850511,127.064
PRT,ITA,252910,196282.64
PRT,ITA,280429,554206.9825857114
PRT,ITA,711021,14947.531248915675
PRT,ITA,850511,207278.75548093996
PRT,JOR,850511,50.824
PRT,JPN,270112,32189.984
PRT,JPN,280429,586777.8415861387
PRT,KEN,251110,76084.93276770023
PRT,KOR,280469,4235.52
PRT,KOR,850511,439.2156862745098
PRT,LBN,850511,389.672
PRT,LSO,850511,28462.72
PRT,LTU,850511,52.94117647058823
PRT,LUX,280429,46285.808
PRT,LUX,850511,124.6286732770794
PRT,LVA,280429,179272.784
PRT,LVA,850511,3131.117227429972
PRT,MAR,252910,23058.33942270769
PRT,MAR,750210,53475.1794117647
PRT,MAR,850511,169.424
PRT,MEX,850511,5328.294
PRT,MLT,280470,821.688
PRT,MOZ,251110,63821.29235908027
PRT,MOZ,252910,36163.38060030113
PRT,MOZ,850511,2889.707504564862
PRT,NLD,250490,8.258823529411764
PRT,NLD,251010,3279.841538461538
PRT,NLD,251110,1338.5189032293742
PRT,NLD,252800,1375.157843137255
PRT,NLD,252910,5868.164705882353
PRT,NLD,252922,2152.5549019607847
PRT,NLD,260200,2480.4715795224515
PRT,NLD,260600,8833.219607843137
PRT,NLD,270112,7579.885294117647
PRT,NLD,280429,23553.008441798214
PRT,NLD,280469,3203.3629642949545
PRT,NLD,280470,1.7078560136507674
PRT,NLD,280480,0.8099999999999999
PRT,NLD,282200,2764.691976313225
PRT,NLD,283691,8425.421568627451
PRT,NLD,283692,351.37902063818444
PRT,NLD,711011,638.0235294117647
PRT,NLD,711021,5975.847681797747
PRT,NLD,720292,6824.167647058824
PRT,NLD,720293,16.518627450980393
PRT,NLD,740311,5785.573529411765
PRT,NLD,750210,48349.385294117645
PRT,NLD,810320,285.7554115955748
PRT,NLD,810411,2899.9338461538464
PRT,NLD,810820,8.993937625505424
PRT,NLD,811010,33.48522106534479
PRT,NLD,811292,663.8333333333334
PRT,NLD,850511,12934.635760124733
PRT,NOR,280429,1162568.2516642825
PRT,NOR,850511,3041.451334147374
PRT,NZL,250490,355.5607843137255
PRT,NZL,850511,458.7480392156863
PRT,PHL,850511,338.84
PRT,POL,251110,142.18988567418947
PRT,POL,850511,25686.122424998917
PRT,PRY,850511,109.33333333333333
PRT,PYF,280429,62502.05885379406
PRT,QAT,850511,6776.84
PRT,ROU,280429,178883.112
PRT,ROU,810194,11918.76
PRT,ROU,850511,19230.076223674776
PRT,SAU,850511,99712.704
PRT,SGP,280429,213.72230663412486
PRT,SGP,850511,46.81326132097692
PRT,SRB,850511,17373.624719640597
PRT,STP,252800,59.296
PRT,STP,280429,758.7276505094108
PRT,STP,850511,1719.624
PRT,SVK,280429,371961.2839844062
PRT,SVK,850511,7389.592290082187
PRT,SVN,280429,440524.0453383263
PRT,SVN,850511,4870.856
PRT,SWE,252910,60873.141176470584
PRT,SWE,280429,581791.552
PRT,SWE,850511,4167.219225086577
PRT,TUN,280429,16221.719248912801
PRT,TUN,282200,10351.624
PRT,TUN,850511,2685.32
PRT,TUR,250490,3333.3333333333335
PRT,TUR,850511,562.3094785564019
PRT,USA,280429,8268843.696
PRT,USA,280469,20347.456
PRT,USA,850511,32774.48
PRT,ZAF,850511,42.352
PRY,ARE,270112,16098.452941176469
PRY,BRA,850511,38.64
PRY,CHL,850511,4.26
PRY,IRL,280429,4512.460652994545
PRY,NLD,280469,85468.92024639837
PRY,S19,280469,30700.11353607169
PRY,TUR,280469,1457016.9752337188
PSE,ARE,270112,1194.0892156862744
PSE,GBR,280429,170283.68003222905
PSE,ISR,260600,227090.115
PSE,ISR,280429,1721.942
PSE,ISR,850511,43.478
PSE,SAU,270112,749.5421568627451
PYF,FRA,280429,264.376
QAT,ARE,280429,40366954.40465544
QAT,ARG,280429,1180754.374555968
QAT,AUS,280429,8546603.271088481
QAT,AUT,280429,910157.6831215979
QAT,AUT,850511,5.161764705882352
QAT,AZE,280429,8729709.071883498
QAT,BEL,280429,354117.6950087734
QAT,BHR,280429,225933.5286650156
QAT,BIH,280429,775474.9769133314
QAT,BRA,280429,3177101.1392815397
QAT,CAN,280429,1484966.8611455304
QAT,CHE,280429,7924030.831902321
QAT,CHN,280429,283320982.81434643
QAT,CIV,280429,14545.108802213565
QAT,DEU,280429,176375086.6806351
QAT,DJI,280429,25112.527136594115
QAT,DNK,280429,3798403.446347882
QAT,EGY,280429,2870112.65894948
QAT,ESP,280429,23646857.819543686
QAT,ETH,280429,42667.847872457336
QAT,FRA,280429,52059532.03415408
QAT,GBR,280429,33830941.118433826
QAT,GHA,280429,101557.42292845767
QAT,GRC,280429,731335.0080131574
QAT,HKG,280429,1578393.8202620954
QAT,HRV,280429,95491.67922320592
QAT,IDN,280429,2060320.813867399
QAT,IND,280429,36830965.79547784
QAT,IRN,280429,484899.82569758315
QAT,ITA,280429,9516502.280740218
QAT,JOR,280429,647333.7107477172
QAT,JPN,280429,58097258.0516224
QAT,KEN,280429,104148.4141651814
QAT,KOR,280429,131057666.52253702
QAT,KWT,280429,2547747.4171281895
QAT,LBN,280429,462562.85325231147
QAT,LKA,280429,75469.29676228133
QAT,MAR,280429,465021.2403018242
QAT,MDV,280429,42175.9281063062
QAT,MKD,280429,234282.81948520362
QAT,MLT,280429,896269.9519843367
QAT,MRT,280429,114442.01481943285
QAT,MUS,280429,144899.53242271935
QAT,MYS,280429,27570878.375141654
QAT,MYS,280469,49958008.8288759
QAT,NGA,280429,14652.523160011122
QAT,NLD,280429,492032.8296340558
QAT,NOR,280429,115441.93630844062
QAT,NPL,280429,12172.20696781125
QAT,OMN,280429,883309.301794813
QAT,OMN,283691,479.35980392156864
QAT,OMN,850511,8192.457843137256
QAT,PAK,280429,383035.9294382694
QAT,PHL,280429,917262.7877950727
QAT,POL,280429,1299758.3174364478
QAT,S19,280429,124620534.38475557
QAT,SAU,280429,5398122.744177269
QAT,SGP,280429,59127737.1062882
QAT,SRB,280429,11940568.44622943
QAT,SVK,280429,16348.423693277118
QAT,SVN,850511,335.521568627451
QAT,THA,280429,32680744.901767146
QAT,TUN,280429,134022.16054516894
QAT,TUR,280429,40528224.65969278
QAT,TZA,280429,69574.66398362635
QAT,USA,280429,20378368.080619674
QAT,UZB,280429,4187.572540189836
QAT,VNM,280429,2956634.1753292424
QAT,ZAF,280429,10317976.51400789
ROU,AGO,280429,108831.88622650641
ROU,ARE,850511,133.23431372549018
ROU,ARM,850511,51.74
ROU,AUS,850511,22291.717647058824
ROU,AUT,270112,681012.743137255
ROU,AUT,850511,48301.487171504836
ROU,AZE,850511,108.98
ROU,BEL,850511,9753.290741876423
ROU,BGR,251110,12247.542514120136
ROU,BGR,252910,947.48
ROU,BGR,280429,5685.4
ROU,BGR,280469,180241.32
ROU,BGR,750210,3.6
ROU,BGR,810194,5198.82
ROU,BGR,810411,88293.56
ROU,BGR,850511,60898.73566520631
ROU,BHR,850511,146.01568627450982
ROU,BIH,850511,1143.0139836156463
ROU,BOL,850511,254.90196078431373
ROU,BRA,850511,7019.28
ROU,CAN,251110,8857.205659985013
ROU,CAN,850511,66240.32052170028
ROU,CHE,810411,31402.474670892138
ROU,CHE,850511,2539.290402502019
ROU,CHN,850511,4881.38806485109
ROU,CRI,850511,83.79411764705883
ROU,CYP,280429,149716.58
ROU,CYP,850511,4385.136739587085
ROU,CZE,720293,56675.34
ROU,CZE,810820,654415.4906398673
ROU,CZE,850511,420401.4082419436
ROU,DEU,252922,14125.44
ROU,DEU,280429,1237117.390910111
ROU,DEU,280469,12287.07645531942
ROU,DEU,711011,996087.2313725491
ROU,DEU,711021,128723.89091134346
ROU,DEU,720292,769518.26
ROU,DEU,720293,6059.063291058959
ROU,DEU,740311,75865.70196078431
ROU,DEU,810411,718905.2307692308
ROU,DEU,810820,81436.40430834188
ROU,DEU,811010,187.33899818688352
ROU,DEU,811292,131268.0156862745
ROU,DEU,850511,3400347.1023914283
ROU,DNK,280429,428.69542128235116
ROU,DNK,850511,36.78137254901961
ROU,EGY,850511,97.31960784313726
ROU,ESP,252910,2312.5803921568627
ROU,ESP,850511,1971.0119056114638
ROU,EST,850511,22.24
ROU,FRA,811231,121104.34
ROU,FRA,850511,7559.92292500571
ROU,GBR,711011,11096.670588235293
ROU,GBR,850511,13063.995934404193
ROU,GRC,252922,0.82
ROU,GRC,260200,1133.5330645121862
ROU,GRC,810820,4330.6
ROU,GRC,850511,20698.317832040273
ROU,HRV,280429,33878.98
ROU,HRV,850511,9069.597586852995
ROU,HUN,251110,235822.56006295668
ROU,HUN,252910,611435.4666387157
ROU,HUN,280469,1352.22
ROU,HUN,750210,25.52
ROU,HUN,850511,114232.43590387145
ROU,IND,850511,4097.64
ROU,IRL,850511,131.39883804838664
ROU,ISR,850511,5768.3
ROU,ITA,251110,404.4815905244243
ROU,ITA,252922,1246.4904004650243
ROU,ITA,260200,56.04
ROU,ITA,260600,180.52
ROU,ITA,270112,2839.1166928298685
ROU,ITA,711011,189961.7137254902
ROU,ITA,740311,4349.24
ROU,ITA,810820,390223.1330241684
ROU,ITA,850511,87599.54335454857
ROU,JPN,850511,2135.74
ROU,KOR,850511,600.9803921568628
ROU,LTU,850511,35.82
ROU,LUX,252910,687430.8078431373
ROU,LVA,850511,54155.60784313725
ROU,MAR,850511,296.221568627451
ROU,MDA,250490,4180.0
ROU,MDA,252910,954252.4174577576
ROU,MDA,280429,13208.412956862148
ROU,MDA,280469,82732.41260654027
ROU,MDA,850511,11625.031417656022
ROU,MEX,850511,3702.3
ROU,MKD,850511,744.6800000000001
ROU,MNE,850511,77.62
ROU,MUS,850511,2345.1607843137253
ROU,NLD,250490,12.38921568627451
ROU,NLD,251010,5518.784615384615
ROU,NLD,251110,1870.915386687009
ROU,NLD,252800,1024.1411764705883
ROU,NLD,252910,3780.6509803921567
ROU,NLD,252922,551.3019607843137
ROU,NLD,260200,1430.3156159102375
ROU,NLD,260600,2778.190196078431
ROU,NLD,270112,18282.782352941176
ROU,NLD,280429,8331.40680232651
ROU,NLD,280469,3120.74636585824
ROU,NLD,280470,1.7078560136507674
ROU,NLD,282200,4122.013800644791
ROU,NLD,283691,11394.60588235294
ROU,NLD,283692,110.09268448709162
ROU,NLD,711011,1860.386274509804
ROU,NLD,711021,8066.702160462749
ROU,NLD,720292,8799.071418755299
ROU,NLD,720293,26.8421568627451
ROU,NLD,740311,3924.154901960784
ROU,NLD,750210,35972.96666666667
ROU,NLD,810320,455.09259475456196
ROU,NLD,810411,3129.174615384615
ROU,NLD,810820,73.95394992140294
ROU,NLD,811010,1309.6125931915522
ROU,NLD,811292,110.46666666666667
ROU,NLD,850511,1464.1023182620768
ROU,NOR,850511,543.9333333333333
ROU,NZL,850511,1802.0460784313725
ROU,POL,251110,26262.24
ROU,POL,252910,826.4485421825699
ROU,POL,252922,4232.84
ROU,POL,280469,6866.14
ROU,POL,280470,54643.5
ROU,POL,283691,3042.16
ROU,POL,810411,32925.38461538462
ROU,POL,850511,24655.69475478119
ROU,PRT,850511,12569.842702575486
ROU,RUS,850511,22636.6
ROU,S19,810820,126849.42576663145
ROU,SAU,850511,12157.385294117646
ROU,SGP,251110,2869.6402888607763
ROU,SGP,850511,344.2621482852528
ROU,SLV,850511,101.98039215686273
ROU,SRB,251010,10750855.384615384
ROU,SRB,251110,2816.88
ROU,SRB,252910,3766.726269813958
ROU,SRB,260200,5940102.115307427
ROU,SRB,850511,5589.969139013224
ROU,SVK,252922,188770.97999999998
ROU,SVK,260200,2369026.0953127793
ROU,SVK,740311,8727.38
ROU,SVK,750210,8.38
ROU,SVK,810820,302050.35890688404
ROU,SVK,850511,414946.4570567432
ROU,SVN,850511,20776.917464313985
ROU,SWE,850511,3.42
ROU,THA,850511,418.58039215686273
ROU,TUN,850511,1584.14
ROU,TUR,252910,15.686274509803921
ROU,TUR,810194,11449.2
ROU,TUR,850511,22399.52
ROU,UKR,252910,235050.94
ROU,UKR,260200,13.3
ROU,UKR,280429,156226.11308759358
ROU,UKR,810411,51946.6
ROU,UKR,850511,1897.88
ROU,USA,251110,12531.716627035934
ROU,USA,280429,20124.393632654042
ROU,USA,280469,619036.5
ROU,USA,850511,16136.986966503497
ROU,VCT,850511,181.12156862745098
RUS,ARE,270112,2713223.539215686
RUS,ARE,711011,1226607.3686274511
RUS,ARE,720292,473495.36176470586
RUS,ARE,740311,323663.7343137255
RUS,ARE,750210,32498393.14509804
RUS,ARE,850511,11.487254901960785
RUS,ARG,750210,968611.3529411764
RUS,ARG,850511,6.450980392156863
RUS,ARM,270112,90179.5294117647
RUS,ARM,280429,1632474.4590173345
RUS,ARM,280469,1279068.6153738839
RUS,ARM,711011,501199.84313725494
RUS,ARM,810820,20772.550943557333
RUS,ARM,850511,7317.2156862745105
RUS,AUS,711011,408546.22156862746
RUS,AUS,750210,238849.21960784314
RUS,AUT,270112,21747169.02647059
RUS,AUT,740311,42649916.940196075
RUS,AUT,750210,29219079.710784312
RUS,AUT,810820,64909.24784327265
RUS,AUT,811010,643460.9249217032
RUS,AUT,850511,459.4186274509804
RUS,AZE,250490,84147.76470588235
RUS,AZE,252910,3242537.254901961
RUS,AZE,270112,25769812.54901961
RUS,AZE,280429,5012148.034480183
RUS,AZE,850511,254.1960784313725
RUS,BEL,251010,20436752.384615384
RUS,BEL,270112,253876641.5088235
RUS,BEL,280429,387880.1127673594
RUS,BEL,810820,492393.3533287507
RUS,BEL,850511,0.5186274509803922
RUS,BGR,270112,129603807.15686274
RUS,BGR,280470,150409.763258085
RUS,BGR,740311,343759904.7137255
RUS,BGR,811292,48961.06274509804
RUS,BIH,270112,278150978.5882353
RUS,BIH,750210,133994.11764705883
RUS,BOL,280429,835.1729017713186
RUS,BRA,270112,870666756.862745
RUS,BRA,711021,13688817.401377581
RUS,BRA,750210,39858486.2745098
RUS,CAN,280429,310449.9207689619
RUS,CAN,280469,2081946.6715285934
RUS,CAN,720292,213690.1294117647
RUS,CAN,750210,2554808.7411764706
RUS,CAN,810411,20675.864615384613
RUS,CAN,811292,524.2588235294118
RUS,CAN,850511,51.219607843137254
RUS,CHE,280469,201104.03576220543
RUS,CHE,711011,62203983.65882353
RUS,CHE,711021,163781145.97484046
RUS,CHE,720293,119707.7450980392
RUS,CHE,750210,8555235.294117646
RUS,CHE,810820,357274.28235321824
RUS,CHE,850511,570.8196078431372
RUS,CHN,260600,133.33333333333334
RUS,CHN,270112,8956167407.843138
RUS,CHN,280429,42971510.30012416
RUS,CHN,280469,233.49631013360877
RUS,CHN,282200,54.18131649424925
RUS,CHN,283691,25.49019607843137
RUS,CHN,283692,115.87236311019724
RUS,CHN,711011,266672790.19607842
RUS,CHN,711021,466773313.83958244
RUS,CHN,740311,2764784944.117647
RUS,CHN,750210,1092046352.9411764
RUS,CHN,810411,2191287.692307692
RUS,CHN,810820,1071019.7682429454
RUS,CHN,811010,18041.0288626644
RUS,CHN,811292,843170.5882352941
RUS,CHN,850511,17746.07843137255
RUS,COL,720292,19569.333333333336
RUS,CYP,270112,49984254.04705882
RUS,CZE,270112,15706992.156862745
RUS,CZE,280469,1385910.8109013513
RUS,CZE,720292,1710270.588235294
RUS,CZE,750210,33836952.94117647
RUS,CZE,810820,38921.533174762946
RUS,CZE,811292,66576.47058823529
RUS,CZE,850511,1380.392156862745
RUS,DEU,250490,387052.1333333333
RUS,DEU,270112,18381983332.90588
RUS,DEU,280429,6794897.183105328
RUS,DEU,280469,101105390.61201309
RUS,DEU,282200,77727.39879654125
RUS,DEU,711011,27456459.1372549
RUS,DEU,711021,5300927064.644666
RUS,DEU,720292,2098893.058823529
RUS,DEU,740311,10797776283.67451
RUS,DEU,750210,4833509151.892157
RUS,DEU,810820,63913939.509831965
RUS,DEU,811231,10363108.20923077
RUS,DEU,811292,13456084.70882353
RUS,DEU,850511,15131.613725490195
RUS,EGY,270112,16103689.215686275
RUS,EGY,750210,387493.25980392157
RUS,ESP,270112,2307023785.682353
RUS,ESP,740311,482826608.14901966
RUS,ESP,750210,59192990.62745098
RUS,ESP,810820,15851646.103818025
RUS,ESP,850511,782.3921568627451
RUS,EST,270112,1306600.6274509802
RUS,EST,810320,3402544.921894817
RUS,EST,810820,8131819.174333432
RUS,EST,811292,34753657.803921565
RUS,EST,850511,25725.960784313724
RUS,FIN,252910,13379.911764705883
RUS,FIN,270112,311914243.0862745
RUS,FIN,280429,447.9590355026466
RUS,FIN,740311,41028705.21372549
RUS,FIN,850511,452.1921568627451
RUS,FRA,270112,1175184343.3607843
RUS,FRA,280429,6218690.296398156
RUS,FRA,280469,308510.07817938336
RUS,FRA,711011,603225.7921568627
RUS,FRA,711021,1562842.804153686
RUS,FRA,720292,236.69019607843137
RUS,FRA,740311,157149098.9843137
RUS,FRA,750210,316031677.43333334
RUS,FRA,810411,3887718.876923077
RUS,FRA,810820,1031461.2665068776
RUS,FRA,850511,20953.38431372549
RUS,GBR,270112,981525380.5431373
RUS,GBR,280429,321225.0639709261
RUS,GBR,280469,536733.8361534224
RUS,GBR,711011,55976475.286274515
RUS,GBR,711021,333624846.1784464
RUS,GBR,720292,1032650.9098039216
RUS,GBR,720293,212698.93333333335
RUS,GBR,750210,105065475.56470588
RUS,GBR,810820,16276577.86418774
RUS,GBR,811292,1614862.2470588235
RUS,GEO,260200,2990.8716625402985
RUS,GEO,270112,32321181.725490194
RUS,GEO,280429,820905.7601706726
RUS,GEO,850511,61.752941176470586
RUS,GRC,270112,5658069.519607843
RUS,GRC,740311,249751000.53529412
RUS,HKG,270112,147303567.59313723
RUS,HKG,280429,3815129.614061418
RUS,HKG,711011,90574187.53431372
RUS,HKG,711021,710564334.7090857
RUS,HRV,270112,101854779.41176471
RUS,HUN,270112,64608682.35294118
RUS,HUN,280429,863221.4421686572
RUS,HUN,280469,336.23468659239666
RUS,HUN,850511,15.686274509803921
RUS,IDN,270112,527533009.8039216
RUS,IDN,283691,754.9019607843137
RUS,IND,270112,78387217.75686274
RUS,IND,280470,12220493.200256633
RUS,IND,750210,59224920.620588236
RUS,IND,810820,847822.7111643951
RUS,IND,811292,270702.1284313725
RUS,IRL,270112,50859350.88039216
RUS,IRL,280429,1.0273797494920542
RUS,IRL,711021,24852.87926216912
RUS,IRL,850511,13.421568627450979
RUS,ISL,280469,462593.58994566574
RUS,ISR,283691,6862.745098039216
RUS,ITA,270112,1101216708.6264706
RUS,ITA,711011,58342807.93235294
RUS,ITA,711021,436084514.15877557
RUS,ITA,740311,179773462.99019608
RUS,ITA,750210,1112331.138235294
RUS,ITA,810820,2034605.5934902707
RUS,ITA,811292,2527853.560784314
RUS,ITA,850511,44346.768627450976
RUS,JPN,270112,2937275404.187255
RUS,JPN,280469,723000.0042476339
RUS,JPN,711011,6096164.416666667
RUS,JPN,711021,912167267.1438656
RUS,JPN,750210,6866592.043137254
RUS,JPN,810411,140657.14615384614
RUS,JPN,811292,595057.9715686275
RUS,JPN,850511,70246.27549019607
RUS,KAZ,250490,172592.99999999997
RUS,KAZ,251110,79347.62966560632
RUS,KAZ,252800,1164752.1960784313
RUS,KAZ,252910,6551686.31372549
RUS,KAZ,260200,1300924.9046997665
RUS,KAZ,260600,23279.960784313727
RUS,KAZ,270112,23680754.45098039
RUS,KAZ,280429,12510916.079877298
RUS,KAZ,280469,815270.0191525412
RUS,KAZ,280470,6520.555334625441
RUS,KAZ,280480,553.8000000000001
RUS,KAZ,282200,25961.31049051379
RUS,KAZ,283691,31168.607843137255
RUS,KAZ,283692,60.3930241413449
RUS,KAZ,720292,751319.6078431372
RUS,KAZ,740311,385906.43137254904
RUS,KAZ,750210,1391360.2745098039
RUS,KAZ,810320,140.21206843521895
RUS,KAZ,810411,5380069.461538461
RUS,KAZ,810820,275238.3499024482
RUS,KAZ,811010,18581.594861273315
RUS,KAZ,811292,711.7647058823529
RUS,KAZ,850511,382143.3137254902
RUS,KGZ,252800,2419.607843137255
RUS,KGZ,252910,775611.7647058823
RUS,KGZ,280429,157894.5105601122
RUS,KGZ,283691,7164.705882352941
RUS,KGZ,850511,3588.235294117647
RUS,KOR,270112,4945436989.215686
RUS,KOR,280429,82692298.38427408
RUS,KOR,280469,195.20291527169695
RUS,KOR,282200,1439.1318100402345
RUS,KOR,283691,1328.4313725490197
RUS,KOR,283692,865.1222298377884
RUS,KOR,711021,80948905.09321442
RUS,KOR,740311,199049.01960784313
RUS,KOR,750210,435.29411764705884
RUS,KOR,810320,210144.50501824814
RUS,KOR,810820,1189792.5108521313
RUS,KOR,811292,327648.03921568627
RUS,KOR,850511,13.72549019607843
RUS,KWT,260600,178855.71078431373
RUS,KWT,750210,781722.831372549
RUS,LTU,270112,39553034.31372549
RUS,LTU,850511,1418.627450980392
RUS,LVA,260600,661413.6509803921
RUS,LVA,270112,32313462.07843137
RUS,LVA,850511,995.2352941176471
RUS,MDA,270112,5741890.196078431
RUS,MDA,280429,455637.55271869834
RUS,MKD,270112,80523.74509803922
RUS,MNG,280429,192401.05566614517
RUS,MNG,750210,90094.59509803921
RUS,MNG,850511,16.859803921568627
RUS,MYS,270112,59183915.40588235
RUS,MYS,740311,1774020.0960784312
RUS,MYS,750210,18754745.54509804
RUS,NLD,251010,68907963.29384616
RUS,NLD,251110,71.75389898209599
RUS,NLD,252922,183.76764705882354
RUS,NLD,260200,0.9925396496299893
RUS,NLD,270112,48882295.4382353
RUS,NLD,282200,116.11341289541268
RUS,NLD,720292,113662.14607843137
RUS,NLD,740311,670412498.8470588
RUS,NLD,750210,326726718.31764704
RUS,NLD,810411,216189.26384615383
RUS,NLD,810820,2946800.8810036397
RUS,NLD,811292,5102.123529411765
RUS,NLD,850511,37.166666666666664
RUS,NOR,270112,7086921.366666666
RUS,NOR,280469,467680.74883694516
RUS,NOR,720292,70740.20980392156
RUS,NZL,850511,25.48627450980392
RUS,OMN,740311,1963204.055882353
RUS,PAK,270112,47829344.59019608
RUS,PER,720292,49609.16764705883
RUS,PER,750210,313256.0411764706
RUS,PHL,270112,16099660.784313725
RUS,POL,270112,305246372.5490196
RUS,POL,280469,121344.29643547435
RUS,POL,720292,2949.0196078431372
RUS,POL,750210,26003451.960784312
RUS,POL,810820,6619.469762361542
RUS,POL,850511,882.3529411764706
RUS,ROU,270112,319858962.1960784
RUS,S19,270112,1474222225.0196078
RUS,S19,280429,1793707.8074129042
RUS,S19,282200,351.05690890624794
RUS,S19,283692,87.74935648465463
RUS,S19,720292,329.1666666666667
RUS,S19,740311,208861172.5980392
RUS,S19,750210,54918632.07843137
RUS,S19,811292,98.74509803921568
RUS,SAU,740311,4246670.220588235
RUS,SAU,750210,242682.08529411766
RUS,SAU,850511,1449.15
RUS,SGP,280429,4838247.693809981
RUS,SGP,283691,367.6470588235294
RUS,SGP,740311,48776498.23431373
RUS,SGP,750210,37380415.794117644
RUS,SGP,850511,28.445098039215686
RUS,SRB,270112,28292847.05882353
RUS,SRB,280469,2532205.840373112
RUS,SRB,720293,713364.7058823529
RUS,SRB,750210,10474368.62745098
RUS,SRB,810411,82812.30769230769
RUS,SRB,850511,14149.019607843136
RUS,SVK,270112,318487793.8568628
RUS,SVK,280429,4970133.857705092
RUS,SVK,720293,208214.55686274508
RUS,SVK,750210,250253.90588235293
RUS,SVK,810411,15348886.892307693
RUS,SVK,810820,746267.4618485391
RUS,SVN,280469,44385.76564215411
RUS,SVN,720292,3642.690196078431
RUS,SVN,750210,11795809.521568626
RUS,SVN,810820,739625.2913382613
RUS,SWE,270112,61244584.56470588
RUS,SWE,280469,3994409.7848308403
RUS,THA,283692,337.1694097936181
RUS,THA,711021,63933170.78615999
RUS,THA,750210,2229343.266666667
RUS,TJK,270112,14563.725490196079
RUS,TJK,280429,58740.16886815682
RUS,TJK,280469,6755.515244785569
RUS,TJK,810411,9958.461538461539
RUS,TUR,270112,28528995592.15686
RUS,TUR,280429,50355290.51106211
RUS,TUR,280469,11611304.510324098
RUS,TUR,282200,646.3736002822718
RUS,TUR,720292,27222823.529411763
RUS,TUR,740311,7187055356.862745
RUS,TUR,750210,415334039.21568626
RUS,TUR,810411,585083.0769230769
RUS,UKR,252910,85841.66666666667
RUS,UKR,270112,728629855.7843137
RUS,UKR,280429,3736511.7349728444
RUS,UKR,280469,8728.9700189204
RUS,UKR,750210,13169960.549019607
RUS,UKR,810194,223846.15384615384
RUS,UKR,810411,143393.3846153846
RUS,UKR,810820,938505.0823293307
RUS,USA,252800,58921.56862745098
RUS,USA,280429,620615.4222354224
RUS,USA,280480,4307.692307692308
RUS,USA,711011,96752031.37254901
RUS,USA,711021,1271768437.1868355
RUS,USA,720292,1105069.6078431373
RUS,USA,750210,261947192.15686274
RUS,USA,810411,19912855.384615384
RUS,USA,810820,13368687.77526083
RUS,USA,811231,66291.53846153845
RUS,USA,811292,1863861.7647058824
RUS,USA,850511,35098.03921568627
RUS,UZB,252800,128823.5294117647
RUS,UZB,252910,54421.56862745098
RUS,UZB,270112,1531877.450980392
RUS,UZB,280429,480309.3017456742
RUS,UZB,283692,1116.9050338892696
RUS,UZB,720292,8889.21568627451
RUS,UZB,750210,108346.07843137255
RUS,UZB,810411,14804.615384615385
RUS,UZB,850511,14488.225490196079
RUS,VNM,270112,866929190.1588235
RUS,VNM,740311,29387939.647058826
RUS,VNM,750210,53647.05882352941
RUS,VNM,811010,636950.0724517915
RWA,ARE,283691,817347.1
RWA,BEL,810820,22617.576058090966
RWA,COD,250490,109.66
RWA,COD,280469,11736.88
RWA,COD,850511,156.38
RWA,GBR,283691,3.04
RWA,USA,810320,3731901.444313412
S19,ARE,251110,5501.8004677019435
S19,ARE,280429,163819.51
S19,ARE,810820,923.8587533754769
S19,ARE,850511,11175.65672999179
S19,ARG,251010,1294.0615384615385
S19,ARG,850511,12984.96409820216
S19,AUS,250490,10192.789310193206
S19,AUS,750210,560509.9292001928
S19,AUS,850511,275701.7138441269
S19,AUT,282200,138.13479112738239
S19,AUT,810820,2165.639962873046
S19,AUT,850511,130476.85490196077
S19,AZE,850511,2786.0392156862745
S19,BEL,260600,96.02549019607842
S19,BEL,810820,476.6881844310167
S19,BEL,811292,2218166.99
S19,BEL,850511,132039.0394832913
S19,BFA,850511,178.08235294117648
S19,BGD,252910,8367.39
S19,BGD,282200,11929.39
S19,BGD,283692,8266.58
S19,BGD,740311,824205.51
S19,BGD,750210,112136.57
S19,BGD,850511,2117.04
S19,BGR,850511,3093.4472642573255
S19,BHR,850511,670.4735294117647
S19,BIH,850511,11974.35294117647
S19,BMU,850511,130.11764705882354
S19,BOL,720292,1170.5882352941176
S19,BOL,810820,425.1645094678094
S19,BOL,850511,5.88235294117647
S19,BRA,850511,163570.0017489842
S19,BRN,850511,95.2686274509804
S19,CAN,280429,68.96420722991108
S19,CAN,280469,134146.64134017372
S19,CAN,810194,7858.058461538461
S19,CAN,810820,3674.9132336967023
S19,CAN,850511,196177.5037957993
S19,CHE,250490,1982.63
S19,CHE,251010,2642.1323076923077
S19,CHE,711011,4120397.38038265
S19,CHE,711021,39097059.376849174
S19,CHE,810820,10554.249618023676
S19,CHE,850511,236363.850891497
S19,CHL,711011,152.23529411764704
S19,CHL,850511,2288.8447583826132
S19,CHN,250490,6323.385440524037
S19,CHN,252800,7292.06
S19,CHN,252910,758889.73325394
S19,CHN,260200,3494.81
S19,CHN,280429,371525.02788232156
S19,CHN,280469,2172.1694867347346
S19,CHN,282200,257427.43211791187
S19,CHN,283691,1352732.744170961
S19,CHN,283692,130047.51
S19,CHN,711011,638323.872968924
S19,CHN,740311,45347366.618367985
S19,CHN,750210,14676574.453504855
S19,CHN,810194,67974.75104831823
S19,CHN,810320,6048.507057481751
S19,CHN,810820,21579.93020448042
S19,CHN,811292,28813.725490196077
S19,CHN,850511,4408512.56803873
S19,CIV,850511,160.90980392156862
S19,COL,850511,85978.66666666667
S19,CRI,810820,536.010970864774
S19,CRI,850511,3289.2843137254904
S19,CYP,810820,1091.31378134665
S19,CZE,850511,382682.52477587457
S19,DEU,280469,21140.419684810346
S19,DEU,711021,552424.1305207984
S19,DEU,740311,8678.674509803921
S19,DEU,810320,5448610.901318238
S19,DEU,811292,4961882.045408475
S19,DEU,850511,1428511.093197052
S19,DNK,711021,330493.86100313923
S19,DNK,850511,25520.899732673613
S19,DZA,810411,122284.98
S19,ECU,810820,940.4866716129445
S19,ECU,850511,15967.604073044924
S19,EGY,850511,619.1039215686275
S19,ESP,260600,1130.3529411764705
S19,ESP,810820,18753.748377030042
S19,ESP,850511,738064.0483592079
S19,EST,850511,3488.8085251811412
S19,FIN,850511,58314.32463997898
S19,FJI,850511,1970.6647058823528
S19,FRA,250490,5593.384313725491
S19,FRA,280429,384121.3927312057
S19,FRA,280469,363.94416070857227
S19,FRA,740311,656.0901960784314
S19,FRA,810411,80171.95076923077
S19,FRA,810820,8819.06689334456
S19,FRA,850511,289179.0873446058
S19,GAB,850511,59.044117647058826
S19,GBR,250490,504.06
S19,GBR,251010,15452.556923076923
S19,GBR,280469,68103.0356618351
S19,GBR,711011,4125071.433122509
S19,GBR,711021,27903730.027940225
S19,GBR,810820,35167.61526453907
S19,GBR,811292,2602192.9784313724
S19,GBR,850511,258709.43731814742
S19,GRC,810820,69.95664431006719
S19,GRC,850511,8773.340196078432
S19,GTM,850511,3654.901960784314
S19,GUM,260200,571.26
S19,HKG,280429,887628.0762992875
S19,HKG,280469,138549.32
S19,HKG,711011,759667.555882353
S19,HKG,711021,157290.77958996833
S19,HKG,750210,35015.37
S19,HKG,810194,258885.25
S19,HKG,811292,317677.9598039215
S19,HKG,850511,360804.43823834107
S19,HRV,850511,2577.2203195686548
S19,HUN,810820,1605.755245579316
S19,HUN,850511,6099.7133366964
S19,IDN,251110,6091.67574550872
S19,IDN,252910,149448.48096393695
S19,IDN,252922,11835.127241969916
S19,IDN,260200,11414.236285036837
S19,IDN,260600,55681.82
S19,IDN,270112,15955.433394352516
S19,IDN,280469,286920.26589217846
S19,IDN,282200,1147173.63
S19,IDN,750210,516944.3755700246
S19,IDN,850511,389299.8400039943
S19,IND,280429,27420.87
S19,IND,280469,7392019.837912107
S19,IND,750210,4142689.4612725805
S19,IND,850511,980928.5145231765
S19,IRL,280429,625.7035375189942
S19,IRL,711021,85395.67223479098
S19,IRL,810820,214.86466688852545
S19,IRL,850511,28133.949019607844
S19,IRN,810194,37246.978950306744
S19,IRN,850511,980.3921568627451
S19,ISL,850511,5412.648039215686
S19,ISR,280429,310262.8303309338
S19,ISR,850511,16666.666666666668
S19,ITA,810820,24367.701227416444
S19,ITA,811292,60036.160784313724
S19,ITA,850511,1131042.4326312218
S19,JOR,250490,2044.394117647059
S19,JPN,250490,2688.31
S19,JPN,252800,9543.53
S19,JPN,280429,875950.5091288624
S19,JPN,280469,6712.003674384791
S19,JPN,282200,16164762.769641606
S19,JPN,711011,35766840.428480394
S19,JPN,711021,4330123.375511404
S19,JPN,720292,1242570.5277439298
S19,JPN,720293,32999.13
S19,JPN,750210,3866309.18
S19,JPN,810194,52892.69
S19,JPN,810320,2294564.397528667
S19,JPN,810820,4842.637049229271
S19,JPN,811231,11114.517692307692
S19,JPN,811292,13561181.380698051
S19,JPN,850511,3308172.399566647
S19,KAZ,850511,1243.34
S19,KEN,850511,84.76372549019608
S19,KHM,810820,537.66
S19,KHM,850511,364.2156862745098
S19,KOR,250490,9671.946629628033
S19,KOR,252910,8.823529411764707
S19,KOR,252922,8.823529411764707
S19,KOR,280429,288976.0883160668
S19,KOR,280469,234005.69004290883
S19,KOR,280470,1824.632493216632
S19,KOR,282200,8797.689828394281
S19,KOR,283691,94927.29393175598
S19,KOR,283692,117546.82
S19,KOR,740311,81993.77
S19,KOR,750210,938123.1
S19,KOR,811292,2004314.9520933162
S19,KOR,850511,287740.4193877177
S19,KWT,810194,1757.8466749467584
S19,KWT,850511,5679.766197022767
S19,LBN,850511,1337.2549019607843
S19,LKA,810820,176.36734919530738
S19,LKA,850511,7965.18431372549
S19,LTU,850511,394.0833391849004
S19,LUX,850511,15482.290196078431
S19,MAR,850511,2562.1696078431373
S19,MDA,850511,3972.549019607843
S19,MEX,850511,2935789.232799069
S19,MHL,850511,100.81
S19,MKD,850511,30300.021387734687
S19,MLT,810820,4900.922548143278
S19,MMR,251110,6015.1
S19,MMR,260200,34578.52
S19,MUS,282200,67.2
S19,MUS,850511,18666.676224151604
S19,MYS,250490,25104.821568627453
S19,MYS,252800,1444.97
S19,MYS,252922,8421.60604543061
S19,MYS,260200,6951.333275190369
S19,MYS,280429,16889.948887472434
S19,MYS,280469,321969.1750821542
S19,MYS,282200,59507.22115602827
S19,MYS,283691,37023.027450980386
S19,MYS,711011,11707.474509803922
S19,MYS,711021,569271.520975028
S19,MYS,740311,4301650.058207457
S19,MYS,750210,1071478.9211216257
S19,MYS,810194,2119.4123076923074
S19,MYS,810411,70852.25215146922
S19,MYS,811292,7431559.99
S19,MYS,850511,223417.7461003611
S19,NGA,850511,7246.0215686274505
S19,NIC,850511,118.51960784313725
S19,NLD,250490,168.2813725490196
S19,NLD,270112,2055.5098039215686
S19,NLD,280429,343.1604470387905
S19,NLD,283691,189.96176470588236
S19,NLD,750210,652721.2510936408
S19,NLD,810820,436.72556762481133
S19,NLD,850511,124103.08941318186
S19,NOR,280469,1118087.5675406673
S19,NOR,283691,1285535.6568627453
S19,NOR,850511,140995.08921568628
S19,NZL,850511,17958.88870123034
S19,PAK,282200,114382.49885123334
S19,PAK,740311,10706841.97
S19,PAK,850511,12131.03
S19,PER,850511,1490.327450980392
S19,PHL,250490,53060.72
S19,PHL,252910,25680.34694716791
S19,PHL,260200,12164.64
S19,PHL,260600,78.43137254901961
S19,PHL,280429,62038.1345240464
S19,PHL,280469,4402.11
S19,PHL,280480,256.15384615384613
S19,PHL,720292,4306.843991658041
S19,PHL,740311,70.58823529411765
S19,PHL,750210,88446.63436570455
S19,PHL,810194,987252.15
S19,PHL,810320,353.5909714872262
S19,PHL,810820,287.5554606445229
S19,PHL,811292,3658031.43
S19,PHL,850511,34738.575607864965
S19,PNG,280469,3638.969944539253
S19,PNG,850511,259.38039215686274
S19,POL,810820,217.3273943485008
S19,POL,850511,827173.1698946811
S19,PRT,280429,239.68681745414628
S19,PRT,850511,534301.2998760024
S19,PYF,850511,470.24509803921563
S19,QAT,280429,486317.19
S19,QAT,850511,1041.7
S19,ROU,850511,3381.9607843137255
S19,RUS,850511,32125.41
S19,SAU,280469,136551.62718296316
S19,SAU,811010,3111.964258658385
S19,SAU,850511,1433.1456544001758
S19,SDN,850511,100.81
S19,SEN,850511,591.4676470588236
S19,SGP,252910,2422.0617647058825
S19,SGP,280429,208113.83805658272
S19,SGP,280469,242976.84686776434
S19,SGP,711021,110590.76
S19,SGP,740311,503930.3382352941
S19,SGP,811292,186.3127450980392
S19,SGP,850511,708050.6082718219
S19,SLV,850511,225.54901960784315
S19,SRB,850511,54768.62745098039
S19,SVK,811292,687157.5921568627
S19,SVK,850511,205257.76666666666
S19,SVN,750210,7111.623529411764
S19,SVN,850511,367985.0921568627
S19,SWE,270112,775.4549019607844
S19,SWE,280429,6945.465666246062
S19,SWE,850511,274713.80217374436
S19,SWZ,280469,67.65789082431448
S19,THA,251010,300.79076923076923
S19,THA,252910,39.13333333333333
S19,THA,260200,14836.735294849615
S19,THA,280469,349852.43009213905
S19,THA,282200,3582931.662933839
S19,THA,720292,1568368.1998259183
S19,THA,720293,160778.3416293518
S19,THA,740311,444150.9038374109
S19,THA,750210,1947692.1763700915
S19,THA,810411,2789.13
S19,THA,810820,57386.16588924319
S19,THA,811292,398644.32
S19,THA,850511,2328864.295676222
S19,TTO,850511,15.455882352941178
S19,TUN,850511,4826.122549019608
S19,TUR,811292,4267.7
S19,TUR,850511,26376.775047567622
S19,UGA,280469,661.26155029838
S19,UKR,850511,122503.11829858461
S19,URY,850511,708.7055304940101
S19,USA,250490,4637.35
S19,USA,280429,2876349.1549796886
S19,USA,282200,4952782.500957081
S19,USA,740311,3774.5098039215686
S19,USA,750210,36162.53481858597
S19,USA,810194,97416.92307692308
S19,USA,810320,12229.496520301092
S19,USA,810411,162172.94
S19,USA,810820,10222.92878568581
S19,USA,811292,95839.71296203673
S19,USA,850511,7585863.707497134
S19,UZB,850511,6.8723973348070455
S19,VNM,251110,82284.38176381268
S19,VNM,252800,3730.03
S19,VNM,252910,4090.010162549902
S19,VNM,260200,588244.9433400704
S19,VNM,260600,192769.26565778884
S19,VNM,270112,114745.09803921568
S19,VNM,280429,17300.327671202365
S19,VNM,280469,28198.67163437217
S19,VNM,282200,13710.43
S19,VNM,283691,19859.96
S19,VNM,283692,26311.92
S19,VNM,720292,1879929.988967551
S19,VNM,720293,186468.62
S19,VNM,740311,97955.56134200086
S19,VNM,750210,935359.3009680335
S19,VNM,810194,23724.39
S19,VNM,810411,967733.2959362275
S19,VNM,810820,4234.1
S19,VNM,811010,69123.44
S19,VNM,850511,1199971.3188786956
S19,ZAF,251110,329.3729158991508
S19,ZAF,252800,3880.3278237752297
S19,ZAF,810194,360907.05
S19,ZAF,810411,37.43692307692307
S19,ZAF,810820,531.9605196897548
S19,ZAF,850511,55332.17296338874
S19,ZMB,280469,1316.6203138765825
S19,ZMB,850511,67.2
S19,ZWE,810820,32.57063831458754
SAU,ARE,252910,761839.0655481137
SAU,ARE,280429,184209.3888868617
SAU,ARE,280469,5057.176836356811
SAU,ARE,283691,34319.999
SAU,ARE,711011,928202.4323529411
SAU,ARE,740311,608495.985
SAU,ARE,850511,6039.500767081444
SAU,AUT,850511,181.70294117647057
SAU,BHR,251110,1412356.130159335
SAU,BHR,280429,156011.46299999993
SAU,BHR,280469,6741.485852487502
SAU,BHR,810411,25443.199
SAU,BHR,850511,350.133
SAU,CHE,810820,3067718.323
SAU,CHE,850511,290.667
SAU,CHN,810820,19982111.466299675
SAU,DEU,252910,107.9607843137255
SAU,DEU,282200,4542.667
SAU,DEU,711011,3755464.5490196077
SAU,DEU,711021,3880938.9603668437
SAU,DEU,810820,278275.193
SAU,EGY,280429,9332.852286746154
SAU,EGY,850511,1531.9901960784314
SAU,ESP,810820,446029.195406821
SAU,EST,810820,1181164.1511776678
SAU,FIN,850511,12754.276470588235
SAU,FRA,711021,151.16663408366242
SAU,FRA,810820,182896.22834303504
SAU,GBR,720292,37598.46666666667
SAU,GBR,750210,6952365.156862745
SAU,GBR,810820,3170883.404771376
SAU,IRQ,280429,540.0
SAU,ITA,810820,476679.72099999996
SAU,JOR,280429,4063.2160851446474
SAU,JPN,810820,24360017.791
SAU,KOR,270112,16412189.215686275
SAU,KWT,280429,331385.4164199569
SAU,LUX,260200,330.8917938492958
SAU,NLD,810820,855345.312
SAU,NLD,850511,163.11960784313726
SAU,OMN,251110,1916.5467511709273
SAU,OMN,810411,748.3799359060179
SAU,OMN,850511,2195.364705882353
SAU,PAK,811010,377620.07633496553
SAU,POL,810820,162036.263
SAU,QAT,280429,10500.0
SAU,QAT,850511,5086.933
SAU,ROU,810820,704144.3789414841
SAU,S19,811292,2314345.019607843
SAU,SGP,280429,16176.682635004958
SAU,SWE,810820,497303.0335065667
SAU,USA,810820,25869283.1396437
SAU,USA,850511,25960.533
SEN,BRA,251010,244.6153846153846
SEN,CHN,260200,5888757.535492754
SEN,CPV,280429,779.1050910549744
SEN,DEU,251010,135.878
SEN,ESP,251010,3299661.1569517837
SEN,FRA,280429,17067.466
SEN,GBR,260600,586.262
SEN,GIN,260600,3981.357
SEN,GMB,250490,401.15
SEN,GMB,260600,14258.208
SEN,GMB,280469,1814.2962172658372
SEN,IND,251010,6909328.406863163
SEN,MLI,260600,18753.705
SEN,MLI,280429,19014.595436903965
SEN,MRT,260600,778.817
SEN,NLD,251010,93.15461538461538
SEN,NLD,270112,364.4372549019608
SEN,NOR,251010,322.119
SEN,SLE,251010,131396.777
SEN,TUR,252910,15.686274509803921
SEN,USA,251010,299.388
SEN,USA,850511,1215.327235288184
SEN,ZAF,251010,14.253499151973504
SGP,ARE,260200,27765.957
SGP,ARE,280429,73.259
SGP,ARE,720293,135854.449
SGP,ARE,750210,169289.49411764706
SGP,ARE,850511,798.9934931710528
SGP,ARG,850511,7181.392156862746
SGP,AUS,280429,501165.5689692541
SGP,AUS,711011,295126.45
SGP,AUS,720293,1287471.9263405155
SGP,AUS,740311,2646.035
SGP,AUS,750210,1095149.418
SGP,AUS,850511,31189.560777144477
SGP,AUT,270112,939135.6107843136
SGP,AUT,850511,3097.801142531013
SGP,BEL,280429,9509.913
SGP,BEL,282200,59.4948877083344
SGP,BEL,850511,260.87244567317885
SGP,BFA,850511,2234.6254901960788
SGP,BGD,251110,5032.398
SGP,BGD,252910,31835.832
SGP,BGD,280429,13754.594
SGP,BGD,740311,30591097.866
SGP,BGD,850511,15222.679
SGP,BGR,850511,4865.749019607843
SGP,BRA,280469,1039981.3575122071
SGP,BRA,740311,2657547.058823529
SGP,BRA,850511,38.282414237191865
SGP,BRN,251110,3229.932
SGP,BRN,280429,566914.3029365496
SGP,BRN,280470,184.65929589572124
SGP,BRN,282200,482.1435464784255
SGP,BRN,810320,922.631
SGP,BRN,850511,3958.5911260096
SGP,CAN,850511,7651.452670175003
SGP,CHE,711011,6764651.1
SGP,CHE,711021,4588632.729
SGP,CHE,740311,15633.870588235295
SGP,CHE,811292,2316.129411764706
SGP,CHE,850511,141360.96933106182
SGP,CHL,850511,2526.1960784313724
SGP,CHN,252910,102.273
SGP,CHN,280429,2336578.462811054
SGP,CHN,280469,1.451
SGP,CHN,711011,38.23529411764706
SGP,CHN,720293,33045020.25
SGP,CHN,740311,73419025.256
SGP,CHN,750210,153525538.652
SGP,CHN,810194,94710.348
SGP,CHN,811292,1175239.2315582205
SGP,CHN,850511,430333.5151237744
SGP,COL,850511,27280.07843137255
SGP,CZE,850511,11176.470588235294
SGP,DEU,280429,298433.7320424441
SGP,DEU,283692,108.075
SGP,DEU,711011,259212.04
SGP,DEU,740311,9666.586
SGP,DEU,750210,18603.082352941175
SGP,DEU,850511,321446.8034777069
SGP,DNK,850511,759.1882352941176
SGP,ECU,850511,553.5294117647059
SGP,EGY,280429,290.861
SGP,ESP,280469,6918.947718115247
SGP,ESP,850511,38103.34901960784
SGP,FIN,850511,117.69411764705882
SGP,FRA,260200,139.73223914505996
SGP,FRA,280429,138291.34630808022
SGP,FRA,280469,79.11975769615307
SGP,FRA,850511,8578.328760613203
SGP,GAB,850511,21.76
SGP,GBR,280429,250.242
SGP,GBR,711011,3234899.414
SGP,GBR,720292,5433.443137254902
SGP,GBR,811231,20512.009230769232
SGP,GBR,811292,18942.847058823532
SGP,GBR,850511,77202.56258206457
SGP,GHA,280429,75549.72847498656
SGP,HKG,250490,6694.149
SGP,HKG,280429,5574556.434023605
SGP,HKG,711011,1182976.303
SGP,HKG,711021,5019.342
SGP,HKG,740311,55.126
SGP,HKG,811292,45163.48823529412
SGP,HKG,850511,45871.622227577296
SGP,HUN,850511,39875.56299550702
SGP,IDN,250490,21736.219
SGP,IDN,251010,29730.8127475571
SGP,IDN,251110,26.80951479018134
SGP,IDN,252910,154116.25649515816
SGP,IDN,280429,4494722.944371642
SGP,IDN,280469,8005.919871785617
SGP,IDN,282200,153943.5582848433
SGP,IDN,283691,233.89360303866692
SGP,IDN,711011,1544.6025735115766
SGP,IDN,720292,781.19
SGP,IDN,720293,10895298.578
SGP,IDN,740311,3041.344
SGP,IDN,750210,3452213.002
SGP,IDN,810194,24137.29317223979
SGP,IDN,810320,159.07386441197585
SGP,IDN,810411,158.46153846153845
SGP,IDN,811010,819.632
SGP,IDN,811292,56548.114
SGP,IDN,850511,6244744.323179641
SGP,IND,260200,103454388.66942386
SGP,IND,260600,2995951.9088235297
SGP,IND,270112,13388316.816666666
SGP,IND,280429,3174023.8714264003
SGP,IND,280469,492037.72869440046
SGP,IND,280480,22.343846153846155
SGP,IND,282200,109546.95312446587
SGP,IND,711021,65396.518
SGP,IND,720293,97316472.38577738
SGP,IND,750210,19946900.353710618
SGP,IND,810194,6603.177692307691
SGP,IND,810411,4056716.164615385
SGP,IND,810820,6168.104489997779
SGP,IND,811292,203.095
SGP,IND,850511,2940867.700178622
SGP,IOT,850511,47.872
SGP,IRL,850511,2724.504901960784
SGP,IRN,280469,380169.35230713646
SGP,IRN,810411,251837.6923076923
SGP,ISL,850511,292.0960784313725
SGP,ISR,283691,38235.294117647056
SGP,ISR,850511,3921.5686274509803
SGP,ITA,711011,36653.59432319176
SGP,ITA,850511,153.772
SGP,JOR,850511,181.335
SGP,JPN,280429,2505607.6026427755
SGP,JPN,280469,44651.837
SGP,JPN,283691,4219.846078431373
SGP,JPN,711011,6693903.197988693
SGP,JPN,720293,36221129.529
SGP,JPN,740311,112739.362
SGP,JPN,750210,4954742.254
SGP,JPN,850511,4474.5577575614725
SGP,KHM,850511,1654.0303820368267
SGP,KOR,251110,4352.031
SGP,KOR,252910,9.803921568627452
SGP,KOR,270112,15982861.764705881
SGP,KOR,280429,2978550.3434751052
SGP,KOR,282200,467140.473
SGP,KOR,283691,148.0392156862745
SGP,KOR,720293,8234473.39
SGP,KOR,740311,368951.402
SGP,KOR,750210,19207129.318
SGP,KOR,850511,126113.86971771119
SGP,KWT,850511,10633.462
SGP,LAO,250490,367303.92156862747
SGP,LKA,280429,27485.8228422384
SGP,LKA,280469,128.60976762159171
SGP,LKA,850511,455.35658692902103
SGP,LUX,850511,287.234
SGP,MDV,280429,16796.891589216215
SGP,MDV,283691,4352.031
SGP,MDV,850511,318.424
SGP,MEX,280469,2950.677
SGP,MEX,282200,43.52
SGP,MEX,750210,3081207.441
SGP,MEX,850511,5208.656
SGP,MLT,850511,20.64705882352941
SGP,MMR,280429,193513.80853725877
SGP,MMR,850511,5808.511
SGP,MNG,850511,402.563
SGP,MOZ,280429,1418640.0596912252
SGP,MRT,280429,1223527.459506112
SGP,MUS,280429,145422.45043158458
SGP,MUS,280469,122902.00635949009
SGP,MUS,811292,176.983
SGP,MUS,850511,7367.988
SGP,MYS,250490,12156.513352218035
SGP,MYS,251110,62223.162
SGP,MYS,252910,0.725
SGP,MYS,252922,0.725
SGP,MYS,280429,14706985.342152344
SGP,MYS,280469,990975.0722964562
SGP,MYS,280470,96677.4471285192
SGP,MYS,282200,321835.589
SGP,MYS,711011,9747.824
SGP,MYS,711021,492452.93552908464
SGP,MYS,720293,779095.502
SGP,MYS,740311,43346639.22607598
SGP,MYS,750210,8366026.478486511
SGP,MYS,810194,6930917.634306955
SGP,MYS,810820,19894.584
SGP,MYS,811292,3660.423529411765
SGP,MYS,850511,667960.4036869825
SGP,NCL,850511,140.716
SGP,NGA,280429,9978.482
SGP,NLD,251010,14500.967
SGP,NLD,260600,97822.02352941177
SGP,NLD,283691,614875.0950980391
SGP,NLD,720293,555081.8783773602
SGP,NLD,750210,28336103.00774886
SGP,NLD,810820,2685.3143670726886
SGP,NLD,850511,228150.37380378786
SGP,NOR,850511,16666.331068545493
SGP,NZL,280429,22110.23089097676
SGP,NZL,282200,146437.137
SGP,NZL,283691,43010.396
SGP,NZL,850511,13902.505238625401
SGP,OMN,720293,2285276.5269081565
SGP,PAK,282200,21990.087
SGP,PAK,850511,774.662
SGP,PHL,280429,20925438.986334193
SGP,PHL,280469,3003.6965335587433
SGP,PHL,282200,103.723
SGP,PHL,711021,1079.1713010545525
SGP,PHL,740311,3654728.233
SGP,PHL,750210,61467.64705882353
SGP,PHL,810194,9516.962762324065
SGP,PHL,811292,76.886
SGP,PHL,850511,42012.20309118364
SGP,PNG,280429,11714.823437621464
SGP,PNG,280469,25690.88824123293
SGP,PNG,850511,1532.2098039215687
SGP,POL,850511,975.4901960784314
SGP,PRY,850511,116.49019607843137
SGP,QAT,280429,611936.894
SGP,QAT,850511,3378.627
SGP,ROU,850511,40.619
SGP,RUS,850511,18794.971
SGP,S19,280429,2281254.624946376
SGP,S19,280469,47630.077
SGP,S19,280470,52.90398361541432
SGP,S19,280480,51.09824916018497
SGP,S19,282200,39651.354
SGP,S19,720293,19265224.579
SGP,S19,750210,9125444.374
SGP,S19,810194,757467.7722640351
SGP,S19,811212,65.83333333333334
SGP,S19,811292,75.9903151550362
SGP,S19,850511,49030.015924941756
SGP,SAU,280429,920.455
SGP,SAU,750210,1483.6598039215687
SGP,SAU,850511,5711.315
SGP,SRB,850511,3898.0392156862745
SGP,SVK,850511,21069.23137254902
SGP,THA,251110,9771.824968524421
SGP,THA,252910,256.13772977636347
SGP,THA,252922,5.694117647058823
SGP,THA,280429,7124634.699639995
SGP,THA,280469,235793.762
SGP,THA,282200,335855.657
SGP,THA,711021,67861.218
SGP,THA,720293,348378.626
SGP,THA,740311,5770571.288839572
SGP,THA,750210,1748827.366
SGP,THA,810194,3107.545669030596
SGP,THA,811292,2252.176
SGP,THA,850511,829681.2976567895
SGP,TUR,720293,4360674.799
SGP,TUR,750210,1558055.365
SGP,TUR,850511,8776.596
SGP,URY,850511,19198.70588235294
SGP,USA,250490,4579.787
SGP,USA,280429,133701.2472470185
SGP,USA,280469,1839.458
SGP,USA,711011,39090595.09902989
SGP,USA,750210,20661570.804
SGP,USA,810194,59962.748122970916
SGP,USA,810320,15679.811621226258
SGP,USA,810411,330769.23076923075
SGP,USA,811010,194.391
SGP,USA,811292,70189.37011924328
SGP,USA,850511,333410.7694438268
SGP,VNM,251110,1546.422
SGP,VNM,252910,3787.718
SGP,VNM,260200,92.843
SGP,VNM,280429,1350499.338620157
SGP,VNM,280470,29.014
SGP,VNM,282200,254525.628
SGP,VNM,283692,223.404
SGP,VNM,720293,6741913.189
SGP,VNM,740311,10355645.291
SGP,VNM,750210,4765468.077
SGP,VNM,810194,49969.294
SGP,VNM,811010,527.321
SGP,VNM,850511,39664.3716515336
SGP,ZAF,850511,264.4627450980392
SLE,CHN,260600,12553483.333333334
SLE,FRA,850511,2005869.3274509804
SLE,HUN,260600,3.9215686274509802
SLE,IND,260600,9643944.939215686
SLE,IRL,260600,23129988.09509804
SLE,ROU,260600,49208026.94117647
SLE,TUR,260600,60533.333333333336
SLE,USA,850511,8405.882352941177
SLV,CAN,850511,36.15686274509804
SLV,CRI,252800,15875.0
SLV,CRI,280429,35368.05585742785
SLV,GTM,280429,58913.82
SLV,HND,280429,204444.71
SLV,HND,850511,175.71
SLV,NIC,280429,6491.977614445829
SLV,PAN,280429,15074.46
SLV,USA,810320,3149.4265599908754
SLV,USA,811292,11612.15
SLV,USA,850511,81.0
SMR,AUT,850511,825.9205882352941
SRB,ALB,280429,137068.0
SRB,ALB,850511,808.0
SRB,ARE,850511,1572.0
SRB,ARM,850511,4376.0
SRB,AUT,251010,2844956.0
SRB,AUT,251110,38324.527418830505
SRB,AUT,850511,262.22941176470584
SRB,BEL,850511,7.307102202923951
SRB,BGR,280429,1167094.430708916
SRB,BGR,740311,109171804.04117347
SRB,BGR,850511,1420.4415473616687
SRB,BIH,251110,5407.916294648154
SRB,BIH,252800,4704.0
SRB,BIH,280429,1226884.0
SRB,BIH,750210,19596.0
SRB,BIH,850511,11770.626967648152
SRB,CAN,850511,4383.896078431373
SRB,CHE,711011,120959.76206561954
SRB,CHE,711021,1631056.7650392214
SRB,CHE,850511,128997.25526729097
SRB,CHN,740311,321422232.03435
SRB,CHN,850511,55048.25203251356
SRB,CYP,280429,215125.24279295033
SRB,CZE,850511,10603.921568627451
SRB,DEU,260600,20.0
SRB,DEU,740311,2785413.3333333335
SRB,DEU,850511,74682.89305338451
SRB,DNK,850511,751.6952342518015
SRB,FIN,850511,12368.0
SRB,FRA,810411,1330064.0
SRB,FRA,850511,635.3274509803921
SRB,GBR,850511,6146.733333333333
SRB,GEO,850511,764.9078431372549
SRB,GRC,280429,349651.35889829905
SRB,HKG,711011,433719.7267960632
SRB,HKG,711021,12263168.49437426
SRB,HRV,280429,29406.44934386851
SRB,HRV,750210,100416.0
SRB,HRV,850511,28894.21442785387
SRB,HUN,280429,56976.317316052744
SRB,HUN,850511,11980.392156862745
SRB,IRL,850511,65.04117647058823
SRB,IRN,252800,664008.0
SRB,ISR,280469,17936.0
SRB,ISR,740311,36528.0
SRB,ITA,740311,14943.572098512348
SRB,ITA,850511,52296.0
SRB,LBY,850511,104.0
SRB,LTU,850511,22.549019607843135
SRB,LUX,810820,40.05657057057433
SRB,MKD,251110,4276.0
SRB,MKD,280429,19611.84575850866
SRB,MKD,280480,50940.0
SRB,MKD,720292,1431.022864714005
SRB,MKD,850511,4972.876579250918
SRB,MLT,850511,18100.04705882353
SRB,MNE,250490,9944.0
SRB,MNE,270112,636.0
SRB,MNE,280429,368979.9064998591
SRB,MNE,283691,156.0
SRB,MNE,740311,25310.780803407728
SRB,MNE,850511,1643.7890259176072
SRB,NLD,750210,39148.0
SRB,POL,850511,39.21568627450981
SRB,ROU,280429,4104752.595798241
SRB,ROU,850511,986.6916557614825
SRB,RUS,280429,217080.0
SRB,RUS,850511,35580.0
SRB,SUR,850511,836.0
SRB,SVN,260600,156.0
SRB,SVN,280429,203556.0
SRB,SVN,750210,154186.66666666666
SRB,SVN,811010,21377.09182742498
SRB,SVN,850511,8812.415163310176
SRB,THA,850511,47.41960784313726
SRB,TUR,280429,10000.0
SRB,TUR,850511,248.0
SRB,USA,850511,8133.780651709534
SUR,TTO,251110,97849.34
SVK,ARG,850511,37.908
SVK,AUS,260200,269.58
SVK,AUS,850511,71.608
SVK,AUT,252910,1807.032
SVK,AUT,252922,4649306.58
SVK,AUT,260600,1168.677450980392
SVK,AUT,280429,357910.168
SVK,AUT,740311,169982.6970588235
SVK,AUT,850511,4958317.294607462
SVK,BEL,260200,155341.52
SVK,BEL,811292,1318.8676470588234
SVK,BGR,280469,2070494.0459140004
SVK,BGR,740311,33891.57647058824
SVK,BGR,850511,4329.998916669631
SVK,BIH,280469,2709366.626518719
SVK,BIH,850511,15188.78431372549
SVK,BOL,850511,1.9607843137254901
SVK,BRA,850511,670.5882352941177
SVK,CAN,280469,341803.4017357989
SVK,CAN,850511,20291.389079464032
SVK,CHE,740311,147373.99215686275
SVK,CHE,850511,4.212
SVK,CHN,850511,84188.71571492615
SVK,CZE,251110,651433.3236791153
SVK,CZE,252800,21.84925574958524
SVK,CZE,252910,8614.991040931493
SVK,CZE,260200,4308123.036
SVK,CZE,260600,80954.85677267387
SVK,CZE,280429,107922.07881057654
SVK,CZE,280469,6508124.801319425
SVK,CZE,720292,6054288.955536488
SVK,CZE,720293,15819191.372
SVK,CZE,740311,3076742.2762610815
SVK,CZE,750210,250527.55512701022
SVK,CZE,810820,568854.9292211623
SVK,CZE,811292,22821.668
SVK,CZE,850511,5390378.397390136
SVK,DEU,252922,269420.26462863525
SVK,DEU,280429,562.8561352878454
SVK,DEU,280469,7231301.698320973
SVK,DEU,720292,10397.796078431373
SVK,DEU,720293,4492.980392156863
SVK,DEU,740311,465719.24214132427
SVK,DEU,750210,229440.81568627452
SVK,DEU,810194,6626.966153846154
SVK,DEU,810411,9178940.467692306
SVK,DEU,811231,2710.7323076923076
SVK,DEU,811292,20133230.188235294
SVK,DEU,850511,23304270.86926905
SVK,DNK,280429,10783.621767988045
SVK,DNK,750210,71.53823529411764
SVK,DNK,850511,20.920486368591803
SVK,EGY,850511,49733.38
SVK,ESP,251110,966.9829328799877
SVK,ESP,280469,6995128.279383121
SVK,ESP,740311,14090154.486274509
SVK,ESP,810411,639929.5507692307
SVK,ESP,850511,12254.470630935675
SVK,FIN,280469,844600.1313822988
SVK,FIN,810411,69859.24615384615
SVK,FIN,850511,88.66198798811753
SVK,FRA,260200,425997.7650090109
SVK,FRA,280469,1191383.6563668267
SVK,FRA,740311,2515946.8156862743
SVK,FRA,810411,1140333.3323076922
SVK,FRA,850511,16739.01955463859
SVK,GBR,740311,2537901.231372549
SVK,GBR,810411,436739.4215384615
SVK,GBR,850511,1061.474
SVK,GHA,850511,310.36470588235295
SVK,GRC,850511,192.02745098039216
SVK,HKG,850511,303.28
SVK,HRV,850511,859.4644314467575
SVK,HUN,251110,13963.62058175539
SVK,HUN,252910,586649.9066716672
SVK,HUN,280429,1562.724
SVK,HUN,280469,3839783.8010695223
SVK,HUN,720293,4379656.00152985
SVK,HUN,740311,108643.25026091866
SVK,HUN,850511,419998.9127277407
SVK,IDN,850511,715.6862745098039
SVK,IND,280469,96110.22504531301
SVK,IND,850511,13913.726687201732
SVK,IRL,850511,230.00989112394288
SVK,ITA,251110,0.8858090627823614
SVK,ITA,260200,15277.628
SVK,ITA,280469,1871637.1570485102
SVK,ITA,711011,100535.17254901961
SVK,ITA,740311,4454649.675490196
SVK,ITA,750210,687430.144
SVK,ITA,810411,306459.02230769227
SVK,ITA,850511,2566.1704714154926
SVK,JPN,850511,51420.98921568627
SVK,KAZ,850511,21351.616
SVK,KOR,850511,119.2633797376595
SVK,LTU,850511,8445.098039215685
SVK,LVA,260600,40313.180392156864
SVK,LVA,280469,286388.7460996132
SVK,LVA,850511,5422.16862745098
SVK,MAR,850511,10.613725490196078
SVK,MNE,280429,66611.85672692269
SVK,NLD,250490,1.0323529411764705
SVK,NLD,251010,793.026923076923
SVK,NLD,251110,1460.7664424626084
SVK,NLD,252800,175.5078431372549
SVK,NLD,252910,1014.8499999999999
SVK,NLD,252922,1703.4607843137255
SVK,NLD,260200,330.5307846509974
SVK,NLD,260600,2143.263725490196
SVK,NLD,270112,4401.123529411764
SVK,NLD,280429,2738.093869402435
SVK,NLD,280469,178078.9613392452
SVK,NLD,282200,1352.3171816764402
SVK,NLD,283691,12357.835294117647
SVK,NLD,283692,444.95771533013476
SVK,NLD,711011,211.64215686274508
SVK,NLD,711021,1711.0585011378207
SVK,NLD,720292,2275.4107843137253
SVK,NLD,720293,3.0970588235294114
SVK,NLD,740311,1773.6647058823528
SVK,NLD,750210,17321.61764705882
SVK,NLD,810320,15.3944555002281
SVK,NLD,810411,771.1553846153846
SVK,NLD,810820,6.995284819837552
SVK,NLD,811010,7.1025168908134
SVK,NLD,811292,118.72647058823529
SVK,NLD,850511,1094.8549336763836
SVK,NOR,850511,7514.067512809802
SVK,PER,850511,1080.1754901960785
SVK,POL,251110,3796.82936206436
SVK,POL,252922,10968.627450980392
SVK,POL,260200,181.124
SVK,POL,280429,52438.589393621965
SVK,POL,280469,605686.1026386215
SVK,POL,711021,2430.436
SVK,POL,740311,1435279.4117647058
SVK,POL,810194,63.184
SVK,POL,810411,450480.7692307692
SVK,POL,850511,42307.565223775375
SVK,PRT,740311,1986435.7490196077
SVK,PRT,850511,23087.756862745096
SVK,QAT,850511,517215.364
SVK,ROU,250490,6.980392156862745
SVK,ROU,260200,273146.5345450678
SVK,ROU,280469,2116706.1851681005
SVK,ROU,720292,7358963.630754242
SVK,ROU,720293,779835.9951983716
SVK,ROU,810320,5899.505466706204
SVK,ROU,811292,2165.6862745098038
SVK,ROU,850511,6103.609748312831
SVK,RUS,850511,6335.14
SVK,S19,850511,1618.4341434661815
SVK,SGP,810820,1371.2257710999816
SVK,SGP,850511,2336.016666666667
SVK,SRB,720293,6373292.349068273
SVK,SRB,850511,534.072091222013
SVK,SVN,280469,2418362.9411075558
SVK,SVN,810411,5977201.144615385
SVK,SVN,811292,124399.75686274508
SVK,SVN,850511,2039.306255580343
SVK,THA,720292,425872.85600171785
SVK,THA,850511,8.424
SVK,TUN,850511,901.7539215686274
SVK,TUR,720292,705889.8435799108
SVK,TUR,720293,2236567.574902089
SVK,TUR,850511,14119.674485807163
SVK,UKR,260200,248735.31889594585
SVK,UKR,280469,636883.812
SVK,UKR,720292,6259.32
SVK,UKR,810194,3668.82
SVK,UKR,850511,4060.8820604238313
SVK,URY,810194,134.792
SVK,USA,260200,26072.781812360055
SVK,USA,280469,8063804.187828558
SVK,USA,711011,84149.34444627051
SVK,USA,711021,749.772
SVK,USA,810411,767772.3076923076
SVK,USA,811292,442319.60784313723
SVK,USA,850511,1464514.705882353
SVK,ZAF,720292,594456.2352941176
SVK,ZAF,720293,251806.70980392158
SVK,ZAF,850511,21.06
SVN,ALB,850511,37.212
SVN,ARE,850511,618.5235294117647
SVN,ARG,850511,1536.356
SVN,ARM,850511,19709.344
SVN,AUS,850511,4155.572549019608
SVN,AUT,252800,8512443.072
SVN,AUT,280429,6869.34
SVN,AUT,810411,981517.34
SVN,AUT,850511,437919.4911715341
SVN,AZE,850511,207.36
SVN,BEL,280429,756.312
SVN,BEL,850511,56746.33383808831
SVN,BGR,280469,7800.076
SVN,BGR,720292,5556.161584627601
SVN,BGR,750210,227492.5016328642
SVN,BGR,810411,76.08923076923077
SVN,BGR,850511,118637.03637677364
SVN,BHR,850511,81.45588235294117
SVN,BIH,252922,4748.416675733049
SVN,BIH,260600,3888.724
SVN,BIH,280429,73131.71486122067
SVN,BIH,280469,7808.910181839512
SVN,BIH,282200,84.52
SVN,BIH,720293,15857.535705875887
SVN,BIH,750210,161810.66666666666
SVN,BIH,810411,148780.056
SVN,BIH,811010,268820.388
SVN,BIH,811292,503.96
SVN,BIH,850511,217605.5598344602
SVN,BRA,252910,1112.9403620007208
SVN,BRA,850511,111086.89597928974
SVN,CAN,283691,1273833.936
SVN,CAN,850511,50.376237235416596
SVN,CHE,810411,1736.716923076923
SVN,CHE,850511,15996427.71636513
SVN,CHN,850511,810035.2303530737
SVN,CIV,850511,1327.8186274509803
SVN,CZE,280469,548757.4241645641
SVN,CZE,720293,120465.908
SVN,CZE,810411,1095453.868
SVN,CZE,850511,1213537.3455797308
SVN,DEU,260600,44747.95958397
SVN,DEU,280469,1460081.388279794
SVN,DEU,711011,54124.770521913735
SVN,DEU,711021,144252.8224823361
SVN,DEU,720292,6452.941176470588
SVN,DEU,810411,201143.17423011755
SVN,DEU,850511,30919946.998623047
SVN,DNK,850511,401.63607285257393
SVN,ESP,280469,2082884.4674289094
SVN,ESP,850511,14744.136
SVN,EST,850511,1344.5991273543102
SVN,FIN,810820,1076791.3182403839
SVN,FIN,850511,183.76666666666668
SVN,FRA,720292,627608.8600445066
SVN,FRA,850511,8668369.786927387
SVN,GBR,850511,29349.395266762935
SVN,GRC,850511,10363.747919538317
SVN,HRV,252910,38954.97193384714
SVN,HRV,280429,88266.68221130935
SVN,HRV,280469,11369.762964763016
SVN,HRV,283691,41.921800987504355
SVN,HRV,720292,15327.379492433534
SVN,HRV,720293,7090.5716929272785
SVN,HRV,750210,30553.73372698461
SVN,HRV,810411,1652153.6100077303
SVN,HRV,811292,10235.29411764706
SVN,HRV,850511,169546.5584389782
SVN,HUN,280429,32078.766005579335
SVN,HUN,280469,1023774.8456184536
SVN,HUN,750210,100301.23047343487
SVN,HUN,810411,1588376.3252941722
SVN,HUN,850511,2872748.6882473426
SVN,IDN,850511,1068.627450980392
SVN,IND,283691,1222259.53071768
SVN,IND,720292,480010.5921568627
SVN,IND,850511,1958731.8514223648
SVN,IRL,850511,39371.30894260177
SVN,ISL,850511,346.8186274509804
SVN,ISR,850511,1981.5592846008533
SVN,ITA,251110,1510.716
SVN,ITA,252910,5042340.376
SVN,ITA,252922,86972.908
SVN,ITA,260600,434634.2052511805
SVN,ITA,280429,284793.9392380767
SVN,ITA,280469,3590496.7210727884
SVN,ITA,280470,31419.17001268857
SVN,ITA,283691,2640136.984
SVN,ITA,720292,5140722.764408137
SVN,ITA,720293,317842.02046625747
SVN,ITA,750210,30454102.1493275
SVN,ITA,810411,2795569.179458615
SVN,ITA,810820,2509639.483670801
SVN,ITA,850511,112684.7243278555
SVN,JPN,283691,1620087.434867108
SVN,KAZ,251110,21954.992133227028
SVN,KAZ,252922,6550.0
SVN,KAZ,260600,84957.27450980392
SVN,KOR,283691,1010594.7776272568
SVN,KOR,850511,2235.294117647059
SVN,KWT,850511,38.404901960784315
SVN,LTU,260600,9641.176470588234
SVN,LTU,850511,4704.825276603133
SVN,LVA,850511,51417.073908840764
SVN,MEX,283691,304520.868
SVN,MEX,740311,1122.956
SVN,MEX,850511,296114.0748924163
SVN,MKD,811010,52594.44421108704
SVN,MKD,850511,5609.561276601559
SVN,MNE,850511,693.752
SVN,NLD,250490,6.194117647058823
SVN,NLD,251010,856.2092307692307
SVN,NLD,251110,80135.75998259099
SVN,NLD,252800,245.71176470588236
SVN,NLD,252910,1023.1088235294117
SVN,NLD,252922,131.11470588235292
SVN,NLD,260200,278.91683770471155
SVN,NLD,260600,853.7950980392156
SVN,NLD,270112,4735.621568627451
SVN,NLD,280429,4453.897080265665
SVN,NLD,280469,1886.4138876137038
SVN,NLD,280470,0.8539280068253837
SVN,NLD,282200,1837.7893818602108
SVN,NLD,283691,104080.63147270598
SVN,NLD,283692,40.367143401111875
SVN,NLD,711011,327.2705882352941
SVN,NLD,711021,4243.030119274781
SVN,NLD,720292,2901.0460784313723
SVN,NLD,720293,6.194117647058823
SVN,NLD,740311,7337.2715686274505
SVN,NLD,750210,12390.872549019608
SVN,NLD,810320,229.95199512385946
SVN,NLD,810411,6481.919230769231
SVN,NLD,810820,7.994611222671487
SVN,NLD,811010,20.293868978079097
SVN,NLD,811292,99.11078431372549
SVN,NLD,850511,12724.197228183479
SVN,NOR,280429,538.3661273759138
SVN,NOR,850511,799.0082306587676
SVN,NZL,283691,79107.26862745098
SVN,NZL,720292,207157.58235294116
SVN,NZL,850511,440.22808372838034
SVN,OMN,720292,1291453.1205882353
SVN,POL,252910,4450.48
SVN,POL,252922,1009.18
SVN,POL,280469,580817.4015311492
SVN,POL,283692,222.02
SVN,POL,720292,10899.128
SVN,POL,720293,8073.428
SVN,POL,810411,533049.108
SVN,POL,850511,748365.600667224
SVN,PRT,850511,306596.89394500863
SVN,ROU,280469,466739.69706408086
SVN,ROU,720292,222906.15444430962
SVN,ROU,810411,2400288.8049998363
SVN,ROU,811010,18258.41155301408
SVN,ROU,850511,4631517.231329402
SVN,RUS,252910,35329.324
SVN,RUS,850511,731.052
SVN,S19,850511,10171.235294117647
SVN,SAU,850511,2455.94
SVN,SGP,283691,69962.968
SVN,SRB,250490,69301.96078431372
SVN,SRB,260600,708980.3921568628
SVN,SRB,280429,699004.4791506946
SVN,SRB,283692,245.712
SVN,SRB,720292,73471.18182233414
SVN,SRB,720293,514378.10162285034
SVN,SRB,740311,2823.529411764706
SVN,SRB,750210,5548486.017191297
SVN,SRB,810411,54394.552
SVN,SRB,810820,607.22
SVN,SRB,811231,1620.248
SVN,SRB,850511,436291.2871390625
SVN,SVK,252800,70101.448
SVN,SVK,280469,224245.26851681634
SVN,SVK,283691,4833560.005684629
SVN,SVK,810411,66450.26936833916
SVN,SVK,850511,40655.3910017069
SVN,SWE,850511,17083.928813290022
SVN,THA,250490,4479.03137254902
SVN,THA,850511,89.548
SVN,TUR,283691,3337355.588
SVN,TUR,850511,5137.749950312783
SVN,UKR,251110,6362.956
SVN,UKR,850511,867.9803921568628
SVN,URY,850511,18.0
SVN,USA,850511,1456089.9510702996
SVN,ZAF,850511,1957.2039215686273
SWE,ARE,280429,11271.224
SWE,ARE,810411,285.01
SWE,ARE,850511,8632.39475042074
SWE,ARG,850511,4424.108704777133
SWE,ARM,850511,5352.220621031654
SWE,AUS,260600,7118.668
SWE,AUS,282200,3559.334
SWE,AUS,720293,780285.118
SWE,AUS,810320,22896.92315043476
SWE,AUS,850511,33161.18424009538
SWE,AUT,250490,12089.410784313726
SWE,AUT,252800,21158.264
SWE,AUT,252910,4745.778
SWE,AUT,720293,99657.63137254902
SWE,AUT,740311,335754.9984260772
SWE,AUT,810820,5872.313365038162
SWE,AUT,850511,19003.916820836246
SWE,AZE,850511,727.1372549019608
SWE,BEL,252910,2032.9317567923326
SWE,BEL,711011,1512.0401960784313
SWE,BEL,711021,2047657.996842981
SWE,BEL,720292,289010.7794117647
SWE,BEL,740311,9934101.306
SWE,BEL,810820,7163.0743412650345
SWE,BEL,811292,311.43529411764706
SWE,BEL,850511,275556.83571238304
SWE,BGR,811010,266705.7435851787
SWE,BGR,850511,51412.602
SWE,BHR,282200,28276.932
SWE,BIH,850511,2144.7513773113837
SWE,BOL,720292,4423.529411764705
SWE,BRA,252910,13962.827116764458
SWE,BRA,740311,9985699.85485166
SWE,BRA,810194,10084.615384615385
SWE,BRA,850511,181710.68912322307
SWE,CAN,252910,395.482
SWE,CAN,270112,593.222
SWE,CAN,280429,2966.112
SWE,CAN,282200,7514.15
SWE,CAN,810820,924240.406
SWE,CAN,811010,2060643.1041319605
SWE,CAN,850511,215056.2249469144
SWE,CHE,250490,395.482
SWE,CHE,251010,246.1579197768754
SWE,CHE,251110,197.74
SWE,CHE,280469,1434.4453720150973
SWE,CHE,282200,197.74
SWE,CHE,711011,14833678.56862745
SWE,CHE,711021,105400587.0678625
SWE,CHE,810194,2125.5908363316767
SWE,CHE,810320,395.482
SWE,CHE,810820,23197.312374458277
SWE,CHE,850511,95726.10588853917
SWE,CHL,280469,768.7258920742721
SWE,CHL,850511,1804.488278425828
SWE,CHN,252800,395.482
SWE,CHN,252922,104277.2988113813
SWE,CHN,280469,31638.524
SWE,CHN,282200,43502.972
SWE,CHN,740311,64379748.039215684
SWE,CHN,810194,395.482
SWE,CHN,810320,2498.892266195255
SWE,CHN,810820,73410.15692157023
SWE,CHN,811292,1013.7254901960785
SWE,CHN,850511,174748.08560041242
SWE,CMR,850511,10343.003921568628
SWE,COL,850511,4893.176470588235
SWE,CPV,850511,197.74
SWE,CRI,850511,3.284313725490196
SWE,CUB,850511,596.656862745098
SWE,CZE,252910,43096.33939586686
SWE,CZE,260600,6258.823529411765
SWE,CZE,740311,6365868.93
SWE,CZE,810820,23588.21639690459
SWE,CZE,850511,493064.46334676567
SWE,DEU,251110,7316.408
SWE,DEU,252800,103813.91
SWE,DEU,252910,2382789.0476237615
SWE,DEU,280469,8947015.437434971
SWE,DEU,282200,34881.90874581178
SWE,DEU,711011,191821.67151541676
SWE,DEU,711021,1172553.9681566712
SWE,DEU,720292,894195.031430302
SWE,DEU,720293,2850631.084
SWE,DEU,740311,1743663746.679013
SWE,DEU,750210,3609596.431372549
SWE,DEU,810320,1633.0895961459853
SWE,DEU,810820,273558.8276366541
SWE,DEU,811010,2182675.9438410746
SWE,DEU,811231,669683.7375432971
SWE,DEU,811292,48425.39669939976
SWE,DEU,850511,1004133.7569845818
SWE,DNK,250490,1588.9303921568628
SWE,DNK,252800,559.4892156862745
SWE,DNK,252910,1597.9557744829374
SWE,DNK,270112,3039.9581897451426
SWE,DNK,280429,729984.4854699906
SWE,DNK,282200,13.023477496275596
SWE,DNK,750210,1094542.7052417656
SWE,DNK,810820,42.86569322241522
SWE,DNK,811010,627.1403894770356
SWE,DNK,850511,658034.7753846725
SWE,DOM,850511,3601.1372549019607
SWE,ECU,850511,741.2770875868154
SWE,EGY,850511,233.24730731394223
SWE,ESP,250490,12791.858823529412
SWE,ESP,280469,791754.084
SWE,ESP,283691,624395.8901960783
SWE,ESP,720292,1581.926
SWE,ESP,810411,7687760.461538461
SWE,ESP,810820,9170.415672605235
SWE,ESP,850511,19760.67595403967
SWE,EST,251110,16807.966
SWE,EST,750210,6327.704
SWE,EST,810820,3361.594
SWE,EST,850511,152197.1366343564
SWE,FIN,250490,34279.8294117647
SWE,FIN,251110,10282.52
SWE,FIN,252800,57192.08308461948
SWE,FIN,252910,86839.4761517036
SWE,FIN,260200,38738.20281290278
SWE,FIN,270112,34531.11615826923
SWE,FIN,280429,75511.88102670532
SWE,FIN,280469,8244329.804043779
SWE,FIN,283691,47481.34251320021
SWE,FIN,711011,7691.384313725491
SWE,FIN,711021,141734.26195826413
SWE,FIN,720292,5011418.196432128
SWE,FIN,720293,632923.0576145167
SWE,FIN,740311,25997550.547769904
SWE,FIN,750210,1289269.886
SWE,FIN,810194,25561.54
SWE,FIN,810320,9290.43191920757
SWE,FIN,810820,1694.935399496035
SWE,FIN,850511,1653260.1143545783
SWE,FRA,251110,25590.658000951276
SWE,FRA,252800,2180.0470588235294
SWE,FRA,280469,89104566.098
SWE,FRA,720292,351030.20097361674
SWE,FRA,810411,493855.56
SWE,FRA,810820,3954.816
SWE,FRA,850511,198227.4718235533
SWE,GAB,850511,37.82745098039216
SWE,GBR,251010,6709.957987103097
SWE,GBR,251110,19774.078
SWE,GBR,252910,2245199.1210018657
SWE,GBR,270112,73324.76154991887
SWE,GBR,280429,12457.67
SWE,GBR,282200,593.222
SWE,GBR,283692,131945.14231056278
SWE,GBR,711021,2546110.284
SWE,GBR,720292,53986.738309732675
SWE,GBR,740311,4008682.649694863
SWE,GBR,810820,777566.1651927817
SWE,GBR,811212,101441.02
SWE,GBR,850511,868619.8308937943
SWE,GRC,850511,11521.590196078432
SWE,HKG,280469,395.482
SWE,HKG,282200,790.964
SWE,HKG,810820,35705.73959066791
SWE,HKG,850511,14039.596
SWE,HND,850511,197.74
SWE,HRV,252910,5045.934194721396
SWE,HRV,850511,2678.053982091065
SWE,HUN,280469,401413.784
SWE,HUN,850511,163774.16210907686
SWE,IDN,252910,112118.78448082713
SWE,IDN,280469,395.482
SWE,IDN,282200,395.482
SWE,IDN,850511,3754.01367405375
SWE,IND,252922,9137.708398716235
SWE,IND,283691,27683.71
SWE,IND,720292,1145.9942908280568
SWE,IND,750210,1977.408
SWE,IND,810820,69709.06649628647
SWE,IND,850511,243747.03158839385
SWE,IRL,720292,121215.098
SWE,IRL,720293,569888.928
SWE,IRL,850511,624.303103480309
SWE,IRN,850511,25244.11764705882
SWE,ISL,250490,648.5823529411764
SWE,ISL,252910,3757.074
SWE,ISL,280429,83754.84694864549
SWE,ISL,280469,563725.3604851254
SWE,ISL,810820,197.74
SWE,ISL,850511,8895.381807551683
SWE,ISR,720292,980.3921568627451
SWE,ISR,810820,83672.45885537138
SWE,ISR,850511,23565.18632418725
SWE,ITA,250490,7226.803921568628
SWE,ITA,252910,109965.71672924241
SWE,ITA,280469,378042.10886055493
SWE,ITA,711011,24098.834514368787
SWE,ITA,711021,150870.94958189753
SWE,ITA,740311,553932756.937043
SWE,ITA,810411,28102.62769230769
SWE,ITA,810820,81004.64654918514
SWE,ITA,850511,185263.2442280071
SWE,JPN,252922,23728.894
SWE,JPN,280429,5932.224
SWE,JPN,280469,273365.44489215343
SWE,JPN,282200,7514.15
SWE,JPN,740311,7514.15
SWE,JPN,810820,197.74
SWE,JPN,850511,3067.2088918346685
SWE,KAZ,850511,13841.855
SWE,KGZ,850511,1198.0392156862745
SWE,KOR,250490,43.13725490196078
SWE,KOR,252922,68380.1886141671
SWE,KOR,280429,12062.188
SWE,KOR,280469,871.8196883159118
SWE,KOR,282200,8502.854
SWE,KOR,740311,319.08763428747227
SWE,KOR,810820,5537.649001914111
SWE,KOR,850511,15164.877000509176
SWE,LTU,810820,4705.078317961338
SWE,LTU,850511,32942.51537869441
SWE,LUX,252800,139407.25
SWE,LVA,252910,4308.093228263497
SWE,LVA,280429,153803.03347983104
SWE,LVA,280469,79870.65567795602
SWE,LVA,750210,69159.48727656167
SWE,LVA,850511,49829.5637104783
SWE,MAR,850511,381.0352941176471
SWE,MDA,850511,992.156862745098
SWE,MEX,850511,65809.50697953868
SWE,MKD,850511,61.49019607843137
SWE,MNE,850511,906.2901960784314
SWE,MNG,850511,3757.075
SWE,MUS,850511,92.92941176470588
SWE,MYS,280429,17008.85032472268
SWE,MYS,282200,593.222
SWE,MYS,720292,194373.3876090989
SWE,MYS,850511,3954.816
SWE,NAM,850511,272.9372549019608
SWE,NLD,250490,18.583333333333332
SWE,NLD,251010,15338.05846153846
SWE,NLD,251110,3407.864773445625
SWE,NLD,252800,44169.11873852495
SWE,NLD,252910,578221.707960694
SWE,NLD,252922,601.8892156862745
SWE,NLD,260200,2150.9323919383214
SWE,NLD,260600,5464.496078431373
SWE,NLD,270112,149328.49019607843
SWE,NLD,280429,18147.44661518776
SWE,NLD,280469,222895.03408413424
SWE,NLD,280470,1.7078560136507674
SWE,NLD,280480,0.8099999999999999
SWE,NLD,282200,5563.417423780136
SWE,NLD,283691,19192.872765667096
SWE,NLD,283692,101.83525397913336
SWE,NLD,711011,1142.8676470588234
SWE,NLD,711021,10344.487141620075
SWE,NLD,720292,13126.973529411765
SWE,NLD,720293,6289.38431372549
SWE,NLD,740311,7382382.554462819
SWE,NLD,750210,7083883.906826244
SWE,NLD,810320,71.19878564370437
SWE,NLD,810411,4362.051538461538
SWE,NLD,810820,27.982088307273127
SWE,NLD,811010,46.67560957685539
SWE,NLD,811292,506.9088235294118
SWE,NLD,850511,1158072.594930932
SWE,NOR,250490,29253.219400697457
SWE,NOR,252800,479719.132
SWE,NOR,252910,387665.8782329299
SWE,NOR,252922,52203.566
SWE,NOR,260200,148107.844
SWE,NOR,260600,2570.63
SWE,NOR,270112,7909.630999999999
SWE,NOR,280429,1325843.3805771586
SWE,NOR,280469,458.760474357147
SWE,NOR,282200,988.704
SWE,NOR,283691,216.65999156123996
SWE,NOR,711011,2570.63
SWE,NOR,720292,966641.5569295235
SWE,NOR,720293,1696789.8282620534
SWE,NOR,740311,437605.1426298788
SWE,NOR,750210,875164.8459799093
SWE,NOR,810194,3439.999022990901
SWE,NOR,810411,2372.889
SWE,NOR,810820,420.25709124303233
SWE,NOR,811010,1186.444
SWE,NOR,850511,1393186.5434046055
SWE,NZL,850511,2638.7323529411765
SWE,OMN,720292,296440.5
SWE,PAN,850511,108164.206
SWE,PER,280469,10689.182400796826
SWE,PER,750210,155028.772
SWE,PER,850511,6389.353921568627
SWE,POL,251110,8994.368945174747
SWE,POL,252800,2175.148
SWE,POL,252910,110614.68922299688
SWE,POL,280429,1884.9268614885068
SWE,POL,280469,2943569.252
SWE,POL,283691,182910.222
SWE,POL,720292,13566.47549696383
SWE,POL,740311,3159041.176470588
SWE,POL,810411,3283.846153846154
SWE,POL,810820,988.704
SWE,POL,850511,86219.14524750189
SWE,PRT,850511,10726.019402596308
SWE,PYF,850511,163.0843137254902
SWE,QAT,283691,34604.636
SWE,QAT,740311,24251.379411764705
SWE,ROU,720293,245646.45714856446
SWE,ROU,850511,1477.9797530365074
SWE,RUS,280469,579380.486
SWE,RUS,720293,158588.106
SWE,RUS,810820,205254.93
SWE,RUS,850511,32231.748
SWE,S19,280429,18389.893
SWE,S19,720293,71384.422
SWE,S19,810820,367438.5640452123
SWE,S19,850511,1386.3464194134376
SWE,SAU,280429,395.482
SWE,SAU,740311,6177888.211764705
SWE,SAU,850511,610.4255896074848
SWE,SGP,280429,14360.786298269655
SWE,SGP,280469,37.26040718588075
SWE,SGP,282200,4152.556
SWE,SGP,810820,36582.044
SWE,SGP,850511,16848.81898315073
SWE,SRB,850511,96773.93541302225
SWE,SVK,260600,192117.36470588236
SWE,SVK,811010,646902.7577772097
SWE,SVK,850511,13046.800554886684
SWE,SVN,252910,36633.1435425449
SWE,SVN,850511,5680.373307360413
SWE,THA,850511,29530.256786619135
SWE,TUR,251110,48051.01
SWE,TUR,280429,11468.966
SWE,TUR,720292,110537.096
SWE,TUR,720293,273080.018
SWE,TUR,740311,2282.3529411764707
SWE,TUR,810194,113898.69
SWE,TUR,810820,61477.391616705165
SWE,TUR,850511,57187.106631623064
SWE,TZA,850511,197.74
SWE,UKR,850511,1180.6620853221264
SWE,URY,250490,593.222
SWE,URY,850511,5709.686274509804
SWE,USA,250490,59713.99596208159
SWE,USA,260200,197.74
SWE,USA,260600,197.74
SWE,USA,270112,10084.78
SWE,USA,280429,45093.76663949557
SWE,USA,282200,11758.136779074322
SWE,USA,283691,16017.004
SWE,USA,720292,180533.63429340906
SWE,USA,720293,247571.456
SWE,USA,740311,15403.921568627451
SWE,USA,810194,10066.974050417066
SWE,USA,810320,17291.30250787862
SWE,USA,810411,30544.62640193919
SWE,USA,810820,117914.15797345371
SWE,USA,850511,753849.1125420101
SWE,VNM,270112,1581.926
SWE,VNM,280429,1849.7596756932496
SWE,VNM,850511,2570.63
SWE,ZAF,850511,20543.084038434277
SWZ,ISR,720292,248039.21568627452
SWZ,THA,740311,40205441.78431372
SWZ,ZAF,250490,1.57
SWZ,ZAF,270112,112471.58914120981
SWZ,ZAF,850511,14385.925490196078
SXM,ATG,850511,448.5686274509804
SXM,FRA,280429,8083.111654834596
SXM,TTO,850511,15.6
SYC,AUT,280429,21587.273050579435
SYC,FRA,810194,874.11
SYC,IND,260200,2268758.239462094
SYC,ZAF,280469,560135.5349759726
SYR,BGR,251010,9645923.664615385
SYR,ROU,251010,335525.1384615384
SYR,SRB,251010,142541218.46153846
SYR,TUN,251010,1080026.9738461538
TGO,AUS,251010,102148873.56387137
TGO,BEN,280429,6103.448
TGO,BGR,251010,199745320.06
TGO,CAN,251010,2.363076923076923
TGO,IND,251010,521775928.2530631
TGO,NLD,270112,5363.321568627451
TGO,NZL,251010,117851095.8427711
TGO,STP,280470,1898.552004781824
TGO,ZAF,850511,1261.644
THA,ARE,251110,205511.96384885765
THA,ARE,280469,1425035.997528098
THA,ARE,282200,480600.04
THA,ARE,711021,85.272
THA,ARE,740311,114001.78529411764
THA,ARE,850511,10256.730392156862
THA,ATG,850511,1200.008
THA,AUS,251110,2148052.985933403
THA,AUS,252910,466778.36946102395
THA,AUS,280429,237.308
THA,AUS,280469,439.944
THA,AUS,283691,11659.272
THA,AUS,711011,145208.72
THA,AUS,810194,109604.20923076924
THA,AUS,850511,124143.23999265436
THA,AUT,711021,2182500.7702467726
THA,AUT,811010,279930.2205161773
THA,AUT,850511,16616.58423774504
THA,BEL,811010,4004626.8944301773
THA,BEL,850511,3763.0148074806716
THA,BGD,252910,84729695.812
THA,BGD,811010,1737639.948
THA,BIH,850511,262.27450980392155
THA,BRA,850511,461.7329874334258
THA,BWA,711021,15051.604
THA,CAN,280469,1613255.7915024238
THA,CAN,711011,989.112
THA,CAN,811010,333887.33985253697
THA,CAN,850511,518.2333333333332
THA,CHE,850511,2074605.0720482934
THA,CHL,850511,328.2450980392157
THA,CHN,251110,273.3978588834449
THA,CHN,252910,35930.198157828716
THA,CHN,260200,2786885.3824116862
THA,CHN,260600,3.952
THA,CHN,270112,55.88235294117647
THA,CHN,280469,7192861.679800863
THA,CHN,720292,204546.016
THA,CHN,720293,44669.836
THA,CHN,740311,76026023.36235708
THA,CHN,750210,1287270.6690625828
THA,CHN,810320,2754343.0715144444
THA,CHN,810820,4.04
THA,CHN,850511,25369337.257411968
THA,CRI,850511,15.368
THA,CZE,810320,13125534.947776433
THA,CZE,850511,32137.254901960783
THA,DEU,252800,3762.141176470588
THA,DEU,252910,39.968
THA,DEU,260600,7.96
THA,DEU,283691,774247.964
THA,DEU,711011,1056369.988
THA,DEU,711021,12310957.444412854
THA,DEU,810320,16654175.392340394
THA,DEU,810820,1800.02
THA,DEU,850511,272913.23108484776
THA,DNK,711021,116.54580438116297
THA,DNK,850511,1574.7549019607843
THA,EGY,850511,214586.201
THA,ESP,252910,521.9843137254902
THA,ESP,711011,202625.928
THA,ESP,811010,10957833.132206941
THA,ESP,850511,3478.5254901960784
THA,EST,850511,280.54901960784315
THA,FIN,850511,1148.0294117647059
THA,FRA,251010,74.9353846153846
THA,FRA,711021,653392.3371086079
THA,FRA,810320,231261.51065224066
THA,FRA,811010,16889575.706183776
THA,FRA,811292,220699.85882352942
THA,FRA,850511,29360.31285912996
THA,GBR,252910,19.972
THA,GBR,711011,53793.56
THA,GBR,850511,13319.427011781825
THA,GIN,250490,4800.052
THA,GRC,850511,4590.384
THA,GTM,280429,1167.8761254909678
THA,GTM,711011,570.74
THA,HKG,251110,32.81
THA,HKG,252910,1202.046
THA,HKG,260600,4532.148
THA,HKG,270112,6.196
THA,HKG,280469,15503.972865749718
THA,HKG,283691,0.784
THA,HKG,711011,165255.11407334756
THA,HKG,711021,733436.9181061347
THA,HKG,740311,25.196
THA,HKG,810320,20.024
THA,HKG,810820,8998.68
THA,HKG,850511,1740890.6346921835
THA,HUN,850511,3539378.3303863783
THA,IDN,250490,10975.628
THA,IDN,251110,6331538.921370033
THA,IDN,252910,12418267.259152345
THA,IDN,270112,1632166.7381221408
THA,IDN,280429,187080.63649536477
THA,IDN,711021,14338.232447257438
THA,IDN,750210,188802.94473621386
THA,IDN,810194,39212.30769230769
THA,IDN,810320,6950916.928537107
THA,IDN,810411,15476.731750270417
THA,IDN,811292,3697.212
THA,IDN,850511,375222.9965764181
THA,IND,251110,68435.05026272382
THA,IND,252910,33383601.628
THA,IND,252922,366125.8176470588
THA,IND,260600,12682.970390220458
THA,IND,280469,492921.51073674095
THA,IND,750210,148384.2547922868
THA,IND,811010,1859735.5944634574
THA,IND,850511,51993.17188397205
THA,IRL,850511,2704.8892156862744
THA,ISR,251110,118916.97739521656
THA,ISR,810320,10715194.659890274
THA,ITA,260600,19.944
THA,ITA,711021,9019204.992
THA,ITA,850511,9943.05
THA,JOR,251110,25294.003680257545
THA,JPN,251110,213991.52907961243
THA,JPN,252910,221055.7780813704
THA,JPN,252922,524319.6294117647
THA,JPN,260600,64714.09000065445
THA,JPN,270112,1342706.284
THA,JPN,280429,428374.6130348252
THA,JPN,280469,104270.12488776476
THA,JPN,283691,405839.68
THA,JPN,711011,6448108.278
THA,JPN,711021,1438670.0553982863
THA,JPN,810320,4020683.0373212015
THA,JPN,810820,172.062
THA,JPN,811010,8582718.654363612
THA,JPN,811292,37872.311526633246
THA,JPN,850511,36978827.5710158
THA,KHM,251110,2475.432542517361
THA,KHM,252910,44000.032
THA,KHM,280429,112473.57824934633
THA,KHM,280469,75246.00910597983
THA,KHM,811231,2982.628
THA,KHM,811292,1908.688
THA,KHM,850511,2925191.1933493773
THA,KOR,251110,248131.3329116464
THA,KOR,252800,323.54
THA,KOR,252910,476574.47168576054
THA,KOR,260600,45.132
THA,KOR,850511,3166.3005689457227
THA,LAO,250490,46137.509803921566
THA,LAO,260600,5301.728
THA,LAO,280429,313296.3858289014
THA,LAO,280469,2335.061391839984
THA,LAO,282200,5350.186377442313
THA,LAO,850511,50376.57209710152
THA,LKA,252910,7.807843137254903
THA,LUX,850511,4560.564705882352
THA,MDG,810194,10947.655570294348
THA,MDG,850511,2476.2039215686273
THA,MDV,810820,515.5100696738731
THA,MDV,850511,3829.584908692278
THA,MEX,260600,5099.972
THA,MEX,850511,1261798.0
THA,MKD,850511,118.15686274509804
THA,MMR,250490,8438.788
THA,MMR,251010,1778.748
THA,MMR,251110,1183.4473733630614
THA,MMR,252910,819549.892
THA,MMR,260200,1280.408
THA,MMR,280429,74179.31966615265
THA,MMR,280469,97784.87032388664
THA,MMR,750210,1208954.656
THA,MMR,850511,145340.3315021322
THA,MUS,280429,81379.976
THA,MUS,850511,561.5725490196078
THA,MYS,251110,6885414.633506279
THA,MYS,252910,2494506.070233411
THA,MYS,260200,2355.880047302374
THA,MYS,260600,9.172
THA,MYS,280429,362755.7359593482
THA,MYS,280469,53771.65791594537
THA,MYS,750210,202428.02008418815
THA,MYS,811010,38609.32625093207
THA,MYS,850511,25587437.486087352
THA,NGA,850511,99000.084
THA,NLD,251110,65.55323554261946
THA,NLD,270112,103.24019607843138
THA,NLD,280469,2032304.2770073153
THA,NLD,282200,885429.248
THA,NLD,711011,182.92107630434703
THA,NLD,810820,1669.59834261572
THA,NLD,811010,3336903.617147289
THA,NLD,850511,115.62843137254902
THA,NZL,251110,502622.35038109135
THA,NZL,252910,129789.22606372282
THA,NZL,850511,1181.5946263436713
THA,PAK,811010,1707828.1652661243
THA,PAK,850511,43045.548
THA,PHL,251110,21029.740517852904
THA,PHL,252910,27557.49340029483
THA,PHL,280429,55200.97872435223
THA,PHL,750210,162845.30802130306
THA,PHL,810320,7072.733101505473
THA,PHL,811292,295519.816
THA,PHL,850511,404928.91105811676
THA,PNG,251110,1738357.9725778126
THA,PNG,850511,8344.164705882353
THA,POL,850511,3127.450980392157
THA,QAT,280469,9918.68
THA,ROU,850511,51463.17647058824
THA,RUS,251010,132.024
THA,RUS,850511,10.444
THA,S19,251010,38400.02
THA,S19,251110,253422.62097053244
THA,S19,252910,60356.25596307043
THA,S19,260600,304.02
THA,S19,280469,118817.94516939798
THA,S19,750210,17.168
THA,S19,810194,461631.8384615384
THA,S19,810320,0.328
THA,S19,811292,18400.450980392157
THA,S19,850511,214618.64687836886
THA,SAU,251110,374000.092
THA,SAU,810820,766.3087298358117
THA,SAU,850511,387.1892156862745
THA,SGP,251110,62326.39564915846
THA,SGP,252800,4.152
THA,SGP,252910,196.93800000000002
THA,SGP,260600,22.076
THA,SGP,280429,295796.65257467644
THA,SGP,280469,14587.64835212855
THA,SGP,283691,2.76
THA,SGP,810820,3.992
THA,SGP,850511,114652.422018313
THA,SLV,810320,46384476.22392466
THA,SVK,850511,35137.28994079832
THA,SVN,850511,8454.860784313725
THA,SWE,260600,1004.4
THA,SWE,850511,2465.1059057510192
THA,SYC,850511,9607.039215686274
THA,TUR,810320,493317.592
THA,TUR,850511,73905.88235294117
THA,UKR,850511,483.05882352941177
THA,USA,252910,60.028
THA,USA,260600,50.016
THA,USA,280469,49933400.786614336
THA,USA,711011,351095.124
THA,USA,711021,1169.604
THA,USA,810320,62343287.42128132
THA,USA,810820,19583.886
THA,USA,811010,5662061.523347619
THA,USA,811292,23436.27450980392
THA,USA,850511,1017406.8349035053
THA,VNM,251110,447686.5585085619
THA,VNM,252910,1058284.1893524933
THA,VNM,280429,705256.8153681739
THA,VNM,280469,2436.028
THA,VNM,740311,31196482.988
THA,VNM,850511,1071972.2076545132
THA,ZAF,250490,149.37254901960785
THA,ZAF,260600,19.968
THA,ZAF,711011,13954.588235294117
THA,ZAF,850511,787.3882352941176
TJK,BEL,811010,29961644.521011826
TJK,BRA,811010,627991.2268687855
TJK,CHN,811010,2409725.6655564243
TJK,ESP,811010,2579225.6248749024
TJK,FRA,811010,303274403.65577286
TJK,MKD,811010,86870.84458493274
TJK,PAK,270112,154102.25
TJK,UZB,252922,2600.0
TJK,UZB,280429,100.0
TLS,AUS,280429,152.9
TTO,BRA,251110,500.922
TTO,BRB,280429,2575.7668933134123
TTO,DOM,270112,370851364.7058824
TTO,ESP,251110,1137.5710686355221
TTO,GRC,280429,2128.033
TTO,GRD,252800,69.71764705882352
TTO,GRD,280429,9117.9149069267
TTO,GRD,850511,3201.160784313726
TTO,GUY,251110,10.018
TTO,GUY,280429,63490.99528240341
TTO,IND,260600,7267144.121568627
TTO,KNA,280429,30.055
TTO,SUR,251110,1870772.9169596843
TTO,SUR,280429,36349.522
TTO,SUR,850511,74937.33333333333
TTO,VCT,251010,142.45
TTO,VCT,280429,43.3626453812202
TTO,VCT,280469,83.0210140458654
TUN,BEL,740311,200797.04803921568
TUN,BRA,850511,301.96078431372547
TUN,CHN,850511,7328.431372549019
TUN,CIV,280429,1766.7400689373735
TUN,DEU,740311,1314058.8
TUN,DEU,850511,84884.87843137255
TUN,DZA,251110,3882497.527
TUN,DZA,280469,22425.57
TUN,DZA,810411,139727.993
TUN,EGY,280429,1230.0730906102644
TUN,ESP,252910,1993.049
TUN,FRA,251010,2294978.3956381804
TUN,FRA,251110,121.14301188334503
TUN,FRA,260600,423.5529411764706
TUN,FRA,280469,83.0723832340948
TUN,FRA,810820,5660.716329766368
TUN,FRA,850511,247178.58023126656
TUN,GAB,252800,2248.022549019608
TUN,GHA,280429,10359.506920889538
TUN,GRC,260600,55.74901960784313
TUN,ITA,251010,492050.2
TUN,ITA,251110,10.483
TUN,ITA,850511,6375.073529411765
TUN,LBN,280429,18524.243221339337
TUN,LBY,252800,989.174
TUN,LBY,280429,1432.624
TUN,MAR,251110,26.575954331833202
TUN,MAR,280429,4685.676956743015
TUN,MRT,270112,40722.61568627451
TUN,NGA,280429,72201.182
TUN,PAK,251010,9.48846153846154
TUN,ROU,850511,186.54901960784312
TUN,SEN,280429,2145.155936965096
TUN,SEN,280469,3606.4625882424516
TUN,SGP,251010,25.666153846153843
TUN,THA,850511,5093.352941176471
TUN,TUR,251010,13165189.941377882
TUN,USA,850511,3605.8823529411766
TUR,AGO,251010,24.267692307692304
TUR,AGO,251110,3366937.548481188
TUR,AGO,252800,75510.03137254903
TUR,AGO,850511,23210.527731268274
TUR,ALB,251110,4151432.0
TUR,ALB,270112,51322160.0
TUR,ALB,280469,1639680.0
TUR,ALB,850511,29016.0
TUR,ARE,250490,152.0
TUR,ARE,251110,231778.41943923233
TUR,ARE,252800,128105.09230447175
TUR,ARE,252910,17889321.392258205
TUR,ARE,720292,4476328.0
TUR,ARE,740311,1811922.1588235293
TUR,ARE,750210,23026504.0
TUR,ARE,810411,56.77769230769231
TUR,ARE,850511,6269.196551494458
TUR,ARG,251110,85125.86681686742
TUR,ARG,252910,271370.4266901164
TUR,ARG,850511,1289.450980392157
TUR,ARM,252910,1586232.1960784313
TUR,ARM,811292,198.23529411764704
TUR,ARM,850511,51930.274509803916
TUR,AUS,251110,404572.4022668096
TUR,AUS,252800,266388.51323111344
TUR,AUS,252910,3715.8862368752557
TUR,AUS,270112,1800.0
TUR,AUS,280469,1997.3928453415344
TUR,AUS,711011,904360.0
TUR,AUS,750210,83461.65489977793
TUR,AUS,850511,10216.595390526629
TUR,AUT,251010,2360.449230769231
TUR,AUT,251110,98.15456711903936
TUR,AUT,252800,13975543.625715096
TUR,AUT,252910,2548.81334120614
TUR,AUT,260200,34583.66320760892
TUR,AUT,270112,1304.0
TUR,AUT,850511,14894.464901515406
TUR,AZE,251110,9860333.2746189
TUR,AZE,252910,206339.96444940055
TUR,AZE,252922,28022.19607843137
TUR,AZE,260200,1211280.0
TUR,AZE,260600,741600.0
TUR,AZE,270112,4619208.0
TUR,AZE,280429,885181.6202649166
TUR,AZE,280469,7150800.0
TUR,AZE,280470,1655.9816007184913
TUR,AZE,282200,1489.7010387682005
TUR,AZE,283691,65600.0
TUR,AZE,740311,31180.594715996915
TUR,AZE,750210,352532.8829226165
TUR,AZE,810411,2692504.0
TUR,AZE,850511,178497.12769361332
TUR,BEL,251110,495453.9832622942
TUR,BEL,252800,125058.60490196079
TUR,BEL,252910,320076.4987141054
TUR,BEL,252922,560.6774509803921
TUR,BEL,270112,16.349999999999998
TUR,BEL,280469,1264.0
TUR,BEL,282200,2160.0
TUR,BEL,810411,52213748.7952724
TUR,BEL,811010,9857453.584139712
TUR,BEL,850511,4934.6452978092975
TUR,BFA,251110,24.0
TUR,BGD,252910,6091080.0
TUR,BGR,251110,88978.43593672269
TUR,BGR,252910,41202549.9796726
TUR,BGR,270112,61366630.107537985
TUR,BGR,280429,155832.76655151375
TUR,BGR,280469,962.0309493372032
TUR,BGR,282200,15848.035735616533
TUR,BGR,740311,36548586.668626815
TUR,BGR,810320,384.62530796758705
TUR,BGR,850511,113186.51880316174
TUR,BHR,252910,176.39215686274508
TUR,BHR,850511,6392.0
TUR,BHS,850511,138.23529411764704
TUR,BIH,251110,49959.83697158878
TUR,BIH,252800,533.0196078431372
TUR,BIH,850511,128819.1993536205
TUR,BLR,251110,2351056.0
TUR,BLR,252910,664.0
TUR,BLR,850511,5264.0
TUR,BLZ,850511,962.7450980392157
TUR,BRA,251110,1947097.6061616533
TUR,BRA,252800,3223258.457162231
TUR,BRA,252910,877981.3296861511
TUR,BRA,810411,1654657.164859767
TUR,BRA,850511,8742.659903482805
TUR,BTN,280429,179776.0
TUR,CAN,251110,16647932.134662598
TUR,CAN,252800,2384921.94596093
TUR,CAN,252910,168.0
TUR,CAN,260600,27790937.627636578
TUR,CAN,810411,11912291.682320615
TUR,CAN,850511,2450.8148714152176
TUR,CHE,251010,17518.618461538463
TUR,CHE,251110,2425.4584370923603
TUR,CHE,252800,2176.505882352941
TUR,CHE,270112,3648.0
TUR,CHE,282200,211395.5430273001
TUR,CHE,711011,24860880.901395444
TUR,CHE,711021,45293448.15683552
TUR,CHE,811010,4588072.0
TUR,CHE,850511,10365.63380340464
TUR,CHL,250490,503.5328533571262
TUR,CHL,251110,40.0
TUR,CHL,252910,238533.94393912112
TUR,CHL,270112,333773128.0
TUR,CHN,251110,540.7226198990064
TUR,CHN,252800,522172483.6457733
TUR,CHN,252910,6181124.888014709
TUR,CHN,260200,7903177.955932548
TUR,CHN,260600,120100355.86484128
TUR,CHN,740311,6608752.0
TUR,CHN,850511,9074.817115921454
TUR,CIV,280429,107456.0
TUR,CIV,280469,115.93785556785319
TUR,CIV,810411,10208.0
TUR,CIV,850511,349.9114096432698
TUR,CMR,251010,56.0
TUR,CMR,270112,10411936.0
TUR,CMR,850511,3301.403921568627
TUR,COD,251110,509392.0
TUR,COD,252800,1571.3882352941177
TUR,COD,850511,32564.47022088146
TUR,COG,850511,2680.0
TUR,COL,251110,21805027.585538536
TUR,COL,252800,8289984.5974103175
TUR,COL,252910,203514.70967416465
TUR,COL,850511,8240.0
TUR,COM,850511,832.0
TUR,CRI,850511,1760.0
TUR,CUB,251110,6839410.990745945
TUR,CUB,252910,5117.019607843137
TUR,CYP,251010,880.0
TUR,CYP,251110,260655.12419678716
TUR,CYP,252910,280.0
TUR,CYP,270112,4405536.0
TUR,CYP,280429,142472.0
TUR,CYP,850511,14664.0
TUR,CZE,251110,1814446.8196715575
TUR,CZE,252800,33369313.725490194
TUR,CZE,252910,166322.61318509793
TUR,CZE,280469,1520.1782965011846
TUR,CZE,810411,1463615.3846153845
TUR,CZE,850511,14728.431156038809
TUR,DEU,250490,104.0
TUR,DEU,251110,16343552.0
TUR,DEU,252800,512024.0
TUR,DEU,252910,47572039.926803865
TUR,DEU,260200,605751.1996284391
TUR,DEU,260600,13388314.553207023
TUR,DEU,270112,141596296.0
TUR,DEU,280429,3943.367351688472
TUR,DEU,280469,5074.737920834902
TUR,DEU,282200,280.0
TUR,DEU,711011,7736.0
TUR,DEU,810320,1120.0
TUR,DEU,810411,3120.0
TUR,DEU,811010,8000.0
TUR,DEU,811212,1504.0
TUR,DEU,811292,1768.956862745098
TUR,DEU,850511,10507012.277653957
TUR,DJI,282200,72.0
TUR,DNK,251010,176.0
TUR,DNK,251110,117825.38045869296
TUR,DNK,252910,161.39478101497969
TUR,DNK,280469,9.745201999736295
TUR,DNK,850511,32621.182462923138
TUR,DOM,252800,22436.84705882353
TUR,DOM,252910,48.0
TUR,DOM,850511,5519.64705882353
TUR,DZA,251110,16685368.0
TUR,DZA,252800,1969920.0
TUR,DZA,252910,6087400.0
TUR,DZA,260600,1644792.0
TUR,DZA,280469,20736.0
TUR,DZA,720292,1120000.0
TUR,DZA,720293,687888.0
TUR,DZA,810411,3144936.0
TUR,DZA,811010,1108000.0
TUR,DZA,850511,612080.0
TUR,ECU,252800,264000.0
TUR,ECU,252910,465731.4896776982
TUR,ECU,850511,694.5478755886116
TUR,EGY,251110,22659828.123697102
TUR,EGY,252800,18852314.2237525
TUR,EGY,252910,46134908.8152145
TUR,EGY,270112,35853760.599614434
TUR,EGY,280429,9636.878351600504
TUR,EGY,282200,12000.0
TUR,EGY,750210,3659048.0
TUR,EGY,850511,18535.776979354603
TUR,ESP,251110,16680172.639400141
TUR,ESP,252800,87612048.0831048
TUR,ESP,252910,1134629968.7225606
TUR,ESP,260200,704822.5862471004
TUR,ESP,260600,8583453.364216246
TUR,ESP,270112,256827776.0
TUR,ESP,280469,5680.780733724198
TUR,ESP,850511,11201.057546379305
TUR,EST,251110,822240.3087321124
TUR,EST,280469,2422.629730687274
TUR,ETH,252910,8420.248081627291
TUR,ETH,280469,1106.3384498418766
TUR,ETH,810411,563576.0
TUR,ETH,850511,41.36666666666667
TUR,FIN,251110,1621943.748231878
TUR,FIN,252800,2704762.244459034
TUR,FIN,252910,326049.15194339515
TUR,FIN,850511,101805.02549019609
TUR,FRA,250490,91.3529411764706
TUR,FRA,251110,2860884.1756266425
TUR,FRA,252800,221665.65295067304
TUR,FRA,252910,643267.1796139833
TUR,FRA,260200,3751498.96214757
TUR,FRA,260600,61098206.72116244
TUR,FRA,270112,81572168.0
TUR,FRA,280469,125.3298536115989
TUR,FRA,282200,1630.7365252735315
TUR,FRA,811010,2554628.6424155333
TUR,FRA,850511,154514.2675997056
TUR,GAB,251110,3385762.547199301
TUR,GAB,252910,3688.0
TUR,GAB,282200,510.41651785819334
TUR,GBR,250490,744.0
TUR,GBR,251110,2223704.3530215337
TUR,GBR,252800,10031677.545494942
TUR,GBR,252910,4429769.777928051
TUR,GBR,260200,1723.2523278653769
TUR,GBR,260600,2220179.188692852
TUR,GBR,270112,128743872.97647059
TUR,GBR,280429,407440.1782350395
TUR,GBR,280469,47957.39916025048
TUR,GBR,280470,1088.0
TUR,GBR,711011,180736.0
TUR,GBR,850511,26977.16737503114
TUR,GEO,251110,27171.190677060546
TUR,GEO,252910,69649.95611053503
TUR,GEO,260200,4227189.755876779
TUR,GEO,260600,1027296.7575194418
TUR,GEO,270112,3351440.860086429
TUR,GEO,280429,917505.4031956573
TUR,GEO,282200,1568.7667155009756
TUR,GEO,750210,30622.448062007024
TUR,GEO,810820,217.14169014754054
TUR,GEO,850511,26548.630331334767
TUR,GHA,252910,1779620.7587498229
TUR,GHA,280429,27888.0
TUR,GHA,280469,1522.8293112227373
TUR,GHA,850511,3143.969065005672
TUR,GMB,280469,575.2340377632344
TUR,GRC,251110,579466.7549805028
TUR,GRC,252800,4429978.219397123
TUR,GRC,260600,12987955.817677952
TUR,GRC,270112,21682140.15032979
TUR,GRC,280429,1451845.335886401
TUR,GRC,810411,403606.9134146136
TUR,GRC,850511,32309.85384601168
TUR,GTM,252910,220.58823529411765
TUR,GUY,251110,27175805.75590647
TUR,HKG,280429,1784.0
TUR,HRV,252910,744576.0
TUR,HRV,260600,7944194.712235712
TUR,HRV,850511,31338.235294117647
TUR,HUN,250490,5956.09850687139
TUR,HUN,251110,137.96076571349218
TUR,HUN,252910,628392.1568627451
TUR,HUN,260200,1680.0
TUR,HUN,850511,3371.7328262790684
TUR,IDN,252800,2551320.1106271036
TUR,IDN,252910,5037561.981222006
TUR,IDN,280429,7323.373598943362
TUR,IDN,850511,992.0
TUR,IND,251110,7061.519441894215
TUR,IND,252800,78379922.60670812
TUR,IND,252910,1228510.1030981624
TUR,IND,260200,48.0
TUR,IND,260600,8345.736274509803
TUR,IND,280469,61650.07933180923
TUR,IND,282200,816.0
TUR,IND,750210,15816.0
TUR,IND,850511,12649.301682514746
TUR,IRL,252800,5.161764705882352
TUR,IRL,260600,4771087.005643009
TUR,IRL,280429,16996.348675622332
TUR,IRL,850511,809.4934972161906
TUR,IRN,250490,3429.1953787494517
TUR,IRN,251010,14384.0
TUR,IRN,251110,36390.0036940381
TUR,IRN,252910,701390.0219534166
TUR,IRN,260200,9583499.212225188
TUR,IRN,260600,5033104.266687376
TUR,IRN,270112,335544.0
TUR,IRN,280429,2487292.257852534
TUR,IRN,280469,4355338.15355004
TUR,IRN,280480,27206.147664456552
TUR,IRN,282200,213507.65621676834
TUR,IRN,711011,4786165.608323028
TUR,IRN,720292,106749.83014289726
TUR,IRN,720293,1445290.3649282549
TUR,IRN,750210,97754678.91235341
TUR,IRN,810194,54779.629260212874
TUR,IRN,810411,2568756.9587272685
TUR,IRN,811010,2438446.938277239
TUR,IRN,811212,149069.60784313726
TUR,IRN,850511,6285.465410736297
TUR,IRQ,251010,6168.0
TUR,IRQ,251110,157248.0
TUR,IRQ,280429,6363224.0
TUR,IRQ,280469,6336.0
TUR,IRQ,282200,2208.0
TUR,IRQ,740311,170424.0
TUR,IRQ,810411,3697400.0
TUR,IRQ,810820,7912.0
TUR,IRQ,850511,136152.0
TUR,ISL,850511,116.00490196078431
TUR,ISR,251110,1907256.9395490007
TUR,ISR,252800,99909.86737096134
TUR,ISR,252910,8724569.04206792
TUR,ISR,260600,6322073.175438386
TUR,ISR,270112,32352.941176470587
TUR,ISR,280429,974132.6797211347
TUR,ISR,280469,4410.5256208328465
TUR,ISR,282200,1912.0
TUR,ISR,750210,356848.0
TUR,ISR,810411,442696.0
TUR,ISR,850511,74870.84272615619
TUR,ITA,251110,8378119.285550616
TUR,ITA,252800,2278657.4235614715
TUR,ITA,252910,292529171.2843656
TUR,ITA,260200,1364853.0268499863
TUR,ITA,260600,411700.4562224121
TUR,ITA,270112,230735288.0
TUR,ITA,280429,62811.09459592809
TUR,ITA,711011,2903729.6163772554
TUR,ITA,711021,246756680.0
TUR,ITA,750210,18017920.0
TUR,ITA,810411,127248.0
TUR,ITA,850511,65164.4539727055
TUR,JOR,251110,39392.75157926849
TUR,JOR,252910,195648.0
TUR,JOR,750210,100816.0
TUR,JOR,850511,6408.0
TUR,JPN,252800,14632410.498185324
TUR,JPN,252910,2328695.941053631
TUR,JPN,260600,18086.38663375321
TUR,JPN,711011,12823672.0
TUR,JPN,810411,867155.7760974325
TUR,KAZ,251110,80.0
TUR,KAZ,252910,6014.870401112178
TUR,KAZ,280429,1784.0
TUR,KAZ,280469,28738.99931597895
TUR,KAZ,810411,651704.0
TUR,KAZ,850511,127368.0
TUR,KEN,251110,16857.683377131052
TUR,KEN,252800,1641600.0
TUR,KEN,252910,65520.0
TUR,KEN,280429,280.0
TUR,KEN,811010,119712.0
TUR,KEN,850511,19959.36662308155
TUR,KGZ,251110,24081.73360633083
TUR,KGZ,850511,257.10762082897156
TUR,KOR,252800,23435766.818016984
TUR,KOR,252910,208600.0658351296
TUR,KOR,280469,2281.982944384387
TUR,KOR,282200,1686.9341699337406
TUR,KOR,711011,5264.0
TUR,KWT,251110,56.0
TUR,KWT,252910,1715951.4274586989
TUR,KWT,280469,5344.778172205572
TUR,KWT,740311,67920.0
TUR,KWT,850511,10920.0
TUR,LBN,251110,262022.71211397296
TUR,LBN,252910,109821.8160930001
TUR,LBN,280429,96560.0
TUR,LBN,280469,88000.0
TUR,LBN,810411,37886.83125156237
TUR,LBN,850511,16080.0
TUR,LBR,251010,1416.0
TUR,LBR,280429,144112.0
TUR,LBY,251110,78400.0
TUR,LBY,252910,1944.0
TUR,LBY,260200,120.0
TUR,LBY,280429,2052328.0
TUR,LBY,711011,840.0
TUR,LBY,850511,10672.0
TUR,LKA,252910,347703.7181351007
TUR,LTU,252910,2584.0
TUR,LTU,270112,6656.0
TUR,LTU,850511,340.19607843137254
TUR,LUX,251110,60.26523709370681
TUR,LUX,252800,32.956862745098036
TUR,LUX,260200,43.68915387275577
TUR,LUX,810411,2261456.0
TUR,LVA,251110,99536.63531120088
TUR,LVA,252800,16381007.611524522
TUR,LVA,850511,2856.0
TUR,MAR,251110,324874.032396653
TUR,MAR,252800,37613.473632791174
TUR,MAR,252910,856458.8838648155
TUR,MAR,260600,906950.9385895319
TUR,MAR,270112,118260808.0
TUR,MAR,280429,67940.63651090812
TUR,MAR,750210,852968.0
TUR,MAR,850511,7688.551343454713
TUR,MDA,252910,39008.16254418122
TUR,MDA,260600,929972.0623320454
TUR,MDA,850511,11352.203909391774
TUR,MDV,810820,100.03418627114596
TUR,MDV,850511,1356.0960119964147
TUR,MEX,251110,3948840.0
TUR,MEX,252800,4764437.828937322
TUR,MEX,252910,16.0
TUR,MEX,850511,27016.0
TUR,MHL,280429,824.0
TUR,MKD,251110,34665.83497932053
TUR,MKD,270112,230048.0
TUR,MKD,280429,371784.0
TUR,MKD,850511,2301.6734469905246
TUR,MLI,280469,157.91448852860015
TUR,MLT,252910,148.66666666666666
TUR,MLT,850511,1606.7368670421797
TUR,MNE,810411,686907.8892307692
TUR,MNE,850511,9093.819607843137
TUR,MOZ,252800,2451840.0
TUR,MRT,280429,4432.0
TUR,MYS,252800,90575247.53150831
TUR,MYS,252910,12233388.308604125
TUR,MYS,260600,11616.17174455755
TUR,MYS,750210,25855.38560115894
TUR,NAM,280469,83.59915090975622
TUR,NAM,850511,4136.0
TUR,NER,260200,40.0
TUR,NGA,251110,37448.75729742586
TUR,NGA,252800,135085.56296757184
TUR,NGA,810411,1512.0
TUR,NGA,850511,6112.0
TUR,NLD,251010,42.12230769230769
TUR,NLD,251110,857987.2817131727
TUR,NLD,252800,25822986.104768034
TUR,NLD,252910,32584036.11824154
TUR,NLD,252922,18.583333333333332
TUR,NLD,260200,177908.3083046321
TUR,NLD,260600,1659371.872294444
TUR,NLD,270112,75736709.71707292
TUR,NLD,720293,4639120.0
TUR,NLD,740311,22419800.0
TUR,NLD,750210,49.55490196078431
TUR,NLD,810320,1584.0
TUR,NLD,810411,18658376.0
TUR,NLD,810820,248.84366264072509
TUR,NLD,850511,54600.2246139888
TUR,NOR,251110,7432058.805263467
TUR,NOR,252800,498186.6098039216
TUR,NOR,252910,144.0
TUR,NOR,260600,68842.72115131373
TUR,NOR,280469,216.0
TUR,NOR,711011,24544.0
TUR,NOR,810411,12461566.043076923
TUR,NOR,850511,41008.79294994782
TUR,NZL,252800,565345.1164606154
TUR,NZL,252910,477095.2686394721
TUR,NZL,850511,2040.744117647059
TUR,OMN,252910,160164.4934289756
TUR,OMN,270112,50800.0
TUR,OMN,280429,2816.6264652394384
TUR,OMN,282200,279.3550656467004
TUR,OMN,811010,573278.7055741878
TUR,OMN,850511,2227.1733109161305
TUR,PAK,250490,448.0
TUR,PAK,251110,11117.024677019432
TUR,PAK,252910,75395.3352823977
TUR,PAK,750210,32768.0
TUR,PAK,850511,48000.0
TUR,PAN,251010,1040.0
TUR,PER,252800,274745.53671067674
TUR,PER,252910,10628.936274509802
TUR,PER,260600,3105923.2778126867
TUR,PER,850511,1975.3645855243308
TUR,PHL,252910,19346.8470544432
TUR,POL,250490,1672.0
TUR,POL,251110,3379379.1529697487
TUR,POL,252800,3030157.149486164
TUR,POL,252910,22172498.709525503
TUR,POL,260200,63520.0
TUR,POL,260600,3413137.432905554
TUR,POL,270112,645336.494249361
TUR,POL,280429,603199.3780118204
TUR,POL,282200,383.071413108464
TUR,POL,740311,203842.42908909026
TUR,POL,810320,1016.0
TUR,POL,810820,1004.0715424485321
TUR,POL,850511,4099.936761784936
TUR,PRT,250490,5946.345098039215
TUR,PRT,251010,160.0
TUR,PRT,252910,25424392.260527145
TUR,PRT,282200,2818.2497323930843
TUR,PRT,850511,1844.4210687060727
TUR,PSE,280469,1979.6844556891942
TUR,PSE,810411,43970.21076923077
TUR,PSE,850511,1610.613725490196
TUR,QAT,251110,89424.0
TUR,QAT,252910,169903.63289782946
TUR,QAT,280429,1256.0
TUR,QAT,711011,84154.2725490196
TUR,QAT,750210,535104.0
TUR,QAT,850511,25296.0
TUR,ROU,251010,4682296.0
TUR,ROU,251110,280429.9359195895
TUR,ROU,252800,63563416.0
TUR,ROU,252910,9646131.820806451
TUR,ROU,260600,2142320.867824562
TUR,ROU,270112,158303192.0
TUR,ROU,280429,136494.88266935333
TUR,ROU,850511,237504.75184450307
TUR,RUS,251110,22417736.0
TUR,RUS,252800,104358568.0
TUR,RUS,252910,200085504.0
TUR,RUS,260200,633472.0
TUR,RUS,260600,1296832.0
TUR,RUS,280429,3373616.0
TUR,RUS,280469,514360.0
TUR,RUS,282200,2702752.0
TUR,RUS,283691,19054960.0
TUR,RUS,720293,32432064.0
TUR,RUS,740311,66680.0
TUR,RUS,750210,269936.0
TUR,RUS,810194,361440.0
TUR,RUS,810411,14165680.0
TUR,RUS,810820,1040.0
TUR,RUS,850511,395632.0
TUR,RWA,251110,448.0
TUR,S19,252800,44785157.92136854
TUR,S19,252910,2605234.9510077937
TUR,S19,280429,176754.52578417887
TUR,S19,280469,29351.691024754913
TUR,SAU,251010,305999.9923076923
TUR,SAU,251110,3235958.748611649
TUR,SAU,252910,824010.6223132304
TUR,SAU,750210,3000000.0
TUR,SDN,850511,53808.0
TUR,SEN,251110,69577.48041565082
TUR,SEN,252910,406565.0337565905
TUR,SEN,850511,4184.0
TUR,SGP,810820,60016.0
TUR,SLV,850511,347.79411764705884
TUR,SOM,282200,336.0
TUR,SOM,850511,18864.0
TUR,SRB,251110,274347.55642063444
TUR,SRB,252800,427072.0
TUR,SRB,252910,776.4705882352941
TUR,SRB,270112,13075269.536388684
TUR,SRB,282200,17905.99408843964
TUR,SRB,850511,37185.469796837584
TUR,SUR,251110,7307856.843499555
TUR,SVK,251110,61826.45343165263
TUR,SVK,252800,29847527.780392155
TUR,SVK,252910,71097.54457454433
TUR,SVK,270112,468984.0
TUR,SVK,280469,487.8316989540219
TUR,SVK,810820,519.6725061437967
TUR,SVK,850511,3873.5686274509803
TUR,SVN,251110,133906.2968197328
TUR,SVN,252800,13830332.133390987
TUR,SVN,252910,67224.0
TUR,SVN,260600,390848.0
TUR,SVN,810411,1936357.7063356459
TUR,SVN,850511,22975.883460561574
TUR,SWE,251110,855102.2946450046
TUR,SWE,252800,5093810.3117522625
TUR,SWE,260600,435.130189896081
TUR,SWE,280469,594.1516924110433
TUR,SWE,711011,387.72549019607845
TUR,SWE,850511,9534.93200808313
TUR,SYR,251110,109608.0
TUR,SYR,270112,9075864.0
TUR,SYR,280429,8984.0
TUR,SYR,850511,30720.0
TUR,THA,252800,724716.6165512722
TUR,THA,252910,1327947.2685300654
TUR,THA,750210,75432.0
TUR,THA,850511,8914.836159520404
TUR,TJK,251110,4024.4164827643085
TUR,TJK,252800,387.2549019607843
TUR,TJK,280469,539920.0
TUR,TJK,282200,400.0
TUR,TJK,810411,730316.330145027
TUR,TJK,850511,2000.0
TUR,TKM,280429,22816.0
TUR,TKM,280469,38872.0
TUR,TKM,811010,1368840.0
TUR,TKM,850511,24760.0
TUR,TLS,270112,55180816.0
TUR,TTO,251110,4975140.295152073
TUR,TUN,251110,176233.45393868972
TUR,TUN,252910,10145925.989270551
TUR,TUN,280429,37752.554397734944
TUR,TUN,280469,842400.0
TUR,TUN,750210,153040.0
TUR,TUN,810411,1295288.0
TUR,TUN,850511,4468.681436760617
TUR,TZA,252910,3859428.945117916
TUR,TZA,280469,1021.3315402292154
TUR,TZA,740311,2536.0
TUR,TZA,750210,595.3159237497799
TUR,TZA,850511,988.2029973457962
TUR,UGA,252800,520300.7254901961
TUR,UGA,280429,276.758347332304
TUR,UGA,280469,16.81173432961983
TUR,UGA,850511,1864.0
TUR,UKR,251010,9853520.0
TUR,UKR,251110,99016.54633470575
TUR,UKR,252800,3.666666666666667
TUR,UKR,252910,8687500.135008305
TUR,UKR,260600,4061489.8917420274
TUR,UKR,270112,46306560.0
TUR,UKR,280429,20738907.504549317
TUR,UKR,720292,5413.354463198071
TUR,UKR,850511,292574.0583472176
TUR,URY,850511,224.54901960784312
TUR,USA,250490,1168.0
TUR,USA,251110,5167687.022295667
TUR,USA,252800,42379704.04352844
TUR,USA,252910,51623756.47386795
TUR,USA,260200,3320.0
TUR,USA,260600,34409833.5697091
TUR,USA,270112,15032.0
TUR,USA,280469,73776.32183368251
TUR,USA,711011,164832.0
TUR,USA,750210,39314.70588235294
TUR,USA,810411,281733139.7881423
TUR,USA,810820,7755.456186095846
TUR,USA,850511,119395.44257967589
TUR,UZB,251110,34986.06419554557
TUR,UZB,252800,146647.0588235294
TUR,UZB,252910,117018.57269194766
TUR,UZB,280429,3599.0417013854476
TUR,UZB,280469,2428448.0
TUR,UZB,282200,720.10806673975
TUR,UZB,750210,165856.88374683828
TUR,UZB,810411,325634.8270402501
TUR,UZB,811292,1114.6813298872157
TUR,UZB,850511,6605.686938093546
TUR,VNM,252800,10956571.440484563
TUR,VNM,252910,2809360.1391225564
TUR,VNM,750210,165686.27450980392
TUR,ZAF,251110,151300.72135307718
TUR,ZAF,252800,1048226.1670968449
TUR,ZAF,252910,651522.456801203
TUR,ZAF,260600,7500426.886642304
TUR,ZAF,280469,193.24154626657463
TUR,ZAF,750210,202902.23137254902
TUR,ZAF,811292,7408.0
TUR,ZAF,850511,6403.446817626424
TUR,ZMB,850511,99.94421962458607
TUV,POL,850511,127.45098039215686
TZA,ARE,740311,6618515.812745098
TZA,AUS,282200,28547.871408083345
TZA,AUT,850511,394.37745098039215
TZA,BGR,252910,373.15294117647056
TZA,BGR,740311,133387514.31372549
TZA,BHR,740311,2558629.0078431373
TZA,CAN,250490,213107.72
TZA,CHN,250490,3147990.6118450975
TZA,CHN,252910,49136.30409479749
TZA,CHN,270112,147.05882352941177
TZA,CHN,740311,6457384.436622579
TZA,COD,280469,11200.0
TZA,COD,850511,82.86530618438037
TZA,ESP,740311,47514606.407843135
TZA,GBR,270112,69077142.25490196
TZA,GHA,270112,13519108.301960785
TZA,HKG,252910,27000.0
TZA,IDN,260200,4240660.999897749
TZA,IND,250490,417491.96
TZA,IND,260200,3979388.470735968
TZA,IND,270112,8120979.026470588
TZA,IND,282200,521840.3319080515
TZA,IND,740311,198381448.41470587
TZA,IRN,260200,1253841.7644423083
TZA,KEN,260600,492665.3757073218
TZA,KEN,270112,515532.37254901964
TZA,KOR,252910,18.627450980392158
TZA,MWI,280469,29.405591312986157
TZA,MYS,740311,12132926.584313726
TZA,NLD,270112,400889.41862745094
TZA,NLD,740311,10290180.602941176
TZA,OMN,260200,202.0
TZA,OMN,740311,41783260.5990196
TZA,PAK,740311,7065905.5254901955
TZA,POL,270112,76041864.70588236
TZA,S19,740311,16814872.598039217
TZA,THA,740311,114090058.34509803
TZA,TUR,740311,38800862.74509804
TZA,ZAF,250490,6.002035330741765
TZA,ZAF,260600,85088.06
UGA,BDI,250490,5385.445557916614
UGA,CHN,260200,939.7550148918323
UGA,CHN,283691,6679.06
UGA,COD,251110,2005.3068381997548
UGA,RWA,280429,1815.8764638980545
UGA,RWA,810820,539.3515491534497
UGA,SSD,250490,4947.46
UGA,SSD,251110,133.6
UGA,TZA,280429,5009.930709486283
UGA,ZAF,250490,3.8352941176470585
UKR,ARE,850511,1.1
UKR,ARM,850511,2179.96
UKR,AUT,270112,38525.4
UKR,AUT,280429,570996.2675822255
UKR,AUT,720292,89566.94803921568
UKR,AUT,810820,314853.32259604137
UKR,AUT,850511,52.65196078431372
UKR,AZE,850511,1619.8932828727804
UKR,BEL,280429,108857.09615918016
UKR,BEL,850511,177.74
UKR,BFA,850511,144.26
UKR,BGR,850511,232.9963554924179
UKR,BLR,850511,72.54
UKR,CAN,280429,5478.211276886965
UKR,CHE,711021,369557.190941018
UKR,CHN,280429,7158295.330966694
UKR,CHN,810194,300.12
UKR,CHN,810820,4235865.99968745
UKR,CHN,850511,193.13725490196077
UKR,CYP,850511,56.34
UKR,CZE,270112,5505862.478344926
UKR,CZE,810820,395844.5957799212
UKR,CZE,850511,1703.056255034925
UKR,DEU,280429,9265301.329192843
UKR,DEU,740311,4374273.206902912
UKR,DEU,810820,4089035.989748962
UKR,DEU,850511,11440.625755555906
UKR,ESP,711011,34296710.93333334
UKR,ESP,850511,1113.2277273324207
UKR,FRA,270112,905.4368197942631
UKR,FRA,280429,9663.83552654989
UKR,FRA,750210,5841505.698039215
UKR,GBR,280469,12003.428873710074
UKR,GBR,850511,515.74
UKR,GEO,251010,225.76723658630718
UKR,GEO,811010,3931.3890807921143
UKR,GEO,850511,1013.3137166442123
UKR,HKG,280429,1442016.04
UKR,HUN,252910,537.2549019607843
UKR,HUN,270112,69719303.53967851
UKR,HUN,850511,48558.48994154195
UKR,IRL,850511,48.50184738262044
UKR,ISR,280429,3902.677111080928
UKR,ISR,850511,130.98
UKR,ITA,810820,3546391.789973853
UKR,JOR,850511,9.96
UKR,JPN,280429,10264160.408891015
UKR,JPN,811292,609998.9117647059
UKR,KAZ,270112,32558.823529411766
UKR,KOR,280429,49710409.38393484
UKR,KOR,810820,90338.67877478937
UKR,LBN,850511,85.84
UKR,LTU,850511,3401.6864403438803
UKR,LUX,252800,293.2
UKR,LVA,810820,183076.5002666507
UKR,LVA,850511,3591.7703778950277
UKR,MDA,280429,1165714.6556716766
UKR,MDA,740311,763458.6639996126
UKR,MDA,850511,8183.565205516923
UKR,NLD,250490,90.85098039215687
UKR,NLD,720292,2467138.8070164234
UKR,NLD,810820,2847182.7583114645
UKR,NLD,850511,4613.798039215686
UKR,NOR,850511,285.078431372549
UKR,POL,252910,4965127.220774013
UKR,POL,270112,94654558.51626985
UKR,POL,280469,165453.61739019412
UKR,POL,810820,700880.4445088265
UKR,POL,850511,57649.409306523725
UKR,PRT,850511,390.3294117647059
UKR,ROU,850511,70.8786357657423
UKR,RUS,252910,375974.18
UKR,RUS,280429,77.24
UKR,RUS,720293,59399.7
UKR,RUS,750210,42587.06
UKR,RUS,811292,410938.78
UKR,S19,280429,8894277.720906854
UKR,SGP,280429,363520.13433487294
UKR,SRB,850511,69.46
UKR,SVK,270112,276171288.18632317
UKR,SVK,810820,565700.8311232287
UKR,SVK,850511,6.56
UKR,SVN,810820,356262.0453745209
UKR,SWE,810820,191577.18205361965
UKR,TUR,252910,39.21568627450981
UKR,TUR,280429,91688.64
UKR,TUR,740311,9070915.537038095
UKR,TUR,810820,1102390.835262963
UKR,TUR,850511,44486.1
UKR,USA,280429,27182081.672919992
UKR,USA,720292,2286036.274509804
UKR,USA,810820,74492.99778162106
UKR,USA,850511,2334.24
UKR,UZB,850511,139.87360375885302
URY,DNK,850511,315.36168004453236
URY,FIN,711021,1.978011105327143
URY,FRA,260200,311.4029526377577
URY,MEX,850511,20.0
URY,PRY,251010,1625304.0
URY,SVN,850511,576.4549019607844
URY,USA,850511,80.0
USA,ABW,280429,32162.687244960092
USA,ABW,280469,3954.0442615221014
USA,ABW,750210,13.145098039215686
USA,ABW,810411,455.09230769230766
USA,ABW,810820,337.1962642086584
USA,ABW,850511,12709.605233160337
USA,AGO,251010,31951.135384615387
USA,AGO,280429,19058.185494480345
USA,AGO,850511,28923.353586831177
USA,ALB,850511,26810.0
USA,ARE,250490,5246.3765387974945
USA,ARE,251010,1870.1887615351545
USA,ARE,251110,215.73614738447338
USA,ARE,252800,9208.529411764706
USA,ARE,252910,10.678431372549019
USA,ARE,260600,18.95392156862745
USA,ARE,280429,722071.0587266496
USA,ARE,280469,5327.975777728358
USA,ARE,280470,75.09944057747228
USA,ARE,280480,281.28615384615387
USA,ARE,283691,32315.486274509807
USA,ARE,711011,694317.2693140592
USA,ARE,720292,5.517647058823529
USA,ARE,740311,2489.309803921569
USA,ARE,750210,497.8627450980392
USA,ARE,810194,4213.539974526928
USA,ARE,810411,984.1253846153846
USA,ARE,810820,192600.46612267307
USA,ARE,811292,757.378431372549
USA,ARE,850511,351396.6878561485
USA,ARG,252800,89147.0
USA,ARG,260600,990873.2156862746
USA,ARG,270112,171522617.87199932
USA,ARG,280429,6930779.147694902
USA,ARG,280469,13460.875482154439
USA,ARG,280470,32.92447965537567
USA,ARG,280480,132.26153846153846
USA,ARG,282200,390.5807534646845
USA,ARG,283691,3387.0
USA,ARG,283692,765.9773056126724
USA,ARG,711011,2699927.7120135734
USA,ARG,711021,38777.50827238549
USA,ARG,720293,9735.0
USA,ARG,750210,1039.1568627450981
USA,ARG,810194,18855.323076923076
USA,ARG,810820,1522.7807517096944
USA,ARG,811010,2717.1115137844304
USA,ARG,811292,86.66666666666667
USA,ARG,850511,424460.992384906
USA,ARM,811010,516.0140883690669
USA,ARM,811292,1433.0588235294117
USA,ARM,850511,10595.881729817134
USA,ATG,250490,257.0235294117647
USA,ATG,280429,45501.991982553416
USA,ATG,711021,5836.256075663776
USA,ATG,850511,111287.8705882353
USA,AUS,250490,10515.921418277807
USA,AUS,251010,13872.0
USA,AUS,252800,234223.37560955595
USA,AUS,252910,2108.48431372549
USA,AUS,252922,48096.123529411765
USA,AUS,260600,11109.182780252631
USA,AUS,270112,10530.0
USA,AUS,280429,1099598.8276688345
USA,AUS,280469,50706.77182493028
USA,AUS,280470,2996.716396723664
USA,AUS,282200,8911.266246902955
USA,AUS,283691,617086.7383428053
USA,AUS,711011,3147005.430973231
USA,AUS,711021,1042291.4584137028
USA,AUS,750210,3800.0
USA,AUS,810194,5049.485982075431
USA,AUS,810320,12685.0
USA,AUS,810820,104068.38232281336
USA,AUS,811010,4488.0
USA,AUS,811292,503604.73503825255
USA,AUS,850511,784770.227816796
USA,AUT,250490,300.428431372549
USA,AUT,260200,117.12533415291784
USA,AUT,270112,224470692.9664916
USA,AUT,280429,407453.70727281
USA,AUT,282200,396.3857587248666
USA,AUT,283691,753249.8147058823
USA,AUT,283692,61.468110578021474
USA,AUT,711011,683842.0
USA,AUT,740311,10060.74411764706
USA,AUT,750210,129377.34803921568
USA,AUT,810194,17402.0
USA,AUT,810820,38550.75343467012
USA,AUT,811292,15833.442691437827
USA,AUT,850511,684166.6431161494
USA,AZE,280429,202219.0097421294
USA,AZE,850511,12229.56862745098
USA,BDI,280429,5601.691980681566
USA,BEL,250490,2740.0
USA,BEL,251010,5576.620498838539
USA,BEL,252800,2063.8107843137254
USA,BEL,260600,6085.4661682678925
USA,BEL,270112,161223743.5361841
USA,BEL,280429,53577160.83819578
USA,BEL,280469,688509.4802932581
USA,BEL,280470,18000.0
USA,BEL,282200,77.78345839867397
USA,BEL,283691,20638.6579132747
USA,BEL,711011,642051.836186977
USA,BEL,711021,1577941.3625944243
USA,BEL,740311,539842.962745098
USA,BEL,750210,3605.0
USA,BEL,810194,159.1169230769231
USA,BEL,810320,314938.76074720285
USA,BEL,810411,75.41692307692307
USA,BEL,810820,192273.6061957176
USA,BEL,811231,30422.970169279808
USA,BEL,811292,3299666.499140389
USA,BEL,850511,190706.80477802586
USA,BFA,280429,4423.495225570344
USA,BGR,270112,12399101.94117647
USA,BGR,280469,1881.8868611528335
USA,BGR,283691,173146.0
USA,BGR,810194,137.29230769230767
USA,BGR,850511,2982.6773170406123
USA,BHR,250490,6338.6
USA,BHR,280429,135157.5313617897
USA,BHR,810194,644.5992307692308
USA,BHR,810411,1261810.2253846154
USA,BHR,810820,120329.39208682573
USA,BHR,850511,14740.299570555415
USA,BHS,251010,9497.692307692307
USA,BHS,252910,53.92156862745098
USA,BHS,260200,60.32529684360809
USA,BHS,270112,8428.43137254902
USA,BHS,280429,283186.3193111542
USA,BHS,280469,30442.314929979377
USA,BHS,280470,17085.047718705777
USA,BHS,280480,25.384615384615383
USA,BHS,282200,74.14285415002529
USA,BHS,711011,46.07843137254902
USA,BHS,740311,23.52941176470588
USA,BHS,810820,4220.0
USA,BHS,811292,1448.0392156862745
USA,BHS,850511,10041.619762171445
USA,BIH,270112,2963031128.078431
USA,BIH,280429,609726.5628277955
USA,BIH,850511,6429.490196078431
USA,BLR,850511,6954.0
USA,BLZ,251110,2534.5916334112053
USA,BLZ,252800,32875.0
USA,BLZ,280429,45011.44840710966
USA,BLZ,850511,66379.3137254902
USA,BMU,251010,4689.0
USA,BMU,252910,73.52941176470588
USA,BMU,280429,33427.24440687289
USA,BMU,280469,2600.980777545106
USA,BMU,711011,7.833333333333333
USA,BMU,810820,427.06256531364784
USA,BMU,850511,11453.606933043238
USA,BOL,280429,383461.1954683859
USA,BOL,283691,6070.588235294117
USA,BOL,810194,34735.38461538462
USA,BOL,810820,4214.0
USA,BOL,850511,17519.607843137255
USA,BRA,250490,63901.21257749831
USA,BRA,251110,122828.35739854956
USA,BRA,252910,7841.292774024835
USA,BRA,252922,22114.624356820914
USA,BRA,260200,96710.87666793559
USA,BRA,260600,8194.117647058823
USA,BRA,270112,2665643217.5990605
USA,BRA,280429,29631628.11338286
USA,BRA,280470,68219555.2728127
USA,BRA,280480,3960.0
USA,BRA,282200,63063.23650428178
USA,BRA,283691,6415.686274509804
USA,BRA,711011,3284170.1029511425
USA,BRA,711021,101717419.01104805
USA,BRA,740311,23391.264192050698
USA,BRA,750210,51398.029981626445
USA,BRA,810194,103824.34186645117
USA,BRA,810411,13609.05207036583
USA,BRA,810820,285334.6918123404
USA,BRA,811010,8742.514423226292
USA,BRA,811292,46939.51396871458
USA,BRA,850511,1518411.871911977
USA,BRB,250490,25.49019607843137
USA,BRB,251010,7.692307692307692
USA,BRB,251110,7192.04613699696
USA,BRB,252910,176.47058823529412
USA,BRB,270112,12366.0
USA,BRB,280429,59833.63623971759
USA,BRB,280469,1895.9900382849032
USA,BRB,282200,2967.1399901192813
USA,BRB,810194,48.46153846153846
USA,BRB,810820,88.25959683148723
USA,BRB,850511,10745.588235294117
USA,BRN,251110,1019.9944143707185
USA,BRN,280429,4664.11478285404
USA,BRN,280469,43934.59099592058
USA,BRN,850511,19171.403023334038
USA,BWA,850511,188.02352941176468
USA,CAN,250490,137767.22910606826
USA,CAN,251010,470571.4134937417
USA,CAN,251110,18060650.179837897
USA,CAN,252800,3088433.1619854174
USA,CAN,252910,498661.4695583865
USA,CAN,252922,2952321.111256087
USA,CAN,260200,560698.4905562281
USA,CAN,260600,3973119.1973220124
USA,CAN,270112,1112662435.011812
USA,CAN,280429,50251334.336381145
USA,CAN,280469,2098771.130234769
USA,CAN,280470,10760666.888041632
USA,CAN,280480,74440.78873658014
USA,CAN,282200,426959.49260538025
USA,CAN,283691,6363973.956023283
USA,CAN,283692,32443.81697897997
USA,CAN,711011,38325653.858122885
USA,CAN,711021,609538248.4063523
USA,CAN,720292,8426036.525208233
USA,CAN,720293,2736660.5754438397
USA,CAN,740311,309233561.68895984
USA,CAN,750210,4546671.779768332
USA,CAN,810194,2542791.4722145125
USA,CAN,810320,58440.98259560198
USA,CAN,810411,2652445.653497711
USA,CAN,810820,6256313.244681479
USA,CAN,811010,4437568.41519329
USA,CAN,811212,256.1058823529412
USA,CAN,811231,13291.769811853517
USA,CAN,811292,4267625.069369576
USA,CAN,850511,28375317.922927205
USA,CHE,250490,15329.215790614022
USA,CHE,251010,13892.0
USA,CHE,251110,553.2159407176541
USA,CHE,280429,3673601.746842676
USA,CHE,280469,6005.26731671003
USA,CHE,282200,3352.515535002869
USA,CHE,283691,444101.35686274513
USA,CHE,283692,711.6166141192597
USA,CHE,711011,326777860.0400837
USA,CHE,711021,634830554.7709535
USA,CHE,740311,85816.3749220122
USA,CHE,750210,1807315.9039215688
USA,CHE,810194,132376.77613673714
USA,CHE,810320,70874.7574357144
USA,CHE,810411,944.08
USA,CHE,810820,243798.9099143954
USA,CHE,811010,11546.941320984775
USA,CHE,811292,479228.10849299125
USA,CHE,850511,1940725.9612867408
USA,CHL,250490,114739.26633491652
USA,CHL,251010,106.15384615384615
USA,CHL,252910,255.33333333333331
USA,CHL,252922,890.0016192383214
USA,CHL,260600,96758.06841121912
USA,CHL,270112,208583225.8441497
USA,CHL,280429,4493990.787740549
USA,CHL,280469,3338.063249670071
USA,CHL,280470,5840.0
USA,CHL,282200,81.1008758471815
USA,CHL,283691,6315.8428968622275
USA,CHL,711011,4523.330160508211
USA,CHL,711021,152.45525290441682
USA,CHL,810194,2849.675772080657
USA,CHL,810320,2795.7624947627733
USA,CHL,810411,43584.0
USA,CHL,810820,3223.697695051004
USA,CHL,811292,1521.473385299853
USA,CHL,850511,297757.63222848176
USA,CHN,250490,18487.334664364836
USA,CHN,251010,4575.649662105886
USA,CHN,251110,138629.6260082556
USA,CHN,252800,38676.903754028805
USA,CHN,252910,2986.428237331073
USA,CHN,252922,8440.050249469334
USA,CHN,260600,77311.0
USA,CHN,270112,1057273959.3711847
USA,CHN,280429,48835358.21761066
USA,CHN,280469,106426.38301377572
USA,CHN,280470,47113.0
USA,CHN,280480,3357.6923076923076
USA,CHN,282200,137320.9343604314
USA,CHN,283691,100692.54001106395
USA,CHN,283692,1697.1380702155204
USA,CHN,711011,1258515.5302992149
USA,CHN,711021,106006991.69593291
USA,CHN,740311,203328.51099969848
USA,CHN,750210,315123.764826437
USA,CHN,810194,26932.376794244894
USA,CHN,810320,741686.0771992897
USA,CHN,810820,966480.0526783704
USA,CHN,811010,84307.78359316073
USA,CHN,811212,81164.53107224996
USA,CHN,811292,1087019.4398642492
USA,CHN,850511,3272792.7278026887
USA,CIV,850511,13906.451960784314
USA,CMR,280429,1528.5342253572896
USA,CMR,280469,1392.956795555943
USA,CMR,850511,327.464705882353
USA,COD,280429,2409.5909019235864
USA,COD,850511,13523.080392156862
USA,COG,850511,2893.323529411765
USA,COL,250490,4996.313725490196
USA,COL,251010,14441.0
USA,COL,251110,307281.88474024786
USA,COL,252800,54079.295455994805
USA,COL,252910,784238.1673228729
USA,COL,260600,649132.7843137254
USA,COL,270112,188029.41176470587
USA,COL,280429,5957648.072587807
USA,COL,280469,2353.7922437852617
USA,COL,280470,10131.0
USA,COL,280480,6945.0
USA,COL,282200,57378.42944116055
USA,COL,283691,125942.69592428363
USA,COL,711021,2121160.877306992
USA,COL,720292,80241.01773121054
USA,COL,720293,7965.0
USA,COL,750210,61693.81643838523
USA,COL,810194,37708.06153846154
USA,COL,810820,29552.0
USA,COL,811292,1147.5294117647059
USA,COL,850511,271655.3227825369
USA,CRI,250490,26598.990196078434
USA,CRI,251110,420.72144973346855
USA,CRI,252800,3654.3329816628766
USA,CRI,252910,8476.145100109397
USA,CRI,270112,33314.0
USA,CRI,280429,4441408.000661734
USA,CRI,280469,45066.702525529596
USA,CRI,711011,26476.29854023244
USA,CRI,711021,949003.8143321512
USA,CRI,720292,18944.0
USA,CRI,740311,3652.0
USA,CRI,750210,118633.0
USA,CRI,810411,125.32307692307691
USA,CRI,810820,1878419.8886964824
USA,CRI,811010,999.4111374281307
USA,CRI,850511,1576352.5630644893
USA,CUB,280429,3557.885345009706
USA,CUW,280429,70946.0
USA,CYM,252800,25.129411764705882
USA,CYM,280429,101748.76870124841
USA,CYM,811010,139.4255574593862
USA,CYM,811292,16659.0
USA,CYM,850511,50806.16470588235
USA,CYP,280469,7089.299154106804
USA,CYP,810194,667.4707692307692
USA,CYP,850511,35693.82932699451
USA,CZE,250490,5188.235294117647
USA,CZE,251010,375.40105129371676
USA,CZE,260200,20506.830595774027
USA,CZE,260600,89857.0
USA,CZE,270112,542742305.882353
USA,CZE,280429,134611.0662031149
USA,CZE,280469,911680.8320921801
USA,CZE,282200,4828.791013873442
USA,CZE,283691,416443.1372549019
USA,CZE,283692,3459.069302023267
USA,CZE,711011,28774.143953047274
USA,CZE,711021,19787.624865637346
USA,CZE,750210,20636.231746264173
USA,CZE,810194,756.9230769230769
USA,CZE,810320,3394388.5769056412
USA,CZE,810820,2501.6376048150573
USA,CZE,811010,1281.638275666631
USA,CZE,811231,1366.1538461538462
USA,CZE,811292,14184.595368554263
USA,CZE,850511,510614.814931656
USA,DEU,250490,241682.30980392158
USA,DEU,251010,18372.689778141998
USA,DEU,251110,385547.8141313378
USA,DEU,252800,20529.83529411765
USA,DEU,252910,41101.192156862744
USA,DEU,260200,2962485.8090194087
USA,DEU,260600,161878.69855920193
USA,DEU,270112,2402784071.9920645
USA,DEU,280429,42070836.32574402
USA,DEU,280469,1522008.5352487443
USA,DEU,280470,6764774.0
USA,DEU,280480,16883.94296629276
USA,DEU,282200,949517.1895821869
USA,DEU,283691,5044222.888379267
USA,DEU,283692,47410.09911811743
USA,DEU,711011,222986945.24882472
USA,DEU,711021,890018643.3476447
USA,DEU,720293,15613.301960784313
USA,DEU,740311,204750.20784313726
USA,DEU,750210,50138.52432944674
USA,DEU,810194,155781.88620757137
USA,DEU,810320,73134373.18036717
USA,DEU,810411,2384.9261538461537
USA,DEU,810820,5507000.112659081
USA,DEU,811010,82803.9214076953
USA,DEU,811212,118656.987158028
USA,DEU,811231,3139032.1972594704
USA,DEU,811292,4705797.53718206
USA,DEU,850511,8759554.307661649
USA,DMA,280429,4813.658540065716
USA,DMA,280469,112.07822886413221
USA,DMA,280470,129.45078233763454
USA,DMA,810411,141.0253846153846
USA,DMA,850511,251.9970588235294
USA,DNK,251110,7.163023902746256
USA,DNK,260200,15.048333814190675
USA,DNK,270112,23958945.0
USA,DNK,280429,7147.3345668245565
USA,DNK,280469,2556.462371055032
USA,DNK,282200,4349.492648891554
USA,DNK,711021,12289.880553455303
USA,DNK,720292,4.692156862745097
USA,DNK,810194,158.94461538461536
USA,DNK,810820,14.410039981605397
USA,DNK,811292,6126.9711620084445
USA,DNK,850511,34161.441519822394
USA,DOM,251110,47053.32355082516
USA,DOM,252800,17772.25763926715
USA,DOM,252910,6811.2941176470595
USA,DOM,270112,343589064.21600217
USA,DOM,280429,1425268.0
USA,DOM,280469,16780.860513508724
USA,DOM,280470,756.6402241826224
USA,DOM,280480,13922.584615384616
USA,DOM,711011,1453459.4341055483
USA,DOM,810320,22139.0
USA,DOM,810411,30906.719999999998
USA,DOM,850511,1430052.4744208697
USA,ECU,251110,57797.736008949294
USA,ECU,252800,15558.791535301027
USA,ECU,260200,20193.139052187264
USA,ECU,260600,486.8627450980392
USA,ECU,270112,10133471.169230066
USA,ECU,280429,758320.6289265713
USA,ECU,740311,8631.176470588234
USA,ECU,750210,29057.0
USA,ECU,810194,1015.6923076923077
USA,ECU,810411,4401.2307692307695
USA,ECU,811292,593.8372217179756
USA,ECU,850511,63261.51051374517
USA,EGY,252800,134146.59374827472
USA,EGY,270112,374014208.7410188
USA,EGY,280429,282058.1733229425
USA,EGY,280469,6613.782050549228
USA,EGY,850511,12378.664171833449
USA,ESP,250490,33559.13764630965
USA,ESP,251010,44244.17846153846
USA,ESP,251110,5492.130595739281
USA,ESP,252910,219299.68585522097
USA,ESP,260200,10694.197160599046
USA,ESP,260600,216859.0594255183
USA,ESP,270112,764668388.3416849
USA,ESP,280429,1686166.1328564421
USA,ESP,280469,6690.457568870903
USA,ESP,282200,47342.33332795771
USA,ESP,283691,11410.917647058825
USA,ESP,711011,25541.64220967267
USA,ESP,711021,5546.59860895775
USA,ESP,810194,34222.52846153846
USA,ESP,810320,1162.263573667883
USA,ESP,810411,55662.46769230769
USA,ESP,810820,155807.1175312939
USA,ESP,811010,42823.774477328116
USA,ESP,811231,3881.6984615384613
USA,ESP,811292,20770.80158781674
USA,ESP,850511,303282.7549700519
USA,EST,260600,7.8431372549019605
USA,EST,280429,187514.81513716755
USA,EST,282200,5283.685940566213
USA,EST,711011,2913.882352941176
USA,EST,711021,147750.0
USA,EST,810320,450292.206918016
USA,EST,810820,1219.3869976004441
USA,EST,850511,35827.33245260572
USA,ETH,251110,149.49983780673594
USA,ETH,280429,3584.3835469246674
USA,ETH,280470,661.097601151151
USA,ETH,810194,87.50076923076924
USA,ETH,850511,9881.385614770883
USA,FIN,250490,6751.9
USA,FIN,251010,82.62307692307692
USA,FIN,252910,5521.278431372549
USA,FIN,270112,446729279.1011097
USA,FIN,280429,84727.65701279597
USA,FIN,280469,1140.8965947814718
USA,FIN,280470,81.9803324463359
USA,FIN,283691,600.856862745098
USA,FIN,283692,165.13815550986214
USA,FIN,711011,441.8666666666667
USA,FIN,711021,18457.674441511102
USA,FIN,810320,2205.227198165146
USA,FIN,810820,2882.1902096822805
USA,FIN,811010,923.3695931389663
USA,FIN,811212,28009.029411764706
USA,FIN,811292,20609.185829504244
USA,FIN,850511,45035.03267420073
USA,FJI,280429,2213.7965182684898
USA,FJI,850511,32.51078431372549
USA,FRA,250490,46416.35588235294
USA,FRA,251010,7132.164430263015
USA,FRA,251110,19403.39194914631
USA,FRA,260200,2878.4705531964455
USA,FRA,260600,1914.2901960784313
USA,FRA,270112,743144297.8343081
USA,FRA,280429,14798170.41333412
USA,FRA,280469,60004.25130605751
USA,FRA,280470,3287.0924664330323
USA,FRA,280480,59011.243720977545
USA,FRA,282200,12627.731139650774
USA,FRA,283691,5875.751960784313
USA,FRA,283692,2169.0061197750933
USA,FRA,711011,859855.3597456556
USA,FRA,711021,2162399.933539977
USA,FRA,740311,15581.908009444693
USA,FRA,750210,6901.411764705883
USA,FRA,810194,16683.340548867895
USA,FRA,810320,780591.327516863
USA,FRA,810411,355755.3398720972
USA,FRA,810820,24760942.69806161
USA,FRA,811010,21379.882968235757
USA,FRA,811212,432856.50964815496
USA,FRA,811292,222427.21293572264
USA,FRA,850511,3225761.252663942
USA,GAB,280429,19029.58628465238
USA,GAB,850511,2746.3970588235293
USA,GBR,250490,141938.79087685133
USA,GBR,251010,103561.0
USA,GBR,251110,8901.23196873124
USA,GBR,252800,9895.090196078432
USA,GBR,260200,2605.0
USA,GBR,260600,253901.12019089088
USA,GBR,270112,1088828953.4382727
USA,GBR,280429,19625694.28862883
USA,GBR,280469,402071.98453228205
USA,GBR,280470,517295.73712650925
USA,GBR,282200,62148.598260183135
USA,GBR,283691,35190.6660472736
USA,GBR,283692,24239.85714416267
USA,GBR,711011,81305478.52100028
USA,GBR,711021,554958957.8522111
USA,GBR,720292,17845.140463505966
USA,GBR,740311,11947809.0
USA,GBR,750210,6799.905694963976
USA,GBR,810194,46967.22567037701
USA,GBR,810320,154341.07513442566
USA,GBR,810411,309152.7915352815
USA,GBR,810820,62867591.3207437
USA,GBR,811010,109881.38905015065
USA,GBR,811212,20795.486274509803
USA,GBR,811231,120093.30159248425
USA,GBR,811292,3837738.468111599
USA,GBR,850511,4054004.085932364
USA,GEO,850511,1304.6677238766513
USA,GHA,250490,25715.58823529412
USA,GHA,251110,880483.5013042892
USA,GHA,280429,6437.3995492171025
USA,GHA,850511,108871.73962313027
USA,GIN,280469,4974.0
USA,GMB,280469,200.42669472200603
USA,GNQ,280470,5493.0
USA,GNQ,850511,2896.0
USA,GRC,252800,11112.759803921568
USA,GRC,270112,503.81176470588235
USA,GRC,280429,106783.41835296426
USA,GRC,810411,2131054.5123076923
USA,GRC,811292,18115.99460799495
USA,GRC,850511,46777.52734667678
USA,GRD,252800,822.078431372549
USA,GRD,260600,52.286274509803924
USA,GRD,280429,27604.934798153397
USA,GRD,280470,3324.2857751747606
USA,GRD,850511,2139.433333333333
USA,GTM,250490,1750.9803921568628
USA,GTM,251010,57.69230769230769
USA,GTM,251110,16037.731050478793
USA,GTM,252910,951.9607843137255
USA,GTM,252922,1207.8431372549019
USA,GTM,260600,297.05882352941177
USA,GTM,270112,106088586.10456978
USA,GTM,280429,1168807.8314369149
USA,GTM,280469,18399.50923852837
USA,GTM,283691,2949.0196078431372
USA,GTM,720292,3552.0
USA,GTM,750210,3679.2882911339625
USA,GTM,811010,1579.3006626025183
USA,GTM,850511,23648.78071238586
USA,GUY,250490,6703.0
USA,GUY,251110,13563.86111632959
USA,GUY,260200,138785.0
USA,GUY,260600,7811.533333333334
USA,GUY,280429,196973.39789624576
USA,GUY,280470,1635.7238309811528
USA,GUY,810320,37.42399532846715
USA,GUY,810820,137551.0
USA,GUY,850511,25552.612235502052
USA,HKG,250490,8064.0
USA,HKG,260200,1321.66410079832
USA,HKG,280429,467514.9071402557
USA,HKG,711011,74130402.27956243
USA,HKG,711021,16961229.49364494
USA,HKG,740311,198790.0
USA,HKG,810194,10700.0
USA,HKG,811010,16308.0
USA,HKG,811231,38.01230769230769
USA,HKG,811292,53769.58498376355
USA,HKG,850511,149110.12283269473
USA,HND,251110,15680.0
USA,HND,270112,21012852.0
USA,HND,280429,217886.0
USA,HND,850511,7607.0
USA,HRV,270112,388245356.0
USA,HRV,280429,203623.1539399252
USA,HRV,711011,2611525.0
USA,HRV,850511,6451.206692276554
USA,HTI,251110,16064.0
USA,HTI,280429,37266.0
USA,HUN,250490,3.9215686274509802
USA,HUN,270112,2020113.002243411
USA,HUN,280429,505455.2260416464
USA,HUN,711011,10094.117647058823
USA,HUN,750210,21947.0
USA,HUN,810194,670.7692307692307
USA,HUN,811292,104363.290070673
USA,HUN,850511,111640.86456887961
USA,IDN,251110,911.0716277460285
USA,IDN,260600,9374.509803921568
USA,IDN,270112,79933055.2433257
USA,IDN,280429,1630721.3460471204
USA,IDN,280469,11519.773956751722
USA,IDN,283691,100254.90196078431
USA,IDN,283692,357.2005178585028
USA,IDN,711021,3771.933807689367
USA,IDN,810194,326.15384615384613
USA,IDN,811292,35000.0
USA,IDN,850511,168459.9357165806
USA,IND,250490,41176.39215558422
USA,IND,251010,1114.0230769230768
USA,IND,251110,1799.3171141784312
USA,IND,252800,104752.82866888003
USA,IND,252910,329.38481201517345
USA,IND,252922,5134.662745098039
USA,IND,260200,109.41029423627828
USA,IND,260600,73980.3137254902
USA,IND,270112,1083316184.3704953
USA,IND,280429,1729204.4515920794
USA,IND,280469,44182.12934427936
USA,IND,280470,378.25523626933017
USA,IND,280480,262.6284615384615
USA,IND,282200,6428.767570242324
USA,IND,283691,2031397.6723659378
USA,IND,283692,849.3505201431726
USA,IND,711011,6245238.361115471
USA,IND,711021,16248056.307434535
USA,IND,720292,284417.8849465248
USA,IND,720293,684875.129315446
USA,IND,740311,26400.0
USA,IND,750210,827537.4901960784
USA,IND,810194,100998.41904827849
USA,IND,810320,59758.58932986202
USA,IND,810411,1680.4153846153845
USA,IND,810820,1222.4569502101826
USA,IND,811010,5728.3267063253825
USA,IND,811212,21562.0
USA,IND,811292,5081.552128270262
USA,IND,850511,1035062.7268521014
USA,IRL,250490,225.06372549019608
USA,IRL,251110,777.7765297627041
USA,IRL,252800,332.43333333333334
USA,IRL,260600,296142.0519607843
USA,IRL,270112,408837.8715686275
USA,IRL,280429,13128870.497190729
USA,IRL,280469,120794.43504075547
USA,IRL,280470,385.13937192929285
USA,IRL,283691,188.9294117647059
USA,IRL,711011,453455.90676156344
USA,IRL,711021,42919473.48462036
USA,IRL,740311,176883.97206516974
USA,IRL,810194,13493.814235921065
USA,IRL,810320,118370.84046743224
USA,IRL,810820,3813543.072903808
USA,IRL,811010,52.764444773307694
USA,IRL,811231,0.8099999999999999
USA,IRL,811292,61334.48032448093
USA,IRL,850511,860670.2002424881
USA,IRQ,280429,170567.0
USA,ISL,250490,19.183333333333334
USA,ISL,252800,141.78333333333333
USA,ISL,280469,308066.14565470495
USA,ISL,810820,50.38389242778126
USA,ISL,850511,53127.56976945623
USA,ISR,250490,24019.409378754488
USA,ISR,252800,21000.0
USA,ISR,260600,14380.060775919857
USA,ISR,280429,2608162.890925405
USA,ISR,280469,1867.9704810688702
USA,ISR,283691,97827.98242132826
USA,ISR,711011,3482.0315570506614
USA,ISR,711021,10040083.267900383
USA,ISR,740311,20070.014279708514
USA,ISR,750210,980.3921568627451
USA,ISR,810194,29952.45927592171
USA,ISR,810320,2513177.7711636308
USA,ISR,810411,15387.0
USA,ISR,810820,42625.576639744686
USA,ISR,811010,6345.264812072931
USA,ISR,811231,4615.384615384615
USA,ISR,811292,836227.4089432127
USA,ISR,850511,412046.52439184004
USA,ITA,250490,2035.894117647059
USA,ITA,251110,2359.0188933329814
USA,ITA,252800,20601.88300007348
USA,ITA,252910,32909.83431372549
USA,ITA,252922,3698.0588235294117
USA,ITA,270112,498848902.2944597
USA,ITA,280429,2139700.4259500178
USA,ITA,711011,207957146.413568
USA,ITA,711021,754951608.3107775
USA,ITA,740311,60922.85259719826
USA,ITA,750210,170611.0
USA,ITA,810194,3374.616153846154
USA,ITA,810820,20404974.116363984
USA,ITA,811010,45000.0
USA,ITA,811212,16255.76676458962
USA,ITA,811292,47049.328102695916
USA,ITA,850511,151790.72274666902
USA,JAM,250490,5530.0
USA,JAM,251110,9008.406707109567
USA,JAM,252800,5805.0
USA,JAM,252910,3056.8529411764703
USA,JAM,260600,5614.911764705882
USA,JAM,270112,435584.4029277975
USA,JAM,280429,187138.2388593003
USA,JAM,280469,1393.337861534081
USA,JAM,282200,9650.52895110851
USA,JAM,740311,4224.127450980392
USA,JAM,810194,853.3451162467128
USA,JAM,810411,30900.0
USA,JAM,850511,25838.467577818934
USA,JOR,260600,3296.0
USA,JOR,280429,5516.842377233201
USA,JOR,811010,14173.0
USA,JOR,850511,2925.4215686274506
USA,JPN,250490,2779.1737755747417
USA,JPN,252800,9050.0
USA,JPN,260200,6816.797189221005
USA,JPN,260600,3100.0
USA,JPN,270112,2054709019.8662705
USA,JPN,280429,76229549.86480965
USA,JPN,280469,9191.70672123347
USA,JPN,280470,79200.0
USA,JPN,280480,4500.0
USA,JPN,282200,12452.747572468734
USA,JPN,283691,13709186.907368146
USA,JPN,283692,10990.51212018551
USA,JPN,711011,88813936.80518076
USA,JPN,711021,422078472.50155896
USA,JPN,740311,140026.80297240274
USA,JPN,810194,6894.0
USA,JPN,810320,6600249.622372971
USA,JPN,810411,75696.0
USA,JPN,810820,427339.1363595129
USA,JPN,811010,33218.0
USA,JPN,811212,404389.5107843137
USA,JPN,811231,14400.0
USA,JPN,811292,2607510.1345076603
USA,JPN,850511,3564706.077247942
USA,KAZ,251110,2417.9474884488104
USA,KAZ,280429,121486.90411209154
USA,KAZ,282200,786.5226056140632
USA,KAZ,711011,2103.392156862745
USA,KAZ,810320,7776.0
USA,KAZ,811292,532397.0
USA,KAZ,850511,14803.0
USA,KEN,250490,158.24117647058824
USA,KEN,280469,129.94163057459383
USA,KEN,740311,1008.149019607843
USA,KEN,850511,1678.1068627450982
USA,KHM,280429,8507.836102156423
USA,KOR,250490,29726.82863706827
USA,KOR,251010,1279.9228820688709
USA,KOR,252800,3672.4986752203126
USA,KOR,252910,27564.70588235294
USA,KOR,252922,60450.0
USA,KOR,260200,269570.5147873898
USA,KOR,260600,100.98039215686275
USA,KOR,270112,651130437.218044
USA,KOR,280429,101410602.36017485
USA,KOR,280469,107779.10481733114
USA,KOR,280470,4056.7310909883477
USA,KOR,280480,3350.0
USA,KOR,282200,11603.54708719104
USA,KOR,283691,10285.29411764706
USA,KOR,283692,963.5701774426929
USA,KOR,711011,16458309.461923206
USA,KOR,711021,9815470.629915949
USA,KOR,740311,2233480.3921568627
USA,KOR,750210,1385.2941176470588
USA,KOR,810194,11198.461538461537
USA,KOR,810320,134189.14418704377
USA,KOR,810411,132233.63669296482
USA,KOR,810820,161373.10015148506
USA,KOR,811010,15536.315003940608
USA,KOR,811212,6051.196550345315
USA,KOR,811231,4016.52158503461
USA,KOR,811292,869371.7817507292
USA,KOR,850511,2226445.2815714544
USA,KWT,251110,137.3062933005343
USA,KWT,252800,11344.937282212393
USA,KWT,280429,38666.58138396575
USA,KWT,280469,3384.3141987813365
USA,KWT,750210,498885.0
USA,KWT,811010,10000.0
USA,KWT,850511,46635.61539649915
USA,LAO,282200,4273.670157160432
USA,LAO,711011,457312.0
USA,LBN,251110,5801.92317759729
USA,LBN,260200,4500.832694191073
USA,LBN,280429,17249.832830977703
USA,LBN,283692,27.87906480846851
USA,LBN,850511,2310.78431372549
USA,LBR,270112,5115.245098039216
USA,LCA,280429,5850.0
USA,LKA,280429,15490.297196076976
USA,LKA,280469,2860.0
USA,LKA,850511,41936.924876781
USA,LTU,280429,6290.518290633951
USA,LTU,810820,20320.0
USA,LTU,850511,10433.597951834687
USA,LUX,711011,817.6627450980392
USA,LUX,850511,44069.3256851489
USA,LVA,270112,1680.7490196078431
USA,LVA,850511,36982.50149423882
USA,MAR,250490,8470.963725490195
USA,MAR,251110,370.90920106908607
USA,MAR,270112,179608739.0
USA,MAR,280429,2827.144180053802
USA,MAR,283692,64.3082903053842
USA,MAR,750210,96475.12549019608
USA,MAR,810820,5694.078926879345
USA,MAR,850511,37014.624534885836
USA,MDA,250490,8603.921568627451
USA,MDA,850511,658.8235294117646
USA,MDG,850511,988.0
USA,MDV,280429,1482.165542931259
USA,MDV,810194,1218.0561538461538
USA,MDV,810820,652.0732897261026
USA,MDV,850511,1310.1676470588236
USA,MEX,250490,259116.15718160945
USA,MEX,251010,7424.0
USA,MEX,251110,7544523.345500104
USA,MEX,252800,386207.0
USA,MEX,252910,112697.93569969166
USA,MEX,252922,123179.0
USA,MEX,260200,185685.0
USA,MEX,260600,2386736.2455127807
USA,MEX,270112,56994265.0122861
USA,MEX,280429,38786709.868908964
USA,MEX,280469,2092884.2190336853
USA,MEX,280470,32304.0
USA,MEX,280480,182564.0
USA,MEX,282200,126002.0
USA,MEX,283691,102378.0
USA,MEX,283692,85036.0
USA,MEX,711011,1118809.7472569374
USA,MEX,711021,77468.0
USA,MEX,720292,1315873.0
USA,MEX,720293,15865539.0
USA,MEX,740311,334701536.58091974
USA,MEX,750210,22245086.335292507
USA,MEX,810194,486544.3617909306
USA,MEX,810320,74248227.0
USA,MEX,810411,163378.0
USA,MEX,810820,2311335.0
USA,MEX,811010,3477692.0
USA,MEX,811212,153847.0
USA,MEX,811292,432114.0
USA,MEX,850511,53594386.37861062
USA,MKD,280429,171031.60468450503
USA,MKD,810194,73270.9170259005
USA,MKD,850511,59.82352941176471
USA,MLI,850511,1858.0082210645332
USA,MLT,280429,10873.0
USA,MLT,280469,2258.1895145641574
USA,MLT,720292,289.0705882352941
USA,MLT,850511,6797.325490196078
USA,MMR,280480,101.53846153846153
USA,MNE,270112,9580304.0
USA,MNE,280429,716383.7973631268
USA,MNE,850511,174.61176470588236
USA,MNG,850511,5864.3953582715985
USA,MOZ,850511,16409.12156862745
USA,MSR,280429,1701.7555246018942
USA,MUS,252800,3611.2
USA,MUS,850511,1501.1607843137253
USA,MWI,280429,5822.971481721204
USA,MYS,250490,31908.0
USA,MYS,251110,248997.65097993612
USA,MYS,252910,41014.66132982805
USA,MYS,270112,4107225.4864736395
USA,MYS,280429,2485347.4420136767
USA,MYS,280469,34989860.54316629
USA,MYS,280470,4758.7307465642
USA,MYS,280480,136121.94307692308
USA,MYS,711011,9352.902393189825
USA,MYS,711021,122411.8940488256
USA,MYS,740311,12063.447058823529
USA,MYS,750210,97829.89901960784
USA,MYS,810194,45284.79054203257
USA,MYS,810820,69159.04842896297
USA,MYS,811010,6973.4082766030215
USA,MYS,811212,110661.87647058823
USA,MYS,811231,298900.0
USA,MYS,811292,35110.25100641116
USA,MYS,850511,784146.6534238553
USA,NAM,280469,232.53617330633938
USA,NAM,850511,6676.272510094
USA,NGA,252800,381.51666666666665
USA,NGA,280429,257201.91524836415
USA,NGA,810194,342.8892307692307
USA,NGA,810411,68.44307692307692
USA,NGA,850511,9538.801706326685
USA,NIC,251010,8940.0
USA,NIC,252800,54761.0
USA,NIC,280429,140198.91453696156
USA,NIC,280469,2921.1976172623367
USA,NIC,850511,17902.93137254902
USA,NLD,250490,9699.403921568628
USA,NLD,251010,37800.0
USA,NLD,251110,106.30213487897045
USA,NLD,252922,71.23529411764706
USA,NLD,260200,149467.5744637327
USA,NLD,260600,165843.9629425587
USA,NLD,270112,2375745762.0
USA,NLD,280429,1971216.4206254953
USA,NLD,280469,397029.30931838206
USA,NLD,280470,537.9997836810095
USA,NLD,280480,0.8099999999999999
USA,NLD,282200,65606.44820952593
USA,NLD,283691,41254.406893794774
USA,NLD,711011,318947.1305962478
USA,NLD,711021,84432.41385680284
USA,NLD,720292,270951.67943354096
USA,NLD,740311,9839292.334824203
USA,NLD,810194,13730.20144294506
USA,NLD,810320,2257.1822291797444
USA,NLD,810820,26607.779422087293
USA,NLD,811010,1624.5222363649339
USA,NLD,811292,400641.4920707897
USA,NLD,850511,2520203.802694971
USA,NOR,250490,1631.4039215686273
USA,NOR,251010,7680.0
USA,NOR,251110,3188.1286050796416
USA,NOR,252910,30000.0
USA,NOR,270112,19371176.60549968
USA,NOR,280429,127329.48298343891
USA,NOR,280469,4519.844114370698
USA,NOR,280480,929.6230769230768
USA,NOR,282200,2852.0341596007793
USA,NOR,283691,385.40196078431376
USA,NOR,711011,3293671.7666666666
USA,NOR,750210,8298.0
USA,NOR,810194,16411.658461538464
USA,NOR,810820,104715.7140239747
USA,NOR,811010,1913.2875822278902
USA,NOR,811292,16652.970928310835
USA,NOR,850511,156963.53119099242
USA,NPL,270112,6755996.606862745
USA,NPL,850511,84.76372549019608
USA,NZL,260200,2061.847009824523
USA,NZL,260600,36632.0
USA,NZL,280429,235935.68294603034
USA,NZL,280469,4840.6560534097025
USA,NZL,280470,1725.5703568426893
USA,NZL,280480,1683.6646140437404
USA,NZL,283692,398.273350087579
USA,NZL,711011,2068.7166666666667
USA,NZL,711021,42099.58022587323
USA,NZL,810320,77285.21190660902
USA,NZL,810820,62.578901237293195
USA,NZL,811010,1148.5803729230488
USA,NZL,811292,6906.595174042241
USA,NZL,850511,48818.17169316741
USA,OMN,252800,147137.9902458942
USA,OMN,260600,1644209.5841617726
USA,OMN,283691,142.78823529411764
USA,OMN,850511,27143.33857738955
USA,PAK,251110,1998.423364348146
USA,PAK,260200,51.530999663125854
USA,PAK,270112,7588657.62934792
USA,PAK,280429,141659.39426707037
USA,PAK,280469,10997.330632753976
USA,PAK,280480,58.42461538461538
USA,PAK,282200,72.19612895388103
USA,PAK,750210,4882.755882352941
USA,PAK,850511,10925.880888780584
USA,PAN,251110,4009.0
USA,PAN,252910,6195.711561849066
USA,PAN,270112,1133524.0
USA,PAN,280429,410080.23744355456
USA,PAN,280469,1408.4497427259282
USA,PAN,280470,13646.0
USA,PAN,280480,14877.0
USA,PAN,711011,2232.3529411764707
USA,PAN,740311,3977.0
USA,PAN,750210,4050.0
USA,PAN,850511,22685.095485903094
USA,PER,250490,7786.0
USA,PER,251110,52349.0
USA,PER,252910,38900.669607843134
USA,PER,260600,837.6058823529411
USA,PER,270112,31997575.48067997
USA,PER,280429,570530.8593905916
USA,PER,280480,145.60846153846154
USA,PER,283692,30.20348183687457
USA,PER,720292,114531.88166481495
USA,PER,750210,58422.0
USA,PER,810194,693.2153846153846
USA,PER,811292,14345.978431372549
USA,PER,850511,148564.18797438123
USA,PHL,250490,207.253209773586
USA,PHL,252910,1332.3529411764705
USA,PHL,260600,29200.0
USA,PHL,280429,3430531.7749389517
USA,PHL,280469,28463.20020528691
USA,PHL,282200,592.1922837880226
USA,PHL,283691,850.0
USA,PHL,283692,577.6193740004569
USA,PHL,711011,9770.520688293293
USA,PHL,740311,22422.549019607843
USA,PHL,750210,3967.0
USA,PHL,810194,8476.923076923076
USA,PHL,810320,2581.1227246806566
USA,PHL,810820,1701.791117770938
USA,PHL,811010,64105.0
USA,PHL,811292,802.1065814611665
USA,PHL,850511,100934.45059852084
USA,PNG,280429,3519.311284443782
USA,PNG,850511,470.99607843137255
USA,POL,250490,6063.593725895519
USA,POL,251110,8216.236577583404
USA,POL,252800,651.9607843137255
USA,POL,270112,403542994.668343
USA,POL,280429,27176.775438701072
USA,POL,280469,6774.343236623213
USA,POL,280470,56.76634423340633
USA,POL,280480,20.76923076923077
USA,POL,282200,171.09889419236606
USA,POL,283691,1599.0196078431372
USA,POL,283692,82.7659736501409
USA,POL,711021,1153.3701981679637
USA,POL,810194,12639.70371277651
USA,POL,810820,42721.97106306974
USA,POL,811010,1185.3144740840726
USA,POL,811292,40695.69708918223
USA,POL,850511,573828.9296411257
USA,PRT,270112,2000000.0
USA,PRT,750210,772.3607843137255
USA,PRT,810194,65.16307692307693
USA,PRT,810820,1712.3652463283693
USA,PRT,811292,11867.772549019608
USA,PRT,850511,114799.30196078432
USA,PRY,280429,268130.1204300275
USA,PRY,711011,1094.1176470588234
USA,PRY,850511,6855.593191601324
USA,PSE,850511,4674.924509803921
USA,PYF,250490,20.423529411764708
USA,PYF,252910,25567.11865573645
USA,PYF,280429,19988.78771321859
USA,PYF,280469,216.42119196615823
USA,PYF,282200,128.56751129379256
USA,PYF,720292,213.09019607843138
USA,PYF,850511,4244.854901960784
USA,QAT,280429,171330.01762122475
USA,QAT,740311,5556.0
USA,QAT,810820,42766.108875379534
USA,QAT,811010,15332.676205796832
USA,QAT,850511,29456.63413799956
USA,ROU,250490,125.49019607843137
USA,ROU,270112,210146.66392537893
USA,ROU,280429,39859.719486627284
USA,ROU,711011,24997.0
USA,ROU,810194,6334.454821419304
USA,ROU,810820,624231.0
USA,ROU,811292,266872.0784313726
USA,ROU,850511,51364.03921568627
USA,RUS,280429,319599.0
USA,RUS,283691,1128950.0
USA,RUS,810194,11820.0
USA,RUS,810320,6912.0
USA,RUS,811292,210832.0
USA,RUS,850511,10658.0
USA,RWA,280429,1505.1162113522485
USA,S19,250490,4740.0
USA,S19,251010,6265.0
USA,S19,252800,4661.438616595535
USA,S19,252910,230.41176470588235
USA,S19,260600,19186.0
USA,S19,270112,121443.2706581653
USA,S19,280429,36682988.80439561
USA,S19,280469,91467.77936226981
USA,S19,280470,420667.24533546774
USA,S19,280480,593.9923076923077
USA,S19,282200,3976.147821892633
USA,S19,283691,241233.48298390815
USA,S19,283692,497.2492574822938
USA,S19,711011,1040518.8614182946
USA,S19,711021,47967867.35610837
USA,S19,720292,164.57843137254903
USA,S19,750210,91047.74509803922
USA,S19,810194,158452.41594286924
USA,S19,810320,34989.67452906636
USA,S19,810411,1756.230769230769
USA,S19,810820,279731.05606354633
USA,S19,811010,44400.45771469561
USA,S19,811212,822.9019607843137
USA,S19,811292,16782016.379439812
USA,S19,850511,988910.2361101207
USA,SAU,250490,775.163725490196
USA,SAU,251110,970.2116085526774
USA,SAU,252800,139790.28360505117
USA,SAU,280429,120823.40624994718
USA,SAU,280469,2872.1914116914945
USA,SAU,280480,761.8461538461538
USA,SAU,282200,5639.926195417077
USA,SAU,283692,1301.2553499352675
USA,SAU,711011,3167.5813725490198
USA,SAU,740311,4025170.8794117644
USA,SAU,810194,56297.93417188444
USA,SAU,810320,9856.690957116787
USA,SAU,810411,677.9484615384615
USA,SAU,810820,9763.292689367705
USA,SAU,811010,12269.573004134487
USA,SAU,811292,1934.3794117647058
USA,SAU,850511,289895.747541966
USA,SEN,251110,168929.9578107411
USA,SEN,850511,3074.349019607843
USA,SGP,250490,21359.085294117645
USA,SGP,251010,7785.113846153845
USA,SGP,251110,6781.721611361621
USA,SGP,260200,89550.60420497681
USA,SGP,260600,19276.225490196077
USA,SGP,270112,27115000.0
USA,SGP,280429,8991415.28909966
USA,SGP,280469,6234.922340547597
USA,SGP,280480,3811.9196525553116
USA,SGP,282200,20249.73568260425
USA,SGP,283691,97126.3794117647
USA,SGP,711011,28873497.41483092
USA,SGP,711021,60610.98705731932
USA,SGP,740311,1112898.9343137254
USA,SGP,750210,632979.7907661785
USA,SGP,810194,39549.80881812941
USA,SGP,810411,8786757.0
USA,SGP,810820,475083.4747561288
USA,SGP,811010,3951.498305209267
USA,SGP,811292,4424.752587034625
USA,SGP,850511,3739755.9750775145
USA,SLV,251110,72225.48429418124
USA,SLV,252800,15620.0
USA,SLV,252910,87095.86847876888
USA,SLV,280429,809859.4922209756
USA,SLV,280469,12787.780338858487
USA,SLV,720292,965.4798257517093
USA,SLV,750210,6577.0
USA,SLV,810320,9577801.368338628
USA,SLV,850511,17551.846349570962
USA,SRB,270112,39738.76300396588
USA,SRB,280429,2005273.5532156024
USA,SRB,850511,59952.594827580375
USA,SUR,251110,2338.6032236799283
USA,SUR,280429,92599.61681475172
USA,SUR,282200,13260.0
USA,SUR,740311,40019.470588235294
USA,SUR,850511,3947.5860515496233
USA,SVK,250490,2395.1686274509802
USA,SVK,260600,8.258823529411764
USA,SVK,270112,81696036.92202982
USA,SVK,810820,9681.92213183479
USA,SVK,811231,1730.2399999999998
USA,SVK,811292,3452.3450980392154
USA,SVK,850511,20275.826902133693
USA,SVN,270112,46406264.0
USA,SVN,280429,218781.79773242542
USA,SVN,280469,10360.399397971518
USA,SVN,283691,7308.0
USA,SVN,850511,204697.4
USA,SWE,250490,147933.716798778
USA,SWE,251010,4567.0
USA,SWE,260600,1550.9098039215687
USA,SWE,270112,446589038.5193835
USA,SWE,280429,38650.25050001735
USA,SWE,280469,2841.430881866518
USA,SWE,282200,21427.710695493966
USA,SWE,283691,42262.24705882353
USA,SWE,711011,11631.809803921567
USA,SWE,810194,1216.8676923076923
USA,SWE,810820,27588.288925730812
USA,SWE,811010,7607.974301103839
USA,SWE,811292,91386.77140574394
USA,SWE,850511,140586.2861702818
USA,SXM,280429,43347.0
USA,SXM,280469,2576.0
USA,SYC,850511,464.8156862745098
USA,TCA,811292,5803.0
USA,TGO,270112,10560970.0
USA,THA,250490,465.7705882352941
USA,THA,251110,449292.33684063645
USA,THA,270112,797302.6265017799
USA,THA,280429,172682.33131052542
USA,THA,280469,3636.695690478551
USA,THA,282200,2610.530934232122
USA,THA,283691,126568.00784313725
USA,THA,283692,719.8949539258244
USA,THA,711011,1555842.620774444
USA,THA,711021,1140377.6879806477
USA,THA,750210,857257.5176470587
USA,THA,810194,17327.662934385877
USA,THA,810411,1494927.2923076923
USA,THA,810820,16153.836527916168
USA,THA,811010,9598.404395531119
USA,THA,811212,3160.344874307598
USA,THA,811292,1499291.6339280847
USA,THA,850511,727052.4161315755
USA,TLS,850511,16.254901960784313
USA,TON,850511,9.879411764705882
USA,TTO,250490,4105.0
USA,TTO,251010,267.4129013433533
USA,TTO,251110,25498.671976147383
USA,TTO,252800,913.253025517061
USA,TTO,270112,32197918.0
USA,TTO,280429,381939.85208971985
USA,TTO,280469,13084.617373653908
USA,TTO,280470,34.65017652007122
USA,TTO,711011,39.72254901960785
USA,TTO,810194,1097.8823076923077
USA,TTO,810820,480.8629582639383
USA,TTO,850511,15564.980763926362
USA,TUN,252800,76499.0
USA,TUN,280429,4622.757137838637
USA,TUN,280469,665.2814227736402
USA,TUN,750210,18780.150980392158
USA,TUN,810411,7109.008286989317
USA,TUN,850511,2621.548667651203
USA,TUR,250490,18853.713375010648
USA,TUR,251110,15821.74439963025
USA,TUR,252910,78.43137254901961
USA,TUR,260200,15.081324210902023
USA,TUR,260600,350125.49019607843
USA,TUR,270112,1617323277.6868017
USA,TUR,280429,1387768.789796632
USA,TUR,280469,1201314.2320211632
USA,TUR,280470,1511.6066521581342
USA,TUR,280480,13934.491770024619
USA,TUR,282200,6669.054675853557
USA,TUR,711011,6050.546216149581
USA,TUR,711021,12382.76277902804
USA,TUR,740311,60847.05882352941
USA,TUR,750210,444158.9675559549
USA,TUR,810194,57872.36963311605
USA,TUR,810320,31084.0
USA,TUR,810411,10452.731601764099
USA,TUR,810820,2352184.687513739
USA,TUR,811010,7257.865757141015
USA,TUR,811212,68071.4408970518
USA,TUR,811292,646510.104783622
USA,TUR,850511,1064781.9184310546
USA,TZA,280429,5553.227242960567
USA,TZA,850511,4999.7058823529405
USA,UGA,280429,2561.5221218579672
USA,UGA,280469,1339.4655928600548
USA,UGA,850511,33.333333333333336
USA,UKR,270112,546069442.5092578
USA,UKR,280429,36436.135017702654
USA,UKR,280470,7143.0
USA,UKR,740311,1134.764705882353
USA,UKR,850511,130016.88235294117
USA,URY,280429,251454.1339650019
USA,URY,280469,37288.16522722944
USA,URY,283691,2020.8235294117644
USA,URY,711011,33718.0
USA,URY,740311,1220.156862745098
USA,URY,850511,15739.024347954917
USA,UZB,850511,3584.313725490196
USA,VCT,280429,4538.020058462695
USA,VCT,280469,120.69891263426504
USA,VCT,850511,48.95392156862745
USA,VEN,252800,91095.0
USA,VEN,280429,411793.0
USA,VEN,280480,7673.0
USA,VEN,750210,28180.0
USA,VEN,850511,14074.0
USA,VGB,280429,2761.0
USA,VGB,810820,9800.0
USA,VNM,260200,167112.10047512365
USA,VNM,270112,48386287.56132638
USA,VNM,280429,365085.2210816261
USA,VNM,280469,1539.207676400749
USA,VNM,283691,39215.686274509804
USA,VNM,711011,3112131.75438305
USA,VNM,711021,65090.12028277111
USA,VNM,740311,20525.11176470588
USA,VNM,810320,804114.0
USA,VNM,811010,1449.449193845767
USA,VNM,811292,195294.11764705883
USA,VNM,850511,1166180.1290112734
USA,WSM,280429,823.1350942221895
USA,WSM,280469,2893.0
USA,ZAF,250490,29949.622751162373
USA,ZAF,251110,9873.825082940839
USA,ZAF,252800,41208.0
USA,ZAF,260200,3.457393575349289
USA,ZAF,260600,260.3843137254902
USA,ZAF,270112,1292271.4212190323
USA,ZAF,280429,216087.60630790907
USA,ZAF,280469,260452.06087355196
USA,ZAF,280480,8100.793846153845
USA,ZAF,282200,8100.779804874087
USA,ZAF,283691,3157.709803921568
USA,ZAF,711011,7819.949019607843
USA,ZAF,711021,55901.362676401906
USA,ZAF,810194,29045.084674920443
USA,ZAF,810820,40981.2039240689
USA,ZAF,811010,985.7341431602964
USA,ZAF,811292,39932.698039215684
USA,ZAF,850511,206376.4196273459
USA,ZMB,850511,41007.10588235294
USA,ZWE,251010,50.86923076923076
USA,ZWE,810820,78.36123559543978
UZB,AUT,850511,39.2313725490196
UZB,BLR,810194,29539.0
UZB,CHN,740311,316076986.46649724
UZB,DEU,711021,3941647.582961352
UZB,FRA,711011,19938288.125490196
UZB,IRL,850511,7.226470588235294
UZB,KAZ,810411,898.0
UZB,MLT,850511,8.258823529411764
UZB,PAK,270112,31675.899019607845
UZB,RUS,260200,5800.0
UZB,RUS,711021,831296.0
UZB,RUS,740311,10921681.0
UZB,RUS,810194,99171.0
UZB,RUS,850511,2985.99
UZB,TUR,252910,150.14115352997652
UZB,TUR,740311,242697568.9041159
UZB,UKR,260200,90.0
UZB,UKR,810194,285615.9384615384
VCT,BRB,270112,11.111
VEN,COL,270112,4779090.196078431
VEN,COL,280469,169611.71968105342
VEN,COL,810411,102213.66153846154
VEN,DOM,270112,83085364.70588236
VEN,DOM,850511,454.71372549019605
VEN,FRA,270112,28656.223529411767
VEN,GBR,270112,35808503.11372549
VEN,POL,270112,20045057.843137253
VGB,IND,810411,976434.6253846154
VNM,ARE,252922,13358019.218758577
VNM,ARE,720292,670.3882352941176
VNM,ARE,850511,3332.3323529411764
VNM,ARG,850511,1973.0392156862745
VNM,AUS,251110,37671.332825403806
VNM,AUS,850511,2943.6686350188356
VNM,AUT,280429,1541121.2732426387
VNM,AUT,811010,316806.16156109946
VNM,BEL,252922,1323623.1498762371
VNM,BEL,280470,10679540.705042208
VNM,BEL,811010,2061663.9358541088
VNM,BEL,850511,0.041176470588235294
VNM,BHR,850511,70.1921568627451
VNM,BRA,811010,416987.89
VNM,BRA,850511,1272.549019607843
VNM,CAN,252800,13904.93725490196
VNM,CAN,252922,17090887.200861473
VNM,CAN,720292,1633.0392156862745
VNM,CAN,850511,6233.422556289991
VNM,CHE,280470,18398802.63820038
VNM,CHE,850511,3589.1803921568626
VNM,CHL,280470,17040553.739876583
VNM,CHN,252910,137762.82816895624
VNM,CHN,280429,306897.610848303
VNM,CHN,280469,37512.39922846692
VNM,CHN,282200,17824.702577195825
VNM,CHN,740311,88566087.364
VNM,CHN,810411,9137.944
VNM,CHN,811010,1121721.6623254998
VNM,CHN,850511,81398061.13062128
VNM,COL,280470,367370.6952364619
VNM,COL,850511,51.45098039215686
VNM,CUB,850511,127.5686274509804
VNM,CYP,850511,33.035294117647055
VNM,CZE,280470,36194.221083219876
VNM,CZE,850511,341.1764705882353
VNM,DEU,252922,82246464.18039216
VNM,DEU,280429,3026191.348
VNM,DEU,280470,30767453.821730744
VNM,DEU,811010,1086836.3502707882
VNM,DEU,850511,19650379.131998453
VNM,DNK,280470,3480512.2
VNM,DNK,850511,74.73823529411764
VNM,ESP,811010,67343628.39894572
VNM,EST,280470,537452.9129396203
VNM,FIN,850511,17168.82156862745
VNM,FRA,251010,149.87384615384616
VNM,FRA,270112,830.4941176470588
VNM,FRA,280469,419.3257495313021
VNM,FRA,280470,181356.837590852
VNM,FRA,810194,138951.24615384615
VNM,FRA,811010,75619763.52922828
VNM,FRA,850511,8919.513725490197
VNM,GBR,280470,4362139.763213398
VNM,GBR,850511,21888.524693207146
VNM,GTM,850511,342.156862745098
VNM,HKG,850511,186908.78526462233
VNM,IDN,251110,3929779.811119428
VNM,IDN,252910,93600.0
VNM,IDN,252922,56.86274509803921
VNM,IDN,810411,4369.32
VNM,IDN,850511,433337.8286347271
VNM,IND,252922,1068958.325291296
VNM,IND,280470,323639770.9829868
VNM,IND,811010,1077601.997308976
VNM,IND,850511,31652.98232924945
VNM,IRL,850511,814.5637254901961
VNM,ISL,280469,62289.622923309464
VNM,ISL,850511,153.4941176470588
VNM,ITA,252910,2070.0
VNM,ITA,252922,8394384.244170863
VNM,ITA,280470,69546316.88566296
VNM,ITA,850511,113187.5458381307
VNM,JPN,252922,10515453.708
VNM,JPN,280429,362095.36509579024
VNM,JPN,280470,202657008.22563556
VNM,JPN,282200,67908.0
VNM,JPN,711011,38564.944
VNM,JPN,740311,834224.8431372548
VNM,JPN,750210,16812.285294117646
VNM,JPN,810411,316088.994
VNM,JPN,811010,14886894.572662981
VNM,JPN,850511,175294464.50729084
VNM,KHM,252910,85057.58
VNM,KHM,280429,156124.17965683414
VNM,KHM,280469,14416.286344106735
VNM,KHM,850511,10424.04
VNM,KOR,252910,23.52941176470588
VNM,KOR,280429,3791698.2028929074
VNM,KOR,280469,3052.263766066534
VNM,KOR,280470,140888523.315851
VNM,KOR,750210,3839.2156862745096
VNM,KOR,810820,933806.4640635161
VNM,KOR,811010,10746034.824043287
VNM,KOR,850511,410244.42825558246
VNM,LAO,270112,405531.23529411765
VNM,LAO,280469,48567.23250779063
VNM,MEX,850511,2897809.8039215687
VNM,MMR,280469,10470.348140487231
VNM,MMR,280470,209760.0
VNM,MMR,850511,3215842.657264176
VNM,MYS,251110,1331157.5285646308
VNM,MYS,280470,1889822.2870700622
VNM,MYS,850511,36329008.15427731
VNM,NLD,252922,29571975.12
VNM,NLD,260200,470.48547332816815
VNM,NLD,280470,50791970.55109975
VNM,NLD,283691,2816.3892156862744
VNM,NLD,811010,182001.26879097405
VNM,NLD,850511,14758.534792685808
VNM,NOR,850511,4661.580392156862
VNM,NZL,850511,24963.21568627451
VNM,PHL,282200,136938.99996686017
VNM,PHL,810411,1690.808
VNM,PHL,850511,176622119.2966077
VNM,POL,280470,53409046.14556724
VNM,POL,850511,477.45098039215685
VNM,S19,280429,183305.8
VNM,S19,280470,105324941.15495098
VNM,S19,850511,4410.823529411765
VNM,SGP,251110,82946.22144013221
VNM,SGP,260200,162671.59045377022
VNM,SGP,850511,1874.6363429310245
VNM,SRB,280429,37254.95570237854
VNM,SRB,280470,1132089.5811512729
VNM,SVK,811010,655434.2960558608
VNM,SVK,811292,112961.14509803921
VNM,SVK,850511,2989.8323529411764
VNM,SVN,850511,57.66274509803922
VNM,SWE,850511,387.72549019607845
VNM,THA,252910,47.29019607843137
VNM,THA,740311,2714020.506510348
VNM,THA,810411,3420.528
VNM,THA,811010,1076314.1531310782
VNM,THA,850511,46241331.74316478
VNM,TUR,252922,177402.29423105912
VNM,TUR,280470,59348.40194825155
VNM,TUR,811010,2357869.872720172
VNM,TUR,850511,5231.3725490196075
VNM,USA,251110,20522970.321035333
VNM,USA,252922,47953802.752
VNM,USA,280470,13997254.23672743
VNM,USA,711011,2699.146
VNM,USA,750210,1394.2
VNM,USA,811010,4372442.059983172
VNM,USA,850511,274958.3650616355
VNM,VEN,280470,1838400.0
VNM,ZAF,251010,4369.36
VNM,ZAF,280470,20432063.75273705
VUT,IRL,850511,7.226470588235294
WSM,NZL,850511,468.549
ZAF,AGO,250490,4191.16862745098
ZAF,AGO,260200,1965960.6256529638
ZAF,AGO,280429,278316.58153820754
ZAF,AGO,280469,1094.9
ZAF,AGO,283691,186880.616
ZAF,AGO,810820,2613.220511880207
ZAF,AGO,850511,71471.1550191657
ZAF,ARE,252922,8553295.362694152
ZAF,ARE,260600,13.452
ZAF,ARE,270112,16900534.403516103
ZAF,ARE,280429,53833.692
ZAF,ARE,711011,23209742.674509805
ZAF,ARE,720292,4095809.696
ZAF,ARE,740311,18572515.45832049
ZAF,ARE,850511,8409.737285466827
ZAF,ARG,711011,13327273.490196079
ZAF,ARG,720292,9057442.620333197
ZAF,ARG,750210,947449.2116966076
ZAF,AUS,250490,24.456
ZAF,AUS,251010,4044303.26
ZAF,AUS,260200,40022080.815897696
ZAF,AUS,282200,16788.393118531178
ZAF,AUS,711011,23691388.829411764
ZAF,AUS,720292,1072663.676327609
ZAF,AUS,740311,1629.9945202739514
ZAF,AUS,750210,1119182.0588235294
ZAF,AUS,850511,64309.93695239862
ZAF,AUT,252910,27959.473529411764
ZAF,AUT,750210,2452220.9235294117
ZAF,AUT,850511,1212.0382352941176
ZAF,BEL,251010,24066107.667100184
ZAF,BEL,260200,358791.7193657358
ZAF,BEL,270112,227762325.18390006
ZAF,BEL,711011,350799.56666666665
ZAF,BEL,740311,4005799.461203166
ZAF,BEL,750210,56292495.995833874
ZAF,BEL,850511,2560.120459131749
ZAF,BEN,270112,15265388.972
ZAF,BFA,280429,23133.844473874862
ZAF,BFA,740311,12238.414705882351
ZAF,BGD,260200,12288497.82
ZAF,BGD,270112,154751652.44
ZAF,BGR,270112,58338258.860453255
ZAF,BGR,740311,55458137.11764706
ZAF,BGR,850511,3255.0745098039215
ZAF,BHR,720292,506490.4029411765
ZAF,BHR,740311,5019903.300980392
ZAF,BOL,720292,33817.64705882353
ZAF,BRA,251010,10077784.615384616
ZAF,BRA,260200,15437657.330776714
ZAF,BRA,270112,99634335.14180036
ZAF,BRA,282200,2562416.424
ZAF,BRA,711011,33845647.058823526
ZAF,BRA,711021,211435586.1646085
ZAF,BRA,720292,10282802.595845565
ZAF,BRA,750210,13816843.136898153
ZAF,BRA,850511,89.30250722060539
ZAF,BTN,260200,9368246.856972042
ZAF,BWA,250490,39570.18253913154
ZAF,BWA,251110,3218.8261069024757
ZAF,BWA,252800,6817.647285931954
ZAF,BWA,252910,8622.968
ZAF,BWA,252922,440.208
ZAF,BWA,260200,158396.58287560914
ZAF,BWA,270112,2715.527225895779
ZAF,BWA,280429,925357.8234313134
ZAF,BWA,280469,16014.070211663206
ZAF,BWA,280470,63.699947707629526
ZAF,BWA,283691,7494.121191221719
ZAF,BWA,810194,62.91692307692308
ZAF,BWA,850511,69523.47765636098
ZAF,CAN,260200,459378.2544301364
ZAF,CAN,711011,50147412.09411765
ZAF,CAN,711021,454885182.3681605
ZAF,CAN,720292,4900960.007682336
ZAF,CAN,750210,8820672.329411766
ZAF,CAN,850511,7950.19804699059
ZAF,CHE,270112,2595489.0532683046
ZAF,CHE,711011,213211959.23187786
ZAF,CHE,711021,362328069.57338196
ZAF,CHE,720292,431.19607843137254
ZAF,CHE,740311,14191848.184
ZAF,CHE,750210,41269290.756
ZAF,CHE,850511,5934.054901960784
ZAF,CHL,720292,69511.992
ZAF,CHL,750210,98844.43137254902
ZAF,CHN,252910,956688.6704816731
ZAF,CHN,260200,4198982448.896451
ZAF,CHN,270112,309450175.0493759
ZAF,CHN,280469,106316.188
ZAF,CHN,282200,225676360.9
ZAF,CHN,711011,1282319377.4509804
ZAF,CHN,711021,271462156.833417
ZAF,CHN,720292,7223.529411764705
ZAF,CHN,740311,322939445.1562752
ZAF,CHN,750210,348116719.17557317
ZAF,CHN,850511,11920.983907653437
ZAF,CIV,282200,306.8040810222168
ZAF,CIV,850511,10.175774016887143
ZAF,CMR,850511,126.57299209600022
ZAF,COD,251110,26975.54
ZAF,COD,252800,13320.736
ZAF,COD,260200,3678.192
ZAF,COD,270112,15113521.144
ZAF,COD,280429,13542.922235854594
ZAF,COD,280480,7814.94
ZAF,COD,282200,8635.93657883939
ZAF,COD,283691,1510.4960784313723
ZAF,COD,283692,1770.864
ZAF,COD,711011,1980.944
ZAF,COD,740311,798202.544
ZAF,COD,810194,384.8015384615385
ZAF,COD,810411,7098.307781028199
ZAF,COD,811010,75738.40335661109
ZAF,COD,850511,297532.93221314193
ZAF,COG,252910,225501.9794117647
ZAF,COG,270112,66687932.716
ZAF,COG,850511,2844.36862745098
ZAF,COL,251010,49766761.016
ZAF,COL,260200,1036263.856
ZAF,COL,720292,5205537.667999895
ZAF,COL,750210,2572979.937703881
ZAF,CYP,270112,24048.148
ZAF,CYP,850511,5149.61568627451
ZAF,CZE,252922,65917.64705882352
ZAF,CZE,260200,4138330.444795726
ZAF,CZE,720292,199866.66666666666
ZAF,CZE,750210,7655541.176470588
ZAF,CZE,850511,2807.843137254902
ZAF,DEU,250490,0.244
ZAF,DEU,252910,71954.07843137255
ZAF,DEU,252922,128782197.39411765
ZAF,DEU,260200,32353.555737586918
ZAF,DEU,270112,3066284128.153311
ZAF,DEU,282200,28084305.58
ZAF,DEU,711011,2486272925.979677
ZAF,DEU,711021,1894028465.4062736
ZAF,DEU,720292,3294139.753298044
ZAF,DEU,720293,887984.5431248946
ZAF,DEU,740311,129889695.51176469
ZAF,DEU,750210,288597429.8784314
ZAF,DEU,811292,1722454.650980392
ZAF,DEU,850511,84258.40329486394
ZAF,DJI,270112,127187326.572
ZAF,DNK,270112,1038172778.964
ZAF,DNK,850511,749.630412779484
ZAF,EGY,251010,4.892
ZAF,EGY,270112,4296456.570828626
ZAF,EGY,280429,6218.59595698435
ZAF,EGY,720292,4786437.947720835
ZAF,EGY,750210,12367.635200213093
ZAF,ESP,252910,2915408.82
ZAF,ESP,260200,100370002.15080927
ZAF,ESP,270112,1215651624.1670835
ZAF,ESP,282200,444.6746194130132
ZAF,ESP,711021,174004753.6569299
ZAF,ESP,720292,4125053.8101755176
ZAF,ESP,740311,32427918.635294117
ZAF,ESP,750210,150517177.05268666
ZAF,ESP,850511,2709.4352941176467
ZAF,EST,260200,63390.148
ZAF,EST,850511,58.03921568627451
ZAF,ETH,850511,1416.984
ZAF,FIN,260200,283099.27725249314
ZAF,FIN,270112,196660822.9137255
ZAF,FIN,282200,201952590.792
ZAF,FIN,720292,3485415.456862745
ZAF,FIN,750210,36197374.748
ZAF,FIN,850511,5042.352
ZAF,FRA,260200,134887865.65463412
ZAF,FRA,270112,1351305391.157669
ZAF,FRA,280429,280551.544
ZAF,FRA,280469,232607.9033728124
ZAF,FRA,720292,30825905.525490195
ZAF,FRA,750210,49367467.39308869
ZAF,FRA,850511,888.9803069051986
ZAF,GAB,280429,21.506677889889225
ZAF,GBR,250490,0.244
ZAF,GBR,252922,725290.3960784314
ZAF,GBR,260200,2492869.380121226
ZAF,GBR,260600,220712.66274509803
ZAF,GBR,270112,741791913.6501405
ZAF,GBR,711011,1794682199.0333219
ZAF,GBR,711021,2148068447.5300097
ZAF,GBR,720292,2479483.345098039
ZAF,GBR,750210,28090467.922487807
ZAF,GBR,810820,9790.5
ZAF,GBR,850511,220857.45711491647
ZAF,GHA,270112,17592799.136
ZAF,GHA,850511,118326.30475799856
ZAF,GIN,280429,1595.76
ZAF,GIN,850511,164757.892
ZAF,GNQ,280429,8912.04
ZAF,GNQ,850511,2208.628
ZAF,GRC,270112,10766771.829411766
ZAF,GRC,740311,103.2392156862745
ZAF,HKG,252910,367296.024
ZAF,HKG,260200,2749955.64
ZAF,HKG,711011,158418239.65208665
ZAF,HKG,711021,75807913.19360958
ZAF,HKG,740311,8628725.532
ZAF,HKG,850511,326.244
ZAF,IDN,260200,19547644.036358334
ZAF,IDN,720292,4303551.8055908065
ZAF,IDN,750210,870705.8823529412
ZAF,IND,251010,42977611.74
ZAF,IND,252910,235937340.948
ZAF,IND,252922,91581113.7688404
ZAF,IND,260200,686648032.807337
ZAF,IND,270112,336102205.5274551
ZAF,IND,282200,5587117.591092692
ZAF,IND,283692,120553.38683592498
ZAF,IND,711011,45349394.8036496
ZAF,IND,711021,6580465.619353973
ZAF,IND,740311,10729097.955636812
ZAF,IND,750210,143748997.24376684
ZAF,IND,850511,5376.080657171191
ZAF,IRL,270112,126440243.584
ZAF,IRL,280429,241592.3132130014
ZAF,IRL,711011,13048993.537254902
ZAF,IRL,711021,45348130.31327848
ZAF,IRL,810820,5973.6917571973345
ZAF,IRL,850511,1.0323529411764705
ZAF,IRN,260200,1645374.9511845927
ZAF,IRN,270112,18014800.464
ZAF,ISR,270112,737988948.516
ZAF,ITA,252922,30496957.988810662
ZAF,ITA,260200,18936.54615244517
ZAF,ITA,270112,1354167781.96601
ZAF,ITA,711011,99622119.10490197
ZAF,ITA,711021,85099993.16973889
ZAF,ITA,720292,1986515.0628648396
ZAF,ITA,740311,52288741.206283815
ZAF,ITA,750210,64587601.03094085
ZAF,ITA,850511,13.696
ZAF,JOR,270112,17959841.304
ZAF,JPN,251010,41522984.392
ZAF,JPN,260200,164719533.90926626
ZAF,JPN,270112,404695409.3617602
ZAF,JPN,280469,171261.988
ZAF,JPN,711011,1284707635.0208313
ZAF,JPN,711021,2116133739.249108
ZAF,JPN,720292,6632887.744477144
ZAF,JPN,750210,53163207.99445389
ZAF,KEN,250490,11.901960784313726
ZAF,KEN,251010,44215.53538461539
ZAF,KEN,260600,1088.8127450980392
ZAF,KEN,270112,112940203.252
ZAF,KEN,280429,2434.368759467788
ZAF,KEN,280469,340.1162068896683
ZAF,KEN,280480,19280.966923076925
ZAF,KEN,750210,15404.665136805408
ZAF,KEN,811010,56072.284665780135
ZAF,KEN,850511,1731.1344511218676
ZAF,KOR,251010,22.307692307692307
ZAF,KOR,260200,211501640.3931952
ZAF,KOR,270112,2557102097.629327
ZAF,KOR,280470,8.109477747629475
ZAF,KOR,282200,93.15384239362152
ZAF,KOR,283691,10.784313725490195
ZAF,KOR,711011,45358024.02952093
ZAF,KOR,711021,200220799.11128855
ZAF,KOR,720292,2509811.7647058824
ZAF,KOR,750210,40542378.27610837
ZAF,KOR,850511,668.6274509803922
ZAF,KWT,270112,25597029.472
ZAF,LBN,850511,5957.744
ZAF,LBR,850511,6.116
ZAF,LKA,270112,542382572.5958107
ZAF,LSO,251010,2530.9199674782462
ZAF,LSO,260600,2386.2948711199106
ZAF,LSO,270112,178818.59748627894
ZAF,LSO,280429,2045.695795432486
ZAF,LSO,280469,44290.55769330102
ZAF,LSO,280470,15.432336153738891
ZAF,LSO,280480,832.5220556695236
ZAF,LSO,283691,94.0465253055806
ZAF,LSO,750210,64.94968765788121
ZAF,LSO,850511,5340.7529631748175
ZAF,LTU,252910,898459.74
ZAF,LUX,252922,60343193.384
ZAF,LUX,720292,71101091.9137255
ZAF,LVA,260200,268791713.172
ZAF,LVA,270112,53119583.384
ZAF,MAR,270112,1246581688.224
ZAF,MDG,270112,917369725.0154514
ZAF,MDG,280429,35718.155606899985
ZAF,MDG,811231,22837.328
ZAF,MDG,850511,330.3320814196103
ZAF,MDV,850511,2.1176470588235294
ZAF,MEX,260200,54368.304
ZAF,MEX,720292,6024955.3343279
ZAF,MEX,750210,2045401.9607843137
ZAF,MKD,711011,14213643.176470587
ZAF,MKD,711021,19661916.549396407
ZAF,MLT,270112,91965261.848
ZAF,MOZ,250490,827.5537188146327
ZAF,MOZ,251010,27759.12765358697
ZAF,MOZ,251110,25329.07970700112
ZAF,MOZ,252800,177383.56868477332
ZAF,MOZ,252910,3220.8941176470585
ZAF,MOZ,270112,40488712.49803883
ZAF,MOZ,280429,756131.8629970598
ZAF,MOZ,280469,512876.91073925723
ZAF,MOZ,282200,1101.5
ZAF,MOZ,810320,1609.027136649635
ZAF,MOZ,850511,438173.8680519738
ZAF,MRT,850511,592262.576
ZAF,MUS,251010,3867.140744960543
ZAF,MUS,270112,1020287015.358
ZAF,MUS,280469,102170.148
ZAF,MUS,850511,1974.9824866074478
ZAF,MWI,250490,4783.608
ZAF,MWI,252800,342635.248
ZAF,MWI,280429,1778.3832868771744
ZAF,MWI,280469,154.59977490994342
ZAF,MWI,850511,46279.19158095683
ZAF,MYS,260200,336352927.36132145
ZAF,MYS,270112,1050655830.74
ZAF,MYS,740311,5460175.343137254
ZAF,NAM,250490,8315.064
ZAF,NAM,251110,15418.65396280278
ZAF,NAM,252910,9517.488262916704
ZAF,NAM,252922,2340.478431372549
ZAF,NAM,260200,25869.921714724707
ZAF,NAM,260600,4736.16862745098
ZAF,NAM,270112,112896.12872185292
ZAF,NAM,280429,1390581.695370257
ZAF,NAM,280469,119282.71030028937
ZAF,NAM,282200,40081.39289336171
ZAF,NAM,711011,5671.364
ZAF,NAM,720292,315.35609317262447
ZAF,NAM,740311,121.54796104149474
ZAF,NAM,810820,631.9956549888237
ZAF,NAM,850511,169465.77332316738
ZAF,NGA,270112,0.488
ZAF,NGA,280470,12518.038001259936
ZAF,NGA,850511,275.52117290079997
ZAF,NLD,251010,37247601.4278837
ZAF,NLD,252922,673057.0640802557
ZAF,NLD,260200,12158957.617821006
ZAF,NLD,260600,2361019.6852941173
ZAF,NLD,270112,2564373982.7796082
ZAF,NLD,280469,283379.4
ZAF,NLD,282200,76455.88383016712
ZAF,NLD,720292,41275821.18078603
ZAF,NLD,720293,559789.552
ZAF,NLD,740311,36227701.90092807
ZAF,NLD,750210,320903723.0933073
ZAF,NLD,850511,1278.2411291491806
ZAF,NOR,260200,355235919.10145926
ZAF,NOR,711011,2406491.784313726
ZAF,NOR,711021,16135350.200151464
ZAF,NZL,260200,20229.976208766657
ZAF,NZL,720292,475784.88431372546
ZAF,NZL,850511,88.73219082251214
ZAF,OMN,720292,758497.2409576944
ZAF,PAK,260200,484383.75625750463
ZAF,PAK,270112,1060851069.8703257
ZAF,PAN,270112,5163044.117647058
ZAF,PER,260200,51123.224
ZAF,PER,720292,188898.9506368891
ZAF,PER,750210,443979.7362745098
ZAF,POL,252910,883224.336
ZAF,POL,260200,16262727.806551306
ZAF,POL,270112,123781727.39190985
ZAF,POL,711011,21.56862745098039
ZAF,POL,720292,5425659.803921568
ZAF,POL,750210,1909526.4705882352
ZAF,POL,810820,38.910144839687916
ZAF,POL,850511,73.52941176470588
ZAF,PRT,850511,124.57254901960783
ZAF,RUS,260200,44534212.364
ZAF,RWA,280429,316.708
ZAF,RWA,282200,42741.64
ZAF,RWA,720292,852.9215686274509
ZAF,RWA,750210,2248.492
ZAF,RWA,850511,11653.08757159323
ZAF,S19,270112,999567066.3638946
ZAF,S19,282200,31276458.376
ZAF,S19,711011,1397909.294117647
ZAF,S19,711021,7835346.016942577
ZAF,S19,720292,566365.9019607842
ZAF,S19,740311,7806573.598039215
ZAF,S19,750210,7841304.1544021955
ZAF,SAU,260200,39023026.95854226
ZAF,SAU,740311,5430115.681372549
ZAF,SAU,750210,52617.77647058823
ZAF,SAU,850511,9756.766664771278
ZAF,SEN,270112,46323117.55309228
ZAF,SEN,280469,1927.872
ZAF,SGP,260200,417942820.516
ZAF,SGP,270112,29256241.228
ZAF,SGP,280429,72920.42711961748
ZAF,SGP,711011,3153679.3098039217
ZAF,SGP,711021,30411.319639415553
ZAF,SGP,740311,6817724.244
ZAF,SGP,750210,6611784.19009065
ZAF,SGP,850511,503.4705882352941
ZAF,SHN,270112,43909.908
ZAF,SHN,280429,11552.56
ZAF,SHN,850511,3307.684
ZAF,SLE,260200,78193.656
ZAF,SLE,280429,1114.22
ZAF,SLE,850511,126.436
ZAF,SRB,750210,240776.4705882353
ZAF,SSD,850511,26626.552
ZAF,SUR,260600,2431.8039215686276
ZAF,SVK,260200,70078258.5386648
ZAF,SVK,270112,15292876.015686275
ZAF,SVN,720292,27279269.22352941
ZAF,SVN,750210,13827255.537254902
ZAF,SVN,850511,41144.16470588236
ZAF,SWE,270112,44169862.0745098
ZAF,SWE,720292,46259786.7369289
ZAF,SWE,750210,35228985.024599805
ZAF,SWE,850511,22795.944356589378
ZAF,SWZ,250490,4299.1702373767685
ZAF,SWZ,251010,438.9344541565453
ZAF,SWZ,251110,1409.3432333844453
ZAF,SWZ,252910,4867.541823263897
ZAF,SWZ,260200,105736.58029766672
ZAF,SWZ,270112,8125270.180390793
ZAF,SWZ,280429,234335.0120388478
ZAF,SWZ,280469,969450.1805143352
ZAF,SWZ,280470,1692.8401250718878
ZAF,SWZ,280480,60828.28643814079
ZAF,SWZ,283691,3877.8431199345277
ZAF,SWZ,720292,216.07843137254903
ZAF,SWZ,750210,3124.303921568627
ZAF,SWZ,811010,140.6821081806915
ZAF,SWZ,850511,28466.79675571564
ZAF,SYC,252910,124.95294117647059
ZAF,SYC,850511,2319.904
ZAF,TGO,270112,35638107.16754663
ZAF,THA,252910,14447.004922682348
ZAF,THA,270112,299858.72941176465
ZAF,THA,711021,66343955.58287926
ZAF,THA,740311,86978766.57476872
ZAF,THA,750210,2957026.2274509803
ZAF,TUR,260200,1441164.764
ZAF,TUR,270112,436362921.6755926
ZAF,TUR,720292,13104778.573924445
ZAF,TUR,750210,37573520.73032354
ZAF,TUR,850511,1905.8823529411764
ZAF,TZA,252910,3766.022968541481
ZAF,TZA,280429,2752.6448535356735
ZAF,TZA,280469,130.87001190368505
ZAF,TZA,810194,181.4923076923077
ZAF,TZA,850511,156275.792
ZAF,UGA,251110,161.51504278652743
ZAF,UGA,280429,1958.1682404848557
ZAF,UGA,280480,4423.076923076923
ZAF,UGA,850511,2410.88
ZAF,UKR,252922,44112000.956
ZAF,UKR,270112,1702.7716755417819
ZAF,UKR,720292,2403435.411764706
ZAF,UKR,750210,7321633.030408274
ZAF,USA,250490,39881.012
ZAF,USA,252922,7143016.19283468
ZAF,USA,260200,50330593.85063246
ZAF,USA,270112,393611891.392
ZAF,USA,280469,129595.25042583219
ZAF,USA,711011,1090262561.807281
ZAF,USA,711021,2030636521.7902064
ZAF,USA,720292,390462.98119836353
ZAF,USA,750210,247187005.43893072
ZAF,USA,810820,821815.376
ZAF,USA,850511,227500.446
ZAF,UZB,750210,413284.3137254902
ZAF,VNM,260200,8491513.393414877
ZAF,VNM,270112,27293301.983697943
ZAF,VNM,282200,104132.26
ZAF,VNM,750210,333333.3333333333
ZAF,YEM,270112,113677351.2
ZAF,ZMB,251110,1931817.0991557136
ZAF,ZMB,252800,201309.944
ZAF,ZMB,252910,10810.956001328479
ZAF,ZMB,252922,14175.435126026145
ZAF,ZMB,260200,8672.124
ZAF,ZMB,280429,301960.401324626
ZAF,ZMB,280469,9492.091486711039
ZAF,ZMB,282200,7918.274917103446
ZAF,ZMB,711011,61.95294117647059
ZAF,ZMB,740311,499211.13355959085
ZAF,ZMB,810820,581331.7349727479
ZAF,ZMB,850511,91904.69180933271
ZAF,ZWE,251110,341878.53647533414
ZAF,ZWE,252800,381699.26661063277
ZAF,ZWE,252910,26709.32187953364
ZAF,ZWE,252922,1864.7626554165056
ZAF,ZWE,260200,28891.91724014049
ZAF,ZWE,280429,119117.35614594482
ZAF,ZWE,280470,87.55803124115545
ZAF,ZWE,282200,2324.796
ZAF,ZWE,711011,166.43152439498556
ZAF,ZWE,711021,36410.696
ZAF,ZWE,740311,2302.2537608409616
ZAF,ZWE,750210,19822.323621617987
ZAF,ZWE,810194,6697.335320772649
ZAF,ZWE,811010,905410.7504876553
ZAF,ZWE,850511,231688.38262068664
ZMB,ARE,260200,2394197.816
ZMB,ARE,711011,330821.2774509804
ZMB,ARE,740311,54611360.078431375
ZMB,BHR,740311,66839161.5617647
ZMB,BRA,282200,1663353.1086816816
ZMB,CAN,740311,26522602.14901961
ZMB,CHE,282200,7841583.272
ZMB,CHE,740311,8321461388.216
ZMB,CHN,252910,111442.15686274509
ZMB,CHN,260200,15120976.498386249
ZMB,CHN,260600,91635.008
ZMB,CHN,282200,305448.5975604484
ZMB,CHN,740311,2412145735.4968596
ZMB,CIV,260200,280670.45920839306
ZMB,COD,270112,66095667.628
ZMB,COG,270112,794649.312
ZMB,DEU,740311,6799560.415686274
ZMB,EGY,740311,283424933.2607843
ZMB,ESP,740311,335575007.0862745
ZMB,GRC,740311,67508395.5745098
ZMB,HKG,740311,270451732.128
ZMB,IDN,260200,766911.728441737
ZMB,IND,260200,1644215.5252372834
ZMB,IND,740311,8789544.284313725
ZMB,IRN,260200,36497.6
ZMB,ITA,740311,71591846.64117648
ZMB,JPN,740311,5289256.740196078
ZMB,KOR,740311,38650122.549019605
ZMB,LKA,740311,3808953.519607843
ZMB,MUS,740311,177225158.208
ZMB,MYS,740311,78467193.85882352
ZMB,NAM,270112,905695.5957243796
ZMB,NAM,282200,7152072.401564976
ZMB,NLD,282200,201.19614023021543
ZMB,NLD,740311,3968779.232352941
ZMB,PAK,260200,36827.86416396404
ZMB,PAK,740311,94569296.5117647
ZMB,PAN,740311,2090633.056
ZMB,S19,740311,75658401.36274509
ZMB,SAU,740311,152997159.3127451
ZMB,SGP,260200,712251.18
ZMB,SGP,740311,2444669842.768
ZMB,THA,740311,253150597.33137253
ZMB,TZA,260200,31154.32
ZMB,TZA,282200,654604133.2
ZMB,USA,260200,555689.5079999999
ZMB,USA,740311,7481436.991195871
ZMB,ZAF,250490,1064.8
ZMB,ZAF,252910,3207736.850980392
ZMB,ZAF,252922,10365.54117647059
ZMB,ZAF,260200,8156338.1988994945
ZMB,ZAF,282200,34543.91238582888
ZMB,ZAF,740311,59280151.201426476
ZMB,ZAF,850511,1724.408
ZMB,ZWE,740311,32344580.038833976
ZWE,ARE,270112,1064855.8
ZWE,BRA,252910,40784.313725490196
ZWE,BWA,270112,54981.49
ZWE,CHN,252910,10186412.74509804
ZWE,CHN,270112,156620.56
ZWE,CHN,283691,47.86769292938227
ZWE,CHN,750210,780765.6862745098
ZWE,COD,270112,1199304.0153871262
ZWE,DEU,252910,782417.5137254901
ZWE,ESP,750210,44294.117647058825
ZWE,IND,750210,579563.3539215686
ZWE,KHM,270112,247157.85
ZWE,LKA,252910,3093.2696078431372
ZWE,MOZ,270112,1377079.7333333334
ZWE,MWI,270112,218989.25567286852
ZWE,NAM,270112,245552.10769865284
ZWE,NLD,750210,266068.2225490196
ZWE,NZL,850511,1560.2401960784314
ZWE,THA,750210,4799196.894117648
ZWE,ZAF,250490,46.9921568627451
ZWE,ZAF,251110,37764.28977987254
ZWE,ZAF,252910,163235.54
ZWE,ZAF,260200,291957.8838569318
ZWE,ZAF,270112,18825428.57446344
ZWE,ZAF,283691,45403.901960784315
ZWE,ZAF,711011,9987.468560819101
ZWE,ZMB,270112,111821736.44729464
